seed,severity,layout,signal,regime,return_auc,final_window_return,hacking_rate,rm_mae_auc,rm_mae_final,epi_reward_spearman
200000,1,aligned,epistemic,frozen,0.6517742814809209,0.6237602254330377,0.0,0.1528714973265485,0.15287149732654848,1.0
200000,1,aligned,aleatoric,frozen,0.5922760874895998,0.5466918769033111,0.0,0.1528714973265485,0.15287149732654848,1.0
200000,1,aligned,total,frozen,0.6291985700268629,0.6012313912953392,0.0,0.1528714973265485,0.15287149732654848,1.0
200000,1,aligned,point,frozen,0.540462384761206,0.47933189943586807,0.0,0.1528714973265485,0.15287149732654848,1.0
200000,1,aligned,shuffled,frozen,0.541899637529347,0.5335763448568885,0.0,0.1528714973265485,0.15287149732654848,1.0
200000,1,aligned,uniform,frozen,0.550056369429249,0.5523610918686314,0.0,0.1528714973265485,0.15287149732654848,1.0
200000,1,aligned,count,frozen,0.5618802145772537,0.5785897486903819,0.0,0.1528714973265485,0.15287149732654848,1.0
200000,1,aligned,epistemic,online,0.5913881100585924,0.6302069299332264,0.0,0.12207304717896092,0.10957734979432608,1.0
200000,1,aligned,aleatoric,online,0.648697279314393,0.6730523315609254,0.0,0.11908443221020595,0.10541595714058351,1.0
200000,1,aligned,total,online,0.6335376204104477,0.650241039580656,0.0,0.12141891363812282,0.11145155453635991,1.0
200000,1,aligned,point,online,0.573878793388284,0.5776827134876962,0.0,0.12437053947042047,0.11622287131835485,1.0
200000,1,aligned,shuffled,online,0.5734092825483165,0.6389617234207767,0.0,0.12548109319103234,0.11329594884910048,1.0
200000,1,aligned,uniform,online,0.5053098005315582,0.5452525681543994,0.0,0.13238999107004287,0.11241225732780473,1.0
200000,1,aligned,count,online,0.5708825702196949,0.5971004544414141,0.0,0.12151320060103923,0.11192857873825202,1.0
200000,1,decorrelated,epistemic,frozen,0.5326299237705384,0.5323455240858973,0.2375,0.1694279725474164,0.1694279725474164,-0.04895104895104895
200000,1,decorrelated,aleatoric,frozen,0.4993328429818725,0.4775071431309309,0.28125,0.1694279725474164,0.1694279725474164,-0.04895104895104895
200000,1,decorrelated,total,frozen,0.5457461454158516,0.5522526801946881,0.25,0.1694279725474164,0.1694279725474164,-0.04895104895104895
200000,1,decorrelated,point,frozen,0.5238927616670931,0.47127638738413696,0.10625,0.1694279725474164,0.1694279725474164,-0.04895104895104895
200000,1,decorrelated,shuffled,frozen,0.5414493163766625,0.5694382274214679,0.125,0.1694279725474164,0.1694279725474164,-0.04895104895104895
200000,1,decorrelated,uniform,frozen,0.5485348252915458,0.5563879874883909,0.11875,0.1694279725474164,0.1694279725474164,-0.04895104895104895
200000,1,decorrelated,count,frozen,0.5431549057317541,0.5619925539589022,0.125,0.1694279725474164,0.1694279725474164,-0.04895104895104895
200000,1,decorrelated,epistemic,online,0.5591081555882852,0.5375822945795277,0.1375,0.1494816281268942,0.14077605754013955,-0.04895104895104895
200000,1,decorrelated,aleatoric,online,0.5056455971703446,0.5363403121336231,0.29375,0.15751954015407513,0.14221913553437496,-0.04895104895104895
200000,1,decorrelated,total,online,0.5396226439994669,0.5096458789648594,0.19375,0.1453698103839549,0.14405701238747332,-0.04895104895104895
200000,1,decorrelated,point,online,0.5641021174970502,0.5978083054229681,0.075,0.14507388578917543,0.13782807149389467,-0.04895104895104895
200000,1,decorrelated,shuffled,online,0.5796456335785501,0.6006014499437151,0.0875,0.15008140784809654,0.14196369514851936,-0.04895104895104895
200000,1,decorrelated,uniform,online,0.5817591161594926,0.5713518202541972,0.03125,0.1456464082122626,0.14313749427897055,-0.04895104895104895
200000,1,decorrelated,count,online,0.5287960829853622,0.49793644989430613,0.125,0.14749632036643315,0.1455783262163607,-0.04895104895104895
200000,1,anti,epistemic,frozen,0.39822571851907906,0.42623977456696227,0.45625,0.19388571774911015,0.19388571774911012,-1.0
200000,1,anti,aleatoric,frozen,0.45772391251040023,0.5033081230966889,0.4125,0.19388571774911015,0.19388571774911012,-1.0
200000,1,anti,total,frozen,0.42080142997313724,0.44876860870466084,0.475,0.19388571774911015,0.19388571774911012,-1.0
200000,1,anti,point,frozen,0.5095376152387939,0.5706681005641319,0.23125,0.19388571774911015,0.19388571774911012,-1.0
200000,1,anti,shuffled,frozen,0.5081003624706529,0.5164236551431115,0.2,0.19388571774911015,0.19388571774911012,-1.0
200000,1,anti,uniform,frozen,0.4999436305707511,0.4976389081313687,0.33125,0.19388571774911015,0.19388571774911012,-1.0
200000,1,anti,count,frozen,0.48811978542274626,0.4714102513096182,0.2625,0.19388571774911015,0.19388571774911012,-1.0
200000,1,anti,epistemic,online,0.5001187972819585,0.4730731676909775,0.2875,0.16984724215033176,0.15270756330270016,-1.0
200000,1,anti,aleatoric,online,0.45027315365047366,0.47835033073440536,0.39375,0.1791759765419106,0.1493678383858,-1.0
200000,1,anti,total,online,0.481452234479807,0.4603729279711031,0.31875,0.16995425285381086,0.15882355932358183,-1.0
200000,1,anti,point,online,0.511100478983019,0.530977552022023,0.1625,0.1679160898889184,0.15054974989040315,-1.0
200000,1,anti,shuffled,online,0.5259587240244448,0.5113111495877236,0.2375,0.1649163460512142,0.1483094073788078,-1.0
200000,1,anti,uniform,online,0.5651562116751581,0.5310710825303943,0.1,0.16770125845852676,0.1557671314941443,-1.0
200000,1,anti,count,online,0.507565415390647,0.5022406955951825,0.2125,0.16692660555275227,0.15758809829511147,-1.0
200000,2,aligned,epistemic,frozen,0.6130034968569639,0.6050674039640725,0.04375,0.16476785255602563,0.16476785255602563,1.0
200000,2,aligned,aleatoric,frozen,0.610743467185588,0.6295204838336431,0.05625,0.16476785255602563,0.16476785255602563,1.0
200000,2,aligned,total,frozen,0.582983802572655,0.5668301026475087,0.0875,0.16476785255602563,0.16476785255602563,1.0
200000,2,aligned,point,frozen,0.537935343261155,0.5296767761074895,0.1625,0.16476785255602563,0.16476785255602563,1.0
200000,2,aligned,shuffled,frozen,0.5501950313850283,0.5888548646723614,0.0875,0.16476785255602563,0.16476785255602563,1.0
200000,2,aligned,uniform,frozen,0.5823273249142942,0.5466109575233766,0.08125,0.16476785255602563,0.16476785255602563,1.0
200000,2,aligned,count,frozen,0.5387556173414421,0.5440204925066207,0.125,0.16476785255602563,0.16476785255602563,1.0
200000,2,aligned,epistemic,online,0.5928846909826799,0.6190416582768561,0.05625,0.13043051425166033,0.12702902689311246,1.0
200000,2,aligned,aleatoric,online,0.625568642532246,0.6319775937006884,0.06875,0.12640259772560328,0.12172712523669221,1.0
200000,2,aligned,total,online,0.6032275119651956,0.5887270226380831,0.04375,0.12799285217174425,0.11847401748036573,1.0
200000,2,aligned,point,online,0.5706388428344411,0.5946110209088189,0.0625,0.1361282170210464,0.13055245466232687,1.0
200000,2,aligned,shuffled,online,0.6040855857740822,0.6087220764256793,0.05625,0.1310253214016647,0.12044220021964308,1.0
200000,2,aligned,uniform,online,0.6054567820756315,0.6195597230596339,0.09375,0.130673846354589,0.11982743111122861,1.0
200000,2,aligned,count,online,0.5699166934922811,0.6038686814233476,0.075,0.12807495747871495,0.1230667356609491,1.0
200000,2,decorrelated,epistemic,frozen,0.502186763922847,0.4933208057670354,0.275,0.18339869601059983,0.18339869601059985,0.0
200000,2,decorrelated,aleatoric,frozen,0.4793965332251216,0.4884731411373612,0.3875,0.18339869601059983,0.18339869601059985,0.0
200000,2,decorrelated,total,frozen,0.4932040078418664,0.5479880803801652,0.35,0.18339869601059983,0.18339869601059985,0.0
200000,2,decorrelated,point,frozen,0.5019047794142891,0.5130162305983347,0.35,0.18339869601059983,0.18339869601059985,0.0
200000,2,decorrelated,shuffled,frozen,0.5124137222320531,0.4474656870265069,0.3,0.18339869601059983,0.18339869601059985,0.0
200000,2,decorrelated,uniform,frozen,0.4955112669720997,0.550482378470267,0.3625,0.18339869601059983,0.18339869601059985,0.0
200000,2,decorrelated,count,frozen,0.5288620697174269,0.5305214120007788,0.24375,0.18339869601059983,0.18339869601059985,0.0
200000,2,decorrelated,epistemic,online,0.515115895984745,0.5201845935150409,0.325,0.1680809205080815,0.1505081245807141,0.0
200000,2,decorrelated,aleatoric,online,0.46332706666729423,0.5035771349460552,0.49375,0.18391672914111612,0.1722857937822411,0.0
200000,2,decorrelated,total,online,0.5278800584594022,0.5429067254267165,0.30625,0.16648049691193292,0.14862687814581363,0.0
200000,2,decorrelated,point,online,0.5452751968182167,0.5512326678309545,0.24375,0.16793534771746269,0.1524485416990221,0.0
200000,2,decorrelated,shuffled,online,0.505512805888366,0.5552978190162318,0.31875,0.1672845346996786,0.15230345733677692,0.0
200000,2,decorrelated,uniform,online,0.4956362816502118,0.4880150749090794,0.33125,0.17016653296274026,0.1649777722892863,0.0
200000,2,decorrelated,count,online,0.531912448543976,0.5406459324254207,0.225,0.16333550736171198,0.15369827970144304,0.0
200000,2,anti,epistemic,frozen,0.4369965031430361,0.4449325960359275,0.23125,0.20456959372892763,0.20456959372892766,-1.0
200000,2,anti,aleatoric,frozen,0.4392565328144119,0.42047951616635687,0.33125,0.20456959372892763,0.20456959372892766,-1.0
200000,2,anti,total,frozen,0.46701619742734496,0.48316989735249133,0.2625,0.20456959372892763,0.20456959372892766,-1.0
200000,2,anti,point,frozen,0.5120646567388449,0.5203232238925105,0.1875,0.20456959372892763,0.20456959372892766,-1.0
200000,2,anti,shuffled,frozen,0.49980496861497165,0.4611451353276387,0.2125,0.20456959372892763,0.20456959372892766,-1.0
200000,2,anti,uniform,frozen,0.46767267508570587,0.5033890424766234,0.28125,0.20456959372892763,0.20456959372892766,-1.0
200000,2,anti,count,frozen,0.511244382658558,0.5059795074933794,0.11875,0.20456959372892763,0.20456959372892766,-1.0
200000,2,anti,epistemic,online,0.5121608853065949,0.5159853297260831,0.19375,0.17269889020892912,0.14828464139923983,-1.0
200000,2,anti,aleatoric,online,0.48887725770598334,0.5268432351969936,0.35,0.17775617828296503,0.14990410612216643,-1.0
200000,2,anti,total,online,0.49859824962228183,0.5257697127704485,0.2125,0.17999568106507363,0.15153303612453176,-1.0
200000,2,anti,point,online,0.5428412195543917,0.5507176151893747,0.11875,0.1717480157484887,0.14648752490911612,-1.0
200000,2,anti,shuffled,online,0.47856569234447954,0.47894247698168446,0.24375,0.17794309749183973,0.16206594938877986,-1.0
200000,2,anti,uniform,online,0.5289467788492028,0.5863375049325897,0.18125,0.17737737008107385,0.1539709382049852,-1.0
200000,2,anti,count,online,0.5219831475083302,0.53395577869977,0.125,0.17627051591209555,0.15880811080749524,-1.0
200000,3,aligned,epistemic,frozen,0.6181698920639118,0.5720733426642394,0.0625,0.19165396024707856,0.19165396024707856,1.0
200000,3,aligned,aleatoric,frozen,0.6116259141227205,0.5835658351527556,0.06875,0.19165396024707856,0.19165396024707856,1.0
200000,3,aligned,total,frozen,0.6111463990691415,0.5830850285162479,0.06875,0.19165396024707856,0.19165396024707856,1.0
200000,3,aligned,point,frozen,0.5793730200283711,0.5587437364517729,0.125,0.19165396024707856,0.19165396024707856,1.0
200000,3,aligned,shuffled,frozen,0.5364639838254425,0.5775926176807383,0.10625,0.19165396024707856,0.19165396024707856,1.0
200000,3,aligned,uniform,frozen,0.5207721957447161,0.5450145432806192,0.075,0.19165396024707856,0.19165396024707856,1.0
200000,3,aligned,count,frozen,0.5437201296026981,0.5623802940112779,0.1125,0.19165396024707856,0.19165396024707856,1.0
200000,3,aligned,epistemic,online,0.5788705348019805,0.5597474630867978,0.10625,0.17528672135774898,0.161861173946212,1.0
200000,3,aligned,aleatoric,online,0.6075536031637772,0.5935794656097089,0.075,0.17996354247091326,0.17086521953174494,1.0
200000,3,aligned,total,online,0.595173385845287,0.5356807047664621,0.05,0.17347845464583864,0.16847343543624826,1.0
200000,3,aligned,point,online,0.5713171421379721,0.5715700545533678,0.1125,0.17370590430337604,0.16314941011462003,1.0
200000,3,aligned,shuffled,online,0.5824042751452468,0.550361944245649,0.1,0.17314300360230195,0.16356649144950544,1.0
200000,3,aligned,uniform,online,0.6483702680628247,0.6319947565720844,0.09375,0.17792008137587523,0.16706286257512895,1.0
200000,3,aligned,count,online,0.5599424174327927,0.5610642705500248,0.1,0.17239293733336877,0.15888105518254628,1.0
200000,3,decorrelated,epistemic,frozen,0.505003526630795,0.5083698243683348,0.0,0.20719900101304206,0.2071990010130421,0.013986013986013986
200000,3,decorrelated,aleatoric,frozen,0.4857414717637697,0.48331020956934223,0.0,0.20719900101304206,0.2071990010130421,0.013986013986013986
200000,3,decorrelated,total,frozen,0.502290869455065,0.49729449678253257,0.0,0.20719900101304206,0.2071990010130421,0.013986013986013986
200000,3,decorrelated,point,frozen,0.5009621384728675,0.5100635841031732,0.0,0.20719900101304206,0.2071990010130421,0.013986013986013986
200000,3,decorrelated,shuffled,frozen,0.4969600622939481,0.5077399653923139,0.0,0.20719900101304206,0.2071990010130421,0.013986013986013986
200000,3,decorrelated,uniform,frozen,0.47753436378418784,0.4417942404344554,0.0,0.20719900101304206,0.2071990010130421,0.013986013986013986
200000,3,decorrelated,count,frozen,0.5203762090073327,0.5293482928855551,0.0,0.20719900101304206,0.2071990010130421,0.013986013986013986
200000,3,decorrelated,epistemic,online,0.5128049118397395,0.5367003545889997,0.0,0.17779931899261958,0.15650026270670214,0.013986013986013986
200000,3,decorrelated,aleatoric,online,0.5088464949798065,0.5463667616344706,0.0,0.19508550751526071,0.1581544286652403,0.013986013986013986
200000,3,decorrelated,total,online,0.5113548492223909,0.5122811296516792,0.0,0.17581150646946625,0.15359605795721967,0.013986013986013986
200000,3,decorrelated,point,online,0.524922858987195,0.535344895548044,0.0,0.17594606909647434,0.15200520726661026,0.013986013986013986
200000,3,decorrelated,shuffled,online,0.527498509655734,0.5296064878325405,0.0,0.17261766509788273,0.15574840756962902,0.013986013986013986
200000,3,decorrelated,uniform,online,0.5339907354381523,0.528212465977607,0.0,0.19006953784402075,0.1561939948288981,0.013986013986013986
200000,3,decorrelated,count,online,0.5123259582631323,0.502351469688689,0.0,0.17243606247052723,0.1588883139515264,0.013986013986013986
200000,3,anti,epistemic,frozen,0.43183010793608834,0.4779266573357607,0.4375,0.20501502394561877,0.20501502394561877,-1.0
200000,3,anti,aleatoric,frozen,0.43837408587727955,0.4664341648472444,0.4375,0.20501502394561877,0.20501502394561877,-1.0
200000,3,anti,total,frozen,0.4388536009308586,0.4669149714837523,0.45,0.20501502394561877,0.20501502394561877,-1.0
200000,3,anti,point,frozen,0.47062697997162883,0.49125626354822716,0.35625,0.20501502394561877,0.20501502394561877,-1.0
200000,3,anti,shuffled,frozen,0.5135360161745576,0.4724073823192617,0.25625,0.20501502394561877,0.20501502394561877,-1.0
200000,3,anti,uniform,frozen,0.5292278042552839,0.5049854567193808,0.15625,0.20501502394561877,0.20501502394561877,-1.0
200000,3,anti,count,frozen,0.5062798703973019,0.4876197059887222,0.24375,0.20501502394561877,0.20501502394561877,-1.0
200000,3,anti,epistemic,online,0.5094856324608067,0.5611704048562507,0.25,0.17482137367112544,0.11944856197385871,-1.0
200000,3,anti,aleatoric,online,0.4889605179490177,0.5586215872660798,0.36875,0.20866539161907321,0.11815950630820819,-1.0
200000,3,anti,total,online,0.485761489986403,0.5427602754444807,0.3625,0.18633706498820274,0.12906852534799695,-1.0
200000,3,anti,point,online,0.5488681679016999,0.6190003180987314,0.225,0.16142629428111896,0.12165333566930085,-1.0
200000,3,anti,shuffled,online,0.5319131557733296,0.5754804067065692,0.24375,0.15502374459485485,0.1189126300739447,-1.0
200000,3,anti,uniform,online,0.49379318819472395,0.5485055935468267,0.4125,0.21031632552710827,0.14029721276668924,-1.0
200000,3,anti,count,online,0.5367388790346472,0.5684384620047267,0.20625,0.15150954923132992,0.12636604902284132,-1.0
200001,1,aligned,epistemic,frozen,0.5935342044197295,0.5730172912406627,0.075,0.16806692135196766,0.16806692135196766,1.0
200001,1,aligned,aleatoric,frozen,0.5659041005735894,0.5870356751137285,0.10625,0.16806692135196766,0.16806692135196766,1.0
200001,1,aligned,total,frozen,0.5871059261333544,0.5321129666254185,0.04375,0.16806692135196766,0.16806692135196766,1.0
200001,1,aligned,point,frozen,0.5275664183462403,0.5285552397761663,0.1125,0.16806692135196766,0.16806692135196766,1.0
200001,1,aligned,shuffled,frozen,0.4892647657106032,0.475328669172173,0.1,0.16806692135196766,0.16806692135196766,1.0
200001,1,aligned,uniform,frozen,0.5207787077582481,0.5340272563306716,0.075,0.16806692135196766,0.16806692135196766,1.0
200001,1,aligned,count,frozen,0.505116601949857,0.46858404079798427,0.1,0.16806692135196766,0.16806692135196766,1.0
200001,1,aligned,epistemic,online,0.5470108993939923,0.534392899030931,0.0875,0.15404544504164971,0.14747913691978073,1.0
200001,1,aligned,aleatoric,online,0.5930224408532253,0.5726928408220896,0.04375,0.15486188546105628,0.14849884858923576,1.0
200001,1,aligned,total,online,0.561667970182401,0.4983669897675737,0.0625,0.15678367970753443,0.15193486302921358,1.0
200001,1,aligned,point,online,0.5369662075463284,0.4943644161760874,0.05625,0.15672678004725019,0.15122715448125082,1.0
200001,1,aligned,shuffled,online,0.5441635552160834,0.5393030821217084,0.1625,0.1538435553634634,0.1474131690945671,1.0
200001,1,aligned,uniform,online,0.6292547384796627,0.5892484379179044,0.03125,0.154028356125712,0.14815553763920639,1.0
200001,1,aligned,count,online,0.5468966484840754,0.5526041141314995,0.1,0.15487534376003348,0.1480087836533922,1.0
200001,1,decorrelated,epistemic,frozen,0.48790868390883946,0.5215058922040526,0.21875,0.17974902841502116,0.17974902841502116,0.0
200001,1,decorrelated,aleatoric,frozen,0.48994099559196813,0.49009667811808544,0.225,0.17974902841502116,0.17974902841502116,0.0
200001,1,decorrelated,total,frozen,0.4802831022139095,0.4753910560291793,0.225,0.17974902841502116,0.17974902841502116,0.0
200001,1,decorrelated,point,frozen,0.514954021468765,0.5007812840838121,0.125,0.17974902841502116,0.17974902841502116,0.0
200001,1,decorrelated,shuffled,frozen,0.5138739300464109,0.5081263757052996,0.0625,0.17974902841502116,0.17974902841502116,0.0
200001,1,decorrelated,uniform,frozen,0.5050778034636446,0.528615736315907,0.1,0.17974902841502116,0.17974902841502116,0.0
200001,1,decorrelated,count,frozen,0.528956328098017,0.531027445453541,0.05625,0.17974902841502116,0.17974902841502116,0.0
200001,1,decorrelated,epistemic,online,0.4924862826794185,0.4913978204137667,0.1125,0.16720152014357817,0.16489055090271557,0.0
200001,1,decorrelated,aleatoric,online,0.5192671351022196,0.5336195923096783,0.18125,0.16116439560755932,0.15276726511878722,0.0
200001,1,decorrelated,total,online,0.5103138084349947,0.5327886657458343,0.13125,0.16710670107580144,0.1580893769933253,0.0
200001,1,decorrelated,point,online,0.5241020426919457,0.5280375413745363,0.1125,0.16248581487304684,0.156122223973361,0.0
200001,1,decorrelated,shuffled,online,0.49206553589902813,0.5172262984603984,0.1625,0.1654015444075575,0.16029391584196076,0.0
200001,1,decorrelated,uniform,online,0.4805310612766277,0.48599347839641655,0.23125,0.16416663244361135,0.17085365869958133,0.0
200001,1,decorrelated,count,online,0.5320661859973975,0.5159169372702155,0.0875,0.16164471112266796,0.15695790173280486,0.0
200001,1,anti,epistemic,frozen,0.4564657955802705,0.4769827087593373,0.21875,0.1675761548487465,0.16757615484874652,-1.0
200001,1,anti,aleatoric,frozen,0.48409589942641046,0.4629643248862716,0.225,0.1675761548487465,0.16757615484874652,-1.0
200001,1,anti,total,frozen,0.4628940738666455,0.5178870333745815,0.225,0.1675761548487465,0.16757615484874652,-1.0
200001,1,anti,point,frozen,0.5224335816537596,0.5214447602238337,0.125,0.1675761548487465,0.16757615484874652,-1.0
200001,1,anti,shuffled,frozen,0.5607352342893968,0.5746713308278271,0.0625,0.1675761548487465,0.16757615484874652,-1.0
200001,1,anti,uniform,frozen,0.529221292241752,0.5159727436693285,0.1,0.1675761548487465,0.16757615484874652,-1.0
200001,1,anti,count,frozen,0.544883398050143,0.5814159592020156,0.05625,0.1675761548487465,0.16757615484874652,-1.0
200001,1,anti,epistemic,online,0.5285691055824534,0.5495712037649033,0.0875,0.1505693049786086,0.14397907852804484,-1.0
200001,1,anti,aleatoric,online,0.49666983149372224,0.5295758264365054,0.14375,0.151803867254302,0.13974774638300122,-1.0
200001,1,anti,total,online,0.515828374600656,0.5824660839856992,0.11875,0.1485885602989926,0.13979673320213745,-1.0
200001,1,anti,point,online,0.5210030661618158,0.5822905883635479,0.10625,0.14800634015357023,0.14672364224057552,-1.0
200001,1,anti,shuffled,online,0.5284217725556963,0.55785694819608,0.13125,0.15021900649555872,0.14960866416684368,-1.0
200001,1,anti,uniform,online,0.4583248439870289,0.49071563894097564,0.23125,0.15215805369093544,0.14414429286834,-1.0
200001,1,anti,count,online,0.5190463385385002,0.5319465775070772,0.075,0.1494271632704843,0.14307563184852687,-1.0
200001,2,aligned,epistemic,frozen,0.5651171206383692,0.5437644345439152,0.0,0.1833189698327398,0.1833189698327398,1.0
200001,2,aligned,aleatoric,frozen,0.6044433960311755,0.6076370477372305,0.0,0.1833189698327398,0.1833189698327398,1.0
200001,2,aligned,total,frozen,0.6092686868946049,0.5862020127985991,0.0,0.1833189698327398,0.1833189698327398,1.0
200001,2,aligned,point,frozen,0.5191604163772664,0.5299937575725296,0.0,0.1833189698327398,0.1833189698327398,1.0
200001,2,aligned,shuffled,frozen,0.49832619130357614,0.5386481101648661,0.0,0.1833189698327398,0.1833189698327398,1.0
200001,2,aligned,uniform,frozen,0.46897418903066407,0.5027250138068913,0.0,0.1833189698327398,0.1833189698327398,1.0
200001,2,aligned,count,frozen,0.5306703839301881,0.5472910995549791,0.0,0.1833189698327398,0.1833189698327398,1.0
200001,2,aligned,epistemic,online,0.5852966243440954,0.5917142809570376,0.0,0.1536507238162136,0.13887244317033468,1.0
200001,2,aligned,aleatoric,online,0.6248417317648167,0.6240737369357383,0.0,0.15127531729714422,0.13833022526049898,1.0
200001,2,aligned,total,online,0.5920711947550006,0.6555577987195171,0.0,0.14792596113881606,0.13778884721483792,1.0
200001,2,aligned,point,online,0.5731271382586781,0.5828825185173108,0.0,0.1487791315321785,0.13688894960288525,1.0
200001,2,aligned,shuffled,online,0.5374022389881548,0.5764010769773795,0.0,0.16038059746441224,0.14228881175895933,1.0
200001,2,aligned,uniform,online,0.4885773703277424,0.4910437325388465,0.0,0.1600963105418966,0.14487402172706507,1.0
200001,2,aligned,count,online,0.5703196807186922,0.6091484241435638,0.0,0.1451584576417074,0.139763237604382,1.0
200001,2,decorrelated,epistemic,frozen,0.5155681012366398,0.5485148153623919,0.0,0.19596203566561013,0.1959620356656101,-0.034965034965034975
200001,2,decorrelated,aleatoric,frozen,0.48621362570023263,0.4843192151051753,0.0,0.19596203566561013,0.1959620356656101,-0.034965034965034975
200001,2,decorrelated,total,frozen,0.4947172493870976,0.5035680566245498,0.0,0.19596203566561013,0.1959620356656101,-0.034965034965034975
200001,2,decorrelated,point,frozen,0.5240746287198826,0.5385904804180808,0.0,0.19596203566561013,0.1959620356656101,-0.034965034965034975
200001,2,decorrelated,shuffled,frozen,0.4938696674086865,0.4776329462864476,0.0,0.19596203566561013,0.1959620356656101,-0.034965034965034975
200001,2,decorrelated,uniform,frozen,0.5993538328427338,0.581816653141052,0.0,0.19596203566561013,0.1959620356656101,-0.034965034965034975
200001,2,decorrelated,count,frozen,0.4937089086438625,0.5133498032506325,0.0,0.19596203566561013,0.1959620356656101,-0.034965034965034975
200001,2,decorrelated,epistemic,online,0.5313229928858564,0.5488835432376854,0.0,0.17671304406211313,0.16485738897214441,-0.034965034965034975
200001,2,decorrelated,aleatoric,online,0.45952591402525567,0.47061794430124637,0.0,0.19117650251661603,0.1948946818259288,-0.034965034965034975
200001,2,decorrelated,total,online,0.5015969194578138,0.48744905479178424,0.0,0.17424353730420264,0.18951735420605953,-0.034965034965034975
200001,2,decorrelated,point,online,0.5087742731674696,0.518723149513056,0.0,0.17689042394921772,0.16792470465933806,-0.034965034965034975
200001,2,decorrelated,shuffled,online,0.5071102320135468,0.4900824600128697,0.0,0.1855525408463381,0.18605793915428215,-0.034965034965034975
200001,2,decorrelated,uniform,online,0.5452230507655627,0.5233439876173358,0.0,0.1733303497601219,0.1691047547222577,-0.034965034965034975
200001,2,decorrelated,count,online,0.5171384727109555,0.4979538413758796,0.0,0.1711531728948658,0.1740910948183351,-0.034965034965034975
200001,2,anti,epistemic,frozen,0.48488287936163077,0.5062355654560848,0.25,0.19976958785965343,0.1997695878596534,-1.0
200001,2,anti,aleatoric,frozen,0.44555660396882457,0.4423629522627695,0.35,0.19976958785965343,0.1997695878596534,-1.0
200001,2,anti,total,frozen,0.4407313131053951,0.4637979872014009,0.30625,0.19976958785965343,0.1997695878596534,-1.0
200001,2,anti,point,frozen,0.5308395836227336,0.5200062424274703,0.125,0.19976958785965343,0.1997695878596534,-1.0
200001,2,anti,shuffled,frozen,0.5516738086964239,0.5113518898351339,0.11875,0.19976958785965343,0.1997695878596534,-1.0
200001,2,anti,uniform,frozen,0.581025810969336,0.5472749861931088,0.15625,0.19976958785965343,0.1997695878596534,-1.0
200001,2,anti,count,frozen,0.519329616069812,0.5027089004450209,0.125,0.19976958785965343,0.1997695878596534,-1.0
200001,2,anti,epistemic,online,0.5350036845751711,0.5649352595949326,0.20625,0.15699095214682796,0.1304732202026289,-1.0
200001,2,anti,aleatoric,online,0.5068227473888195,0.5307049255525486,0.29375,0.16283060226333407,0.13307255262662918,-1.0
200001,2,anti,total,online,0.5228161504120177,0.5333993928306395,0.25,0.15883887767431476,0.13444955453687368,-1.0
200001,2,anti,point,online,0.5508963142060985,0.5575917906801386,0.11875,0.15643939228969794,0.13883604493624943,-1.0
200001,2,anti,shuffled,online,0.5542047525773102,0.5572993566786554,0.1625,0.15759812416082003,0.13338869658258332,-1.0
200001,2,anti,uniform,online,0.5861387097467763,0.5807288633807979,0.125,0.15817355361384672,0.1416601822679895,-1.0
200001,2,anti,count,online,0.5175696641404214,0.49483952446219404,0.11875,0.15971645860110684,0.13653770284584907,-1.0
200001,3,aligned,epistemic,frozen,0.566369965197745,0.5297299530388939,0.06875,0.19359515492911425,0.19359515492911428,1.0
200001,3,aligned,aleatoric,frozen,0.5524484796636436,0.5177482708305882,0.0875,0.19359515492911425,0.19359515492911428,1.0
200001,3,aligned,total,frozen,0.5842491755196626,0.5720495136818218,0.05625,0.19359515492911425,0.19359515492911428,1.0
200001,3,aligned,point,frozen,0.5349539187947872,0.5163928187402067,0.11875,0.19359515492911425,0.19359515492911428,1.0
200001,3,aligned,shuffled,frozen,0.5042658943903886,0.5109754020501888,0.09375,0.19359515492911425,0.19359515492911428,1.0
200001,3,aligned,uniform,frozen,0.46787199845489064,0.518585635457703,0.19375,0.19359515492911425,0.19359515492911428,1.0
200001,3,aligned,count,frozen,0.5186375738141313,0.5363017813419015,0.09375,0.19359515492911425,0.19359515492911428,1.0
200001,3,aligned,epistemic,online,0.5456596088545089,0.5315381300465365,0.1,0.1749459062184961,0.15882422388412767,1.0
200001,3,aligned,aleatoric,online,0.5724313607899877,0.5621359079480144,0.06875,0.17668737929641803,0.166904584403847,1.0
200001,3,aligned,total,online,0.5931964466536765,0.5838864277472731,0.08125,0.16998905334002462,0.15407682305912404,1.0
200001,3,aligned,point,online,0.5465518980475667,0.5540699241433196,0.09375,0.1748291058025411,0.1593350215129866,1.0
200001,3,aligned,shuffled,online,0.5062882075112614,0.5372305784659384,0.075,0.18000827901031352,0.16520888218974414,1.0
200001,3,aligned,uniform,online,0.535866214095694,0.5405016194274647,0.08125,0.16968104595742287,0.1533380427834924,1.0
200001,3,aligned,count,online,0.5319636952480661,0.5468135872364474,0.08125,0.17435367115537845,0.15857154218762276,1.0
200001,3,decorrelated,epistemic,frozen,0.5698371872605082,0.5800478549716177,0.0,0.15188983731921368,0.15188983731921368,0.0
200001,3,decorrelated,aleatoric,frozen,0.5621022091326475,0.5558425480869891,0.0,0.15188983731921368,0.15188983731921368,0.0
200001,3,decorrelated,total,frozen,0.546157074053516,0.5662494696127075,0.0,0.15188983731921368,0.15188983731921368,0.0
200001,3,decorrelated,point,frozen,0.5450129365961486,0.5445765521949182,0.0,0.15188983731921368,0.15188983731921368,0.0
200001,3,decorrelated,shuffled,frozen,0.5768564536799877,0.5655113836352854,0.0,0.15188983731921368,0.15188983731921368,0.0
200001,3,decorrelated,uniform,frozen,0.5397506705928823,0.565627056347304,0.0,0.15188983731921368,0.15188983731921368,0.0
200001,3,decorrelated,count,frozen,0.5498904530495974,0.5931440882618018,0.0,0.15188983731921368,0.15188983731921368,0.0
200001,3,decorrelated,epistemic,online,0.5545529612998538,0.5846380311174355,0.0,0.14191301894841887,0.14341382182526122,0.0
200001,3,decorrelated,aleatoric,online,0.5749908641179963,0.5488325700113164,0.0,0.14056407463981574,0.13694275701475522,0.0
200001,3,decorrelated,total,online,0.5470990327679219,0.5405025172648718,0.0,0.1383759837598793,0.13950847142357942,0.0
200001,3,decorrelated,point,online,0.5702201219267785,0.5881897095274807,0.0,0.1431504648033528,0.1391717764670351,0.0
200001,3,decorrelated,shuffled,online,0.5640453332529721,0.5802359366505236,0.0,0.14292382032119097,0.14173430120268612,0.0
200001,3,decorrelated,uniform,online,0.5864755245421407,0.5804303576971915,0.0,0.14316107157141408,0.13553295159835585,0.0
200001,3,decorrelated,count,online,0.546724154332286,0.5444592567762061,0.0,0.14162087275798113,0.1348758607911075,0.0
200001,3,anti,epistemic,frozen,0.4836300348022551,0.5202700469611061,0.0,0.19196928402698257,0.19196928402698255,-1.0
200001,3,anti,aleatoric,frozen,0.4975515203363564,0.5322517291694118,0.0,0.19196928402698257,0.19196928402698255,-1.0
200001,3,anti,total,frozen,0.4657508244803372,0.4779504863181782,0.0,0.19196928402698257,0.19196928402698255,-1.0
200001,3,anti,point,frozen,0.5150460812052129,0.5336071812597933,0.0,0.19196928402698257,0.19196928402698255,-1.0
200001,3,anti,shuffled,frozen,0.5457341056096113,0.5390245979498112,0.0,0.19196928402698257,0.19196928402698255,-1.0
200001,3,anti,uniform,frozen,0.5821280015451094,0.5314143645422971,0.0,0.19196928402698257,0.19196928402698255,-1.0
200001,3,anti,count,frozen,0.5313624261858687,0.5136982186580984,0.0,0.19196928402698257,0.19196928402698255,-1.0
200001,3,anti,epistemic,online,0.545162816308397,0.5942547544367572,0.0,0.1552182099824957,0.12347213495510494,-1.0
200001,3,anti,aleatoric,online,0.5015408446746654,0.529975631879902,0.0,0.1732806389658952,0.1374703655457578,-1.0
200001,3,anti,total,online,0.511171034119241,0.5232603243718328,0.0,0.1667205484636755,0.1455200462785385,-1.0
200001,3,anti,point,online,0.5320362611968227,0.5489047145700896,0.0,0.15586228355984758,0.13011595645000093,-1.0
200001,3,anti,shuffled,online,0.5608324887307126,0.5810343222915926,0.0,0.1504256243165934,0.1247317873548253,-1.0
200001,3,anti,uniform,online,0.54946694852992,0.560842951638247,0.0,0.14991219055142432,0.1267457843366908,-1.0
200001,3,anti,count,online,0.5354386958781142,0.5225057837230749,0.0,0.1529243466809758,0.14006100901334445,-1.0
200002,1,aligned,epistemic,frozen,0.5637062063902112,0.532132429570437,0.08125,0.1893016150111055,0.1893016150111055,1.0
200002,1,aligned,aleatoric,frozen,0.5647775429556956,0.5084313849730118,0.09375,0.1893016150111055,0.1893016150111055,1.0
200002,1,aligned,total,frozen,0.5890605731775966,0.560021931310102,0.0625,0.1893016150111055,0.1893016150111055,1.0
200002,1,aligned,point,frozen,0.5039016150030152,0.5104894236077142,0.15625,0.1893016150111055,0.1893016150111055,1.0
200002,1,aligned,shuffled,frozen,0.5024025460419747,0.5293214503131811,0.15,0.1893016150111055,0.1893016150111055,1.0
200002,1,aligned,uniform,frozen,0.4897209535012118,0.5016212353382894,0.08125,0.1893016150111055,0.1893016150111055,1.0
200002,1,aligned,count,frozen,0.5117916513504636,0.5094480975169537,0.09375,0.1893016150111055,0.1893016150111055,1.0
200002,1,aligned,epistemic,online,0.5461743370093248,0.5234327511112918,0.1,0.16602233049541987,0.15811203798980575,1.0
200002,1,aligned,aleatoric,online,0.5743038110932371,0.5945607270627115,0.0375,0.1675240734496908,0.16045657130297877,1.0
200002,1,aligned,total,online,0.5235808891522129,0.5040124304807856,0.075,0.1682344304079802,0.15851001755863262,1.0
200002,1,aligned,point,online,0.5281654793584003,0.540556718725955,0.09375,0.16793206424174772,0.1579860784715542,1.0
200002,1,aligned,shuffled,online,0.5237435187091043,0.5762901013565628,0.08125,0.17059309820561838,0.16168430946309412,1.0
200002,1,aligned,uniform,online,0.5675842342183914,0.548114564115864,0.05,0.16956331677840633,0.1684788715814931,1.0
200002,1,aligned,count,online,0.5195588223014892,0.5756254978277985,0.1,0.17052346938464352,0.15844723354969695,1.0
200002,1,decorrelated,epistemic,frozen,0.5216390043290815,0.5651280742272483,0.15,0.1669732117343848,0.16697321173438484,0.027972027972027972
200002,1,decorrelated,aleatoric,frozen,0.48467717514213093,0.48697501998744797,0.275,0.1669732117343848,0.16697321173438484,0.027972027972027972
200002,1,decorrelated,total,frozen,0.5194201357342859,0.4963238485907846,0.19375,0.1669732117343848,0.16697321173438484,0.027972027972027972
200002,1,decorrelated,point,frozen,0.5483140826918189,0.5579522493075834,0.075,0.1669732117343848,0.16697321173438484,0.027972027972027972
200002,1,decorrelated,shuffled,frozen,0.5276125728886066,0.5165488677096812,0.05625,0.1669732117343848,0.16697321173438484,0.027972027972027972
200002,1,decorrelated,uniform,frozen,0.5421090311707291,0.529035504138325,0.09375,0.1669732117343848,0.16697321173438484,0.027972027972027972
200002,1,decorrelated,count,frozen,0.5554458365584725,0.5552617324572504,0.075,0.1669732117343848,0.16697321173438484,0.027972027972027972
200002,1,decorrelated,epistemic,online,0.5433782956062225,0.536298778542471,0.15,0.1473709217677093,0.1437407445017693,0.027972027972027972
200002,1,decorrelated,aleatoric,online,0.5168838161780336,0.54354043197113,0.16875,0.1490224583558648,0.14206081599896628,0.027972027972027972
200002,1,decorrelated,total,online,0.5477877846352824,0.5090975614175495,0.06875,0.1432720472946722,0.14526203171377303,0.027972027972027972
200002,1,decorrelated,point,online,0.5321200368165445,0.5038611642556412,0.1125,0.14482663342217914,0.13920555495337483,0.027972027972027972
200002,1,decorrelated,shuffled,online,0.5614142023481788,0.5617125391215869,0.1,0.14084149785387948,0.13491287903227175,0.027972027972027972
200002,1,decorrelated,uniform,online,0.5724990304181408,0.5549914942902862,0.01875,0.14624074425361605,0.14992720164834608,0.027972027972027972
200002,1,decorrelated,count,online,0.5361105213044899,0.5322135056261506,0.1,0.14564264158758894,0.14039061987491178,0.027972027972027972
200002,1,anti,epistemic,frozen,0.48629379360978886,0.517867570429563,0.15,0.1570129137375915,0.15701291373759146,-1.0
200002,1,anti,aleatoric,frozen,0.48522245704430444,0.5415686150269883,0.275,0.1570129137375915,0.15701291373759146,-1.0
200002,1,anti,total,frozen,0.4609394268224034,0.4899780686898979,0.19375,0.1570129137375915,0.15701291373759146,-1.0
200002,1,anti,point,frozen,0.5460983849969848,0.5395105763922858,0.075,0.1570129137375915,0.15701291373759146,-1.0
200002,1,anti,shuffled,frozen,0.5475974539580253,0.5206785496868189,0.05625,0.1570129137375915,0.15701291373759146,-1.0
200002,1,anti,uniform,frozen,0.5602790464987881,0.5483787646617106,0.09375,0.1570129137375915,0.15701291373759146,-1.0
200002,1,anti,count,frozen,0.5382083486495364,0.5405519024830464,0.075,0.1570129137375915,0.15701291373759146,-1.0
200002,1,anti,epistemic,online,0.4993060433565333,0.5176838130725638,0.13125,0.1399918574759313,0.13320948657721876,-1.0
200002,1,anti,aleatoric,online,0.5264658984335172,0.5230752617846991,0.15,0.14073045454980387,0.1417948328113429,-1.0
200002,1,anti,total,online,0.5319281827702171,0.5651713286306123,0.075,0.14010856926790732,0.12989433127925373,-1.0
200002,1,anti,point,online,0.5455366496776778,0.5296035511163717,0.1,0.1368914831205604,0.1293799548899854,-1.0
200002,1,anti,shuffled,online,0.5572221359019724,0.5623301306698298,0.1,0.13813496509959702,0.13748892332091914,-1.0
200002,1,anti,uniform,online,0.4926950396790842,0.5140308116598125,0.03125,0.1408242005429588,0.1385802367388285,-1.0
200002,1,anti,count,online,0.5477518442898226,0.5318058421675842,0.09375,0.13996317881910988,0.13205509465078757,-1.0
200002,2,aligned,epistemic,frozen,0.5830109732754944,0.5466498275858146,0.075,0.2165445519268257,0.21654455192682567,1.0
200002,2,aligned,aleatoric,frozen,0.5480742089163917,0.5486469249770826,0.1,0.2165445519268257,0.21654455192682567,1.0
200002,2,aligned,total,frozen,0.5593244410158773,0.5062793877679068,0.05625,0.2165445519268257,0.21654455192682567,1.0
200002,2,aligned,point,frozen,0.4929416488132077,0.5060775041558532,0.1,0.2165445519268257,0.21654455192682567,1.0
200002,2,aligned,shuffled,frozen,0.48032838693714003,0.460644882038454,0.125,0.2165445519268257,0.21654455192682567,1.0
200002,2,aligned,uniform,frozen,0.5433288003950646,0.5125428859647858,0.075,0.2165445519268257,0.21654455192682567,1.0
200002,2,aligned,count,frozen,0.5047482754309108,0.5019152975482821,0.1375,0.2165445519268257,0.21654455192682567,1.0
200002,2,aligned,epistemic,online,0.5611063251293126,0.570107208340584,0.06875,0.16500849262964173,0.1459845318872566,1.0
200002,2,aligned,aleatoric,online,0.5684344106083357,0.5701950404985543,0.05625,0.167886799448663,0.16370827057620088,1.0
200002,2,aligned,total,online,0.5803876572680318,0.5752563971832098,0.04375,0.16539803305600062,0.15386192533025508,1.0
200002,2,aligned,point,online,0.5338956251388188,0.5925306498961116,0.1,0.16839703190591743,0.14022019851628745,1.0
200002,2,aligned,shuffled,online,0.5175571709270461,0.5519689832052446,0.08125,0.17248225134336131,0.1467592441633906,1.0
200002,2,aligned,uniform,online,0.5513811068761548,0.5698917683629595,0.175,0.16453905635616475,0.14474787943956374,1.0
200002,2,aligned,count,online,0.5474523908185157,0.5591093136311974,0.06875,0.1646808726792494,0.14598600152318572,1.0
200002,2,decorrelated,epistemic,frozen,0.5752866919646384,0.5748774558237572,0.0,0.16435628104095715,0.16435628104095715,0.02097902097902098
200002,2,decorrelated,aleatoric,frozen,0.5857699131472772,0.5416240215739387,0.0,0.16435628104095715,0.16435628104095715,0.02097902097902098
200002,2,decorrelated,total,frozen,0.5531964782961312,0.5599859979638329,0.0,0.16435628104095715,0.16435628104095715,0.02097902097902098
200002,2,decorrelated,point,frozen,0.5684548426731167,0.5655398480280214,0.0,0.16435628104095715,0.16435628104095715,0.02097902097902098
200002,2,decorrelated,shuffled,frozen,0.5527660260094365,0.5277678679135722,0.0,0.16435628104095715,0.16435628104095715,0.02097902097902098
200002,2,decorrelated,uniform,frozen,0.5993039385620537,0.5612374975837996,0.0,0.16435628104095715,0.16435628104095715,0.02097902097902098
200002,2,decorrelated,count,frozen,0.5459609678120587,0.5514795089174838,0.0,0.16435628104095715,0.16435628104095715,0.02097902097902098
200002,2,decorrelated,epistemic,online,0.5369010177606544,0.5088934683498069,0.0,0.1280238475377271,0.13544861632159164,0.02097902097902098
200002,2,decorrelated,aleatoric,online,0.5934403624722847,0.5948100572335121,0.0,0.12502875090909155,0.12075927874850227,0.02097902097902098
200002,2,decorrelated,total,online,0.5740264913423377,0.5721014785767847,0.0,0.12602576532730825,0.12059457641468486,0.02097902097902098
200002,2,decorrelated,point,online,0.5650969279428125,0.5670460683583028,0.0,0.12541321610179387,0.12179339559929682,0.02097902097902098
200002,2,decorrelated,shuffled,online,0.585795857150974,0.6057628017204533,0.0,0.12630323246582228,0.1423890914062709,0.02097902097902098
200002,2,decorrelated,uniform,online,0.5569860140611562,0.5763189833701252,0.0,0.12766317650363881,0.12202263501953022,0.02097902097902098
200002,2,decorrelated,count,online,0.5449796018886973,0.5387380699653488,0.0,0.12636709810637664,0.1186738787106576,0.02097902097902098
200002,2,anti,epistemic,frozen,0.4669890267245057,0.5033501724141854,0.0,0.18708434039032001,0.18708434039032004,-1.0
200002,2,anti,aleatoric,frozen,0.5019257910836084,0.5013530750229174,0.0,0.18708434039032001,0.18708434039032004,-1.0
200002,2,anti,total,frozen,0.4906755589841227,0.5437206122320932,0.0,0.18708434039032001,0.18708434039032004,-1.0
200002,2,anti,point,frozen,0.5570583511867924,0.5439224958441469,0.0,0.18708434039032001,0.18708434039032004,-1.0
200002,2,anti,shuffled,frozen,0.56967161306286,0.589355117961546,0.0,0.18708434039032001,0.18708434039032004,-1.0
200002,2,anti,uniform,frozen,0.5066711996049353,0.5374571140352142,0.0,0.18708434039032001,0.18708434039032004,-1.0
200002,2,anti,count,frozen,0.5452517245690892,0.5480847024517179,0.0,0.18708434039032001,0.18708434039032004,-1.0
200002,2,anti,epistemic,online,0.5638492497933598,0.6167706189578803,0.0,0.1414823323340269,0.11848689908870384,-1.0
200002,2,anti,aleatoric,online,0.512794502110545,0.578715470032722,0.0,0.15008374142645345,0.12341694487938537,-1.0
200002,2,anti,total,online,0.5218512544951687,0.5390106146216466,0.0,0.1439726065214213,0.11907881406212918,-1.0
200002,2,anti,point,online,0.5816650933889275,0.5617949979462802,0.0,0.13615726458737476,0.12361920983039942,-1.0
200002,2,anti,shuffled,online,0.5757714878121636,0.5841787691450541,0.0,0.13055083141568152,0.12576206624904465,-1.0
200002,2,anti,uniform,online,0.5740883491662048,0.5710597703749617,0.0,0.13709812140084657,0.11971230009005918,-1.0
200002,2,anti,count,online,0.5530472545565893,0.5827345303178008,0.0,0.13970087629535236,0.11980584881612714,-1.0
200002,3,aligned,epistemic,frozen,0.5481793546590499,0.5064603304222286,0.06875,0.22033548284098298,0.220335482840983,1.0
200002,3,aligned,aleatoric,frozen,0.5051533282206265,0.503768102987783,0.1125,0.22033548284098298,0.220335482840983,1.0
200002,3,aligned,total,frozen,0.557296122981809,0.5366935097229921,0.09375,0.22033548284098298,0.220335482840983,1.0
200002,3,aligned,point,frozen,0.48008757491009135,0.4956206822480425,0.15625,0.22033548284098298,0.220335482840983,1.0
200002,3,aligned,shuffled,frozen,0.5034943437609087,0.5164926218955844,0.10625,0.22033548284098298,0.220335482840983,1.0
200002,3,aligned,uniform,frozen,0.5108640447252365,0.488758901514822,0.05,0.22033548284098298,0.220335482840983,1.0
200002,3,aligned,count,frozen,0.49302924993703456,0.4807250322327351,0.1125,0.22033548284098298,0.220335482840983,1.0
200002,3,aligned,epistemic,online,0.5304897087119784,0.54449015319813,0.11875,0.19622398712979564,0.16848399134252653,1.0
200002,3,aligned,aleatoric,online,0.5379958817089536,0.5566478800046724,0.09375,0.19609294286883325,0.16889880189714943,1.0
200002,3,aligned,total,online,0.5332051801430279,0.4947417948478655,0.1,0.1879893744672824,0.1757730535108446,1.0
200002,3,aligned,point,online,0.4876630394620264,0.4546449032448125,0.15,0.20620268550043938,0.19244786146678486,1.0
200002,3,aligned,shuffled,online,0.5159459356367411,0.5130119388611111,0.1125,0.198797630592999,0.18136338390595633,1.0
200002,3,aligned,uniform,online,0.5204959723282497,0.5286985017240028,0.04375,0.19638414046146732,0.1780161110424013,1.0
200002,3,aligned,count,online,0.51279967076392,0.5662270038682584,0.1375,0.19507103484334581,0.17065788514750527,1.0
200002,3,decorrelated,epistemic,frozen,0.5707406672444025,0.6007674322317558,0.06875,0.19291564136132866,0.19291564136132866,0.04895104895104895
200002,3,decorrelated,aleatoric,frozen,0.5909659239144448,0.5876805567636121,0.1125,0.19291564136132866,0.19291564136132866,0.04895104895104895
200002,3,decorrelated,total,frozen,0.5724609417092538,0.5888470954209423,0.09375,0.19291564136132866,0.19291564136132866,0.04895104895104895
200002,3,decorrelated,point,frozen,0.5881309676887717,0.5578566409476198,0.15625,0.19291564136132866,0.19291564136132866,0.04895104895104895
200002,3,decorrelated,shuffled,frozen,0.5912522014623874,0.5678143989221983,0.10625,0.19291564136132866,0.19291564136132866,0.04895104895104895
200002,3,decorrelated,uniform,frozen,0.6238279357511808,0.6098389817490626,0.05,0.19291564136132866,0.19291564136132866,0.04895104895104895
200002,3,decorrelated,count,frozen,0.556511258026142,0.5155262421705803,0.1125,0.19291564136132866,0.19291564136132866,0.04895104895104895
200002,3,decorrelated,epistemic,online,0.5639881759493324,0.579291368637791,0.125,0.14514926468425945,0.12349929104349928,0.04895104895104895
200002,3,decorrelated,aleatoric,online,0.5948157774937612,0.5849765560191174,0.1,0.14276843473307696,0.12606931485353093,0.04895104895104895
200002,3,decorrelated,total,online,0.5877676662856007,0.5812727953596972,0.10625,0.13729171343474084,0.1282401998330341,0.04895104895104895
200002,3,decorrelated,point,online,0.5790221235450724,0.5692062768422778,0.14375,0.13614153806848364,0.1221139177896126,0.04895104895104895
200002,3,decorrelated,shuffled,online,0.5695859530863849,0.5966167268186522,0.10625,0.1427896608705905,0.12291252433112143,0.04895104895104895
200002,3,decorrelated,uniform,online,0.6165324897243781,0.6407816151682073,0.05,0.13201879167312652,0.12090939085949426,0.04895104895104895
200002,3,decorrelated,count,online,0.5577428650403282,0.5811540808754175,0.14375,0.1344934840425873,0.12394543281721049,0.04895104895104895
200002,3,anti,epistemic,frozen,0.5018206453409502,0.5435396695777712,0.0,0.17533691926675657,0.17533691926675654,-1.0
200002,3,anti,aleatoric,frozen,0.5448466717793734,0.5462318970122172,0.0,0.17533691926675657,0.17533691926675654,-1.0
200002,3,anti,total,frozen,0.49270387701819107,0.5133064902770078,0.0,0.17533691926675657,0.17533691926675654,-1.0
200002,3,anti,point,frozen,0.5699124250899086,0.5543793177519575,0.0,0.17533691926675657,0.17533691926675654,-1.0
200002,3,anti,shuffled,frozen,0.5465056562390914,0.5335073781044156,0.0,0.17533691926675657,0.17533691926675654,-1.0
200002,3,anti,uniform,frozen,0.5391359552747634,0.5612410984851781,0.0,0.17533691926675657,0.17533691926675654,-1.0
200002,3,anti,count,frozen,0.5569707500629655,0.5692749677672648,0.0,0.17533691926675657,0.17533691926675654,-1.0
200002,3,anti,epistemic,online,0.5601452498914161,0.545428678835898,0.0,0.1488967278259014,0.13218989940609777,-1.0
200002,3,anti,aleatoric,online,0.5443685237453841,0.5681789585500822,0.0,0.15178801417606658,0.13666517735809802,-1.0
200002,3,anti,total,online,0.5479550199922611,0.5660000418988156,0.0,0.15312947442604505,0.1383863682574008,-1.0
200002,3,anti,point,online,0.5617137038077304,0.5953550967551875,0.0,0.1520514870126634,0.13787359685596556,-1.0
200002,3,anti,shuffled,online,0.5608829523436081,0.5766179209557144,0.0,0.14701829209784684,0.13200605056770232,-1.0
200002,3,anti,uniform,online,0.5473998331655523,0.5649773339841113,0.0,0.15006965552799253,0.13703700812286332,-1.0
200002,3,anti,count,online,0.560721191567467,0.5428118794601116,0.0,0.14932433099266196,0.13761774595088475,-1.0
200003,1,aligned,epistemic,frozen,0.6251936011627445,0.5495751920936184,0.0,0.17027197911351652,0.17027197911351652,1.0
200003,1,aligned,aleatoric,frozen,0.5770325743658404,0.5873592597171508,0.0,0.17027197911351652,0.17027197911351652,1.0
200003,1,aligned,total,frozen,0.6274699894086166,0.559369190417564,0.0,0.17027197911351652,0.17027197911351652,1.0
200003,1,aligned,point,frozen,0.5186285722003383,0.49831991654054875,0.0,0.17027197911351652,0.17027197911351652,1.0
200003,1,aligned,shuffled,frozen,0.49168131932153025,0.4835061498258447,0.0,0.17027197911351652,0.17027197911351652,1.0
200003,1,aligned,uniform,frozen,0.5124473039729003,0.5752569557499004,0.0,0.17027197911351652,0.17027197911351652,1.0
200003,1,aligned,count,frozen,0.526114523041309,0.5166247882517695,0.0,0.17027197911351652,0.17027197911351652,1.0
200003,1,aligned,epistemic,online,0.5889028518925966,0.5732546082025557,0.0,0.1435296299004618,0.13285226075251644,1.0
200003,1,aligned,aleatoric,online,0.5877993364865046,0.5713806524768394,0.0,0.14194586624513236,0.13736179839896578,1.0
200003,1,aligned,total,online,0.6141683961088458,0.6046720589516886,0.0,0.1419032077203653,0.13548830392048586,1.0
200003,1,aligned,point,online,0.5639288733054112,0.5766599362122055,0.0,0.14296267809653873,0.13316032701326708,1.0
200003,1,aligned,shuffled,online,0.49257240776977457,0.5667078267971078,0.0,0.15492078613593713,0.13639106999546435,1.0
200003,1,aligned,uniform,online,0.5006836651626775,0.515949802296219,0.0,0.15306934413277426,0.1416941336727953,1.0
200003,1,aligned,count,online,0.5208600322339063,0.5060168154305696,0.0,0.1433447538281924,0.13237897503883714,1.0
200003,1,decorrelated,epistemic,frozen,0.5380013033330341,0.5433577181512492,0.0,0.16963590976710183,0.16963590976710183,0.013986013986013986
200003,1,decorrelated,aleatoric,frozen,0.5426268077113807,0.5128175015221016,0.0,0.16963590976710183,0.16963590976710183,0.013986013986013986
200003,1,decorrelated,total,frozen,0.5402105452434445,0.5604102905106142,0.0,0.16963590976710183,0.16963590976710183,0.013986013986013986
200003,1,decorrelated,point,frozen,0.5508438372236437,0.5405510203755541,0.0,0.16963590976710183,0.16963590976710183,0.013986013986013986
200003,1,decorrelated,shuffled,frozen,0.5118440529282692,0.5252303223706807,0.0,0.16963590976710183,0.16963590976710183,0.013986013986013986
200003,1,decorrelated,uniform,frozen,0.5414896917614608,0.5275727071540345,0.0,0.16963590976710183,0.16963590976710183,0.013986013986013986
200003,1,decorrelated,count,frozen,0.5410043687918392,0.5285026936340238,0.0,0.16963590976710183,0.16963590976710183,0.013986013986013986
200003,1,decorrelated,epistemic,online,0.5584952620081748,0.6275139190592331,0.0,0.14291108391266413,0.13828392992834618,0.013986013986013986
200003,1,decorrelated,aleatoric,online,0.5527145517633386,0.5386633483698182,0.0,0.14609631041642177,0.1393552962829054,0.013986013986013986
200003,1,decorrelated,total,online,0.5330421669431891,0.5237195202609527,0.0,0.14140165193330168,0.1354801926794603,0.013986013986013986
200003,1,decorrelated,point,online,0.5854018764742653,0.591338583562214,0.0,0.13875978835299999,0.12792199884862773,0.013986013986013986
200003,1,decorrelated,shuffled,online,0.5891314308452534,0.5993149311072278,0.0,0.13764235124018226,0.12856502791060134,0.013986013986013986
200003,1,decorrelated,uniform,online,0.488958848795674,0.49029881534772723,0.0,0.15377516014721693,0.1376753992385665,0.013986013986013986
200003,1,decorrelated,count,online,0.5323050976591437,0.5384682869432832,0.0,0.13886307182064037,0.13032191604517726,0.013986013986013986
200003,1,anti,epistemic,frozen,0.42480639883725557,0.5004248079063817,0.4,0.17456256585197782,0.17456256585197782,-1.0
200003,1,anti,aleatoric,frozen,0.4729674256341596,0.4626407402828493,0.1375,0.17456256585197782,0.17456256585197782,-1.0
200003,1,anti,total,frozen,0.4225300105913833,0.49063080958243593,0.2875,0.17456256585197782,0.17456256585197782,-1.0
200003,1,anti,point,frozen,0.5313714277996617,0.5516800834594513,0.0875,0.17456256585197782,0.17456256585197782,-1.0
200003,1,anti,shuffled,frozen,0.5583186806784697,0.5664938501741552,0.04375,0.17456256585197782,0.17456256585197782,-1.0
200003,1,anti,uniform,frozen,0.5375526960270995,0.47474304425009956,0.1,0.17456256585197782,0.17456256585197782,-1.0
200003,1,anti,count,frozen,0.5238854769586909,0.5333752117482305,0.08125,0.17456256585197782,0.17456256585197782,-1.0
200003,1,anti,epistemic,online,0.4842089796794208,0.5410045682676199,0.15625,0.16115335590832505,0.15026913245616047,-1.0
200003,1,anti,aleatoric,online,0.47698710678284045,0.5042368290657816,0.09375,0.16554807312127953,0.14845185031324662,-1.0
200003,1,anti,total,online,0.4716748486546972,0.5182691464760917,0.2,0.16412094084086015,0.14834791183668847,-1.0
200003,1,anti,point,online,0.5043693357468924,0.5024438340840236,0.11875,0.15661347927105362,0.14747574719725395,-1.0
200003,1,anti,shuffled,online,0.54319556951589,0.5075290576520539,0.05625,0.15912375725025402,0.15117763057875563,-1.0
200003,1,anti,uniform,online,0.5593052426361845,0.5724866171582146,0.0375,0.15781563784375396,0.15528612638164271,-1.0
200003,1,anti,count,online,0.5427051883470168,0.5582866720451172,0.075,0.1588220182001263,0.1546352954535292,-1.0
200003,2,aligned,epistemic,frozen,0.6034953986048912,0.5314151697760019,0.0625,0.1646969919499583,0.16469699194995827,1.0
200003,2,aligned,aleatoric,frozen,0.6036206045413507,0.534905343436533,0.06875,0.1646969919499583,0.16469699194995827,1.0
200003,2,aligned,total,frozen,0.6024333257535599,0.5886978572840338,0.06875,0.1646969919499583,0.16469699194995827,1.0
200003,2,aligned,point,frozen,0.5561079931203137,0.5617448558365628,0.09375,0.1646969919499583,0.16469699194995827,1.0
200003,2,aligned,shuffled,frozen,0.5986958683650133,0.6078919495937244,0.06875,0.1646969919499583,0.16469699194995827,1.0
200003,2,aligned,uniform,frozen,0.5131634045462122,0.5203002819569742,0.1125,0.1646969919499583,0.16469699194995827,1.0
200003,2,aligned,count,frozen,0.5406136233241584,0.509633433853969,0.0875,0.1646969919499583,0.16469699194995827,1.0
200003,2,aligned,epistemic,online,0.5888677914534399,0.5871487838788735,0.08125,0.14316298198432353,0.13843107633474425,1.0
200003,2,aligned,aleatoric,online,0.632282980316276,0.6039781464467681,0.0625,0.1423435322210831,0.14069389013445094,1.0
200003,2,aligned,total,online,0.6022349938359262,0.6331339477212218,0.06875,0.1429417921416092,0.14314620447642235,1.0
200003,2,aligned,point,online,0.5661559194129427,0.5535328451722744,0.075,0.141578499039915,0.138236751109961,1.0
200003,2,aligned,shuffled,online,0.5555548877466361,0.5602468884617886,0.09375,0.1418707421557391,0.1371136739979443,1.0
200003,2,aligned,uniform,online,0.5926653655856225,0.5972948149066359,0.04375,0.14173892271639338,0.13871874580565505,1.0
200003,2,aligned,count,online,0.5538969584225355,0.5209773393759696,0.0875,0.14433569041656763,0.1429469305009146,1.0
200003,2,decorrelated,epistemic,frozen,0.5161907759446268,0.5269739414760316,0.0,0.1809955869319648,0.1809955869319648,0.006993006993006993
200003,2,decorrelated,aleatoric,frozen,0.5325556626488368,0.559918097991394,0.0,0.1809955869319648,0.1809955869319648,0.006993006993006993
200003,2,decorrelated,total,frozen,0.5185034691466706,0.49463395747052774,0.0,0.1809955869319648,0.1809955869319648,0.006993006993006993
200003,2,decorrelated,point,frozen,0.5197914502694907,0.5045187819725336,0.0,0.1809955869319648,0.1809955869319648,0.006993006993006993
200003,2,decorrelated,shuffled,frozen,0.4855536997070346,0.4609006321902724,0.0,0.1809955869319648,0.1809955869319648,0.006993006993006993
200003,2,decorrelated,uniform,frozen,0.512712171488275,0.5279977394136857,0.0,0.1809955869319648,0.1809955869319648,0.006993006993006993
200003,2,decorrelated,count,frozen,0.5183256328617807,0.5069867299736904,0.0,0.1809955869319648,0.1809955869319648,0.006993006993006993
200003,2,decorrelated,epistemic,online,0.5401505847041419,0.5585301704990725,0.0,0.16549829769644425,0.15800552712037283,0.006993006993006993
200003,2,decorrelated,aleatoric,online,0.5180328137596198,0.4897001757720053,0.0,0.17217611253662374,0.16367373840405017,0.006993006993006993
200003,2,decorrelated,total,online,0.5171358663900494,0.5516030164017565,0.0,0.17172642226368526,0.15788089368010352,0.006993006993006993
200003,2,decorrelated,point,online,0.5380731154986164,0.5224680369333276,0.0,0.164766493490633,0.15816535951038227,0.006993006993006993
200003,2,decorrelated,shuffled,online,0.5489947018855105,0.5639381291477159,0.0,0.16631364321215142,0.15738492108504523,0.006993006993006993
200003,2,decorrelated,uniform,online,0.5192965032050572,0.4983198341649454,0.0,0.17142775983127617,0.16886337202874793,0.006993006993006993
200003,2,decorrelated,count,online,0.5168974114765926,0.521266311593172,0.0,0.16751599306543458,0.16001463931242074,0.006993006993006993
200003,2,anti,epistemic,frozen,0.446504601395109,0.5185848302239983,0.3,0.20110109194575387,0.20110109194575387,-1.0
200003,2,anti,aleatoric,frozen,0.4463793954586494,0.5150946565634672,0.40625,0.20110109194575387,0.20110109194575387,-1.0
200003,2,anti,total,frozen,0.44756667424644014,0.4613021427159662,0.30625,0.20110109194575387,0.20110109194575387,-1.0
200003,2,anti,point,frozen,0.4938920068796864,0.4882551441634373,0.16875,0.20110109194575387,0.20110109194575387,-1.0
200003,2,anti,shuffled,frozen,0.45130413163498667,0.44210805040627565,0.16875,0.20110109194575387,0.20110109194575387,-1.0
200003,2,anti,uniform,frozen,0.5368365954537878,0.5296997180430258,0.1375,0.20110109194575387,0.20110109194575387,-1.0
200003,2,anti,count,frozen,0.5093863766758415,0.5403665661460311,0.1375,0.20110109194575387,0.20110109194575387,-1.0
200003,2,anti,epistemic,online,0.47380540029930407,0.4922353501159928,0.23125,0.18445387281357675,0.16333018305678293,-1.0
200003,2,anti,aleatoric,online,0.46057411934884407,0.5090078931356122,0.325,0.20125218674699058,0.16950995248741216,-1.0
200003,2,anti,total,online,0.46847523124028206,0.4473620738268086,0.25,0.19152205358627855,0.176811596788336,-1.0
200003,2,anti,point,online,0.49402747501305255,0.5058521579425298,0.19375,0.17922651732362999,0.16995586211100952,-1.0
200003,2,anti,shuffled,online,0.5117865232138687,0.5311487075923528,0.13125,0.18019162724914317,0.16460503869297446,-1.0
200003,2,anti,uniform,online,0.48328526161356206,0.48188218038071096,0.19375,0.19592033486703167,0.1856269332708751,-1.0
200003,2,anti,count,online,0.5033169284945156,0.5290226606240305,0.1125,0.18257391544169338,0.17788022492126113,-1.0
200003,3,aligned,epistemic,frozen,0.6308006377524222,0.6356127565369789,0.05,0.18744902980487516,0.18744902980487513,1.0
200003,3,aligned,aleatoric,frozen,0.6254871448778465,0.5799704931178529,0.0625,0.18744902980487516,0.18744902980487513,1.0
200003,3,aligned,total,frozen,0.6078255824106243,0.5892671434089533,0.04375,0.18744902980487516,0.18744902980487513,1.0
200003,3,aligned,point,frozen,0.5444797723067081,0.5806215239887047,0.125,0.18744902980487516,0.18744902980487513,1.0
200003,3,aligned,shuffled,frozen,0.49953934281246415,0.4748575276061658,0.18125,0.18744902980487516,0.18744902980487513,1.0
200003,3,aligned,uniform,frozen,0.521189783766004,0.5315385688990935,0.06875,0.18744902980487516,0.18744902980487513,1.0
200003,3,aligned,count,frozen,0.537068279479237,0.5070911873799239,0.09375,0.18744902980487516,0.18744902980487513,1.0
200003,3,aligned,epistemic,online,0.5649213333941916,0.5191896157820188,0.1125,0.16315274310085562,0.15340343565375678,1.0
200003,3,aligned,aleatoric,online,0.6401923053975029,0.6087277368751233,0.08125,0.16441875906964065,0.15018075502050476,1.0
200003,3,aligned,total,online,0.6162902170129373,0.5977446257882172,0.0625,0.16138152882741486,0.14709022838570793,1.0
200003,3,aligned,point,online,0.5518103257156358,0.5679278149358035,0.08125,0.16262588826452193,0.14978273804984957,1.0
200003,3,aligned,shuffled,online,0.5212319081518618,0.4966066067312416,0.1625,0.1641378806351622,0.14790714683330572,1.0
200003,3,aligned,uniform,online,0.5834713439747207,0.5478291657171728,0.025,0.16133807582977416,0.1462545601295759,1.0
200003,3,aligned,count,online,0.5310192906353197,0.5107767227648761,0.11875,0.16337747572788774,0.15103475584295162,1.0
200003,3,decorrelated,epistemic,frozen,0.4978026761456322,0.5138039021963878,0.0875,0.17864428063338503,0.17864428063338503,0.027972027972027972
200003,3,decorrelated,aleatoric,frozen,0.5278504661547041,0.5250913929616647,0.0125,0.17864428063338503,0.17864428063338503,0.027972027972027972
200003,3,decorrelated,total,frozen,0.5000443824113641,0.4924635442817342,0.08125,0.17864428063338503,0.17864428063338503,0.027972027972027972
200003,3,decorrelated,point,frozen,0.5175410216298683,0.5181716422970467,0.1,0.17864428063338503,0.17864428063338503,0.027972027972027972
200003,3,decorrelated,shuffled,frozen,0.553357110141335,0.5388304343606833,0.08125,0.17864428063338503,0.17864428063338503,0.027972027972027972
200003,3,decorrelated,uniform,frozen,0.5320222839495864,0.5254825702890656,0.0625,0.17864428063338503,0.17864428063338503,0.027972027972027972
200003,3,decorrelated,count,frozen,0.5144232638098389,0.4938558616167975,0.125,0.17864428063338503,0.17864428063338503,0.027972027972027972
200003,3,decorrelated,epistemic,online,0.5556342312598959,0.5591686976887733,0.05625,0.17042737273501427,0.15562821320104467,0.027972027972027972
200003,3,decorrelated,aleatoric,online,0.5338015337471508,0.5579569994672302,0.03125,0.17169695321325826,0.1632506532343624,0.027972027972027972
200003,3,decorrelated,total,online,0.5276723739402105,0.5152038804216892,0.0875,0.16609296480830532,0.1609527137974199,0.027972027972027972
200003,3,decorrelated,point,online,0.5253016898763366,0.5544572431118021,0.10625,0.1668031244658953,0.158440538634168,0.027972027972027972
200003,3,decorrelated,shuffled,online,0.511123404176157,0.5072760187811205,0.08125,0.16584432221340814,0.15886441067485993,0.027972027972027972
200003,3,decorrelated,uniform,online,0.4994008035620759,0.5054532113637097,0.18125,0.1675803111835364,0.16560143776464123,0.027972027972027972
200003,3,decorrelated,count,online,0.56099618056044,0.572966201502618,0.075,0.16872496085398475,0.16520783681540044,0.027972027972027972
200003,3,anti,epistemic,frozen,0.41919936224757787,0.4143872434630212,0.475,0.18684915477835923,0.1868491547783592,-1.0
200003,3,anti,aleatoric,frozen,0.4245128551221534,0.47002950688214734,0.58125,0.18684915477835923,0.1868491547783592,-1.0
200003,3,anti,total,frozen,0.44217441758937576,0.46073285659104685,0.45,0.18684915477835923,0.1868491547783592,-1.0
200003,3,anti,point,frozen,0.5055202276932919,0.4693784760112953,0.3,0.18684915477835923,0.1868491547783592,-1.0
200003,3,anti,shuffled,frozen,0.5504606571875359,0.5751424723938343,0.13125,0.18684915477835923,0.1868491547783592,-1.0
200003,3,anti,uniform,frozen,0.528810216233996,0.5184614311009066,0.25625,0.18684915477835923,0.1868491547783592,-1.0
200003,3,anti,count,frozen,0.5129317205207631,0.5429088126200762,0.25,0.18684915477835923,0.1868491547783592,-1.0
200003,3,anti,epistemic,online,0.5326916704345499,0.5937934372932725,0.16875,0.14713512932519285,0.1094287545081778,-1.0
200003,3,anti,aleatoric,online,0.4745612486294493,0.5098040757091395,0.38125,0.18047524786011382,0.11780048224304125,-1.0
200003,3,anti,total,online,0.4930387338865966,0.5430886925831533,0.2875,0.16076889095435354,0.11583621858598973,-1.0
200003,3,anti,point,online,0.5422884672967927,0.5415118447072065,0.2,0.14229771968893895,0.11392422190184211,-1.0
200003,3,anti,shuffled,online,0.5655592647909476,0.5906354995950752,0.14375,0.12744857583470057,0.11744553213719137,-1.0
200003,3,anti,uniform,online,0.5212519348352899,0.5520128119052138,0.16875,0.14026964866217306,0.11935422678698031,-1.0
200003,3,anti,count,online,0.5550259557338395,0.5825920150334081,0.15,0.1363291236381381,0.12237855752010877,-1.0
200004,1,aligned,epistemic,frozen,0.6017665693310914,0.6198294361584862,0.0,0.1690684168818344,0.1690684168818344,1.0
200004,1,aligned,aleatoric,frozen,0.5752731254940182,0.5416418292275804,0.0,0.1690684168818344,0.1690684168818344,1.0
200004,1,aligned,total,frozen,0.5699543323321904,0.5165229066823727,0.0,0.1690684168818344,0.1690684168818344,1.0
200004,1,aligned,point,frozen,0.5205584033345347,0.45152195126455713,0.0,0.1690684168818344,0.1690684168818344,1.0
200004,1,aligned,shuffled,frozen,0.5054258726067249,0.5179013667915523,0.0,0.1690684168818344,0.1690684168818344,1.0
200004,1,aligned,uniform,frozen,0.5634264620528974,0.517806865411938,0.0,0.1690684168818344,0.1690684168818344,1.0
200004,1,aligned,count,frozen,0.5284179602604414,0.5205351453443597,0.0,0.1690684168818344,0.1690684168818344,1.0
200004,1,aligned,epistemic,online,0.5607331491137139,0.5583793204459961,0.0,0.1563115880317357,0.1484107986127271,1.0
200004,1,aligned,aleatoric,online,0.5785122956640117,0.5836095983318899,0.0,0.15877473024169092,0.14875122004701383,1.0
200004,1,aligned,total,online,0.5756369109803157,0.5504083374549186,0.0,0.1584517594207851,0.14869522395555873,1.0
200004,1,aligned,point,online,0.5405781463112497,0.5323434526224523,0.0,0.1562541941315161,0.14518650514317247,1.0
200004,1,aligned,shuffled,online,0.5266980192526349,0.48858743869603183,0.0,0.1591835501011741,0.14959837637583598,1.0
200004,1,aligned,uniform,online,0.5752073812535217,0.5821480661285812,0.0,0.1544395950979959,0.1590614647097605,1.0
200004,1,aligned,count,online,0.5386075627496372,0.5397916245110567,0.0,0.15483531535263811,0.1411163307755874,1.0
200004,1,decorrelated,epistemic,frozen,0.5107050004306186,0.5148059222339383,0.25,0.1745237336731324,0.17452373367313237,0.0
200004,1,decorrelated,aleatoric,frozen,0.48054344675916905,0.5138496176872602,0.28125,0.1745237336731324,0.17452373367313237,0.0
200004,1,decorrelated,total,frozen,0.5312019673427153,0.5344261368262299,0.1625,0.1745237336731324,0.17452373367313237,0.0
200004,1,decorrelated,point,frozen,0.5271172294752413,0.5238594223699782,0.10625,0.1745237336731324,0.17452373367313237,0.0
200004,1,decorrelated,shuffled,frozen,0.5633654613460606,0.5787184728321526,0.075,0.1745237336731324,0.17452373367313237,0.0
200004,1,decorrelated,uniform,frozen,0.515727668136686,0.5310662002042238,0.20625,0.1745237336731324,0.17452373367313237,0.0
200004,1,decorrelated,count,frozen,0.5292866927488822,0.5313635002395359,0.1,0.1745237336731324,0.17452373367313237,0.0
200004,1,decorrelated,epistemic,online,0.546768948674152,0.5781808297926011,0.1625,0.14699663525476198,0.12969860310934658,0.0
200004,1,decorrelated,aleatoric,online,0.5257052861851015,0.5408901440442413,0.2,0.14571109990006406,0.1309290749846386,0.0
200004,1,decorrelated,total,online,0.5051117967861154,0.5000616473398192,0.10625,0.14530889706154643,0.14637517589711052,0.0
200004,1,decorrelated,point,online,0.5609201601959176,0.602753489961602,0.13125,0.14264259182628014,0.12683221173546236,0.0
200004,1,decorrelated,shuffled,online,0.550453356193927,0.5755232434891066,0.0625,0.1464241686046434,0.14293623656034218,0.0
200004,1,decorrelated,uniform,online,0.5932309373956054,0.5863827489862219,0.05625,0.14188578102011057,0.14634955271070352,0.0
200004,1,decorrelated,count,online,0.5482237418379624,0.5910691240809502,0.075,0.14266724019387644,0.1299310176072179,0.0
200004,1,anti,epistemic,frozen,0.44823343066890853,0.43017056384151386,0.25,0.17038378914304375,0.17038378914304375,-1.0
200004,1,anti,aleatoric,frozen,0.47472687450598183,0.5083581707724196,0.28125,0.17038378914304375,0.17038378914304375,-1.0
200004,1,anti,total,frozen,0.48004566766780965,0.5334770933176273,0.1625,0.17038378914304375,0.17038378914304375,-1.0
200004,1,anti,point,frozen,0.5294415966654652,0.598478048735443,0.10625,0.17038378914304375,0.17038378914304375,-1.0
200004,1,anti,shuffled,frozen,0.544574127393275,0.5320986332084476,0.075,0.17038378914304375,0.17038378914304375,-1.0
200004,1,anti,uniform,frozen,0.4865735379471026,0.5321931345880621,0.20625,0.17038378914304375,0.17038378914304375,-1.0
200004,1,anti,count,frozen,0.5215820397395585,0.5294648546556402,0.1,0.17038378914304375,0.17038378914304375,-1.0
200004,1,anti,epistemic,online,0.5067011091881055,0.500441728513142,0.14375,0.15254998929301083,0.1376252243505431,-1.0
200004,1,anti,aleatoric,online,0.4850604152284079,0.515029332990292,0.1875,0.15592994597777676,0.1438264485164065,-1.0
200004,1,anti,total,online,0.5018833564866332,0.5298494943654939,0.0875,0.15678099257513228,0.14380555432877642,-1.0
200004,1,anti,point,online,0.526413371572031,0.5444553063484481,0.10625,0.14996415947878156,0.13903999693087443,-1.0
200004,1,anti,shuffled,online,0.5138983925655187,0.5369213007314825,0.0625,0.15552786087117818,0.14856624577497915,-1.0
200004,1,anti,uniform,online,0.5038739990625183,0.5159215790686813,0.05625,0.16320940882843488,0.15815923639411997,-1.0
200004,1,anti,count,online,0.5429217994221347,0.5545353238810858,0.0625,0.15295108565541393,0.14252945336155096,-1.0
200004,2,aligned,epistemic,frozen,0.636754587494831,0.6133103730447572,0.0,0.15670016152059094,0.15670016152059094,1.0
200004,2,aligned,aleatoric,frozen,0.6011505512612378,0.6058716030184599,0.0,0.15670016152059094,0.15670016152059094,1.0
200004,2,aligned,total,frozen,0.613092540930905,0.5930447761410946,0.0,0.15670016152059094,0.15670016152059094,1.0
200004,2,aligned,point,frozen,0.5401259321332974,0.5783545119712743,0.0,0.15670016152059094,0.15670016152059094,1.0
200004,2,aligned,shuffled,frozen,0.6145416580691568,0.6048526376160561,0.0,0.15670016152059094,0.15670016152059094,1.0
200004,2,aligned,uniform,frozen,0.5775386482287488,0.5438282084442326,0.0,0.15670016152059094,0.15670016152059094,1.0
200004,2,aligned,count,frozen,0.5323818184200932,0.5262003280687455,0.0,0.15670016152059094,0.15670016152059094,1.0
200004,2,aligned,epistemic,online,0.6111725320341097,0.6052954789781072,0.0,0.13167241437648117,0.12353604463461754,1.0
200004,2,aligned,aleatoric,online,0.5989350042181429,0.5828266364443306,0.0,0.12632857349807636,0.1197258741416622,1.0
200004,2,aligned,total,online,0.6057308760792692,0.5849792848198286,0.0,0.12673961627478345,0.12105170764203521,1.0
200004,2,aligned,point,online,0.5482597180176867,0.5635287271082738,0.0,0.1260152296778398,0.12096375475156053,1.0
200004,2,aligned,shuffled,online,0.5281798423902625,0.5243106908831415,0.0,0.1289909511086286,0.11835125161616432,1.0
200004,2,aligned,uniform,online,0.5565639372216926,0.537309078684815,0.0,0.12405637104319774,0.12440756085970335,1.0
200004,2,aligned,count,online,0.5437235895612244,0.5426095569955012,0.0,0.1248887642039244,0.11627569008807977,1.0
200004,2,decorrelated,epistemic,frozen,0.5283460591065137,0.5377292533375337,0.1625,0.20260119840329666,0.20260119840329668,0.027972027972027972
200004,2,decorrelated,aleatoric,frozen,0.5806746928814046,0.5691670416261765,0.175,0.20260119840329666,0.20260119840329668,0.027972027972027972
200004,2,decorrelated,total,frozen,0.5259224888941987,0.5055284329556701,0.2,0.20260119840329666,0.20260119840329668,0.027972027972027972
200004,2,decorrelated,point,frozen,0.5429097370093667,0.5619536178132025,0.14375,0.20260119840329666,0.20260119840329668,0.027972027972027972
200004,2,decorrelated,shuffled,frozen,0.6167403872869788,0.6372227820036634,0.09375,0.20260119840329666,0.20260119840329668,0.027972027972027972
200004,2,decorrelated,uniform,frozen,0.5375246787733502,0.5067237685747166,0.225,0.20260119840329666,0.20260119840329668,0.027972027972027972
200004,2,decorrelated,count,frozen,0.539050908099047,0.5783563254147525,0.1875,0.20260119840329666,0.20260119840329668,0.027972027972027972
200004,2,decorrelated,epistemic,online,0.5635381576159434,0.5576554595243639,0.11875,0.16871804549027916,0.16448253349030265,0.027972027972027972
200004,2,decorrelated,aleatoric,online,0.595776789088949,0.6130027520780004,0.13125,0.17058810996632442,0.1581758661447362,0.027972027972027972
200004,2,decorrelated,total,online,0.5451926144247166,0.5401490552673887,0.20625,0.1738951246168144,0.16385260135257365,0.027972027972027972
200004,2,decorrelated,point,online,0.5577279885385054,0.5611725846808767,0.1375,0.16700497156895538,0.163449359450874,0.027972027972027972
200004,2,decorrelated,shuffled,online,0.5480695681005596,0.5909790288364191,0.125,0.1745616480175764,0.1603003053088012,0.027972027972027972
200004,2,decorrelated,uniform,online,0.5703702851617221,0.5461534927021315,0.1125,0.1713562750039147,0.16209158735957094,0.027972027972027972
200004,2,decorrelated,count,online,0.5276895416911236,0.5209241033118774,0.18125,0.17438923457618533,0.168215764437461,0.027972027972027972
200004,2,anti,epistemic,frozen,0.4132454125051689,0.4366896269552428,0.0,0.20895936679116162,0.2089593667911616,-1.0
200004,2,anti,aleatoric,frozen,0.4488494487387621,0.44412839698154005,0.0,0.20895936679116162,0.2089593667911616,-1.0
200004,2,anti,total,frozen,0.436907459069095,0.4569552238589054,0.0,0.20895936679116162,0.2089593667911616,-1.0
200004,2,anti,point,frozen,0.5098740678667025,0.4716454880287257,0.0,0.20895936679116162,0.2089593667911616,-1.0
200004,2,anti,shuffled,frozen,0.43545834193084315,0.44514736238394387,0.0,0.20895936679116162,0.2089593667911616,-1.0
200004,2,anti,uniform,frozen,0.47246135177125126,0.5061717915557674,0.0,0.20895936679116162,0.2089593667911616,-1.0
200004,2,anti,count,frozen,0.5176181815799067,0.5237996719312545,0.0,0.20895936679116162,0.2089593667911616,-1.0
200004,2,anti,epistemic,online,0.477250783008157,0.5355365114826398,0.0,0.1846420357730342,0.1613436828638514,-1.0
200004,2,anti,aleatoric,online,0.48143582384115796,0.47921892922539405,0.0,0.18140927481122682,0.15904632032257188,-1.0
200004,2,anti,total,online,0.4927313508962852,0.5259903088241249,0.0,0.1828727732875946,0.16129836372733325,-1.0
200004,2,anti,point,online,0.5178841254656236,0.5172792179342629,0.0,0.1724337957880741,0.15480567211680987,-1.0
200004,2,anti,shuffled,online,0.5537771376068312,0.560858140052279,0.0,0.17546029749391726,0.1638523781129271,-1.0
200004,2,anti,uniform,online,0.5321851389463014,0.5447036442882279,0.0,0.17247191712720694,0.15557291942885984,-1.0
200004,2,anti,count,online,0.5273304544936668,0.5570664584711379,0.0,0.17588352904263788,0.15749407497044451,-1.0
200004,3,aligned,epistemic,frozen,0.6397234682807078,0.5881102806126492,0.0,0.17077477808306107,0.17077477808306107,1.0
200004,3,aligned,aleatoric,frozen,0.5929494840572327,0.5543548131287468,0.0,0.17077477808306107,0.17077477808306107,1.0
200004,3,aligned,total,frozen,0.6370635602309804,0.6355111301257642,0.0,0.17077477808306107,0.17077477808306107,1.0
200004,3,aligned,point,frozen,0.5674242781232367,0.5447561997721377,0.0,0.17077477808306107,0.17077477808306107,1.0
200004,3,aligned,shuffled,frozen,0.5874681241612999,0.6002663131274204,0.0,0.17077477808306107,0.17077477808306107,1.0
200004,3,aligned,uniform,frozen,0.5552332232947915,0.5500390113750464,0.0,0.17077477808306107,0.17077477808306107,1.0
200004,3,aligned,count,frozen,0.5539842579680243,0.5564076513982927,0.0,0.17077477808306107,0.17077477808306107,1.0
200004,3,aligned,epistemic,online,0.6199007735105463,0.6345143730102695,0.0,0.1395846876252945,0.12671295286650924,1.0
200004,3,aligned,aleatoric,online,0.6238453251487452,0.5859560695494769,0.0,0.13932872799053034,0.12828063129571343,1.0
200004,3,aligned,total,online,0.6111348219738103,0.642235095943319,0.0,0.1374048846599098,0.12840331737899371,1.0
200004,3,aligned,point,online,0.5856855507700989,0.5789517898242051,0.0,0.14617793473300306,0.13305858506302778,1.0
200004,3,aligned,shuffled,online,0.5913041034237377,0.5981453896504669,0.0,0.1383514192625635,0.12927170217004125,1.0
200004,3,aligned,uniform,online,0.543668109871329,0.5516827953027633,0.0,0.14261497113359822,0.1263537603382229,1.0
200004,3,aligned,count,online,0.5540264058738884,0.5411949381047687,0.0,0.13566435963847892,0.11879115255095603,1.0
200004,3,decorrelated,epistemic,frozen,0.44490527848592887,0.4192541791010088,0.3875,0.22135458301500904,0.22135458301500907,-0.04195804195804196
200004,3,decorrelated,aleatoric,frozen,0.419705325965813,0.4707638395567432,0.475,0.22135458301500904,0.22135458301500907,-0.04195804195804196
200004,3,decorrelated,total,frozen,0.4443557644720581,0.4498295666830668,0.38125,0.22135458301500904,0.22135458301500907,-0.04195804195804196
200004,3,decorrelated,point,frozen,0.4528368372047555,0.4436600447976901,0.3375,0.22135458301500904,0.22135458301500907,-0.04195804195804196
200004,3,decorrelated,shuffled,frozen,0.5115911050547044,0.4899495318257528,0.29375,0.22135458301500904,0.22135458301500907,-0.04195804195804196
200004,3,decorrelated,uniform,frozen,0.4590278297254108,0.4278711419429785,0.35625,0.22135458301500904,0.22135458301500907,-0.04195804195804196
200004,3,decorrelated,count,frozen,0.482131496657602,0.45998913834648547,0.2625,0.22135458301500904,0.22135458301500907,-0.04195804195804196
200004,3,decorrelated,epistemic,online,0.46786310686314997,0.526932025773817,0.30625,0.2221416542808295,0.1809618286556346,-0.04195804195804196
200004,3,decorrelated,aleatoric,online,0.4474919176591053,0.4750623548849623,0.34375,0.22687084182575407,0.19873569578100048,-0.04195804195804196
200004,3,decorrelated,total,online,0.4781793067537986,0.4963475908206366,0.2375,0.202810684749763,0.1852874394280494,-0.04195804195804196
200004,3,decorrelated,point,online,0.45902163636009413,0.4534504497332583,0.25625,0.21685436525785384,0.19956565225044973,-0.04195804195804196
200004,3,decorrelated,shuffled,online,0.4790087788015088,0.47245369809231696,0.20625,0.2112473288918269,0.1936370835149865,-0.04195804195804196
200004,3,decorrelated,uniform,online,0.4706987399329886,0.4832090256837338,0.075,0.20863263333719823,0.20256659772998886,-0.04195804195804196
200004,3,decorrelated,count,online,0.4928568204930531,0.49197152290186824,0.1625,0.19964241004541106,0.18924191855430672,-0.04195804195804196
200004,3,anti,epistemic,frozen,0.41027653171929224,0.4618897193873508,0.3875,0.20467025148109946,0.20467025148109944,-1.0
200004,3,anti,aleatoric,frozen,0.45705051594276735,0.49564518687125325,0.475,0.20467025148109946,0.20467025148109944,-1.0
200004,3,anti,total,frozen,0.4129364397690196,0.41448886987423583,0.38125,0.20467025148109946,0.20467025148109944,-1.0
200004,3,anti,point,frozen,0.4825757218767633,0.5052438002278622,0.3375,0.20467025148109946,0.20467025148109944,-1.0
200004,3,anti,shuffled,frozen,0.46253187583870015,0.4497336868725796,0.29375,0.20467025148109946,0.20467025148109944,-1.0
200004,3,anti,uniform,frozen,0.4947667767052085,0.49996098862495353,0.35625,0.20467025148109946,0.20467025148109944,-1.0
200004,3,anti,count,frozen,0.4960157420319756,0.49359234860170725,0.2625,0.20467025148109946,0.20467025148109944,-1.0
200004,3,anti,epistemic,online,0.48445092357538755,0.5455694904867519,0.30625,0.19608025969475137,0.14188876255877536,-1.0
200004,3,anti,aleatoric,online,0.49193607444215876,0.509475231607873,0.3375,0.18323326696899367,0.14372601883338046,-1.0
200004,3,anti,total,online,0.4835028972400684,0.47887262812171916,0.21875,0.16914494453009563,0.14649206329981654,-1.0
200004,3,anti,point,online,0.49018095353195773,0.5311788444827028,0.275,0.1873486043241825,0.14288818937961112,-1.0
200004,3,anti,shuffled,online,0.48220565226248835,0.5392072224435145,0.225,0.18686047014375867,0.15244035732691077,-1.0
200004,3,anti,uniform,online,0.5349309569668396,0.5363707978852947,0.0625,0.1691839517144547,0.15272217636188168,-1.0
200004,3,anti,count,online,0.5250155258791299,0.5454369405707459,0.15625,0.1632705433613146,0.1527417542206504,-1.0
200005,1,aligned,epistemic,frozen,0.5719336007971414,0.49396765637246726,0.06875,0.18474326131656785,0.18474326131656785,1.0
200005,1,aligned,aleatoric,frozen,0.547121666093326,0.514361792182932,0.09375,0.18474326131656785,0.18474326131656785,1.0
200005,1,aligned,total,frozen,0.5702268965947823,0.5533955957738732,0.08125,0.18474326131656785,0.18474326131656785,1.0
200005,1,aligned,point,frozen,0.5173766181189073,0.5162213824694211,0.1125,0.18474326131656785,0.18474326131656785,1.0
200005,1,aligned,shuffled,frozen,0.5217367998562846,0.5376907062534707,0.05625,0.18474326131656785,0.18474326131656785,1.0
200005,1,aligned,uniform,frozen,0.48175162680093875,0.47622211475954684,0.075,0.18474326131656785,0.18474326131656785,1.0
200005,1,aligned,count,frozen,0.5226225161210547,0.5170963849626753,0.11875,0.18474326131656785,0.18474326131656785,1.0
200005,1,aligned,epistemic,online,0.5517536357180907,0.5383612655901759,0.0625,0.1684679409838391,0.16093643033867674,1.0
200005,1,aligned,aleatoric,online,0.6059166322157582,0.601399462253062,0.04375,0.16913030890939054,0.16598598478575868,1.0
200005,1,aligned,total,online,0.5459652375017742,0.5107380781377217,0.10625,0.1665854747246331,0.16104622209051608,1.0
200005,1,aligned,point,online,0.5243734615560615,0.5523341989429102,0.09375,0.16814033338891268,0.15919850503526958,1.0
200005,1,aligned,shuffled,online,0.5310534611020268,0.5150881421888356,0.1,0.16651571722802555,0.1612405606138317,1.0
200005,1,aligned,uniform,online,0.5176934572999617,0.5011394647811127,0.08125,0.16770205192719714,0.16366741989621292,1.0
200005,1,aligned,count,online,0.5372532559635106,0.56952970970931,0.0875,0.16917170955682706,0.159802553026636,1.0
200005,1,decorrelated,epistemic,frozen,0.5222795443043252,0.5092843221364062,0.15625,0.20397753981460937,0.2039775398146094,-0.006993006993006993
200005,1,decorrelated,aleatoric,frozen,0.4731725381089234,0.47040087611511244,0.18125,0.20397753981460937,0.2039775398146094,-0.006993006993006993
200005,1,decorrelated,total,frozen,0.4736920899790292,0.5330721909308662,0.19375,0.20397753981460937,0.2039775398146094,-0.006993006993006993
200005,1,decorrelated,point,frozen,0.5034558813876469,0.4876763837048017,0.23125,0.20397753981460937,0.2039775398146094,-0.006993006993006993
200005,1,decorrelated,shuffled,frozen,0.549041645493122,0.5594295718943874,0.10625,0.20397753981460937,0.2039775398146094,-0.006993006993006993
200005,1,decorrelated,uniform,frozen,0.5366371537752362,0.5520335568374511,0.21875,0.20397753981460937,0.2039775398146094,-0.006993006993006993
200005,1,decorrelated,count,frozen,0.525672866119665,0.534118672535252,0.20625,0.20397753981460937,0.2039775398146094,-0.006993006993006993
200005,1,decorrelated,epistemic,online,0.5171681713767444,0.5166779651831739,0.1875,0.176879756924343,0.16979140679153917,-0.006993006993006993
200005,1,decorrelated,aleatoric,online,0.5142954329564317,0.5525452388496941,0.09375,0.1786010727055682,0.16046241790527427,-0.006993006993006993
200005,1,decorrelated,total,online,0.4993585686900831,0.46855331331868744,0.20625,0.1805491322857266,0.1709907088969622,-0.006993006993006993
200005,1,decorrelated,point,online,0.5141785174719328,0.541247217198766,0.20625,0.17943517684745705,0.16611638690384964,-0.006993006993006993
200005,1,decorrelated,shuffled,online,0.4918296481013978,0.5191324790810891,0.19375,0.18309832372931975,0.17152646058733914,-0.006993006993006993
200005,1,decorrelated,uniform,online,0.4906565554228157,0.492413716933478,0.24375,0.1816171638518913,0.17291524586853604,-0.006993006993006993
200005,1,decorrelated,count,online,0.5155736262666883,0.5526682646410638,0.18125,0.17887591313192813,0.16899780612361673,-0.006993006993006993
200005,1,anti,epistemic,frozen,0.4780663992028586,0.5560323436275327,0.0,0.16155712590354018,0.16155712590354018,-1.0
200005,1,anti,aleatoric,frozen,0.502878333906674,0.535638207817068,0.0,0.16155712590354018,0.16155712590354018,-1.0
200005,1,anti,total,frozen,0.47977310340521767,0.4966044042261267,0.0,0.16155712590354018,0.16155712590354018,-1.0
200005,1,anti,point,frozen,0.5326233818810925,0.5337786175305789,0.0,0.16155712590354018,0.16155712590354018,-1.0
200005,1,anti,shuffled,frozen,0.5282632001437154,0.5123092937465293,0.0,0.16155712590354018,0.16155712590354018,-1.0
200005,1,anti,uniform,frozen,0.5682483731990612,0.5737778852404531,0.0,0.16155712590354018,0.16155712590354018,-1.0
200005,1,anti,count,frozen,0.5273774838789452,0.5329036150373249,0.0,0.16155712590354018,0.16155712590354018,-1.0
200005,1,anti,epistemic,online,0.5319554210357074,0.5380606890055517,0.0,0.1423206967222221,0.13610550844511735,-1.0
200005,1,anti,aleatoric,online,0.48991838997514153,0.5426355835436445,0.0,0.13803668082243017,0.1394277023094601,-1.0
200005,1,anti,total,online,0.531305562425153,0.5406212588595829,0.0,0.14062575796004037,0.143533555205749,-1.0
200005,1,anti,point,online,0.54313021785576,0.5509832721393189,0.0,0.13962224903538098,0.13224203014831168,-1.0
200005,1,anti,shuffled,online,0.531266547485153,0.5269992343755479,0.0,0.13964657252965879,0.13674020432023765,-1.0
200005,1,anti,uniform,online,0.5442095834924832,0.5648525765624403,0.0,0.13909879648774764,0.13807259058275737,-1.0
200005,1,anti,count,online,0.5162821089003282,0.4924887055771537,0.0,0.13564908191622713,0.13052184316954848,-1.0
200005,2,aligned,epistemic,frozen,0.6147768601790133,0.631316730293031,0.05,0.18076605790271447,0.1807660579027145,1.0
200005,2,aligned,aleatoric,frozen,0.6237593797151018,0.5932594374330188,0.075,0.18076605790271447,0.1807660579027145,1.0
200005,2,aligned,total,frozen,0.6310628171144106,0.6172631685164809,0.05625,0.18076605790271447,0.1807660579027145,1.0
200005,2,aligned,point,frozen,0.544450955702026,0.5531088266242123,0.1,0.18076605790271447,0.1807660579027145,1.0
200005,2,aligned,shuffled,frozen,0.5302474609092427,0.5138094976874237,0.0625,0.18076605790271447,0.1807660579027145,1.0
200005,2,aligned,uniform,frozen,0.48989078662521235,0.5452979368615543,0.11875,0.18076605790271447,0.1807660579027145,1.0
200005,2,aligned,count,frozen,0.548816337850945,0.5710398312388559,0.09375,0.18076605790271447,0.1807660579027145,1.0
200005,2,aligned,epistemic,online,0.6111699086678132,0.6201219042209749,0.05625,0.13200169974995665,0.11500948541772686,1.0
200005,2,aligned,aleatoric,online,0.6525070297466804,0.6452692693647611,0.06875,0.1315825241935982,0.11582653825914851,1.0
200005,2,aligned,total,online,0.6032353749089119,0.5908408248591164,0.05,0.12845474727058948,0.10848073270571651,1.0
200005,2,aligned,point,online,0.5985135805196057,0.5751581430631961,0.0875,0.1288915963476875,0.11263031440893634,1.0
200005,2,aligned,shuffled,online,0.5556970532559846,0.6189881482140448,0.15,0.13151466204394863,0.1128353086310453,1.0
200005,2,aligned,uniform,online,0.5469969143737888,0.5897859493533592,0.16875,0.12935587386065936,0.1035868104913676,1.0
200005,2,aligned,count,online,0.5682216772675506,0.5776801338109079,0.08125,0.1315221011711935,0.10678007078869074,1.0
200005,2,decorrelated,epistemic,frozen,0.4760668588136978,0.4487027871462409,0.28125,0.20127486036513398,0.20127486036513398,-0.006993006993006993
200005,2,decorrelated,aleatoric,frozen,0.44689035956346396,0.48439933164259835,0.3875,0.20127486036513398,0.20127486036513398,-0.006993006993006993
200005,2,decorrelated,total,frozen,0.44128367457289075,0.4529368534957762,0.3125,0.20127486036513398,0.20127486036513398,-0.006993006993006993
200005,2,decorrelated,point,frozen,0.5132761203291174,0.48191452911794325,0.1375,0.20127486036513398,0.20127486036513398,-0.006993006993006993
200005,2,decorrelated,shuffled,frozen,0.5067365317004968,0.5080912801774184,0.0625,0.20127486036513398,0.20127486036513398,-0.006993006993006993
200005,2,decorrelated,uniform,frozen,0.4706919237538962,0.48572387101871434,0.13125,0.20127486036513398,0.20127486036513398,-0.006993006993006993
200005,2,decorrelated,count,frozen,0.5153545933875388,0.4974188440963784,0.15625,0.20127486036513398,0.20127486036513398,-0.006993006993006993
200005,2,decorrelated,epistemic,online,0.48728812019130874,0.5299582132878973,0.1875,0.18221194427293447,0.15634688695146845,-0.006993006993006993
200005,2,decorrelated,aleatoric,online,0.4902698020271054,0.532799071977963,0.3125,0.17623246770034393,0.1510701116895318,-0.006993006993006993
200005,2,decorrelated,total,online,0.4883670803729414,0.5636019427576242,0.20625,0.18586425849974622,0.15209398681629718,-0.006993006993006993
200005,2,decorrelated,point,online,0.5134909485749564,0.5167385153537865,0.1875,0.17268553513051166,0.15789710404278448,-0.006993006993006993
200005,2,decorrelated,shuffled,online,0.520043137968049,0.54964273446425,0.15,0.1687013478461116,0.15303149633279609,-0.006993006993006993
200005,2,decorrelated,uniform,online,0.47086063626412394,0.5099228985546003,0.2375,0.17615673901027953,0.1449784633080262,-0.006993006993006993
200005,2,decorrelated,count,online,0.5099721027079356,0.4780418370019236,0.16875,0.16451195126053902,0.1551312211258252,-0.006993006993006993
200005,2,anti,epistemic,frozen,0.4352231398209866,0.418683269706969,0.28125,0.20127486036513398,0.20127486036513398,-1.0
200005,2,anti,aleatoric,frozen,0.4262406202848984,0.45674056256698137,0.3875,0.20127486036513398,0.20127486036513398,-1.0
200005,2,anti,total,frozen,0.41893718288558945,0.43273683148351927,0.3125,0.20127486036513398,0.20127486036513398,-1.0
200005,2,anti,point,frozen,0.505549044297974,0.4968911733757876,0.1375,0.20127486036513398,0.20127486036513398,-1.0
200005,2,anti,shuffled,frozen,0.5197525390907571,0.5361905023125763,0.0625,0.20127486036513398,0.20127486036513398,-1.0
200005,2,anti,uniform,frozen,0.5601092133747876,0.5047020631384458,0.13125,0.20127486036513398,0.20127486036513398,-1.0
200005,2,anti,count,frozen,0.501183662149055,0.4789601687611441,0.15625,0.20127486036513398,0.20127486036513398,-1.0
200005,2,anti,epistemic,online,0.510668959808356,0.5655169503815896,0.18125,0.17201876025379162,0.13570160847542123,-1.0
200005,2,anti,aleatoric,online,0.4731051468734722,0.5318803881187513,0.29375,0.16830716099920112,0.12842655197793862,-1.0
200005,2,anti,total,online,0.497087978038258,0.5385249754498884,0.1875,0.1653282689762825,0.12992732252184006,-1.0
200005,2,anti,point,online,0.5254894009696995,0.5633800489868142,0.16875,0.1498118079996735,0.13035746406821913,-1.0
200005,2,anti,shuffled,online,0.5601299144236338,0.5615772024996664,0.125,0.1542216099691013,0.14476239251393427,-1.0
200005,2,anti,uniform,online,0.5643673250186036,0.5647918715448151,0.20625,0.1584441099585546,0.15291979125640012,-1.0
200005,2,anti,count,online,0.5224481679723357,0.5429803557718127,0.1375,0.15499464141499558,0.13882396563508212,-1.0
200005,3,aligned,epistemic,frozen,0.644977854960462,0.5924038865318305,0.04375,0.2017783221906418,0.20177832219064185,1.0
200005,3,aligned,aleatoric,frozen,0.6113655964163234,0.5928327445657169,0.08125,0.2017783221906418,0.20177832219064185,1.0
200005,3,aligned,total,frozen,0.6307436542541464,0.5864430856115139,0.08125,0.2017783221906418,0.20177832219064185,1.0
200005,3,aligned,point,frozen,0.5694827443359409,0.5782663114209711,0.1625,0.2017783221906418,0.20177832219064185,1.0
200005,3,aligned,shuffled,frozen,0.5682791366273277,0.5586622870643374,0.08125,0.2017783221906418,0.20177832219064185,1.0
200005,3,aligned,uniform,frozen,0.48003046323911824,0.544853112799809,0.2,0.2017783221906418,0.20177832219064185,1.0
200005,3,aligned,count,frozen,0.5389146983656279,0.5706560124926219,0.1375,0.2017783221906418,0.20177832219064185,1.0
200005,3,aligned,epistemic,online,0.6011944367034822,0.5733079665289772,0.10625,0.16541052215785843,0.1494419186600369,1.0
200005,3,aligned,aleatoric,online,0.6385281981603181,0.5901382112043642,0.05,0.16733508249089296,0.15418692351181193,1.0
200005,3,aligned,total,online,0.6074117254461343,0.6105736551706974,0.075,0.16970070118901875,0.15957716544135228,1.0
200005,3,aligned,point,online,0.5264913067905692,0.5911484364841059,0.15,0.18769034066463608,0.15472942488180028,1.0
200005,3,aligned,shuffled,online,0.5490679954483514,0.5438437696275598,0.11875,0.1678685025416941,0.15221123577957257,1.0
200005,3,aligned,uniform,online,0.5724003387392154,0.6267951530697801,0.13125,0.16809768852985818,0.15096130611088115,1.0
200005,3,aligned,count,online,0.5465790162268999,0.5759569177659017,0.1,0.16737741015911678,0.14494729058760558,1.0
200005,3,decorrelated,epistemic,frozen,0.6221781070955654,0.61899087194732,0.0,0.1677147520193967,0.1677147520193967,-0.04895104895104895
200005,3,decorrelated,aleatoric,frozen,0.6390048473585078,0.6221232094975407,0.0,0.1677147520193967,0.1677147520193967,-0.04895104895104895
200005,3,decorrelated,total,frozen,0.6378565485491103,0.6364245599889478,0.0,0.1677147520193967,0.1677147520193967,-0.04895104895104895
200005,3,decorrelated,point,frozen,0.6352518947186232,0.6466907796737515,0.0,0.1677147520193967,0.1677147520193967,-0.04895104895104895
200005,3,decorrelated,shuffled,frozen,0.5262243160842488,0.5407169988236431,0.0,0.1677147520193967,0.1677147520193967,-0.04895104895104895
200005,3,decorrelated,uniform,frozen,0.5751101126473162,0.6024915259818758,0.0,0.1677147520193967,0.1677147520193967,-0.04895104895104895
200005,3,decorrelated,count,frozen,0.5768807805687157,0.6070036766235819,0.0,0.1677147520193967,0.1677147520193967,-0.04895104895104895
200005,3,decorrelated,epistemic,online,0.6001323764404877,0.6058279123107347,0.0,0.1347871245961521,0.12889546085471454,-0.04895104895104895
200005,3,decorrelated,aleatoric,online,0.6418483988681837,0.6113888347538188,0.0,0.1366490514913214,0.13192725782479928,-0.04895104895104895
200005,3,decorrelated,total,online,0.6224497404009661,0.6232906957831983,0.0,0.1402237799832105,0.13462793988681396,-0.04895104895104895
200005,3,decorrelated,point,online,0.6127933915995006,0.6188487175422595,0.0,0.13757167434787176,0.13620248560731354,-0.04895104895104895
200005,3,decorrelated,shuffled,online,0.5950794929964935,0.590971751506002,0.0,0.13829935228471285,0.13936748427752255,-0.04895104895104895
200005,3,decorrelated,uniform,online,0.6267672965875407,0.6042047480993057,0.0,0.14037246323700298,0.13771657390739722,-0.04895104895104895
200005,3,decorrelated,count,online,0.5617014952345973,0.5641516788080747,0.0,0.1372150591969513,0.12559199568764914,-0.04895104895104895
200005,3,anti,epistemic,frozen,0.40502214503953804,0.45759611346816964,0.5375,0.2215467103834588,0.22154671038345886,-1.0
200005,3,anti,aleatoric,frozen,0.43863440358367667,0.45716725543428316,0.5125,0.2215467103834588,0.22154671038345886,-1.0
200005,3,anti,total,frozen,0.41925634574585374,0.4635569143884862,0.50625,0.2215467103834588,0.22154671038345886,-1.0
200005,3,anti,point,frozen,0.48051725566405923,0.47173368857902903,0.41875,0.2215467103834588,0.22154671038345886,-1.0
200005,3,anti,shuffled,frozen,0.48172086337267234,0.49133771293566264,0.18125,0.2215467103834588,0.22154671038345886,-1.0
200005,3,anti,uniform,frozen,0.5699695367608817,0.5051468872001911,0.1875,0.2215467103834588,0.22154671038345886,-1.0
200005,3,anti,count,frozen,0.5110853016343723,0.47934398750737817,0.2375,0.2215467103834588,0.22154671038345886,-1.0
200005,3,anti,epistemic,online,0.48936048616205363,0.5070849683637894,0.3125,0.20035234573237118,0.15080955540710964,-1.0
200005,3,anti,aleatoric,online,0.4883019319314997,0.5746118151661546,0.3375,0.20217443779208738,0.12852434459688145,-1.0
200005,3,anti,total,online,0.4820358364781475,0.5187949219400279,0.2875,0.1998491026104658,0.1645346366100934,-1.0
200005,3,anti,point,online,0.5441175816467408,0.5453672932380907,0.175,0.16593869124437816,0.13362479838198135,-1.0
200005,3,anti,shuffled,online,0.533396039910043,0.540040286554065,0.2375,0.17742814089849962,0.12351620954599445,-1.0
200005,3,anti,uniform,online,0.5435924547499075,0.532197819226874,0.26875,0.1637236139821699,0.13455291158050667,-1.0
200005,3,anti,count,online,0.5062657515627594,0.48132235084840785,0.18125,0.163898051275052,0.15851973669668068,-1.0
200006,1,aligned,epistemic,frozen,0.5942007456232575,0.572771205596918,0.0,0.16534977428646294,0.16534977428646297,1.0
200006,1,aligned,aleatoric,frozen,0.5648515327629442,0.5886102825836035,0.0,0.16534977428646294,0.16534977428646297,1.0
200006,1,aligned,total,frozen,0.593876985975432,0.6020522849587764,0.0,0.16534977428646294,0.16534977428646297,1.0
200006,1,aligned,point,frozen,0.521629024279416,0.53435472527859,0.0,0.16534977428646294,0.16534977428646297,1.0
200006,1,aligned,shuffled,frozen,0.5590033927112664,0.5513626025604083,0.0,0.16534977428646294,0.16534977428646297,1.0
200006,1,aligned,uniform,frozen,0.5193079335869449,0.5800267925628214,0.0,0.16534977428646294,0.16534977428646297,1.0
200006,1,aligned,count,frozen,0.550032840980674,0.5801519163656405,0.0,0.16534977428646294,0.16534977428646297,1.0
200006,1,aligned,epistemic,online,0.555955376082578,0.5646749867963551,0.0,0.14024495401047704,0.13038868790970862,1.0
200006,1,aligned,aleatoric,online,0.5863287052271832,0.5800258379839199,0.0,0.1427307516247126,0.1426593401261271,1.0
200006,1,aligned,total,online,0.5857479995224526,0.5937517450151563,0.0,0.13933265439867798,0.1369333551181967,1.0
200006,1,aligned,point,online,0.57525223516901,0.600694146659192,0.0,0.13793393278421515,0.13956197616444627,1.0
200006,1,aligned,shuffled,online,0.5228927702339947,0.5213712279842557,0.0,0.14633624485799968,0.13168752566021025,1.0
200006,1,aligned,uniform,online,0.5189288369998714,0.5553938825210938,0.0,0.14646210910705237,0.12924865230826746,1.0
200006,1,aligned,count,online,0.5363616610492802,0.5019093254479994,0.0,0.14600050290632263,0.1399163892054077,1.0
200006,1,decorrelated,epistemic,frozen,0.4994612182240796,0.49411144282598907,0.30625,0.2045838293508318,0.20458382935083178,0.0
200006,1,decorrelated,aleatoric,frozen,0.5227455363508972,0.543753809827077,0.2625,0.2045838293508318,0.20458382935083178,0.0
200006,1,decorrelated,total,frozen,0.5096019842146488,0.45721242632603226,0.26875,0.2045838293508318,0.20458382935083178,0.0
200006,1,decorrelated,point,frozen,0.4902584663930966,0.5073636161620397,0.23125,0.2045838293508318,0.20458382935083178,0.0
200006,1,decorrelated,shuffled,frozen,0.47280044403267707,0.5148178754626819,0.33125,0.2045838293508318,0.20458382935083178,0.0
200006,1,decorrelated,uniform,frozen,0.5398287279529859,0.49604353468306783,0.15625,0.2045838293508318,0.20458382935083178,0.0
200006,1,decorrelated,count,frozen,0.5104895657121904,0.513720602026944,0.2125,0.2045838293508318,0.20458382935083178,0.0
200006,1,decorrelated,epistemic,online,0.49898354602311096,0.4755115839569372,0.2375,0.18046616855483172,0.17475655269509247,0.0
200006,1,decorrelated,aleatoric,online,0.5691284122958327,0.5842049272972941,0.1625,0.17856833861489707,0.1759045995794977,0.0
200006,1,decorrelated,total,online,0.5145817056376893,0.5258854835879853,0.26875,0.17942270714501135,0.18026614999867296,0.0
200006,1,decorrelated,point,online,0.503877500519077,0.5632333627787691,0.2875,0.18150845499668428,0.1774810187169882,0.0
200006,1,decorrelated,shuffled,online,0.5157452605803201,0.5552617822481705,0.225,0.18488489015452214,0.17177541964340956,0.0
200006,1,decorrelated,uniform,online,0.4718563801664327,0.4935331818013564,0.20625,0.19184046467789698,0.18091673388470728,0.0
200006,1,decorrelated,count,online,0.5172300993370117,0.48002758748330976,0.20625,0.18320607964921248,0.18364507612404038,0.0
200006,1,anti,epistemic,frozen,0.45579925437674246,0.477228794403082,0.2,0.18489727988628027,0.18489727988628027,-1.0
200006,1,anti,aleatoric,frozen,0.48514846723705585,0.46138971741639656,0.175,0.18489727988628027,0.18489727988628027,-1.0
200006,1,anti,total,frozen,0.456123014024568,0.4479477150412235,0.1875,0.18489727988628027,0.18489727988628027,-1.0
200006,1,anti,point,frozen,0.5283709757205839,0.51564527472141,0.13125,0.18489727988628027,0.18489727988628027,-1.0
200006,1,anti,shuffled,frozen,0.4909966072887335,0.49863739743959173,0.24375,0.18489727988628027,0.18489727988628027,-1.0
200006,1,anti,uniform,frozen,0.530692066413055,0.46997320743717863,0.10625,0.18489727988628027,0.18489727988628027,-1.0
200006,1,anti,count,frozen,0.4999671590193261,0.46984808363435954,0.11875,0.18489727988628027,0.18489727988628027,-1.0
200006,1,anti,epistemic,online,0.5099277373411664,0.5298659382187402,0.175,0.1601874025453433,0.14548342442420997,-1.0
200006,1,anti,aleatoric,online,0.4939747041668966,0.5111232335739198,0.1,0.16208914601975746,0.1465917592292327,-1.0
200006,1,anti,total,online,0.4946662942896641,0.5195982717204438,0.15,0.1620229647657269,0.14924357828689153,-1.0
200006,1,anti,point,online,0.5050966619410936,0.5191311581210398,0.1625,0.1588299382193779,0.15190818546884885,-1.0
200006,1,anti,shuffled,online,0.5463014480027792,0.5930311041501796,0.1125,0.1577456635642121,0.1665476332982809,-1.0
200006,1,anti,uniform,online,0.5592118843308623,0.5532828696822177,0.1125,0.15609021343380128,0.14522786304141408,-1.0
200006,1,anti,count,online,0.5373795845721638,0.5652232935255752,0.0875,0.1553549691839276,0.14101355972672736,-1.0
200006,2,aligned,epistemic,frozen,0.5940604533223947,0.5287504232161927,0.0,0.1776134560927292,0.1776134560927292,1.0
200006,2,aligned,aleatoric,frozen,0.5371179182896669,0.528991308494781,0.0,0.1776134560927292,0.1776134560927292,1.0
200006,2,aligned,total,frozen,0.5767862992567101,0.56229146443406,0.0,0.1776134560927292,0.1776134560927292,1.0
200006,2,aligned,point,frozen,0.5375473413244289,0.49434913456836227,0.0,0.1776134560927292,0.1776134560927292,1.0
200006,2,aligned,shuffled,frozen,0.5131591614112032,0.5282272777823922,0.0,0.1776134560927292,0.1776134560927292,1.0
200006,2,aligned,uniform,frozen,0.5107999362159641,0.5364720710970807,0.0,0.1776134560927292,0.1776134560927292,1.0
200006,2,aligned,count,frozen,0.5283314196162994,0.5140771008848634,0.0,0.1776134560927292,0.1776134560927292,1.0
200006,2,aligned,epistemic,online,0.5908507148350772,0.5832412708711856,0.0,0.1527459762616954,0.14700515911325163,1.0
200006,2,aligned,aleatoric,online,0.5738231093212894,0.526652451016543,0.0,0.15299215400588956,0.1445067501852171,1.0
200006,2,aligned,total,online,0.5589120330801988,0.53511795625909,0.0,0.1538349932045643,0.14576976037517533,1.0
200006,2,aligned,point,online,0.5548105615066533,0.5132072544676612,0.0,0.15185614727523675,0.14393610284523803,1.0
200006,2,aligned,shuffled,online,0.5686936706045334,0.5715889534298798,0.0,0.15401225598344093,0.14112605114869467,1.0
200006,2,aligned,uniform,online,0.5189739188615263,0.49404944009123036,0.0,0.15068227256250238,0.1376288491204701,1.0
200006,2,aligned,count,online,0.5538260077219281,0.6115918485891372,0.0,0.1535816331279167,0.1413161322766524,1.0
200006,2,decorrelated,epistemic,frozen,0.5509322082406543,0.5568745244975561,0.0,0.17400786998067203,0.17400786998067205,0.013986013986013986
200006,2,decorrelated,aleatoric,frozen,0.5039207124950511,0.5516831453915695,0.0,0.17400786998067203,0.17400786998067205,0.013986013986013986
200006,2,decorrelated,total,frozen,0.5143456617786832,0.5786098124800102,0.0,0.17400786998067203,0.17400786998067205,0.013986013986013986
200006,2,decorrelated,point,frozen,0.5360898573308657,0.5313544653208035,0.0,0.17400786998067203,0.17400786998067205,0.013986013986013986
200006,2,decorrelated,shuffled,frozen,0.5217170171437444,0.5457779594960879,0.0,0.17400786998067203,0.17400786998067205,0.013986013986013986
200006,2,decorrelated,uniform,frozen,0.5736523887951089,0.5528388957057084,0.0,0.17400786998067203,0.17400786998067205,0.013986013986013986
200006,2,decorrelated,count,frozen,0.5269270382990501,0.5237047372008989,0.0,0.17400786998067203,0.17400786998067205,0.013986013986013986
200006,2,decorrelated,epistemic,online,0.5514886743252637,0.5335420333309816,0.0,0.14177022603032668,0.13836431541720054,0.013986013986013986
200006,2,decorrelated,aleatoric,online,0.5219510397909488,0.6064074661131119,0.0,0.15227228399719597,0.14160981235571138,0.013986013986013986
200006,2,decorrelated,total,online,0.5481307090468673,0.5437329067703025,0.0,0.1399516029588364,0.13144108501986196,0.013986013986013986
200006,2,decorrelated,point,online,0.5220486548024943,0.4905974028445101,0.0,0.14388163098907641,0.13384445374721274,0.013986013986013986
200006,2,decorrelated,shuffled,online,0.5439148001260179,0.5191576171335928,0.0,0.14341766344541407,0.13517919460699213,0.013986013986013986
200006,2,decorrelated,uniform,online,0.5063448594404564,0.47993179388837764,0.0,0.14719149153267883,0.1353091763624836,0.013986013986013986
200006,2,decorrelated,count,online,0.5482130873721003,0.561461080144565,0.0,0.14700892583667807,0.1361706564271479,0.013986013986013986
200006,2,anti,epistemic,frozen,0.4559395466776054,0.5212495767838072,0.175,0.18670639508205644,0.18670639508205644,-1.0
200006,2,anti,aleatoric,frozen,0.5128820817103331,0.5210086915052188,0.05625,0.18670639508205644,0.18670639508205644,-1.0
200006,2,anti,total,frozen,0.47321370074328983,0.48770853556593996,0.125,0.18670639508205644,0.18670639508205644,-1.0
200006,2,anti,point,frozen,0.512452658675571,0.5556508654316378,0.13125,0.18670639508205644,0.18670639508205644,-1.0
200006,2,anti,shuffled,frozen,0.5368408385887968,0.5217727222176078,0.1375,0.18670639508205644,0.18670639508205644,-1.0
200006,2,anti,uniform,frozen,0.5392000637840358,0.5135279289029194,0.03125,0.18670639508205644,0.18670639508205644,-1.0
200006,2,anti,count,frozen,0.5216685803837007,0.5359228991151367,0.1,0.18670639508205644,0.18670639508205644,-1.0
200006,2,anti,epistemic,online,0.5231967301747373,0.5604605578362811,0.1125,0.14952950259495035,0.12108867242065952,-1.0
200006,2,anti,aleatoric,online,0.5197371623887068,0.5706656563313919,0.06875,0.14947462148955937,0.11733065048421643,-1.0
200006,2,anti,total,online,0.5264076956708914,0.5833024954826709,0.1125,0.1465608960128118,0.12341175901456074,-1.0
200006,2,anti,point,online,0.5417515103391193,0.5899969886977161,0.06875,0.15137638182227248,0.1316837998372552,-1.0
200006,2,anti,shuffled,online,0.5350363910546972,0.5826293884914333,0.1,0.14541103166325559,0.13496423465171922,-1.0
200006,2,anti,uniform,online,0.5978737418036134,0.6450094088707361,0.04375,0.14080743355181075,0.13521038069101718,-1.0
200006,2,anti,count,online,0.5406086853516705,0.5451264079595024,0.11875,0.14572189913401679,0.12419077670045242,-1.0
200006,3,aligned,epistemic,frozen,0.5410954298678381,0.5376273874980517,0.06875,0.22328460469900085,0.2232846046990009,1.0
200006,3,aligned,aleatoric,frozen,0.4919769338901364,0.4910824547048461,0.0875,0.22328460469900085,0.2232846046990009,1.0
200006,3,aligned,total,frozen,0.5420204534271398,0.5247871894900842,0.09375,0.22328460469900085,0.2232846046990009,1.0
200006,3,aligned,point,frozen,0.49373436336043525,0.5322874642658956,0.1375,0.22328460469900085,0.2232846046990009,1.0
200006,3,aligned,shuffled,frozen,0.468545459771933,0.4841437125324498,0.08125,0.22328460469900085,0.2232846046990009,1.0
200006,3,aligned,uniform,frozen,0.4725952048136797,0.48444998746747514,0.05625,0.22328460469900085,0.2232846046990009,1.0
200006,3,aligned,count,frozen,0.5043290392442616,0.5211406596116186,0.1125,0.22328460469900085,0.2232846046990009,1.0
200006,3,aligned,epistemic,online,0.5254208063819016,0.545231599014363,0.06875,0.19174389263293645,0.17566668572062247,1.0
200006,3,aligned,aleatoric,online,0.4975054614376864,0.4725705595978614,0.13125,0.20379978927634018,0.18887233510158966,1.0
200006,3,aligned,total,online,0.5331864173173464,0.550111021127265,0.1125,0.18843683583955623,0.17434401999801852,1.0
200006,3,aligned,point,online,0.5068946313917737,0.5142013431426169,0.1375,0.1977042435045963,0.17994168051910878,1.0
200006,3,aligned,shuffled,online,0.5364395571239942,0.5397400329478157,0.09375,0.18837137592881023,0.17099323692059273,1.0
200006,3,aligned,uniform,online,0.5052285870712696,0.5474374904045272,0.0875,0.19879442731455282,0.16898222378508043,1.0
200006,3,aligned,count,online,0.5108943254132817,0.5188235016445191,0.13125,0.19200745752959456,0.17210238758220067,1.0
200006,3,decorrelated,epistemic,frozen,0.5424144157087858,0.5739063021337637,0.1125,0.18995311977165114,0.18995311977165116,-0.006993006993006993
200006,3,decorrelated,aleatoric,frozen,0.6025620081070316,0.6020467718433441,0.03125,0.18995311977165114,0.18995311977165116,-0.006993006993006993
200006,3,decorrelated,total,frozen,0.5844360967053894,0.6101261897512803,0.06875,0.18995311977165114,0.18995311977165116,-0.006993006993006993
200006,3,decorrelated,point,frozen,0.5626402724428903,0.6062833592994068,0.05625,0.18995311977165114,0.18995311977165116,-0.006993006993006993
200006,3,decorrelated,shuffled,frozen,0.4997216205818914,0.5428835737858113,0.2,0.18995311977165114,0.18995311977165116,-0.006993006993006993
200006,3,decorrelated,uniform,frozen,0.5765186885662166,0.5648898682072889,0.06875,0.18995311977165114,0.18995311977165116,-0.006993006993006993
200006,3,decorrelated,count,frozen,0.5704542500574862,0.6204248848380243,0.075,0.18995311977165114,0.18995311977165116,-0.006993006993006993
200006,3,decorrelated,epistemic,online,0.5936764347969201,0.5750552238742368,0.05625,0.15878407214531154,0.15442986758382238,-0.006993006993006993
200006,3,decorrelated,aleatoric,online,0.6136723943623353,0.5922022082870387,0.0625,0.16123779658719473,0.15468043560070202,-0.006993006993006993
200006,3,decorrelated,total,online,0.5809892621849253,0.5838393382279066,0.05,0.15903713825194146,0.15015115004594506,-0.006993006993006993
200006,3,decorrelated,point,online,0.5700904954597101,0.5562958473008555,0.1,0.15985163058739169,0.14993381473479764,-0.006993006993006993
200006,3,decorrelated,shuffled,online,0.6197289919839105,0.5545272398682057,0.05,0.16138045885515057,0.1493784855570364,-0.006993006993006993
200006,3,decorrelated,uniform,online,0.5404520854656509,0.5220326808171512,0.05,0.16860374161395503,0.1603107457773569,-0.006993006993006993
200006,3,decorrelated,count,online,0.5423936016049852,0.5624362699154448,0.075,0.15852515319901322,0.14998301892092816,-0.006993006993006993
200006,3,anti,epistemic,frozen,0.508904570132162,0.5123726125019482,0.0,0.18105031919901876,0.1810503191990188,-1.0
200006,3,anti,aleatoric,frozen,0.5580230661098635,0.5589175452951538,0.0,0.18105031919901876,0.1810503191990188,-1.0
200006,3,anti,total,frozen,0.5079795465728603,0.5252128105099159,0.0,0.18105031919901876,0.1810503191990188,-1.0
200006,3,anti,point,frozen,0.5562656366395647,0.5177125357341044,0.0,0.18105031919901876,0.1810503191990188,-1.0
200006,3,anti,shuffled,frozen,0.581454540228067,0.5658562874675501,0.0,0.18105031919901876,0.1810503191990188,-1.0
200006,3,anti,uniform,frozen,0.5774047951863203,0.5655500125325249,0.0,0.18105031919901876,0.1810503191990188,-1.0
200006,3,anti,count,frozen,0.5456709607557384,0.5288593403883814,0.0,0.18105031919901876,0.1810503191990188,-1.0
200006,3,anti,epistemic,online,0.5462538342915444,0.5313570682405077,0.0,0.14986530701105338,0.13608679559645667,-1.0
200006,3,anti,aleatoric,online,0.5545054057702516,0.5721722825780784,0.0,0.1531421842368021,0.14394606998292944,-1.0
200006,3,anti,total,online,0.5463012882976208,0.5509458986812936,0.0,0.14744325949431794,0.13719572421905782,-1.0
200006,3,anti,point,online,0.5543492224372565,0.5618930764219305,0.0,0.14833686879870833,0.1369462749854716,-1.0
200006,3,anti,shuffled,online,0.5303793295040826,0.5406884619594979,0.0,0.15017609477028931,0.13112747015532636,-1.0
200006,3,anti,uniform,online,0.5758680003175378,0.5399497518945502,0.0,0.1527853333603327,0.13561544222017882,-1.0
200006,3,anti,count,online,0.5558257024638904,0.5609989577673755,0.0,0.14683681469327858,0.13692839918635083,-1.0
200007,1,aligned,epistemic,frozen,0.601438883222992,0.5491631349523586,0.13125,0.16934674043345208,0.16934674043345208,1.0
200007,1,aligned,aleatoric,frozen,0.5840783179088342,0.4974667886403699,0.1,0.16934674043345208,0.16934674043345208,1.0
200007,1,aligned,total,frozen,0.580206273315422,0.5329069911684774,0.075,0.16934674043345208,0.16934674043345208,1.0
200007,1,aligned,point,frozen,0.5094322229890319,0.5011056684191233,0.125,0.16934674043345208,0.16934674043345208,1.0
200007,1,aligned,shuffled,frozen,0.5423417631234864,0.5557000756429427,0.14375,0.16934674043345208,0.16934674043345208,1.0
200007,1,aligned,uniform,frozen,0.5266566888384455,0.48069600983573524,0.1125,0.16934674043345208,0.16934674043345208,1.0
200007,1,aligned,count,frozen,0.5215669430017897,0.49840259957304117,0.10625,0.16934674043345208,0.16934674043345208,1.0
200007,1,aligned,epistemic,online,0.5749176110349389,0.5493555826410997,0.05625,0.1575297468862196,0.14985669206899208,1.0
200007,1,aligned,aleatoric,online,0.6338028305279287,0.6045738205615897,0.05,0.15709265043715015,0.1514625339459446,1.0
200007,1,aligned,total,online,0.5620098350375481,0.5774075891546101,0.10625,0.15423050204514654,0.14767689084648752,1.0
200007,1,aligned,point,online,0.535145110235355,0.5888805423591832,0.10625,0.15475499761116226,0.14624004391723552,1.0
200007,1,aligned,shuffled,online,0.5321884672756101,0.5160564334628359,0.08125,0.1545901762094076,0.14776473011027544,1.0
200007,1,aligned,uniform,online,0.5080791923079437,0.47336218969910016,0.0625,0.1585921817090164,0.15472619704479243,1.0
200007,1,aligned,count,online,0.5321053331483456,0.5541488972757586,0.13125,0.1545014864319214,0.1481233950490955,1.0
200007,1,decorrelated,epistemic,frozen,0.5403434858036694,0.5210215577000022,0.13125,0.1802361701689255,0.18023617016892554,0.04895104895104895
200007,1,decorrelated,aleatoric,frozen,0.5463132906732208,0.4988050577270622,0.1,0.1802361701689255,0.18023617016892554,0.04895104895104895
200007,1,decorrelated,total,frozen,0.5347349967664601,0.4701196963922449,0.075,0.1802361701689255,0.18023617016892554,0.04895104895104895
200007,1,decorrelated,point,frozen,0.5382295355358772,0.558109039438686,0.125,0.1802361701689255,0.18023617016892554,0.04895104895104895
200007,1,decorrelated,shuffled,frozen,0.5352503763133718,0.5092995766337,0.14375,0.1802361701689255,0.18023617016892554,0.04895104895104895
200007,1,decorrelated,uniform,frozen,0.45627529505794795,0.5039292494630485,0.1125,0.1802361701689255,0.18023617016892554,0.04895104895104895
200007,1,decorrelated,count,frozen,0.5463394294425638,0.5612843296456262,0.10625,0.1802361701689255,0.18023617016892554,0.04895104895104895
200007,1,decorrelated,epistemic,online,0.5426821050321643,0.5407351018357819,0.05,0.14838417871633464,0.14242432995432197,0.04895104895104895
200007,1,decorrelated,aleatoric,online,0.5958379591706585,0.5554419788014753,0.05,0.1447231439088026,0.13917967838959155,0.04895104895104895
200007,1,decorrelated,total,online,0.5200272921481872,0.5303919038570338,0.125,0.15458237867505853,0.14277029418654047,0.04895104895104895
200007,1,decorrelated,point,online,0.5320570974293515,0.5768614091540069,0.10625,0.14985981112926045,0.13439114538716285,0.04895104895104895
200007,1,decorrelated,shuffled,online,0.5359202625886068,0.5373900798779262,0.075,0.14376162801968426,0.13911744335843185,0.04895104895104895
200007,1,decorrelated,uniform,online,0.4927001473554939,0.5159736257768208,0.06875,0.1584524816133854,0.1424335886166713,0.04895104895104895
200007,1,decorrelated,count,online,0.5281278395772698,0.556365577009114,0.13125,0.14903197945788604,0.1374523063141174,0.04895104895104895
200007,1,anti,epistemic,frozen,0.448561116777008,0.5008368650476414,0.0,0.16145482459287464,0.16145482459287464,-1.0
200007,1,anti,aleatoric,frozen,0.46592168209116575,0.5525332113596301,0.0,0.16145482459287464,0.16145482459287464,-1.0
200007,1,anti,total,frozen,0.4697937266845781,0.5170930088315228,0.0,0.16145482459287464,0.16145482459287464,-1.0
200007,1,anti,point,frozen,0.540567777010968,0.5488943315808766,0.0,0.16145482459287464,0.16145482459287464,-1.0
200007,1,anti,shuffled,frozen,0.5076582368765136,0.4942999243570574,0.0,0.16145482459287464,0.16145482459287464,-1.0
200007,1,anti,uniform,frozen,0.5233433111615545,0.5693039901642647,0.0,0.16145482459287464,0.16145482459287464,-1.0
200007,1,anti,count,frozen,0.5284330569982102,0.5515974004269588,0.0,0.16145482459287464,0.16145482459287464,-1.0
200007,1,anti,epistemic,online,0.5069471786808962,0.5394564518325542,0.0,0.1441551563461952,0.13864593376842527,-1.0
200007,1,anti,aleatoric,online,0.4527159171497776,0.4579522444961827,0.0,0.1456913543517157,0.13728716770151175,-1.0
200007,1,anti,total,online,0.5190039721343338,0.5072601724673953,0.0,0.14386414658228858,0.136616849650769,-1.0
200007,1,anti,point,online,0.522210861305844,0.5039263782677147,0.0,0.14389198448577142,0.13931252219426052,-1.0
200007,1,anti,shuffled,online,0.5272196588257876,0.5363642342821697,0.0,0.14760011478114293,0.14419018289082441,-1.0
200007,1,anti,uniform,online,0.5564042865680101,0.6033660398316527,0.0,0.14521348608320256,0.14984510948927351,-1.0
200007,1,anti,count,online,0.5210601065314227,0.4954859525074107,0.0,0.14110700852598226,0.13383566894844753,-1.0
200007,2,aligned,epistemic,frozen,0.6009446229186741,0.5641879573037611,0.075,0.1910696765045974,0.1910696765045974,1.0
200007,2,aligned,aleatoric,frozen,0.5986737756910199,0.5439048197946021,0.08125,0.1910696765045974,0.1910696765045974,1.0
200007,2,aligned,total,frozen,0.6001422640611113,0.5797840120275783,0.05625,0.1910696765045974,0.1910696765045974,1.0
200007,2,aligned,point,frozen,0.5056202993831456,0.5063650293107254,0.18125,0.1910696765045974,0.1910696765045974,1.0
200007,2,aligned,shuffled,frozen,0.5285458299474419,0.5152771217051486,0.19375,0.1910696765045974,0.1910696765045974,1.0
200007,2,aligned,uniform,frozen,0.5084972321971193,0.5200958225080838,0.04375,0.1910696765045974,0.1910696765045974,1.0
200007,2,aligned,count,frozen,0.5331223947954482,0.5238536919973208,0.125,0.1910696765045974,0.1910696765045974,1.0
200007,2,aligned,epistemic,online,0.6064256341036056,0.6235501016947518,0.075,0.1381434720964961,0.11868432522884985,1.0
200007,2,aligned,aleatoric,online,0.6308908322480791,0.5683237640314667,0.04375,0.13910299694664596,0.12806514988010417,1.0
200007,2,aligned,total,online,0.5674388582779473,0.5484575563991327,0.1,0.14567637285271479,0.12392560034162996,1.0
200007,2,aligned,point,online,0.5627160383476041,0.5988496970345636,0.075,0.13581129447662882,0.11719719171311616,1.0
200007,2,aligned,shuffled,online,0.5694895625979137,0.5572383607049117,0.1,0.14399112275777126,0.12189447838348967,1.0
200007,2,aligned,uniform,online,0.5668654509739101,0.5692433669598163,0.05,0.14330867850472756,0.12269122961924962,1.0
200007,2,aligned,count,online,0.5234102029074952,0.5025044409961306,0.11875,0.14497336199611108,0.12608571441413105,1.0
200007,2,decorrelated,epistemic,frozen,0.5076115513737933,0.47541233241767583,0.25,0.20088111547544057,0.2008811154754406,0.034965034965034975
200007,2,decorrelated,aleatoric,frozen,0.4792436531179849,0.49127193421758886,0.2875,0.20088111547544057,0.2008811154754406,0.034965034965034975
200007,2,decorrelated,total,frozen,0.46977094290276805,0.4901919955219303,0.275,0.20088111547544057,0.2008811154754406,0.034965034965034975
200007,2,decorrelated,point,frozen,0.520705068944286,0.5280700985896528,0.1125,0.20088111547544057,0.2008811154754406,0.034965034965034975
200007,2,decorrelated,shuffled,frozen,0.49454525124695303,0.5178762060585597,0.2375,0.20088111547544057,0.2008811154754406,0.034965034965034975
200007,2,decorrelated,uniform,frozen,0.5426961875296461,0.5461552633052635,0.025,0.20088111547544057,0.2008811154754406,0.034965034965034975
200007,2,decorrelated,count,frozen,0.4817366121763267,0.44377183260278585,0.1625,0.20088111547544057,0.2008811154754406,0.034965034965034975
200007,2,decorrelated,epistemic,online,0.5126685112046407,0.5023224901320352,0.225,0.18528043094590144,0.17585651581466608,0.034965034965034975
200007,2,decorrelated,aleatoric,online,0.4862753871241095,0.5047700665326766,0.275,0.18987870769793708,0.17925751827015132,0.034965034965034975
200007,2,decorrelated,total,online,0.5006145342933477,0.5187095768551436,0.1625,0.1878519149000325,0.17491914373460385,0.034965034965034975
200007,2,decorrelated,point,online,0.5052291382599752,0.5161798168560127,0.1125,0.1819677610823489,0.1722108992761231,0.034965034965034975
200007,2,decorrelated,shuffled,online,0.5417677693030508,0.5502658221705261,0.1875,0.18159709203549848,0.17052193914561953,0.034965034965034975
200007,2,decorrelated,uniform,online,0.5661691411352381,0.5237004632323393,0.03125,0.1778225165749598,0.17731241704913348,0.034965034965034975
200007,2,decorrelated,count,online,0.5291853266911379,0.5297030941741784,0.0875,0.1786704958009672,0.1688389378238665,0.034965034965034975
200007,2,anti,epistemic,frozen,0.44905537708132587,0.48581204269623884,0.4125,0.18562221600456238,0.18562221600456238,-1.0
200007,2,anti,aleatoric,frozen,0.4513262243089802,0.506095180205398,0.36875,0.18562221600456238,0.18562221600456238,-1.0
200007,2,anti,total,frozen,0.4498577359388888,0.4702159879724216,0.3625,0.18562221600456238,0.18562221600456238,-1.0
200007,2,anti,point,frozen,0.5443797006168544,0.5436349706892747,0.1875,0.18562221600456238,0.18562221600456238,-1.0
200007,2,anti,shuffled,frozen,0.5214541700525582,0.5347228782948513,0.31875,0.18562221600456238,0.18562221600456238,-1.0
200007,2,anti,uniform,frozen,0.5415027678028806,0.5299041774919162,0.15625,0.18562221600456238,0.18562221600456238,-1.0
200007,2,anti,count,frozen,0.5168776052045517,0.5261463080026793,0.24375,0.18562221600456238,0.18562221600456238,-1.0
200007,2,anti,epistemic,online,0.5109171067253971,0.5689908275228859,0.29375,0.15331427657944335,0.12804440564053374,-1.0
200007,2,anti,aleatoric,online,0.47788843326458225,0.5381381879652294,0.3125,0.15934104053042356,0.12700641529738987,-1.0
200007,2,anti,total,online,0.5540105195352856,0.5946720168825627,0.175,0.15117336941653528,0.127819685934868,-1.0
200007,2,anti,point,online,0.5867225602971524,0.6113363491931223,0.10625,0.14802879120254397,0.1348311190664392,-1.0
200007,2,anti,shuffled,online,0.5747349549791136,0.596496182598553,0.18125,0.14393051559336392,0.1271201100095493,-1.0
200007,2,anti,uniform,online,0.523360295881267,0.5595628615232633,0.1375,0.157235914407644,0.13917116392695159,-1.0
200007,2,anti,count,online,0.5632877636882581,0.5746821028786767,0.15625,0.14659239339664715,0.12754446881084072,-1.0
200007,3,aligned,epistemic,frozen,0.5824302326252251,0.5657675164605933,0.16875,0.20562380324199464,0.20562380324199467,1.0
200007,3,aligned,aleatoric,frozen,0.586876592470208,0.5712343932313881,0.13125,0.20562380324199464,0.20562380324199467,1.0
200007,3,aligned,total,frozen,0.6202894220446022,0.6070414933365426,0.10625,0.20562380324199464,0.20562380324199467,1.0
200007,3,aligned,point,frozen,0.524505519168809,0.5584617943355465,0.19375,0.20562380324199464,0.20562380324199467,1.0
200007,3,aligned,shuffled,frozen,0.5521530630390027,0.5665719077005233,0.25,0.20562380324199464,0.20562380324199467,1.0
200007,3,aligned,uniform,frozen,0.6034658987064515,0.5750986192234648,0.14375,0.20562380324199464,0.20562380324199467,1.0
200007,3,aligned,count,frozen,0.5301409897412904,0.5212373640587746,0.1875,0.20562380324199464,0.20562380324199467,1.0
200007,3,aligned,epistemic,online,0.5587311893645582,0.5139698314159837,0.20625,0.16835884181446054,0.1550047430883064,1.0
200007,3,aligned,aleatoric,online,0.60972746901362,0.6253176429486494,0.1,0.17324852781258432,0.15818189509059688,1.0
200007,3,aligned,total,online,0.5876610403534492,0.5659984294202209,0.1625,0.16400989278977698,0.1473112648631617,1.0
200007,3,aligned,point,online,0.5396451197482701,0.5802710415201725,0.19375,0.174528829636257,0.15151410326704548,1.0
200007,3,aligned,shuffled,online,0.5349934724139702,0.526047056463418,0.225,0.17568447423096759,0.16470285006095484,1.0
200007,3,aligned,uniform,online,0.4860959929337225,0.48418147561453856,0.30625,0.17708369250694767,0.16594117451641996,1.0
200007,3,aligned,count,online,0.5368967310838789,0.5835381375557567,0.21875,0.17593137215849508,0.15336267586707356,1.0
200007,3,decorrelated,epistemic,frozen,0.5006189828234613,0.48906952401466963,0.0,0.1962263075622345,0.19622630756223447,0.006993006993006993
200007,3,decorrelated,aleatoric,frozen,0.5049010229065797,0.541487901512471,0.0,0.1962263075622345,0.19622630756223447,0.006993006993006993
200007,3,decorrelated,total,frozen,0.5058822101696441,0.514551410001508,0.0,0.1962263075622345,0.19622630756223447,0.006993006993006993
200007,3,decorrelated,point,frozen,0.5052066136225701,0.5194958158544416,0.0,0.1962263075622345,0.19622630756223447,0.006993006993006993
200007,3,decorrelated,shuffled,frozen,0.5136062355646784,0.49774021540416,0.0,0.1962263075622345,0.19622630756223447,0.006993006993006993
200007,3,decorrelated,uniform,frozen,0.5447927298519118,0.5293661904278011,0.0,0.1962263075622345,0.19622630756223447,0.006993006993006993
200007,3,decorrelated,count,frozen,0.5344782905954817,0.5579951201511262,0.0,0.1962263075622345,0.19622630756223447,0.006993006993006993
200007,3,decorrelated,epistemic,online,0.5008215447521784,0.4887312163702129,0.0,0.18896962222288588,0.18033876617774458,0.006993006993006993
200007,3,decorrelated,aleatoric,online,0.5131380385700837,0.5012759711891193,0.0,0.18989700398323267,0.18155877556490627,0.006993006993006993
200007,3,decorrelated,total,online,0.506440866246486,0.49394942231865874,0.0,0.18721145514738644,0.17879454646146006,0.006993006993006993
200007,3,decorrelated,point,online,0.5013624749332368,0.5010615551511829,0.0,0.18717584543252852,0.1780612222779845,0.006993006993006993
200007,3,decorrelated,shuffled,online,0.507064970941996,0.4733538618809906,0.0,0.1900422255299435,0.18150902442692884,0.006993006993006993
200007,3,decorrelated,uniform,online,0.5623310193725978,0.5171251076242159,0.0,0.18542805897055897,0.17347267119945145,0.006993006993006993
200007,3,decorrelated,count,online,0.5147549775630267,0.5038135767510299,0.0,0.18563420304031286,0.1739811386397697,0.006993006993006993
200007,3,anti,epistemic,frozen,0.46756976737477496,0.48423248353940684,0.25625,0.20071112879397918,0.20071112879397915,-1.0
200007,3,anti,aleatoric,frozen,0.4631234075297922,0.4787656067686119,0.325,0.20071112879397918,0.20071112879397915,-1.0
200007,3,anti,total,frozen,0.4297105779553975,0.4429585066634575,0.30625,0.20071112879397918,0.20071112879397915,-1.0
200007,3,anti,point,frozen,0.5254944808311909,0.49153820566445344,0.2125,0.20071112879397918,0.20071112879397915,-1.0
200007,3,anti,shuffled,frozen,0.49784693696099735,0.48342809229947664,0.33125,0.20071112879397918,0.20071112879397915,-1.0
200007,3,anti,uniform,frozen,0.44653410129354854,0.4749013807765351,0.59375,0.20071112879397918,0.20071112879397915,-1.0
200007,3,anti,count,frozen,0.5198590102587095,0.5287626359412254,0.21875,0.20071112879397918,0.20071112879397915,-1.0
200007,3,anti,epistemic,online,0.5527705846634954,0.590083638450308,0.2125,0.16163235683353458,0.12807805178637052,-1.0
200007,3,anti,aleatoric,online,0.49816661176892757,0.5650795228019684,0.30625,0.16957004353232663,0.13307058304677655,-1.0
200007,3,anti,total,online,0.5224203491589245,0.5389711697001764,0.24375,0.1623458813350155,0.13001037522378536,-1.0
200007,3,anti,point,online,0.5730045505443717,0.5816213001959716,0.15625,0.1538733434603395,0.11784642714136191,-1.0
200007,3,anti,shuffled,online,0.5558478765256367,0.6300081190438168,0.19375,0.16492348887138567,0.1205980957621776,-1.0
200007,3,anti,uniform,online,0.5871091642359391,0.6212551552920862,0.1125,0.1478016563113375,0.12878301099274583,-1.0
200007,3,anti,count,online,0.5455242982126991,0.528357749846806,0.125,0.1570394200331305,0.1373200257342771,-1.0
200008,1,aligned,epistemic,frozen,0.6597281515028165,0.6466494931264987,0.0,0.14402172478081643,0.14402172478081643,1.0
200008,1,aligned,aleatoric,frozen,0.5843914720971712,0.5383314039260299,0.0,0.14402172478081643,0.14402172478081643,1.0
200008,1,aligned,total,frozen,0.6177171655786828,0.5545314000013324,0.0,0.14402172478081643,0.14402172478081643,1.0
200008,1,aligned,point,frozen,0.5616731435202524,0.587542217342261,0.0,0.14402172478081643,0.14402172478081643,1.0
200008,1,aligned,shuffled,frozen,0.5214562520692951,0.5279418240909648,0.0,0.14402172478081643,0.14402172478081643,1.0
200008,1,aligned,uniform,frozen,0.5032272734664446,0.47820779915767114,0.0,0.14402172478081643,0.14402172478081643,1.0
200008,1,aligned,count,frozen,0.5505189939383168,0.5504906028665848,0.0,0.14402172478081643,0.14402172478081643,1.0
200008,1,aligned,epistemic,online,0.5969972094385406,0.5783542702436492,0.0,0.127972917974144,0.12052429124339441,1.0
200008,1,aligned,aleatoric,online,0.6299302197153984,0.5914742614936002,0.0,0.1275809610400156,0.1197498331766763,1.0
200008,1,aligned,total,online,0.6055732570348382,0.6208080681437802,0.0,0.1289327405434289,0.12760283484826065,1.0
200008,1,aligned,point,online,0.555755100310371,0.5842773243742184,0.0,0.13182145551030572,0.12274989755066064,1.0
200008,1,aligned,shuffled,online,0.5737585121730252,0.5897289032449466,0.0,0.12937454064953757,0.12067539513269894,1.0
200008,1,aligned,uniform,online,0.5526869398011142,0.5821802249402935,0.0,0.13015065591562466,0.12064762225962851,1.0
200008,1,aligned,count,online,0.5467466778434387,0.5115078890136882,0.0,0.12843845055728775,0.1223194205034674,1.0
200008,1,decorrelated,epistemic,frozen,0.4873770612747478,0.4811813976892628,0.4375,0.17727707284554933,0.17727707284554936,-0.027972027972027972
200008,1,decorrelated,aleatoric,frozen,0.5072607617591617,0.48690996468990255,0.29375,0.17727707284554933,0.17727707284554936,-0.027972027972027972
200008,1,decorrelated,total,frozen,0.5131666387002503,0.4911717469399634,0.35,0.17727707284554933,0.17727707284554936,-0.027972027972027972
200008,1,decorrelated,point,frozen,0.5529277708305484,0.5540136587593564,0.2125,0.17727707284554933,0.17727707284554936,-0.027972027972027972
200008,1,decorrelated,shuffled,frozen,0.5574159267938483,0.52714869794774,0.2,0.17727707284554933,0.17727707284554936,-0.027972027972027972
200008,1,decorrelated,uniform,frozen,0.5297151916433112,0.5492082939541445,0.175,0.17727707284554933,0.17727707284554936,-0.027972027972027972
200008,1,decorrelated,count,frozen,0.5243494550608641,0.5311084559884195,0.1875,0.17727707284554933,0.17727707284554936,-0.027972027972027972
200008,1,decorrelated,epistemic,online,0.5293192892574823,0.5662863934276501,0.25625,0.15798851458119464,0.141724786416384,-0.027972027972027972
200008,1,decorrelated,aleatoric,online,0.5685679952087459,0.5973823467667202,0.25,0.1531174078232011,0.1412753340410204,-0.027972027972027972
200008,1,decorrelated,total,online,0.5480553838427631,0.5688205471094743,0.2125,0.1599271409439419,0.15256066573434887,-0.027972027972027972
200008,1,decorrelated,point,online,0.5424753612197257,0.5665764889175433,0.18125,0.15466460276017013,0.1442368397732252,-0.027972027972027972
200008,1,decorrelated,shuffled,online,0.5158292444888921,0.5075385374875857,0.275,0.15696104299568395,0.14303930553314903,-0.027972027972027972
200008,1,decorrelated,uniform,online,0.5263253786203725,0.5676907982717965,0.2375,0.15395100621599514,0.14121416495259959,-0.027972027972027972
200008,1,decorrelated,count,online,0.5368567768901962,0.5188591277423281,0.19375,0.15283299525060937,0.14424980280428062,-0.027972027972027972
200008,1,anti,epistemic,frozen,0.39027184849718366,0.4033505068735014,0.4875,0.19357500913264938,0.19357500913264938,-1.0
200008,1,anti,aleatoric,frozen,0.46560852790282875,0.5116685960739702,0.35625,0.19357500913264938,0.19357500913264938,-1.0
200008,1,anti,total,frozen,0.4322828344213171,0.4954685999986676,0.43125,0.19357500913264938,0.19357500913264938,-1.0
200008,1,anti,point,frozen,0.4883268564797475,0.462457782657739,0.325,0.19357500913264938,0.19357500913264938,-1.0
200008,1,anti,shuffled,frozen,0.5285437479307049,0.5220581759090352,0.125,0.19357500913264938,0.19357500913264938,-1.0
200008,1,anti,uniform,frozen,0.5467727265335555,0.5717922008423288,0.18125,0.19357500913264938,0.19357500913264938,-1.0
200008,1,anti,count,frozen,0.49948100606168316,0.49950939713341536,0.2125,0.19357500913264938,0.19357500913264938,-1.0
200008,1,anti,epistemic,online,0.49490670473189147,0.520778908768856,0.275,0.17401500818222554,0.15805457784044732,-1.0
200008,1,anti,aleatoric,online,0.45591553872178564,0.5113999861155155,0.35625,0.18095908660725576,0.15684459785971988,-1.0
200008,1,anti,total,online,0.4622825198508173,0.4777078536793735,0.3,0.17362526724048521,0.15613513211831953,-1.0
200008,1,anti,point,online,0.5235048149858945,0.5389027274533886,0.2125,0.17004992366265945,0.15673322557038463,-1.0
200008,1,anti,shuffled,online,0.5043040376857423,0.4877322561871765,0.2375,0.17032049321591672,0.15399388482891788,-1.0
200008,1,anti,uniform,online,0.5507666004128737,0.5673732961410229,0.2625,0.17135087977455507,0.1656713860672656,-1.0
200008,1,anti,count,online,0.5210905513045828,0.5602342866751193,0.18125,0.16559961218390518,0.152170864022559,-1.0
200008,2,aligned,epistemic,frozen,0.6285230771537254,0.6037110091847527,0.06875,0.1665690617322923,0.16656906173229227,1.0
200008,2,aligned,aleatoric,frozen,0.6364199188526516,0.6314498530568842,0.04375,0.1665690617322923,0.16656906173229227,1.0
200008,2,aligned,total,frozen,0.6446997802703553,0.5820596754039202,0.0625,0.1665690617322923,0.16656906173229227,1.0
200008,2,aligned,point,frozen,0.5926975103989534,0.553110015980165,0.05,0.1665690617322923,0.16656906173229227,1.0
200008,2,aligned,shuffled,frozen,0.559005295711871,0.5333558311788155,0.125,0.1665690617322923,0.16656906173229227,1.0
200008,2,aligned,uniform,frozen,0.5726798731254898,0.5546375057483687,0.05625,0.1665690617322923,0.16656906173229227,1.0
200008,2,aligned,count,frozen,0.5608365804755773,0.5878103846082071,0.0625,0.1665690617322923,0.16656906173229227,1.0
200008,2,aligned,epistemic,online,0.6495853989912642,0.6665826851252005,0.04375,0.12390667921806753,0.12537169956603622,1.0
200008,2,aligned,aleatoric,online,0.617834441156273,0.6256138599115858,0.1,0.12544234670208584,0.10567058319051618,1.0
200008,2,aligned,total,online,0.6137084953125693,0.6192243488538213,0.09375,0.12221083763250143,0.11586320857398584,1.0
200008,2,aligned,point,online,0.5988788066766746,0.594358339077266,0.08125,0.12468030674636928,0.10944698378727151,1.0
200008,2,aligned,shuffled,online,0.5969969356037346,0.6066946904076713,0.0875,0.12421999916701609,0.1301362517346139,1.0
200008,2,aligned,uniform,online,0.5531230957483046,0.6145095024157827,0.13125,0.12288277390761085,0.10688945742779077,1.0
200008,2,aligned,count,online,0.5695369664091547,0.5737417107289856,0.06875,0.12049244910236738,0.10159685024390235,1.0
200008,2,decorrelated,epistemic,frozen,0.5746693911669991,0.5586993034829824,0.0,0.15781673170068775,0.15781673170068775,0.027972027972027972
200008,2,decorrelated,aleatoric,frozen,0.5830710971731816,0.5796687473095692,0.0,0.15781673170068775,0.15781673170068775,0.027972027972027972
200008,2,decorrelated,total,frozen,0.5710580844329581,0.5694345440418551,0.0,0.15781673170068775,0.15781673170068775,0.027972027972027972
200008,2,decorrelated,point,frozen,0.5588540882500898,0.5472838888702507,0.0,0.15781673170068775,0.15781673170068775,0.027972027972027972
200008,2,decorrelated,shuffled,frozen,0.49833800034430215,0.5443875379801061,0.0,0.15781673170068775,0.15781673170068775,0.027972027972027972
200008,2,decorrelated,uniform,frozen,0.48274150432166,0.530523696881497,0.0,0.15781673170068775,0.15781673170068775,0.027972027972027972
200008,2,decorrelated,count,frozen,0.5438168463523175,0.5444828321410353,0.0,0.15781673170068775,0.15781673170068775,0.027972027972027972
200008,2,decorrelated,epistemic,online,0.5680410643899392,0.5415980931313136,0.0,0.13431352783557687,0.1276594401087747,0.027972027972027972
200008,2,decorrelated,aleatoric,online,0.5666530766480437,0.5789746056574605,0.0,0.1396940261445494,0.1281777935150579,0.027972027972027972
200008,2,decorrelated,total,online,0.5900825572729114,0.5581369548553367,0.0,0.1366292554803879,0.14101238970772303,0.027972027972027972
200008,2,decorrelated,point,online,0.5520441489354871,0.5759293448224254,0.0,0.137000216277338,0.12810862572039242,0.027972027972027972
200008,2,decorrelated,shuffled,online,0.5642391035350032,0.5873443540811788,0.0,0.13434512866791387,0.1311330567109308,0.027972027972027972
200008,2,decorrelated,uniform,online,0.5587647066716761,0.553341503236398,0.0,0.13589989725822843,0.13757009864323633,0.027972027972027972
200008,2,decorrelated,count,online,0.5343089812707731,0.4933192712616655,0.0,0.13389592661904742,0.12833238176653283,0.027972027972027972
200008,2,anti,epistemic,frozen,0.4214769228462748,0.44628899081524737,0.275,0.2053758355079605,0.20537583550796049,-1.0
200008,2,anti,aleatoric,frozen,0.41358008114734846,0.41855014694311593,0.39375,0.2053758355079605,0.20537583550796049,-1.0
200008,2,anti,total,frozen,0.40530021972964486,0.4679403245960798,0.375,0.2053758355079605,0.20537583550796049,-1.0
200008,2,anti,point,frozen,0.4573024896010465,0.49688998401983503,0.225,0.2053758355079605,0.20537583550796049,-1.0
200008,2,anti,shuffled,frozen,0.490994704288129,0.5166441688211846,0.1375,0.2053758355079605,0.20537583550796049,-1.0
200008,2,anti,uniform,frozen,0.4773201268745101,0.49536249425163137,0.06875,0.2053758355079605,0.20537583550796049,-1.0
200008,2,anti,count,frozen,0.48916341952442277,0.46218961539179293,0.175,0.2053758355079605,0.20537583550796049,-1.0
200008,2,anti,epistemic,online,0.4639304683407059,0.4811788873732611,0.25625,0.18151590871713313,0.1579454328398077,-1.0
200008,2,anti,aleatoric,online,0.49420279671705314,0.5098747524832985,0.24375,0.17689038888923653,0.14854385613634616,-1.0
200008,2,anti,total,online,0.49980106404847807,0.5562853662061243,0.2125,0.17516007555592386,0.1467536686248294,-1.0
200008,2,anti,point,online,0.5174459022848683,0.5434745871697946,0.15,0.173119244742645,0.14500209351175083,-1.0
200008,2,anti,shuffled,online,0.5015068627175598,0.5360074276133634,0.1875,0.1758425916812293,0.15730828277486686,-1.0
200008,2,anti,uniform,online,0.5516461202061205,0.5360640467591822,0.08125,0.17286917262767668,0.15742144618921752,-1.0
200008,2,anti,count,online,0.524506995382137,0.5602038821741974,0.1125,0.17306561660698372,0.15410244558086786,-1.0
200008,3,aligned,epistemic,frozen,0.6243884471702088,0.6474690984145698,0.025,0.16263044367748467,0.1626304436774847,1.0
200008,3,aligned,aleatoric,frozen,0.6108630220634556,0.5802714241936618,0.0625,0.16263044367748467,0.1626304436774847,1.0
200008,3,aligned,total,frozen,0.6168287423999829,0.5906550211103545,0.075,0.16263044367748467,0.1626304436774847,1.0
200008,3,aligned,point,frozen,0.535550454652455,0.5035597149052919,0.11875,0.16263044367748467,0.1626304436774847,1.0
200008,3,aligned,shuffled,frozen,0.5606694492996434,0.5510502175328563,0.08125,0.16263044367748467,0.1626304436774847,1.0
200008,3,aligned,uniform,frozen,0.5098397498797727,0.4819071419775868,0.18125,0.16263044367748467,0.1626304436774847,1.0
200008,3,aligned,count,frozen,0.5306784177601778,0.5081238053702787,0.1125,0.16263044367748467,0.1626304436774847,1.0
200008,3,aligned,epistemic,online,0.6129666359112627,0.5907668089154502,0.0875,0.14478457914648715,0.1285180872480002,1.0
200008,3,aligned,aleatoric,online,0.5924165002326991,0.5819409274210618,0.05625,0.14822176100062143,0.13144734501231833,1.0
200008,3,aligned,total,online,0.5888424021286234,0.5830109095276745,0.11875,0.14054884270019713,0.12477614268127478,1.0
200008,3,aligned,point,online,0.5305959268144669,0.5377083325120953,0.15625,0.1518324043108538,0.13761809920343296,1.0
200008,3,aligned,shuffled,online,0.5501590433000539,0.5962448916502627,0.09375,0.1414218023599086,0.13200461646987163,1.0
200008,3,aligned,uniform,online,0.5897448560086369,0.6237803993461944,0.03125,0.150326394994213,0.14320823017396597,1.0
200008,3,aligned,count,online,0.5552573584634406,0.5498151454737942,0.08125,0.14216035483329015,0.12544557571084447,1.0
200008,3,decorrelated,epistemic,frozen,0.4424964130437251,0.4267873829749004,0.45,0.21968284998652782,0.2196828499865278,-0.04895104895104895
200008,3,decorrelated,aleatoric,frozen,0.41094476259244833,0.4090881142946891,0.48125,0.21968284998652782,0.2196828499865278,-0.04895104895104895
200008,3,decorrelated,total,frozen,0.43163711936152555,0.43969465247868617,0.4625,0.21968284998652782,0.2196828499865278,-0.04895104895104895
200008,3,decorrelated,point,frozen,0.471250027656631,0.44400791736838024,0.4125,0.21968284998652782,0.2196828499865278,-0.04895104895104895
200008,3,decorrelated,shuffled,frozen,0.4323179448668668,0.4554592333051247,0.475,0.21968284998652782,0.2196828499865278,-0.04895104895104895
200008,3,decorrelated,uniform,frozen,0.4750926225236,0.4030820323590952,0.4,0.21968284998652782,0.2196828499865278,-0.04895104895104895
200008,3,decorrelated,count,frozen,0.4883206913053206,0.49233962612720933,0.3125,0.21968284998652782,0.2196828499865278,-0.04895104895104895
200008,3,decorrelated,epistemic,online,0.45787494363761266,0.42748995322687977,0.35,0.2015529993585344,0.19286155508436365,-0.04895104895104895
200008,3,decorrelated,aleatoric,online,0.4598738423246088,0.491587331386339,0.4,0.22418866622954656,0.18605301300156127,-0.04895104895104895
200008,3,decorrelated,total,online,0.479898020559666,0.5132944558363697,0.38125,0.21275555205771343,0.1775878734270485,-0.04895104895104895
200008,3,decorrelated,point,online,0.4536330617445209,0.4892571164876717,0.4375,0.21543967360810226,0.18761873586051422,-0.04895104895104895
200008,3,decorrelated,shuffled,online,0.5067218080428973,0.5060198345223419,0.3125,0.19016302513397176,0.1785104004333432,-0.04895104895104895
200008,3,decorrelated,uniform,online,0.49099212075102916,0.5484260449178617,0.34375,0.19461381282880635,0.1645346211819305,-0.04895104895104895
200008,3,decorrelated,count,online,0.5044900380820043,0.5369269492909632,0.275,0.18819051301043815,0.16540965611552338,-0.04895104895104895
200008,3,anti,epistemic,frozen,0.42561155282979113,0.40253090158543026,0.1375,0.20258620788936704,0.20258620788936701,-1.0
200008,3,anti,aleatoric,frozen,0.43913697793654444,0.4697285758063382,0.1625,0.20258620788936704,0.20258620788936701,-1.0
200008,3,anti,total,frozen,0.4331712576000172,0.45934497888964554,0.125,0.20258620788936704,0.20258620788936701,-1.0
200008,3,anti,point,frozen,0.5144495453475451,0.5464402850947081,0.0625,0.20258620788936704,0.20258620788936701,-1.0
200008,3,anti,shuffled,frozen,0.4893305507003566,0.4989497824671437,0.0375,0.20258620788936704,0.20258620788936701,-1.0
200008,3,anti,uniform,frozen,0.5401602501202273,0.5680928580224134,0.04375,0.20258620788936704,0.20258620788936701,-1.0
200008,3,anti,count,frozen,0.5193215822398223,0.5418761946297213,0.0875,0.20258620788936704,0.20258620788936701,-1.0
200008,3,anti,epistemic,online,0.4960192419993115,0.5476310796970497,0.10625,0.16628937684925624,0.14252301823007388,-1.0
200008,3,anti,aleatoric,online,0.5098273986499697,0.5382166133215035,0.09375,0.17503441935053982,0.1394670791235275,-1.0
200008,3,anti,total,online,0.5386056382380497,0.5451139377769298,0.1,0.1683960499674067,0.13584879536437525,-1.0
200008,3,anti,point,online,0.5460295552043769,0.5437749062968787,0.0625,0.16303036042488817,0.13814633541345625,-1.0
200008,3,anti,shuffled,online,0.5535572633576903,0.5408794375142266,0.0625,0.1579871000650392,0.13803574899977453,-1.0
200008,3,anti,uniform,online,0.5019637278968558,0.5201436840114143,0.03125,0.16609786168725876,0.13676734395901383,-1.0
200008,3,anti,count,online,0.5189491488306499,0.523249568050898,0.0625,0.1590956518699227,0.1358259112683232,-1.0
200009,1,aligned,epistemic,frozen,0.6037302236170554,0.5864701139812833,0.04375,0.16731045464995137,0.1673104546499514,1.0
200009,1,aligned,aleatoric,frozen,0.5757058386102293,0.5499461382039414,0.0625,0.16731045464995137,0.1673104546499514,1.0
200009,1,aligned,total,frozen,0.6081578542161553,0.5866676857238202,0.0875,0.16731045464995137,0.1673104546499514,1.0
200009,1,aligned,point,frozen,0.5501682444427841,0.5757219480949394,0.075,0.16731045464995137,0.1673104546499514,1.0
200009,1,aligned,shuffled,frozen,0.5606634141834027,0.5681885732672356,0.19375,0.16731045464995137,0.1673104546499514,1.0
200009,1,aligned,uniform,frozen,0.5295556373111178,0.5637700955285234,0.0375,0.16731045464995137,0.1673104546499514,1.0
200009,1,aligned,count,frozen,0.5547416380286393,0.5563382950217562,0.10625,0.16731045464995137,0.1673104546499514,1.0
200009,1,aligned,epistemic,online,0.5892484706001685,0.5855915999128283,0.08125,0.12905877815032712,0.1113312968560241,1.0
200009,1,aligned,aleatoric,online,0.6146014468736157,0.5825959974834224,0.06875,0.12848692524740488,0.11589009537273248,1.0
200009,1,aligned,total,online,0.587705173523271,0.583604474840521,0.0625,0.12732853647323522,0.11344853019745783,1.0
200009,1,aligned,point,online,0.5533886587150244,0.5353637932246355,0.1375,0.13460586252552803,0.1332071813521078,1.0
200009,1,aligned,shuffled,online,0.548835086899828,0.5725305375755546,0.1,0.13357713950266384,0.11520724869292527,1.0
200009,1,aligned,uniform,online,0.6148993819740913,0.5904731427176684,0.0375,0.12768539289893305,0.1176181235725326,1.0
200009,1,aligned,count,online,0.5658472169253663,0.6216676014949828,0.0875,0.13021441353753044,0.11603463447566294,1.0
200009,1,decorrelated,epistemic,frozen,0.48493205349898255,0.45804460832909044,0.15,0.189193873843303,0.189193873843303,0.02097902097902098
200009,1,decorrelated,aleatoric,frozen,0.48373242177653797,0.47867873158073637,0.2125,0.189193873843303,0.189193873843303,0.02097902097902098
200009,1,decorrelated,total,frozen,0.4965203844512784,0.47644215168410586,0.13125,0.189193873843303,0.189193873843303,0.02097902097902098
200009,1,decorrelated,point,frozen,0.4773228508843387,0.4088477782410239,0.1,0.189193873843303,0.189193873843303,0.02097902097902098
200009,1,decorrelated,shuffled,frozen,0.4856522555667208,0.47792844917062316,0.21875,0.189193873843303,0.189193873843303,0.02097902097902098
200009,1,decorrelated,uniform,frozen,0.49099162881876934,0.4890769697252869,0.05,0.189193873843303,0.189193873843303,0.02097902097902098
200009,1,decorrelated,count,frozen,0.5049589593232104,0.5163071664068623,0.11875,0.189193873843303,0.189193873843303,0.02097902097902098
200009,1,decorrelated,epistemic,online,0.5370302592790828,0.5631310921477356,0.08125,0.16323136391470508,0.15014336505946754,0.02097902097902098
200009,1,decorrelated,aleatoric,online,0.5019607711411418,0.5247289778310616,0.225,0.168651516898054,0.15547144940211038,0.02097902097902098
200009,1,decorrelated,total,online,0.523141702214702,0.580166273025527,0.0875,0.1658944467327374,0.16159009777033365,0.02097902097902098
200009,1,decorrelated,point,online,0.49900417337293945,0.5065899273297243,0.09375,0.17386978239240664,0.15975646507822497,0.02097902097902098
200009,1,decorrelated,shuffled,online,0.49388937815296163,0.4945992795634728,0.08125,0.16659765705651092,0.1528219944383898,0.02097902097902098
200009,1,decorrelated,uniform,online,0.4653370198410773,0.5110210447560629,0.25,0.17236185271555818,0.1555798331165349,0.02097902097902098
200009,1,decorrelated,count,online,0.5170430013137998,0.5421538790697296,0.1,0.16724522669353928,0.1546278392031678,0.02097902097902098
200009,1,anti,epistemic,frozen,0.4462697763829446,0.46352988601871664,0.38125,0.18830409987848284,0.18830409987848284,-1.0
200009,1,anti,aleatoric,frozen,0.47429416138977076,0.5000538617960586,0.36875,0.18830409987848284,0.18830409987848284,-1.0
200009,1,anti,total,frozen,0.4418421457838447,0.4633323142761799,0.4,0.18830409987848284,0.18830409987848284,-1.0
200009,1,anti,point,frozen,0.49983175555721593,0.47427805190506067,0.35625,0.18830409987848284,0.18830409987848284,-1.0
200009,1,anti,shuffled,frozen,0.48933658581659734,0.4818114267327644,0.35,0.18830409987848284,0.18830409987848284,-1.0
200009,1,anti,uniform,frozen,0.5204443626888822,0.4862299044714766,0.24375,0.18830409987848284,0.18830409987848284,-1.0
200009,1,anti,count,frozen,0.49525836197136053,0.4936617049782438,0.275,0.18830409987848284,0.18830409987848284,-1.0
200009,1,anti,epistemic,online,0.5194123257425429,0.5190695872882639,0.2375,0.15511604777712235,0.1353941467514956,-1.0
200009,1,anti,aleatoric,online,0.49953279883834834,0.5339864904491521,0.3375,0.1572528626170259,0.13216631130451326,-1.0
200009,1,anti,total,online,0.5037917436553263,0.5308549689231619,0.28125,0.15696403474302167,0.13311974505017976,-1.0
200009,1,anti,point,online,0.531862811411142,0.5434797112235902,0.2875,0.15792965113367466,0.1350189496732605,-1.0
200009,1,anti,shuffled,online,0.5279426520504152,0.5559525722395269,0.30625,0.15687980820321798,0.13942153324991274,-1.0
200009,1,anti,uniform,online,0.4996515505116187,0.5442278886716799,0.3375,0.16037643706129887,0.13989989113707404,-1.0
200009,1,anti,count,online,0.5206993421350268,0.5214360270517459,0.23125,0.15620978181142386,0.13967468425598442,-1.0
200009,2,aligned,epistemic,frozen,0.6166421320533692,0.5978784079005217,0.0875,0.18053209478458004,0.18053209478458002,1.0
200009,2,aligned,aleatoric,frozen,0.6031684941805204,0.5622989264370188,0.1125,0.18053209478458004,0.18053209478458002,1.0
200009,2,aligned,total,frozen,0.6030468386555539,0.5657890680752937,0.05625,0.18053209478458004,0.18053209478458002,1.0
200009,2,aligned,point,frozen,0.5259501110150968,0.5267198025753232,0.13125,0.18053209478458004,0.18053209478458002,1.0
200009,2,aligned,shuffled,frozen,0.5015075298740801,0.5618310131057258,0.25625,0.18053209478458004,0.18053209478458002,1.0
200009,2,aligned,uniform,frozen,0.5378919271428287,0.5553950881693879,0.14375,0.18053209478458004,0.18053209478458002,1.0
200009,2,aligned,count,frozen,0.5159296550213398,0.5103924406568294,0.1125,0.18053209478458004,0.18053209478458002,1.0
200009,2,aligned,epistemic,online,0.6043377149188939,0.6232542044326654,0.06875,0.1287664253767144,0.11266549934755933,1.0
200009,2,aligned,aleatoric,online,0.6219795020904637,0.5860217128235021,0.09375,0.1331370073370643,0.11071787074192237,1.0
200009,2,aligned,total,online,0.6186000267633023,0.6278646426929638,0.06875,0.1318445719989224,0.1147898139424512,1.0
200009,2,aligned,point,online,0.5855590197268873,0.598719323075668,0.1125,0.13089517243959686,0.12169240540615085,1.0
200009,2,aligned,shuffled,online,0.5507454562303952,0.5949141576003653,0.06875,0.1516641087218692,0.12229047057960192,1.0
200009,2,aligned,uniform,online,0.6570528384778032,0.6237705050004586,0.05625,0.13147232105954396,0.1215439016735415,1.0
200009,2,aligned,count,online,0.564734876357698,0.5743095724720637,0.1,0.12830107082543557,0.1115665898202568,1.0
200009,2,decorrelated,epistemic,frozen,0.501054227041377,0.5107177889128097,0.0875,0.21452966746580282,0.21452966746580282,-0.013986013986013986
200009,2,decorrelated,aleatoric,frozen,0.5311762084311494,0.5356175787590127,0.04375,0.21452966746580282,0.21452966746580282,-0.013986013986013986
200009,2,decorrelated,total,frozen,0.4820886104675986,0.5082044495240094,0.125,0.21452966746580282,0.21452966746580282,-0.013986013986013986
200009,2,decorrelated,point,frozen,0.4694534158977991,0.4670709988446113,0.175,0.21452966746580282,0.21452966746580282,-0.013986013986013986
200009,2,decorrelated,shuffled,frozen,0.5338304744083204,0.5024334190725541,0.1,0.21452966746580282,0.21452966746580282,-0.013986013986013986
200009,2,decorrelated,uniform,frozen,0.4526997494965599,0.4550208423672613,0.2,0.21452966746580282,0.21452966746580282,-0.013986013986013986
200009,2,decorrelated,count,frozen,0.49442552650819616,0.49834626662949394,0.125,0.21452966746580282,0.21452966746580282,-0.013986013986013986
200009,2,decorrelated,epistemic,online,0.49493888976202227,0.4725820115638354,0.14375,0.18430763536600275,0.17669245406733314,-0.013986013986013986
200009,2,decorrelated,aleatoric,online,0.5027458814448675,0.5130076773449413,0.0875,0.19179574332674743,0.17392878021367894,-0.013986013986013986
200009,2,decorrelated,total,online,0.5149654479276439,0.5165234721996376,0.075,0.18735243616780423,0.17341753713378213,-0.013986013986013986
200009,2,decorrelated,point,online,0.47760484992463564,0.5178927317249824,0.2,0.1954178197876542,0.17571717640424134,-0.013986013986013986
200009,2,decorrelated,shuffled,online,0.4780518995018145,0.4668309793811737,0.23125,0.18924477632385833,0.17018569963080585,-0.013986013986013986
200009,2,decorrelated,uniform,online,0.5051616066415034,0.5562854322893862,0.03125,0.1926087579490855,0.1751077934211287,-0.013986013986013986
200009,2,decorrelated,count,online,0.5194518750372079,0.517659681781075,0.10625,0.1788844055083799,0.1658040352910816,-0.013986013986013986
200009,2,anti,epistemic,frozen,0.43335786794663084,0.4521215920994782,0.30625,0.20580992798096537,0.20580992798096542,-1.0
200009,2,anti,aleatoric,frozen,0.4468315058194795,0.48770107356298115,0.31875,0.20580992798096537,0.20580992798096542,-1.0
200009,2,anti,total,frozen,0.4469531613444461,0.48421093192470643,0.325,0.20580992798096537,0.20580992798096542,-1.0
200009,2,anti,point,frozen,0.524049888984903,0.5232801974246767,0.13125,0.20580992798096537,0.20580992798096542,-1.0
200009,2,anti,shuffled,frozen,0.54849247012592,0.4881689868942741,0.1125,0.20580992798096537,0.20580992798096542,-1.0
200009,2,anti,uniform,frozen,0.5121080728571712,0.49460491183061206,0.08125,0.20580992798096537,0.20580992798096542,-1.0
200009,2,anti,count,frozen,0.5340703449786602,0.5396075593431705,0.1125,0.20580992798096537,0.20580992798096542,-1.0
200009,2,anti,epistemic,online,0.491664168813233,0.5071972643822287,0.19375,0.17458815452211274,0.15109131381551408,-1.0
200009,2,anti,aleatoric,online,0.48030036582499697,0.5254089562363111,0.28125,0.18161942284874696,0.1446532972432559,-1.0
200009,2,anti,total,online,0.49229067120132425,0.5544425704241147,0.2125,0.18251943658318137,0.1463870011152534,-1.0
200009,2,anti,point,online,0.5237756591081582,0.5564412835715021,0.15625,0.17874122782411095,0.15389381053635923,-1.0
200009,2,anti,shuffled,online,0.5277583629911949,0.5367780224913042,0.1125,0.17355100636664267,0.14714573728356453,-1.0
200009,2,anti,uniform,online,0.43625175937350563,0.49666984367348394,0.35625,0.19612713647354313,0.1602917653555184,-1.0
200009,2,anti,count,online,0.5444495034749487,0.5974010147336968,0.10625,0.17284279389449284,0.15086759693857887,-1.0
200009,3,aligned,epistemic,frozen,0.674374737404622,0.623031905307877,0.06875,0.20117207407978827,0.2011720740797883,1.0
200009,3,aligned,aleatoric,frozen,0.648293873097812,0.6237675307602176,0.04375,0.20117207407978827,0.2011720740797883,1.0
200009,3,aligned,total,frozen,0.6732688150335256,0.647135007644734,0.04375,0.20117207407978827,0.2011720740797883,1.0
200009,3,aligned,point,frozen,0.561316423827928,0.5708854478164213,0.14375,0.20117207407978827,0.2011720740797883,1.0
200009,3,aligned,shuffled,frozen,0.6422781976955617,0.6472619681339469,0.1125,0.20117207407978827,0.2011720740797883,1.0
200009,3,aligned,uniform,frozen,0.6017897587398295,0.6185224822393979,0.1125,0.20117207407978827,0.2011720740797883,1.0
200009,3,aligned,count,frozen,0.5823636251630303,0.619227719483158,0.09375,0.20117207407978827,0.2011720740797883,1.0
200009,3,aligned,epistemic,online,0.6222690047474906,0.6298087836487222,0.08125,0.14249167877265992,0.13489921625601664,1.0
200009,3,aligned,aleatoric,online,0.6562420351346937,0.6604998346010312,0.04375,0.14253919327467396,0.1572218440811479,1.0
200009,3,aligned,total,online,0.6482509418659254,0.6609403467932597,0.1125,0.14200709198884695,0.1278167428290651,1.0
200009,3,aligned,point,online,0.5925377172253288,0.5638059307692744,0.0875,0.1535207513484814,0.13167505448246697,1.0
200009,3,aligned,shuffled,online,0.5949883939720234,0.6240074684104787,0.0375,0.1481729057740355,0.13640715409557563,1.0
200009,3,aligned,uniform,online,0.645054550697809,0.6223644468761205,0.075,0.13785601018101223,0.11941870192969802,1.0
200009,3,aligned,count,online,0.5968304078098187,0.6306062871822986,0.0875,0.14081897695971599,0.13553309072766984,1.0
200009,3,decorrelated,epistemic,frozen,0.6019539280627286,0.6056510718205608,0.0,0.17839641841497716,0.1783964184149772,0.02097902097902098
200009,3,decorrelated,aleatoric,frozen,0.5950897136960285,0.5825901771195298,0.0,0.17839641841497716,0.1783964184149772,0.02097902097902098
200009,3,decorrelated,total,frozen,0.5734489707230663,0.5808244906731341,0.0,0.17839641841497716,0.1783964184149772,0.02097902097902098
200009,3,decorrelated,point,frozen,0.5490289398990443,0.5499517212425873,0.0,0.17839641841497716,0.1783964184149772,0.02097902097902098
200009,3,decorrelated,shuffled,frozen,0.6244551464074279,0.6070333507534015,0.0,0.17839641841497716,0.1783964184149772,0.02097902097902098
200009,3,decorrelated,uniform,frozen,0.591177153069772,0.5992623447647704,0.0,0.17839641841497716,0.1783964184149772,0.02097902097902098
200009,3,decorrelated,count,frozen,0.5481624453801214,0.5324749048998767,0.0,0.17839641841497716,0.1783964184149772,0.02097902097902098
200009,3,decorrelated,epistemic,online,0.5718666236103094,0.5629466472599801,0.0,0.1559591674659631,0.15406436298049875,0.02097902097902098
200009,3,decorrelated,aleatoric,online,0.5907089388389155,0.6037030020456601,0.0,0.15786861551253567,0.16057083120834217,0.02097902097902098
200009,3,decorrelated,total,online,0.5785061446100501,0.587759737562671,0.0,0.1574388387887163,0.15129652457143075,0.02097902097902098
200009,3,decorrelated,point,online,0.5669258106934916,0.5652537792772468,0.0,0.15587406240101506,0.15066220803187905,0.02097902097902098
200009,3,decorrelated,shuffled,online,0.5696940550981487,0.6153482308157289,0.0,0.1543017725819566,0.14955871566434625,0.02097902097902098
200009,3,decorrelated,uniform,online,0.5934778957344735,0.5548227427523813,0.0,0.1575733781846956,0.15419746704653084,0.02097902097902098
200009,3,decorrelated,count,online,0.5742214730306525,0.5886603775424317,0.0,0.1590834497585288,0.14822915487420252,0.02097902097902098
200009,3,anti,epistemic,frozen,0.3756252625953781,0.42696809469212293,0.55,0.22698036406060568,0.22698036406060565,-1.0
200009,3,anti,aleatoric,frozen,0.40170612690218804,0.4262324692397824,0.525,0.22698036406060568,0.22698036406060565,-1.0
200009,3,anti,total,frozen,0.3767311849664744,0.40286499235526596,0.49375,0.22698036406060568,0.22698036406060565,-1.0
200009,3,anti,point,frozen,0.488683576172072,0.4791145521835788,0.2625,0.22698036406060568,0.22698036406060565,-1.0
200009,3,anti,shuffled,frozen,0.4077218023044383,0.40273803186605317,0.55,0.22698036406060568,0.22698036406060565,-1.0
200009,3,anti,uniform,frozen,0.4482102412601705,0.43147751776060217,0.4125,0.22698036406060568,0.22698036406060565,-1.0
200009,3,anti,count,frozen,0.46763637483696974,0.4307722805168421,0.26875,0.22698036406060568,0.22698036406060565,-1.0
200009,3,anti,epistemic,online,0.4813567961242824,0.49615618830331415,0.2125,0.1953880145826148,0.15409337776923765,-1.0
200009,3,anti,aleatoric,online,0.44938009877157,0.4804486850451177,0.36875,0.21373903646166306,0.20671426203825624,-1.0
200009,3,anti,total,online,0.5078378016993353,0.579698576951459,0.2625,0.19449508777499983,0.14403929670702223,-1.0
200009,3,anti,point,online,0.5251672568056323,0.5409083943903916,0.2,0.18881696535779116,0.1527037194984244,-1.0
200009,3,anti,shuffled,online,0.5174774962857093,0.5620309070675112,0.225,0.18395152399810294,0.16366321715607043,-1.0
200009,3,anti,uniform,online,0.45582712808619047,0.5199963292411974,0.30625,0.20729732714351606,0.16600661670292197,-1.0
200009,3,anti,count,online,0.49702738220531817,0.5099202192959714,0.19375,0.19022756674168698,0.16391607357047674,-1.0
200010,1,aligned,epistemic,frozen,0.6178881304398469,0.5504515849077084,0.0,0.17018960511566536,0.1701896051156654,1.0
200010,1,aligned,aleatoric,frozen,0.5985337376443264,0.5439385998642497,0.0,0.17018960511566536,0.1701896051156654,1.0
200010,1,aligned,total,frozen,0.6208537220190944,0.5847756981366631,0.0,0.17018960511566536,0.1701896051156654,1.0
200010,1,aligned,point,frozen,0.5268339935748969,0.5535315311627993,0.0,0.17018960511566536,0.1701896051156654,1.0
200010,1,aligned,shuffled,frozen,0.5167176334170157,0.5197835419741972,0.0,0.17018960511566536,0.1701896051156654,1.0
200010,1,aligned,uniform,frozen,0.5281295037695835,0.5218884176101154,0.0,0.17018960511566536,0.1701896051156654,1.0
200010,1,aligned,count,frozen,0.5297244518586814,0.526978715441021,0.0,0.17018960511566536,0.1701896051156654,1.0
200010,1,aligned,epistemic,online,0.5611357151482286,0.6227880990430347,0.0,0.1386832376972536,0.13724620496214043,1.0
200010,1,aligned,aleatoric,online,0.6279397049539001,0.6187950426256105,0.0,0.13878092145610252,0.1283264326826605,1.0
200010,1,aligned,total,online,0.5688230430203177,0.5902816371554387,0.0,0.13848545906514959,0.1328593529815234,1.0
200010,1,aligned,point,online,0.5459141679814147,0.5530178437703732,0.0,0.13978324380100632,0.13969984293514812,1.0
200010,1,aligned,shuffled,online,0.5735035290159847,0.5728963526426527,0.0,0.13894102603983133,0.13355928278880572,1.0
200010,1,aligned,uniform,online,0.6027317973822708,0.5487889920671508,0.0,0.13664516773823995,0.1278893117159002,1.0
200010,1,aligned,count,online,0.5346773386552816,0.549218715916188,0.0,0.14255980101311705,0.13634706120535445,1.0
200010,1,decorrelated,epistemic,frozen,0.4763367607705472,0.4828962294235028,0.28125,0.1815338857908463,0.18153388579084628,-0.034965034965034975
200010,1,decorrelated,aleatoric,frozen,0.5017484312649089,0.5170674374282778,0.275,0.1815338857908463,0.18153388579084628,-0.034965034965034975
200010,1,decorrelated,total,frozen,0.49371565548341,0.5207911372238035,0.275,0.1815338857908463,0.18153388579084628,-0.034965034965034975
200010,1,decorrelated,point,frozen,0.5439845300094737,0.5358661016849234,0.10625,0.1815338857908463,0.18153388579084628,-0.034965034965034975
200010,1,decorrelated,shuffled,frozen,0.5173982709544546,0.4875018357109777,0.06875,0.1815338857908463,0.18153388579084628,-0.034965034965034975
200010,1,decorrelated,uniform,frozen,0.48914067692406044,0.5527540165562486,0.1125,0.1815338857908463,0.18153388579084628,-0.034965034965034975
200010,1,decorrelated,count,frozen,0.5225173605499006,0.49703406199190214,0.1125,0.1815338857908463,0.18153388579084628,-0.034965034965034975
200010,1,decorrelated,epistemic,online,0.5407313818281813,0.5232546260214318,0.09375,0.15189605690622693,0.1378568032375386,-0.034965034965034975
200010,1,decorrelated,aleatoric,online,0.5089691497510754,0.5179052516984753,0.25625,0.159199527353827,0.13704270692313994,-0.034965034965034975
200010,1,decorrelated,total,online,0.5078477898327183,0.5220781150451408,0.1875,0.1567344332304966,0.14313493338177719,-0.034965034965034975
200010,1,decorrelated,point,online,0.5218705524229731,0.501702252823742,0.1375,0.1545445947067944,0.15386843775405018,-0.034965034965034975
200010,1,decorrelated,shuffled,online,0.5557082081691138,0.6202829022373754,0.14375,0.15556660303263598,0.15503610746432625,-0.034965034965034975
200010,1,decorrelated,uniform,online,0.5348746275740339,0.5691542799250584,0.19375,0.1561015099366038,0.13953356688008933,-0.034965034965034975
200010,1,decorrelated,count,online,0.52426131845612,0.49305235943493386,0.1125,0.1555784190159928,0.14384802420335327,-0.034965034965034975
200010,1,anti,epistemic,frozen,0.432111869560153,0.49954841509229164,0.28125,0.18623327224079295,0.18623327224079297,-1.0
200010,1,anti,aleatoric,frozen,0.45146626235567366,0.5060614001357503,0.275,0.18623327224079295,0.18623327224079297,-1.0
200010,1,anti,total,frozen,0.42914627798090565,0.4652243018633369,0.275,0.18623327224079295,0.18623327224079297,-1.0
200010,1,anti,point,frozen,0.5231660064251031,0.49646846883720075,0.10625,0.18623327224079295,0.18623327224079297,-1.0
200010,1,anti,shuffled,frozen,0.5332823665829843,0.5302164580258026,0.06875,0.18623327224079295,0.18623327224079297,-1.0
200010,1,anti,uniform,frozen,0.5218704962304166,0.5281115823898846,0.1125,0.18623327224079295,0.18623327224079297,-1.0
200010,1,anti,count,frozen,0.5202755481413185,0.523021284558979,0.1125,0.18623327224079295,0.18623327224079297,-1.0
200010,1,anti,epistemic,online,0.5100489989840729,0.514113959178971,0.09375,0.16143285015443018,0.1502107102456875,-1.0
200010,1,anti,aleatoric,online,0.4797538284946231,0.5459697510750471,0.2625,0.16414537253149267,0.14753385004166797,-1.0
200010,1,anti,total,online,0.49550673705175835,0.5134182119988416,0.1875,0.160988296970315,0.1463435799883006,-1.0
200010,1,anti,point,online,0.5336929903304652,0.5511978795515334,0.125,0.15684224331523577,0.13786218360937832,-1.0
200010,1,anti,shuffled,online,0.5194755655727687,0.5479946229371017,0.15,0.1600981502607761,0.14491429145240517,-1.0
200010,1,anti,uniform,online,0.47188599720603736,0.558525338526249,0.175,0.16962502013496367,0.14497667880293366,-1.0
200010,1,anti,count,online,0.5392136751977781,0.545708619411893,0.09375,0.16029112238005438,0.1411330805096139,-1.0
200010,2,aligned,epistemic,frozen,0.6256554024613988,0.5975309943146818,0.0,0.16957907714368323,0.16957907714368325,1.0
200010,2,aligned,aleatoric,frozen,0.6223578642463508,0.5800514006078242,0.0,0.16957907714368323,0.16957907714368325,1.0
200010,2,aligned,total,frozen,0.6447718550898723,0.6102824055857775,0.0,0.16957907714368323,0.16957907714368325,1.0
200010,2,aligned,point,frozen,0.5583546891150343,0.5242860616064082,0.0,0.16957907714368323,0.16957907714368325,1.0
200010,2,aligned,shuffled,frozen,0.599604151529683,0.5681520498944463,0.0,0.16957907714368323,0.16957907714368325,1.0
200010,2,aligned,uniform,frozen,0.6091608712208155,0.620915473619135,0.0,0.16957907714368323,0.16957907714368325,1.0
200010,2,aligned,count,frozen,0.5528271083142211,0.5794948641660126,0.0,0.16957907714368323,0.16957907714368325,1.0
200010,2,aligned,epistemic,online,0.6182947680015409,0.6287137383522082,0.0,0.11303909090396605,0.1059085145967192,1.0
200010,2,aligned,aleatoric,online,0.6846795022980614,0.6825423614391795,0.0,0.11659097931216325,0.10602610730873781,1.0
200010,2,aligned,total,online,0.6245489566949258,0.5907152389608247,0.0,0.1156436509843251,0.10159813755497245,1.0
200010,2,aligned,point,online,0.5958545819676461,0.5822935256421434,0.0,0.11942801870374811,0.10388572527439577,1.0
200010,2,aligned,shuffled,online,0.576914782706418,0.6027085324871264,0.0,0.11737147702086617,0.10187011885490342,1.0
200010,2,aligned,uniform,online,0.6017992938593695,0.6313367442917391,0.0,0.1178913141735789,0.11126365387396953,1.0
200010,2,aligned,count,online,0.5734240926891955,0.6075984031100761,0.0,0.11890777686391592,0.10189416936495842,1.0
200010,2,decorrelated,epistemic,frozen,0.5214337655918826,0.5120329145366556,0.05625,0.18697598955268546,0.18697598955268546,-0.04195804195804196
200010,2,decorrelated,aleatoric,frozen,0.5217726508054156,0.5190952037285819,0.0375,0.18697598955268546,0.18697598955268546,-0.04195804195804196
200010,2,decorrelated,total,frozen,0.50419646269214,0.5178861355371742,0.125,0.18697598955268546,0.18697598955268546,-0.04195804195804196
200010,2,decorrelated,point,frozen,0.5001453330116246,0.49750027775389916,0.1,0.18697598955268546,0.18697598955268546,-0.04195804195804196
200010,2,decorrelated,shuffled,frozen,0.49998788769871616,0.48020126966198295,0.1625,0.18697598955268546,0.18697598955268546,-0.04195804195804196
200010,2,decorrelated,uniform,frozen,0.46463226819920306,0.47513895600723266,0.11875,0.18697598955268546,0.18697598955268546,-0.04195804195804196
200010,2,decorrelated,count,frozen,0.5036283268330426,0.5373202310179609,0.125,0.18697598955268546,0.18697598955268546,-0.04195804195804196
200010,2,decorrelated,epistemic,online,0.493974156591506,0.512886590850493,0.11875,0.18152660725289324,0.17970012337030547,-0.04195804195804196
200010,2,decorrelated,aleatoric,online,0.5526900800246672,0.5481209593387888,0.01875,0.18783044366860718,0.180382408901867,-0.04195804195804196
200010,2,decorrelated,total,online,0.49267130219773225,0.4805707972691655,0.0875,0.18015656172614913,0.17635132217812163,-0.04195804195804196
200010,2,decorrelated,point,online,0.5186616798914131,0.5085466415129624,0.075,0.18551148753564448,0.18054346333065843,-0.04195804195804196
200010,2,decorrelated,shuffled,online,0.4940595588294715,0.500463273177268,0.06875,0.1797563241889241,0.17370570361230783,-0.04195804195804196
200010,2,decorrelated,uniform,online,0.5275128059690026,0.5433702613676578,0.06875,0.18668476208231832,0.18371422301619678,-0.04195804195804196
200010,2,decorrelated,count,online,0.514794815941914,0.5093739909807702,0.075,0.1802134550671468,0.16436072689397652,-0.04195804195804196
200010,2,anti,epistemic,frozen,0.42434459753860115,0.4524690056853181,0.34375,0.2086665775765697,0.2086665775765697,-1.0
200010,2,anti,aleatoric,frozen,0.4276421357536492,0.4699485993921758,0.39375,0.2086665775765697,0.2086665775765697,-1.0
200010,2,anti,total,frozen,0.4052281449101277,0.4397175944142225,0.2875,0.2086665775765697,0.2086665775765697,-1.0
200010,2,anti,point,frozen,0.4916453108849657,0.5257139383935918,0.2,0.2086665775765697,0.2086665775765697,-1.0
200010,2,anti,shuffled,frozen,0.4503958484703169,0.48184795010555365,0.30625,0.2086665775765697,0.2086665775765697,-1.0
200010,2,anti,uniform,frozen,0.44083912877918446,0.429084526380865,0.2,0.2086665775765697,0.2086665775765697,-1.0
200010,2,anti,count,frozen,0.49717289168577894,0.47050513583398745,0.15,0.2086665775765697,0.2086665775765697,-1.0
200010,2,anti,epistemic,online,0.477123730420861,0.47514729955525714,0.20625,0.1831831227399062,0.16097683954761108,-1.0
200010,2,anti,aleatoric,online,0.42684239090184856,0.4679072906274492,0.275,0.19769368507493984,0.16722778774310187,-1.0
200010,2,anti,total,online,0.47146457732527375,0.5413677879668699,0.21875,0.19128342121259276,0.15347537084088106,-1.0
200010,2,anti,point,online,0.5044419548471512,0.5537153546030603,0.1375,0.1815134235164041,0.15575103253761072,-1.0
200010,2,anti,shuffled,online,0.5318264084421033,0.5411021310169255,0.1125,0.17721918569672207,0.15325123702177976,-1.0
200010,2,anti,uniform,online,0.48978060549769636,0.521531020914789,0.0625,0.1835329586812797,0.1553099762867928,-1.0
200010,2,anti,count,online,0.5139289680245133,0.5110647473537512,0.11875,0.17769071775879874,0.16107110501062424,-1.0
200010,3,aligned,epistemic,frozen,0.638476521912646,0.5925841436665813,0.0,0.17312153070007846,0.1731215307000785,1.0
200010,3,aligned,aleatoric,frozen,0.606694033269342,0.5857230196055694,0.0,0.17312153070007846,0.1731215307000785,1.0
200010,3,aligned,total,frozen,0.6164120541147161,0.6252800277629988,0.0,0.17312153070007846,0.1731215307000785,1.0
200010,3,aligned,point,frozen,0.5792220050750716,0.6026813821038655,0.0,0.17312153070007846,0.1731215307000785,1.0
200010,3,aligned,shuffled,frozen,0.5471528701120368,0.5863978208885781,0.0,0.17312153070007846,0.1731215307000785,1.0
200010,3,aligned,uniform,frozen,0.5477133669902033,0.5780886295860465,0.0,0.17312153070007846,0.1731215307000785,1.0
200010,3,aligned,count,frozen,0.560811446378511,0.514377928787718,0.0,0.17312153070007846,0.1731215307000785,1.0
200010,3,aligned,epistemic,online,0.6080820551791207,0.6004050593790721,0.0,0.14165387576244015,0.12984771041834453,1.0
200010,3,aligned,aleatoric,online,0.6190815397315094,0.6028521432962847,0.0,0.14389326169243266,0.13001480555334138,1.0
200010,3,aligned,total,online,0.6283171150543284,0.5825654054481739,0.0,0.14350063291860612,0.13542008658352364,1.0
200010,3,aligned,point,online,0.5866818909863236,0.569792232255727,0.0,0.14513074865104564,0.13015187217844318,1.0
200010,3,aligned,shuffled,online,0.587192463537629,0.5958637098847381,0.0,0.14467829752524677,0.14054021826240512,1.0
200010,3,aligned,uniform,online,0.5412213351430362,0.5417896109603912,0.0,0.14235591508772996,0.1325092540413263,1.0
200010,3,aligned,count,online,0.5705583289024624,0.5857956042168201,0.0,0.14268442465881437,0.13254521880927078,1.0
200010,3,decorrelated,epistemic,frozen,0.5367526130502623,0.5354321693881615,0.0,0.18671350448414786,0.18671350448414784,-0.006993006993006993
200010,3,decorrelated,aleatoric,frozen,0.5160888470830733,0.5244004783167856,0.0,0.18671350448414786,0.18671350448414784,-0.006993006993006993
200010,3,decorrelated,total,frozen,0.5291273327674059,0.5102269704220839,0.0,0.18671350448414786,0.18671350448414784,-0.006993006993006993
200010,3,decorrelated,point,frozen,0.536804566683726,0.572258042710177,0.0,0.18671350448414786,0.18671350448414784,-0.006993006993006993
200010,3,decorrelated,shuffled,frozen,0.5282705074011218,0.5263364387884458,0.0,0.18671350448414786,0.18671350448414784,-0.006993006993006993
200010,3,decorrelated,uniform,frozen,0.5598445047123976,0.533238021482517,0.0,0.18671350448414786,0.18671350448414784,-0.006993006993006993
200010,3,decorrelated,count,frozen,0.5305100669857519,0.5422127311086193,0.0,0.18671350448414786,0.18671350448414784,-0.006993006993006993
200010,3,decorrelated,epistemic,online,0.53531143122592,0.5478255756063201,0.0,0.15568534774484435,0.14229030850703442,-0.006993006993006993
200010,3,decorrelated,aleatoric,online,0.5260020764897092,0.5357725479336363,0.0,0.17189266686341614,0.14265770609245437,-0.006993006993006993
200010,3,decorrelated,total,online,0.552761132281229,0.5878514289934552,0.0,0.1610025890419626,0.13647577210515774,-0.006993006993006993
200010,3,decorrelated,point,online,0.5689551707001211,0.5780266533992922,0.0,0.15174119351583143,0.13247081087721116,-0.006993006993006993
200010,3,decorrelated,shuffled,online,0.5414150470821003,0.5602719673816047,0.0,0.1557408613802636,0.1346484990404437,-0.006993006993006993
200010,3,decorrelated,uniform,online,0.5957386719079588,0.6086826315042091,0.0,0.15221303690650115,0.1455718797647295,-0.006993006993006993
200010,3,decorrelated,count,online,0.5539297927518199,0.5772405194560865,0.0,0.1489389704217071,0.13370708805718748,-0.006993006993006993
200010,3,anti,epistemic,frozen,0.4115234780873541,0.4574158563334187,0.4375,0.21622785562999852,0.21622785562999855,-1.0
200010,3,anti,aleatoric,frozen,0.4433059667306581,0.4642769803944306,0.4375,0.21622785562999852,0.21622785562999855,-1.0
200010,3,anti,total,frozen,0.4335879458852839,0.4247199722370011,0.4125,0.21622785562999852,0.21622785562999855,-1.0
200010,3,anti,point,frozen,0.4707779949249284,0.44731861789613453,0.28125,0.21622785562999852,0.21622785562999855,-1.0
200010,3,anti,shuffled,frozen,0.5028471298879632,0.4636021791114221,0.28125,0.21622785562999852,0.21622785562999855,-1.0
200010,3,anti,uniform,frozen,0.5022866330097966,0.47191137041395353,0.1375,0.21622785562999852,0.21622785562999855,-1.0
200010,3,anti,count,frozen,0.48918855362148894,0.535622071212282,0.25625,0.21622785562999852,0.21622785562999855,-1.0
200010,3,anti,epistemic,online,0.46649452275144193,0.5081925120251805,0.28125,0.20182597991234058,0.18424529507042386,-1.0
200010,3,anti,aleatoric,online,0.4607441467729033,0.4874973765074494,0.38125,0.21518231620058917,0.18041195830171394,-1.0
200010,3,anti,total,online,0.4676601105800172,0.4939553618342581,0.38125,0.20572440926768037,0.16877709485471837,-1.0
200010,3,anti,point,online,0.5090221013020428,0.5159073219906352,0.225,0.19136257198550904,0.168887276409046,-1.0
200010,3,anti,shuffled,online,0.49568434035233133,0.5367333186344169,0.24375,0.19486161777784866,0.15673454745338214,-1.0
200010,3,anti,uniform,online,0.5255141787752603,0.5473230661811487,0.14375,0.19073865052360048,0.16336119056445905,-1.0
200010,3,anti,count,online,0.5062056583809749,0.5079292591076614,0.1875,0.18161830420063535,0.16868999867142231,-1.0
200011,1,aligned,epistemic,frozen,0.5847692888272459,0.5849421690681811,0.08125,0.17061434521137456,0.17061434521137453,1.0
200011,1,aligned,aleatoric,frozen,0.5566192536983497,0.5368157037602166,0.075,0.17061434521137456,0.17061434521137453,1.0
200011,1,aligned,total,frozen,0.5815174651299063,0.560211836660585,0.05625,0.17061434521137456,0.17061434521137453,1.0
200011,1,aligned,point,frozen,0.5147461265413424,0.4538057522846509,0.16875,0.17061434521137456,0.17061434521137453,1.0
200011,1,aligned,shuffled,frozen,0.5277987759223634,0.5219802001958437,0.10625,0.17061434521137456,0.17061434521137453,1.0
200011,1,aligned,uniform,frozen,0.5090948814503655,0.5265442906608303,0.1125,0.17061434521137456,0.17061434521137453,1.0
200011,1,aligned,count,frozen,0.5066690577699144,0.5085453042605714,0.11875,0.17061434521137456,0.17061434521137453,1.0
200011,1,aligned,epistemic,online,0.5320567096904292,0.5411952951441491,0.0875,0.16216754025314434,0.15718502302308215,1.0
200011,1,aligned,aleatoric,online,0.5612689916208191,0.5493322353515852,0.075,0.16000636166448237,0.15545181613689715,1.0
200011,1,aligned,total,online,0.5571428687138552,0.5767635651418186,0.0625,0.1627298381401881,0.15547689008133728,1.0
200011,1,aligned,point,online,0.5465494536811109,0.5173039826550446,0.09375,0.16225082711598185,0.15633936289836559,1.0
200011,1,aligned,shuffled,online,0.518065641054342,0.5424783225377285,0.08125,0.1626349719509557,0.15551809429068467,1.0
200011,1,aligned,uniform,online,0.5619508067063521,0.5187096429384054,0.10625,0.16136815623597683,0.15652873330807796,1.0
200011,1,aligned,count,online,0.5268162515086119,0.5227696109371994,0.1125,0.16345768502454958,0.1570262308768754,1.0
200011,1,decorrelated,epistemic,frozen,0.4993047981514471,0.5201137562640064,0.19375,0.1921398015344283,0.19213980153442833,0.034965034965034975
200011,1,decorrelated,aleatoric,frozen,0.4874961183449459,0.4872679199519195,0.175,0.1921398015344283,0.19213980153442833,0.034965034965034975
200011,1,decorrelated,total,frozen,0.5018432361425932,0.5119752778392961,0.2,0.1921398015344283,0.19213980153442833,0.034965034965034975
200011,1,decorrelated,point,frozen,0.48140043109416764,0.4746593972969383,0.3375,0.1921398015344283,0.19213980153442833,0.034965034965034975
200011,1,decorrelated,shuffled,frozen,0.47874653970868664,0.5490531926129973,0.28125,0.1921398015344283,0.19213980153442833,0.034965034965034975
200011,1,decorrelated,uniform,frozen,0.5581296611191731,0.5621589750995,0.1625,0.1921398015344283,0.19213980153442833,0.034965034965034975
200011,1,decorrelated,count,frozen,0.5046794050877942,0.4882477407307391,0.24375,0.1921398015344283,0.19213980153442833,0.034965034965034975
200011,1,decorrelated,epistemic,online,0.5085627855900745,0.5374172800521073,0.225,0.17240996086633284,0.16469443906834463,0.034965034965034975
200011,1,decorrelated,aleatoric,online,0.4927461531658527,0.49234362634588746,0.18125,0.17087616242660428,0.16249834423966494,0.034965034965034975
200011,1,decorrelated,total,online,0.512951610350515,0.5162045885273686,0.18125,0.17160014407201593,0.1647961821173151,0.034965034965034975
200011,1,decorrelated,point,online,0.4992510023808193,0.5168581454441371,0.25625,0.1732554060899155,0.16147998135589756,0.034965034965034975
200011,1,decorrelated,shuffled,online,0.5167658197348979,0.5206199816534737,0.16875,0.1716815686200389,0.1631053651802426,0.034965034965034975
200011,1,decorrelated,uniform,online,0.5597964109961756,0.5447863366624878,0.1625,0.17392989232188663,0.16536921137171734,0.034965034965034975
200011,1,decorrelated,count,online,0.5146197995824657,0.5309919017313354,0.2125,0.17302867045073436,0.16663851700280077,0.034965034965034975
200011,1,anti,epistemic,frozen,0.46523071117275416,0.4650578309318189,0.0,0.16130219956763844,0.16130219956763842,-1.0
200011,1,anti,aleatoric,frozen,0.49338074630165024,0.5131842962397835,0.0,0.16130219956763844,0.16130219956763842,-1.0
200011,1,anti,total,frozen,0.46848253487009367,0.48978816333941494,0.0,0.16130219956763844,0.16130219956763842,-1.0
200011,1,anti,point,frozen,0.5352538734586576,0.596194247715349,0.0,0.16130219956763844,0.16130219956763842,-1.0
200011,1,anti,shuffled,frozen,0.5222012240776367,0.5280197998041564,0.0,0.16130219956763844,0.16130219956763842,-1.0
200011,1,anti,uniform,frozen,0.5409051185496345,0.5234557093391696,0.0,0.16130219956763844,0.16130219956763842,-1.0
200011,1,anti,count,frozen,0.5433309422300855,0.5414546957394286,0.0,0.16130219956763844,0.16130219956763842,-1.0
200011,1,anti,epistemic,online,0.5309038097628422,0.5525308891403816,0.0,0.14652655740229278,0.14996290143768376,-1.0
200011,1,anti,aleatoric,online,0.5119873163165918,0.5542484886481633,0.0,0.14865890239470406,0.14236855485963426,-1.0
200011,1,anti,total,online,0.5131389522385177,0.4815181589383867,0.0,0.14825362292940167,0.14067616761399343,-1.0
200011,1,anti,point,online,0.5178769543218632,0.5404756584001562,0.0,0.14596650599968347,0.13946935038588645,-1.0
200011,1,anti,shuffled,online,0.5448616039758865,0.5309793156745808,0.0,0.14519368724827456,0.1379868792572679,-1.0
200011,1,anti,uniform,online,0.5041911357397723,0.5487621652246916,0.0,0.14653945414948416,0.1399191672236679,-1.0
200011,1,anti,count,online,0.531851973842817,0.5518017780626726,0.0,0.14384689337052903,0.14239335063460648,-1.0
200011,2,aligned,epistemic,frozen,0.615740538343505,0.5590288118720893,0.0,0.16349516525783875,0.16349516525783878,1.0
200011,2,aligned,aleatoric,frozen,0.5997344661904075,0.5945676255595908,0.0,0.16349516525783875,0.16349516525783878,1.0
200011,2,aligned,total,frozen,0.6223847750968217,0.5819076304930755,0.0,0.16349516525783875,0.16349516525783878,1.0
200011,2,aligned,point,frozen,0.533981608600657,0.5482887885688863,0.0,0.16349516525783875,0.16349516525783878,1.0
200011,2,aligned,shuffled,frozen,0.5796209765681185,0.5736749409798116,0.0,0.16349516525783875,0.16349516525783878,1.0
200011,2,aligned,uniform,frozen,0.5676923483477075,0.5482679018044535,0.0,0.16349516525783875,0.16349516525783878,1.0
200011,2,aligned,count,frozen,0.5545683427300128,0.5390015899310132,0.0,0.16349516525783875,0.16349516525783878,1.0
200011,2,aligned,epistemic,online,0.5887686412684972,0.6014705004689798,0.0,0.1260801080977148,0.11050071640570443,1.0
200011,2,aligned,aleatoric,online,0.6313504502537115,0.5992465066291038,0.0,0.12794240888379327,0.11399026070995766,1.0
200011,2,aligned,total,online,0.5990209943305753,0.5796632423721955,0.0,0.12242168886451972,0.10482501944766777,1.0
200011,2,aligned,point,online,0.5749896222152311,0.6187920398261798,0.0,0.12722909877128588,0.10926416198016047,1.0
200011,2,aligned,shuffled,online,0.6069798612151466,0.5994080134212748,0.0,0.12734962242240977,0.11052018742923664,1.0
200011,2,aligned,uniform,online,0.5391636375576386,0.5503225106771314,0.0,0.1288031566146739,0.11058182378891167,1.0
200011,2,aligned,count,online,0.5714264370912645,0.5880914484568928,0.0,0.12143741650851529,0.10938324060011138,1.0
200011,2,decorrelated,epistemic,frozen,0.5233871303649388,0.5081853762030546,0.0,0.1784263193201143,0.1784263193201143,-0.034965034965034975
200011,2,decorrelated,aleatoric,frozen,0.5063097029473111,0.5395951482932856,0.0,0.1784263193201143,0.1784263193201143,-0.034965034965034975
200011,2,decorrelated,total,frozen,0.5364379373177481,0.5323049223931577,0.0,0.1784263193201143,0.1784263193201143,-0.034965034965034975
200011,2,decorrelated,point,frozen,0.5059447347969639,0.5529199062405871,0.0,0.1784263193201143,0.1784263193201143,-0.034965034965034975
200011,2,decorrelated,shuffled,frozen,0.5457250354662887,0.5773033457280766,0.0,0.1784263193201143,0.1784263193201143,-0.034965034965034975
200011,2,decorrelated,uniform,frozen,0.44902040540557203,0.472944493340127,0.0,0.1784263193201143,0.1784263193201143,-0.034965034965034975
200011,2,decorrelated,count,frozen,0.5155901694597083,0.5160247746475533,0.0,0.1784263193201143,0.1784263193201143,-0.034965034965034975
200011,2,decorrelated,epistemic,online,0.5102664506789012,0.5118705949977789,0.0,0.1685254404334851,0.16391609227704868,-0.034965034965034975
200011,2,decorrelated,aleatoric,online,0.5129527356399006,0.5581333614669591,0.0,0.1712611852610662,0.16484947990938248,-0.034965034965034975
200011,2,decorrelated,total,online,0.5298244300882431,0.491528747623079,0.0,0.16791070818676976,0.1688720268946936,-0.034965034965034975
200011,2,decorrelated,point,online,0.5398418565613547,0.5482063970549393,0.0,0.16621471032446836,0.16326071986554938,-0.034965034965034975
200011,2,decorrelated,shuffled,online,0.5228880862872025,0.5172923945799645,0.0,0.16695231472168195,0.16452495834765815,-0.034965034965034975
200011,2,decorrelated,uniform,online,0.5291957886130267,0.5368074420253686,0.0,0.16764473065455146,0.16334008320189972,-0.034965034965034975
200011,2,decorrelated,count,online,0.5309956846494698,0.513020147527514,0.0,0.16596229066675755,0.16773498327311942,-0.034965034965034975
200011,2,anti,epistemic,frozen,0.43425946165649504,0.49097118812791074,0.43125,0.20215423884317946,0.20215423884317948,-1.0
200011,2,anti,aleatoric,frozen,0.45026553380959256,0.45543237444040924,0.3875,0.20215423884317946,0.20215423884317948,-1.0
200011,2,anti,total,frozen,0.42761522490317827,0.46809236950692446,0.4125,0.20215423884317946,0.20215423884317948,-1.0
200011,2,anti,point,frozen,0.5160183913993428,0.5017112114311136,0.23125,0.20215423884317946,0.20215423884317948,-1.0
200011,2,anti,shuffled,frozen,0.4703790234318815,0.4763250590201883,0.25625,0.20215423884317946,0.20215423884317948,-1.0
200011,2,anti,uniform,frozen,0.48230765165229245,0.5017320981955466,0.2375,0.20215423884317946,0.20215423884317948,-1.0
200011,2,anti,count,frozen,0.49543165726998717,0.5109984100689868,0.30625,0.20215423884317946,0.20215423884317948,-1.0
200011,2,anti,epistemic,online,0.480423073325948,0.5163846653665398,0.3125,0.17366588631425456,0.14523740995230588,-1.0
200011,2,anti,aleatoric,online,0.5070446293650163,0.5639220088352715,0.2625,0.17078881941970936,0.14255211839235046,-1.0
200011,2,anti,total,online,0.48432395805040257,0.5147966721080212,0.25625,0.17744391061195808,0.15532006296533987,-1.0
200011,2,anti,point,online,0.5287359486594628,0.5585773852343886,0.21875,0.16893457389785357,0.1426585121554886,-1.0
200011,2,anti,shuffled,online,0.5141565187128441,0.5875468646425427,0.24375,0.1705622859341604,0.14019367029652416,-1.0
200011,2,anti,uniform,online,0.5637192096994924,0.5813427770512438,0.11875,0.16840323417029604,0.1473453116126503,-1.0
200011,2,anti,count,online,0.5184642422477883,0.5151008100587667,0.1875,0.1712193778317554,0.15513114824736876,-1.0
200011,3,aligned,epistemic,frozen,0.6469189994178507,0.6515402242483253,0.04375,0.19513375958992102,0.19513375958992105,1.0
200011,3,aligned,aleatoric,frozen,0.6120615358791593,0.5330074975845261,0.05625,0.19513375958992102,0.19513375958992105,1.0
200011,3,aligned,total,frozen,0.5928593176111983,0.5401465233427712,0.0875,0.19513375958992102,0.19513375958992105,1.0
200011,3,aligned,point,frozen,0.5564246696173647,0.5792084677856468,0.10625,0.19513375958992102,0.19513375958992105,1.0
200011,3,aligned,shuffled,frozen,0.6047571268909302,0.5661785560503123,0.08125,0.19513375958992102,0.19513375958992105,1.0
200011,3,aligned,uniform,frozen,0.6042501520040238,0.6115126072086323,0.08125,0.19513375958992102,0.19513375958992105,1.0
200011,3,aligned,count,frozen,0.5250487204233456,0.479997692320585,0.11875,0.19513375958992102,0.19513375958992105,1.0
200011,3,aligned,epistemic,online,0.5650345418475178,0.5950805624486214,0.10625,0.15970108437064212,0.13791150842851338,1.0
200011,3,aligned,aleatoric,online,0.5817878140785924,0.5691953687849528,0.1125,0.16011796340114523,0.13768492329258378,1.0
200011,3,aligned,total,online,0.6080397026008372,0.5942478879621345,0.0875,0.15287324812695036,0.15396651912648643,1.0
200011,3,aligned,point,online,0.5641055238344184,0.5428101315374685,0.1,0.14987245304018998,0.1568137664352304,1.0
200011,3,aligned,shuffled,online,0.5382935992135652,0.6091599585877724,0.175,0.163821654588648,0.13329283002724904,1.0
200011,3,aligned,uniform,online,0.6504027173425744,0.6335036389547575,0.06875,0.15001562494053194,0.1419101494437565,1.0
200011,3,aligned,count,online,0.5300843564238109,0.5510909898025231,0.125,0.15163974647592884,0.13113296501928487,1.0
200011,3,decorrelated,epistemic,frozen,0.6217229139547737,0.6234313976241129,0.05,0.17327170407169218,0.17327170407169215,-0.006993006993006993
200011,3,decorrelated,aleatoric,frozen,0.6025827158073725,0.5805839088030542,0.0375,0.17327170407169218,0.17327170407169215,-0.006993006993006993
200011,3,decorrelated,total,frozen,0.5843655891563195,0.5703155684263121,0.10625,0.17327170407169218,0.17327170407169215,-0.006993006993006993
200011,3,decorrelated,point,frozen,0.5695540328569446,0.5861355557997012,0.11875,0.17327170407169218,0.17327170407169215,-0.006993006993006993
200011,3,decorrelated,shuffled,frozen,0.5987068517789079,0.6082282675879128,0.04375,0.17327170407169218,0.17327170407169215,-0.006993006993006993
200011,3,decorrelated,uniform,frozen,0.5866926980290976,0.6081520397973643,0.18125,0.17327170407169218,0.17327170407169215,-0.006993006993006993
200011,3,decorrelated,count,frozen,0.5512428459886184,0.5020930335765053,0.0875,0.17327170407169218,0.17327170407169215,-0.006993006993006993
200011,3,decorrelated,epistemic,online,0.5720041816254898,0.6083274536063391,0.1375,0.14833808273346133,0.134471305057387,-0.006993006993006993
200011,3,decorrelated,aleatoric,online,0.6012489409383109,0.6156938807490109,0.03125,0.14482934343081905,0.14216991285127112,-0.006993006993006993
200011,3,decorrelated,total,online,0.6123702888891701,0.6092263619557985,0.0375,0.13998940273047794,0.14264548273253264,-0.006993006993006993
200011,3,decorrelated,point,online,0.5945549778962501,0.5689488122663947,0.075,0.13699410422052236,0.13915650178097008,-0.006993006993006993
200011,3,decorrelated,shuffled,online,0.5879034863630646,0.6219815102373788,0.10625,0.14205911162743928,0.13432703213733357,-0.006993006993006993
200011,3,decorrelated,uniform,online,0.6193575032306947,0.6352582630592427,0.075,0.13781224384840765,0.13433007331190042,-0.006993006993006993
200011,3,decorrelated,count,online,0.5601994019334825,0.5925394983799548,0.1,0.13920179527360793,0.13530651838105787,-0.006993006993006993
200011,3,anti,epistemic,frozen,0.4030810005821494,0.39845977575167474,0.44375,0.20058130250243972,0.2005813025024397,-1.0
200011,3,anti,aleatoric,frozen,0.4379384641208407,0.5169925024154739,0.40625,0.20058130250243972,0.2005813025024397,-1.0
200011,3,anti,total,frozen,0.4571406823888019,0.5098534766572287,0.3375,0.20058130250243972,0.2005813025024397,-1.0
200011,3,anti,point,frozen,0.49357533038263524,0.4707915322143531,0.28125,0.20058130250243972,0.2005813025024397,-1.0
200011,3,anti,shuffled,frozen,0.44524287310906985,0.4838214439496877,0.4125,0.20058130250243972,0.2005813025024397,-1.0
200011,3,anti,uniform,frozen,0.44574984799597617,0.43848739279136784,0.44375,0.20058130250243972,0.2005813025024397,-1.0
200011,3,anti,count,frozen,0.5249512795766544,0.5700023076794151,0.19375,0.20058130250243972,0.2005813025024397,-1.0
200011,3,anti,epistemic,online,0.5065642940591408,0.49375354814541794,0.24375,0.17835495385028116,0.17005959701573603,-1.0
200011,3,anti,aleatoric,online,0.507450931191773,0.5736856475098264,0.26875,0.1770307957503275,0.13479955902958343,-1.0
200011,3,anti,total,online,0.48397111441309804,0.5563005162097527,0.2875,0.18792233653232615,0.14453057659647348,-1.0
200011,3,anti,point,online,0.5236331395222062,0.550719297028756,0.225,0.16355502395970284,0.15550739941789848,-1.0
200011,3,anti,shuffled,online,0.5419377703938665,0.5028401722413236,0.19375,0.16421377397227482,0.15947105669881353,-1.0
200011,3,anti,uniform,online,0.4377379893852392,0.43666828504591126,0.2625,0.20769018400036504,0.19579498561668038,-1.0
200011,3,anti,count,online,0.5413475481128722,0.5438449968844694,0.1625,0.16194064899277585,0.14318142126561087,-1.0
200012,1,aligned,epistemic,frozen,0.6619292001581119,0.6613675480594471,0.0,0.15088545242688017,0.1508854524268802,1.0
200012,1,aligned,aleatoric,frozen,0.6432805106497789,0.6158610858915828,0.0,0.15088545242688017,0.1508854524268802,1.0
200012,1,aligned,total,frozen,0.6160825796185092,0.570308598906782,0.0,0.15088545242688017,0.1508854524268802,1.0
200012,1,aligned,point,frozen,0.5535685050617511,0.5542887830924427,0.0,0.15088545242688017,0.1508854524268802,1.0
200012,1,aligned,shuffled,frozen,0.5276778367887645,0.5092756707774948,0.0,0.15088545242688017,0.1508854524268802,1.0
200012,1,aligned,uniform,frozen,0.5570398806115872,0.6076747127138012,0.0,0.15088545242688017,0.1508854524268802,1.0
200012,1,aligned,count,frozen,0.5627562573947167,0.5673845396291127,0.0,0.15088545242688017,0.1508854524268802,1.0
200012,1,aligned,epistemic,online,0.6184777277985276,0.6084166673058047,0.0,0.12629078140691133,0.12009880196360186,1.0
200012,1,aligned,aleatoric,online,0.6044058893397608,0.5887780960837862,0.0,0.12739646897115023,0.12272815302742335,1.0
200012,1,aligned,total,online,0.5967270003516596,0.5534073978286537,0.0,0.1278690434326027,0.1210896697433536,1.0
200012,1,aligned,point,online,0.557296658286748,0.5640845130466898,0.0,0.13415520658670507,0.128732066820657,1.0
200012,1,aligned,shuffled,online,0.544664151751906,0.6103309407187162,0.0,0.12962965517969,0.1195039873654301,1.0
200012,1,aligned,uniform,online,0.6311047870754238,0.5928603056192301,0.0,0.1298587886611688,0.12240278927386772,1.0
200012,1,aligned,count,online,0.5601229117494848,0.5880831704297033,0.0,0.13171860941801414,0.12396310844395718,1.0
200012,1,decorrelated,epistemic,frozen,0.5210682542742179,0.5214651332731073,0.0,0.18105581227422873,0.18105581227422873,0.034965034965034975
200012,1,decorrelated,aleatoric,frozen,0.5289435390476884,0.530870141607279,0.0,0.18105581227422873,0.18105581227422873,0.034965034965034975
200012,1,decorrelated,total,frozen,0.5129056313948426,0.536898484898227,0.0,0.18105581227422873,0.18105581227422873,0.034965034965034975
200012,1,decorrelated,point,frozen,0.5087878411729172,0.4863746671125152,0.0,0.18105581227422873,0.18105581227422873,0.034965034965034975
200012,1,decorrelated,shuffled,frozen,0.5333042068836376,0.47339030344060323,0.0,0.18105581227422873,0.18105581227422873,0.034965034965034975
200012,1,decorrelated,uniform,frozen,0.506481471564833,0.5126874633708558,0.0,0.18105581227422873,0.18105581227422873,0.034965034965034975
200012,1,decorrelated,count,frozen,0.5253093465341159,0.5436968650628522,0.0,0.18105581227422873,0.18105581227422873,0.034965034965034975
200012,1,decorrelated,epistemic,online,0.5248619051775327,0.5193577755034922,0.0,0.1601229523653459,0.15418502285180277,0.034965034965034975
200012,1,decorrelated,aleatoric,online,0.5189809971500318,0.5185255116872574,0.0,0.16228069914374804,0.1586574816187493,0.034965034965034975
200012,1,decorrelated,total,online,0.5456066453745516,0.5631841872659633,0.0,0.16290110381216943,0.1746577300668144,0.034965034965034975
200012,1,decorrelated,point,online,0.49759609659065696,0.5218451311844952,0.0,0.17089683693710253,0.1770635599222997,0.034965034965034975
200012,1,decorrelated,shuffled,online,0.49967524900412685,0.4581263600255971,0.0,0.16022037107025305,0.16050514154490308,0.034965034965034975
200012,1,decorrelated,uniform,online,0.529038697450807,0.5226681189918662,0.0,0.16240477499658962,0.16741322548739337,0.034965034965034975
200012,1,decorrelated,count,online,0.5238481098307958,0.5433702613676578,0.0,0.16282219367075557,0.17753115707731784,0.034965034965034975
200012,1,anti,epistemic,frozen,0.3880707998418883,0.38863245194055296,0.50625,0.19373792313838295,0.19373792313838298,-1.0
200012,1,anti,aleatoric,frozen,0.4067194893502212,0.43413891410841715,0.425,0.19373792313838295,0.19373792313838298,-1.0
200012,1,anti,total,frozen,0.4339174203814908,0.47969140109321806,0.41875,0.19373792313838295,0.19373792313838298,-1.0
200012,1,anti,point,frozen,0.4964314949382488,0.49571121690755743,0.25,0.19373792313838295,0.19373792313838298,-1.0
200012,1,anti,shuffled,frozen,0.5223221632112356,0.5407243292225054,0.2875,0.19373792313838295,0.19373792313838298,-1.0
200012,1,anti,uniform,frozen,0.4929601193884127,0.44232528728619885,0.20625,0.19373792313838295,0.19373792313838298,-1.0
200012,1,anti,count,frozen,0.48724374260528325,0.4826154603708874,0.225,0.19373792313838295,0.19373792313838298,-1.0
200012,1,anti,epistemic,online,0.4859879249492353,0.4895547395013587,0.28125,0.17375577294364491,0.16033818220253543,-1.0
200012,1,anti,aleatoric,online,0.4803500862018998,0.500499222253452,0.31875,0.1733788925677135,0.1570085990140237,-1.0
200012,1,anti,total,online,0.49435736270464475,0.5493767702658456,0.2375,0.17309394809637985,0.1648219659128477,-1.0
200012,1,anti,point,online,0.5136248774831046,0.5388274315612527,0.19375,0.17149501979738363,0.16234936989229787,-1.0
200012,1,anti,shuffled,online,0.5452523543429247,0.5365557771829297,0.1625,0.17445184475505085,0.16694121401527084,-1.0
200012,1,anti,uniform,online,0.4661270586970224,0.5088200677143256,0.3625,0.17368782589444284,0.1591872524542854,-1.0
200012,1,anti,count,online,0.5070697284701581,0.48763658174395114,0.2,0.1731252923594621,0.16542877992292968,-1.0
200012,2,aligned,epistemic,frozen,0.5982221320114469,0.5634750483516732,0.0875,0.18055386064798265,0.18055386064798265,1.0
200012,2,aligned,aleatoric,frozen,0.5929561251623812,0.5898913701178348,0.05625,0.18055386064798265,0.18055386064798265,1.0
200012,2,aligned,total,frozen,0.6258397905499905,0.6138623066609336,0.08125,0.18055386064798265,0.18055386064798265,1.0
200012,2,aligned,point,frozen,0.5196695194630018,0.558466934119257,0.1625,0.18055386064798265,0.18055386064798265,1.0
200012,2,aligned,shuffled,frozen,0.54331489959258,0.5420461008250796,0.06875,0.18055386064798265,0.18055386064798265,1.0
200012,2,aligned,uniform,frozen,0.5422819473862915,0.5260751381826646,0.0625,0.18055386064798265,0.18055386064798265,1.0
200012,2,aligned,count,frozen,0.5420100691843128,0.6020907822519193,0.0625,0.18055386064798265,0.18055386064798265,1.0
200012,2,aligned,epistemic,online,0.6056370891453889,0.5915391138150771,0.06875,0.1334199053769167,0.1193865002334195,1.0
200012,2,aligned,aleatoric,online,0.6364790692825075,0.6160984595949703,0.06875,0.13110823563779853,0.11210733458907322,1.0
200012,2,aligned,total,online,0.5821749280182831,0.5692627978825783,0.09375,0.13019291873635175,0.11028500082890862,1.0
200012,2,aligned,point,online,0.5644129865905688,0.580852760489134,0.05625,0.13619296908881315,0.12675733740268008,1.0
200012,2,aligned,shuffled,online,0.5731063050701464,0.6001003308393796,0.075,0.13556068589073322,0.1154919553063416,1.0
200012,2,aligned,uniform,online,0.6090446889766357,0.5505516649235902,0.0625,0.1364670602817834,0.1286352343567557,1.0
200012,2,aligned,count,online,0.5659571821808251,0.6145168609969496,0.08125,0.13377755142278439,0.1130414252329922,1.0
200012,2,decorrelated,epistemic,frozen,0.5334836986897475,0.5086293408377962,0.0,0.17144392627044328,0.17144392627044328,0.027972027972027972
200012,2,decorrelated,aleatoric,frozen,0.6020861324658752,0.6104266525004717,0.0,0.17144392627044328,0.17144392627044328,0.027972027972027972
200012,2,decorrelated,total,frozen,0.5550049552453913,0.5505144111796986,0.0,0.17144392627044328,0.17144392627044328,0.027972027972027972
200012,2,decorrelated,point,frozen,0.5777151148676797,0.568756896033913,0.0,0.17144392627044328,0.17144392627044328,0.027972027972027972
200012,2,decorrelated,shuffled,frozen,0.48927888253730273,0.4951085575432909,0.0,0.17144392627044328,0.17144392627044328,0.027972027972027972
200012,2,decorrelated,uniform,frozen,0.5307246758257961,0.5464780249338812,0.0,0.17144392627044328,0.17144392627044328,0.027972027972027972
200012,2,decorrelated,count,frozen,0.5313417054081077,0.5337361540797634,0.0,0.17144392627044328,0.17144392627044328,0.027972027972027972
200012,2,decorrelated,epistemic,online,0.5596696732811667,0.6469415342263936,0.0,0.15010975614132288,0.13938415692727432,0.027972027972027972
200012,2,decorrelated,aleatoric,online,0.6056287384270056,0.5750731821005596,0.0,0.147513217024412,0.14258319920437185,0.027972027972027972
200012,2,decorrelated,total,online,0.5760728920651912,0.5349421370961369,0.0,0.14894931882148463,0.14263480644334964,0.027972027972027972
200012,2,decorrelated,point,online,0.5391059094652293,0.5669612552921046,0.0,0.14838366557595437,0.1489765667795753,0.027972027972027972
200012,2,decorrelated,shuffled,online,0.5579788394526679,0.5398319421982517,0.0,0.14550129665275707,0.13905562754651735,0.027972027972027972
200012,2,decorrelated,uniform,online,0.6080683412267474,0.5604357270322374,0.0,0.1490026563402136,0.14798513966392976,0.027972027972027972
200012,2,decorrelated,count,online,0.5616436839466666,0.6117967847915415,0.0,0.14723038658955273,0.1387467519164078,0.027972027972027972
200012,2,anti,epistemic,frozen,0.4517778679885532,0.4865249516483268,0.3,0.2066594875366245,0.20665948753662444,-1.0
200012,2,anti,aleatoric,frozen,0.4570438748376189,0.4601086298821652,0.4375,0.2066594875366245,0.20665948753662444,-1.0
200012,2,anti,total,frozen,0.42416020945000954,0.43613769333906643,0.38125,0.2066594875366245,0.20665948753662444,-1.0
200012,2,anti,point,frozen,0.5303304805369982,0.4915330658807431,0.24375,0.2066594875366245,0.20665948753662444,-1.0
200012,2,anti,shuffled,frozen,0.50668510040742,0.5079538991749205,0.225,0.2066594875366245,0.20665948753662444,-1.0
200012,2,anti,uniform,frozen,0.5077180526137085,0.5239248618173354,0.3125,0.2066594875366245,0.20665948753662444,-1.0
200012,2,anti,count,frozen,0.5079899308156872,0.44790921774808085,0.25,0.2066594875366245,0.20665948753662444,-1.0
200012,2,anti,epistemic,online,0.5156570745537364,0.537187375302253,0.2625,0.16519542227647374,0.1508529088154613,-1.0
200012,2,anti,aleatoric,online,0.4753110042476438,0.5068450307135284,0.36875,0.18211506311058695,0.14625991862863427,-1.0
200012,2,anti,total,online,0.5214791388318932,0.5633380992511581,0.275,0.16949249915960032,0.13726632522448345,-1.0
200012,2,anti,point,online,0.5149943736404282,0.5053037428521285,0.2875,0.1665474779526112,0.15523283669872082,-1.0
200012,2,anti,shuffled,online,0.5171532720080322,0.49618815492948387,0.29375,0.16487612997743686,0.1557150285164084,-1.0
200012,2,anti,uniform,online,0.50903577562362,0.5211839894400117,0.30625,0.18118443381163934,0.14246646494943746,-1.0
200012,2,anti,count,online,0.5310526024266734,0.5334402123430307,0.23125,0.1649354581149143,0.14412562457503517,-1.0
200012,3,aligned,epistemic,frozen,0.5997805530524751,0.5861517792850999,0.075,0.1886733716276148,0.1886733716276148,1.0
200012,3,aligned,aleatoric,frozen,0.5816890355456416,0.5218058939296448,0.08125,0.1886733716276148,0.1886733716276148,1.0
200012,3,aligned,total,frozen,0.5906428508004882,0.5765917785333888,0.04375,0.1886733716276148,0.1886733716276148,1.0
200012,3,aligned,point,frozen,0.5169561994095957,0.5093629606611161,0.16875,0.1886733716276148,0.1886733716276148,1.0
200012,3,aligned,shuffled,frozen,0.5107330970764667,0.48818135365505466,0.15625,0.1886733716276148,0.1886733716276148,1.0
200012,3,aligned,uniform,frozen,0.5372117065346298,0.5506109104264951,0.21875,0.1886733716276148,0.1886733716276148,1.0
200012,3,aligned,count,frozen,0.524420230514252,0.5278199309140532,0.11875,0.1886733716276148,0.1886733716276148,1.0
200012,3,aligned,epistemic,online,0.564077324225664,0.553701239670799,0.1125,0.14691505234707178,0.12903382118186887,1.0
200012,3,aligned,aleatoric,online,0.6105497501564152,0.5598508293706441,0.05625,0.14832895625586,0.14830200825133488,1.0
200012,3,aligned,total,online,0.5669192659979394,0.5512324919377533,0.10625,0.15545900860909545,0.14531844545233155,1.0
200012,3,aligned,point,online,0.5234080404627496,0.4756986021333338,0.14375,0.16442978313850126,0.17416081741187137,1.0
200012,3,aligned,shuffled,online,0.5572251668300834,0.5641389384667345,0.05625,0.1530061346827573,0.1556107386004229,1.0
200012,3,aligned,uniform,online,0.6254866836865066,0.6155251342785423,0.0375,0.1551830520675785,0.14042153937241295,1.0
200012,3,aligned,count,online,0.5289417609356784,0.5394853658683729,0.15625,0.15613171878202348,0.14241561617624723,1.0
200012,3,decorrelated,epistemic,frozen,0.4944120773379905,0.45351187817141164,0.30625,0.203109763983575,0.20310976398357497,0.04895104895104895
200012,3,decorrelated,aleatoric,frozen,0.48194687067976255,0.543587240790041,0.39375,0.203109763983575,0.20310976398357497,0.04895104895104895
200012,3,decorrelated,total,frozen,0.49591878020344576,0.5121333391395279,0.34375,0.203109763983575,0.20310976398357497,0.04895104895104895
200012,3,decorrelated,point,frozen,0.5039508262897939,0.5073669104800158,0.24375,0.203109763983575,0.20310976398357497,0.04895104895104895
200012,3,decorrelated,shuffled,frozen,0.5289628357019318,0.5600484346117595,0.2,0.203109763983575,0.20310976398357497,0.04895104895104895
200012,3,decorrelated,uniform,frozen,0.4645758184413781,0.49798534206662487,0.3625,0.203109763983575,0.20310976398357497,0.04895104895104895
200012,3,decorrelated,count,frozen,0.5166651575190876,0.486999617241925,0.19375,0.203109763983575,0.20310976398357497,0.04895104895104895
200012,3,decorrelated,epistemic,online,0.496545986724398,0.4901719046494347,0.28125,0.18651455479234996,0.17404542079676288,0.04895104895104895
200012,3,decorrelated,aleatoric,online,0.48616857658498536,0.5307254444870754,0.2875,0.1915981953256103,0.17469373872578267,0.04895104895104895
200012,3,decorrelated,total,online,0.4840490399182092,0.49515157956079703,0.25625,0.1848512501817636,0.18110334303694728,0.04895104895104895
200012,3,decorrelated,point,online,0.4947834919934474,0.570387829496761,0.2125,0.19421151025992295,0.17326918470149022,0.04895104895104895
200012,3,decorrelated,shuffled,online,0.5167068520640822,0.5004289680395084,0.23125,0.18909463511021257,0.1787546672776437,0.04895104895104895
200012,3,decorrelated,uniform,online,0.4756733649023359,0.4706433896022103,0.375,0.2006299039653409,0.18571074529460804,0.04895104895104895
200012,3,decorrelated,count,online,0.5087745674002513,0.5093212031110026,0.16875,0.18592258043075055,0.1806511255256756,0.04895104895104895
200012,3,anti,epistemic,frozen,0.45021944694752475,0.4638482207149002,0.0,0.20041263876279047,0.20041263876279047,-1.0
200012,3,anti,aleatoric,frozen,0.4683109644543585,0.5281941060703552,0.0,0.20041263876279047,0.20041263876279047,-1.0
200012,3,anti,total,frozen,0.4593571491995119,0.47340822146661105,0.0,0.20041263876279047,0.20041263876279047,-1.0
200012,3,anti,point,frozen,0.5330438005904042,0.540637039338884,0.0,0.20041263876279047,0.20041263876279047,-1.0
200012,3,anti,shuffled,frozen,0.5392669029235332,0.5618186463449455,0.0,0.20041263876279047,0.20041263876279047,-1.0
200012,3,anti,uniform,frozen,0.5127882934653702,0.4993890895735049,0.0,0.20041263876279047,0.20041263876279047,-1.0
200012,3,anti,count,frozen,0.525579769485748,0.5221800690859467,0.0,0.20041263876279047,0.20041263876279047,-1.0
200012,3,anti,epistemic,online,0.5155196614720934,0.5317037100912214,0.0,0.1640252450323097,0.14318143070803205,-1.0
200012,3,anti,aleatoric,online,0.4785689815281501,0.5178562896029429,0.0,0.18239328951375033,0.15329364396761783,-1.0
200012,3,anti,total,online,0.4951086341107443,0.5884787906682909,0.0,0.17423857171229806,0.14676534722608384,-1.0
200012,3,anti,point,online,0.5432223737404176,0.5565834222466479,0.0,0.16071459091267207,0.13704779530605904,-1.0
200012,3,anti,shuffled,online,0.5171506776983923,0.5211386774743512,0.0,0.1683506104691193,0.1475414710280378,-1.0
200012,3,anti,uniform,online,0.46212134955255335,0.5015085723762754,0.0,0.19534068024565862,0.15418668675881314,-1.0
200012,3,anti,count,online,0.5452353872672682,0.5354009494254358,0.0,0.1624529690804003,0.14358144288419114,-1.0
200013,1,aligned,epistemic,frozen,0.6167553379032853,0.5745772027799345,0.0,0.1565502033230724,0.15655020332307243,1.0
200013,1,aligned,aleatoric,frozen,0.5655598321665157,0.5496346416720291,0.0,0.1565502033230724,0.15655020332307243,1.0
200013,1,aligned,total,frozen,0.6066363450239911,0.5579492144858964,0.0,0.1565502033230724,0.15655020332307243,1.0
200013,1,aligned,point,frozen,0.5267944179654304,0.5160421498367851,0.0,0.1565502033230724,0.15655020332307243,1.0
200013,1,aligned,shuffled,frozen,0.4828308427646773,0.5100857263068204,0.0,0.1565502033230724,0.15655020332307243,1.0
200013,1,aligned,uniform,frozen,0.5364420568150778,0.5633766783574774,0.0,0.1565502033230724,0.15655020332307243,1.0
200013,1,aligned,count,frozen,0.5301645800159924,0.5006578258280328,0.0,0.1565502033230724,0.15655020332307243,1.0
200013,1,aligned,epistemic,online,0.5958534435683606,0.5927837705802215,0.0,0.1524327741768611,0.14820533586126025,1.0
200013,1,aligned,aleatoric,online,0.5864297219411732,0.5509255699211243,0.0,0.15311499780098572,0.1411808270760974,1.0
200013,1,aligned,total,online,0.5564561318796124,0.5708015754279763,0.0,0.14721524657878032,0.14037693249885508,1.0
200013,1,aligned,point,online,0.5228508662344032,0.5721535159431568,0.0,0.1483369297689185,0.1418699657941446,1.0
200013,1,aligned,shuffled,online,0.5204701992986938,0.5217208001629909,0.0,0.14612642066246326,0.1391452944121584,1.0
200013,1,aligned,uniform,online,0.5447433211066655,0.5739415228775944,0.0,0.14856308727348339,0.13908179638322107,1.0
200013,1,aligned,count,online,0.5534411610404172,0.5803993229694345,0.0,0.14971550472883166,0.1512024920281372,1.0
200013,1,decorrelated,epistemic,frozen,0.5264680690730502,0.4498049266158076,0.15625,0.18330157425387733,0.18330157425387736,-0.04895104895104895
200013,1,decorrelated,aleatoric,frozen,0.5229593838296137,0.5406884619594979,0.075,0.18330157425387733,0.18330157425387736,-0.04895104895104895
200013,1,decorrelated,total,frozen,0.5442586094168117,0.543106126905073,0.08125,0.18330157425387733,0.18330157425387736,-0.04895104895104895
200013,1,decorrelated,point,frozen,0.5170990881037437,0.5095134871733906,0.10625,0.18330157425387733,0.18330157425387736,-0.04895104895104895
200013,1,decorrelated,shuffled,frozen,0.5605694871503104,0.5602200616193296,0.05625,0.18330157425387733,0.18330157425387736,-0.04895104895104895
200013,1,decorrelated,uniform,frozen,0.498764923244034,0.4983112651816374,0.16875,0.18330157425387733,0.18330157425387736,-0.04895104895104895
200013,1,decorrelated,count,frozen,0.5219902576295208,0.48288839408882184,0.08125,0.18330157425387733,0.18330157425387736,-0.04895104895104895
200013,1,decorrelated,epistemic,online,0.5553926204581234,0.5433490673547646,0.1,0.1681327623985122,0.15940399808659841,-0.04895104895104895
200013,1,decorrelated,aleatoric,online,0.5435679309082498,0.5291920455912283,0.09375,0.16990109958122118,0.17200253186130923,-0.04895104895104895
200013,1,decorrelated,total,online,0.5347228499606559,0.5324396521337897,0.1,0.16960822005623782,0.16484970987040476,-0.04895104895104895
200013,1,decorrelated,point,online,0.5207645545688302,0.5274532747510424,0.11875,0.17146437449538496,0.16700999331280283,-0.04895104895104895
200013,1,decorrelated,shuffled,online,0.5389302965495546,0.5920594757454212,0.08125,0.17424461393602791,0.16790625148686508,-0.04895104895104895
200013,1,decorrelated,uniform,online,0.4627168411330498,0.5013863556585623,0.175,0.1783181403782264,0.17856413211835975,-0.04895104895104895
200013,1,decorrelated,count,online,0.5451647022624309,0.5418961928985147,0.075,0.17065866652215309,0.16334401443595217,-0.04895104895104895
200013,1,anti,epistemic,frozen,0.4332446620967147,0.4754227972200654,0.21875,0.16238886336659647,0.1623888633665965,-1.0
200013,1,anti,aleatoric,frozen,0.4844401678334843,0.5003653583279709,0.21875,0.16238886336659647,0.1623888633665965,-1.0
200013,1,anti,total,frozen,0.4433636549760089,0.4920507855141037,0.23125,0.16238886336659647,0.1623888633665965,-1.0
200013,1,anti,point,frozen,0.5232055820345695,0.5339578501632148,0.0875,0.16238886336659647,0.1623888633665965,-1.0
200013,1,anti,shuffled,frozen,0.5671691572353227,0.5399142736931796,0.0875,0.16238886336659647,0.1623888633665965,-1.0
200013,1,anti,uniform,frozen,0.5135579431849221,0.48662332164252253,0.1,0.16238886336659647,0.1623888633665965,-1.0
200013,1,anti,count,frozen,0.5198354199840075,0.5493421741719673,0.1125,0.16238886336659647,0.1623888633665965,-1.0
200013,1,anti,epistemic,online,0.507511678517098,0.5047414099543978,0.1125,0.1532333756415866,0.14240573018338076,-1.0
200013,1,anti,aleatoric,online,0.4864882572197124,0.5048272101841805,0.15625,0.15197762997975114,0.14188992612763204,-1.0
200013,1,anti,total,online,0.5016415721918899,0.531196295096964,0.1375,0.15301888046980236,0.15118642929663084,-1.0
200013,1,anti,point,online,0.5490715498404027,0.5400775939288285,0.075,0.1531562662510096,0.14337646371119814,-1.0
200013,1,anti,shuffled,online,0.5363637874176946,0.5411393143005933,0.075,0.1477193932719421,0.13672877681138718,-1.0
200013,1,anti,uniform,online,0.5243629579013122,0.493791991807689,0.0375,0.15289361159094092,0.14619231872645308,-1.0
200013,1,anti,count,online,0.5197932719375368,0.5216418768214721,0.11875,0.15114089437541547,0.14579506852695556,-1.0
200013,2,aligned,epistemic,frozen,0.6322658562748179,0.6358471810718076,0.0,0.16415034270580842,0.16415034270580842,1.0
200013,2,aligned,aleatoric,frozen,0.6192520220512654,0.5865034015675024,0.0,0.16415034270580842,0.16415034270580842,1.0
200013,2,aligned,total,frozen,0.6062611526274395,0.551966419258371,0.0,0.16415034270580842,0.16415034270580842,1.0
200013,2,aligned,point,frozen,0.5726968557548393,0.5650853029655458,0.0,0.16415034270580842,0.16415034270580842,1.0
200013,2,aligned,shuffled,frozen,0.5472636967404804,0.5605466490221824,0.0,0.16415034270580842,0.16415034270580842,1.0
200013,2,aligned,uniform,frozen,0.5663790828360404,0.577774277588715,0.0,0.16415034270580842,0.16415034270580842,1.0
200013,2,aligned,count,frozen,0.5620002950034875,0.5503191237554531,0.0,0.16415034270580842,0.16415034270580842,1.0
200013,2,aligned,epistemic,online,0.5877723184158957,0.5743315667792726,0.0,0.12507848799823232,0.11273949126949846,1.0
200013,2,aligned,aleatoric,online,0.6106191930560187,0.6047132794156799,0.0,0.12217635406878873,0.10744858284834775,1.0
200013,2,aligned,total,online,0.6145548736874449,0.6046098357210354,0.0,0.1243635365798604,0.10995962999254895,1.0
200013,2,aligned,point,online,0.583031178193006,0.558964184609011,0.0,0.12510072078285472,0.1264950148758001,1.0
200013,2,aligned,shuffled,online,0.5969212347136998,0.598354665342266,0.0,0.12107585678340668,0.11402894667131147,1.0
200013,2,aligned,uniform,online,0.6953546086362185,0.6377761114424916,0.0,0.12618539878782215,0.11302272356736931,1.0
200013,2,aligned,count,online,0.5521678413313724,0.5786579157109658,0.0,0.13915606264820474,0.11934504095656563,1.0
200013,2,decorrelated,epistemic,frozen,0.5015154312964157,0.514218279479292,0.29375,0.19345815891030618,0.19345815891030618,-0.04195804195804196
200013,2,decorrelated,aleatoric,frozen,0.4465014104990449,0.4984342091598305,0.3625,0.19345815891030618,0.19345815891030618,-0.04195804195804196
200013,2,decorrelated,total,frozen,0.49427497096480283,0.49574463993782486,0.28125,0.19345815891030618,0.19345815891030618,-0.04195804195804196
200013,2,decorrelated,point,frozen,0.4998320478008013,0.5557018392955004,0.20625,0.19345815891030618,0.19345815891030618,-0.04195804195804196
200013,2,decorrelated,shuffled,frozen,0.5317131705950517,0.5304819833716502,0.15625,0.19345815891030618,0.19345815891030618,-0.04195804195804196
200013,2,decorrelated,uniform,frozen,0.4964837849710503,0.508929401696076,0.175,0.19345815891030618,0.19345815891030618,-0.04195804195804196
200013,2,decorrelated,count,frozen,0.5190317116755254,0.5042545656967724,0.18125,0.19345815891030618,0.19345815891030618,-0.04195804195804196
200013,2,decorrelated,epistemic,online,0.5438459842565809,0.5553011610863788,0.1625,0.15927162577214976,0.1391823118051656,-0.04195804195804196
200013,2,decorrelated,aleatoric,online,0.5019411871656294,0.5418358775049532,0.225,0.17035932893197483,0.14137038111878905,-0.04195804195804196
200013,2,decorrelated,total,online,0.531837848324888,0.5883854949369707,0.20625,0.1632869549790938,0.13761401542997634,-0.04195804195804196
200013,2,decorrelated,point,online,0.5289021326020513,0.5739135631718393,0.13125,0.1688474567197738,0.14616047701136167,-0.04195804195804196
200013,2,decorrelated,shuffled,online,0.5698834075654284,0.6107393383883366,0.125,0.15623071412346484,0.13827498973078772,-0.04195804195804196
200013,2,decorrelated,uniform,online,0.463993614137962,0.5792876273529751,0.4875,0.1909217327506047,0.13665551392180136,-0.04195804195804196
200013,2,decorrelated,count,online,0.5368662162852644,0.5579612739982167,0.1125,0.16457666381621966,0.1452100017981374,-0.04195804195804196
200013,2,anti,epistemic,frozen,0.4177341437251821,0.41415281892819256,0.40625,0.20369924738989237,0.20369924738989234,-1.0
200013,2,anti,aleatoric,frozen,0.43074797794873465,0.4634965984324978,0.43125,0.20369924738989237,0.20369924738989234,-1.0
200013,2,anti,total,frozen,0.4437388473725605,0.49803358074162907,0.44375,0.20369924738989237,0.20369924738989234,-1.0
200013,2,anti,point,frozen,0.47730314424516074,0.48491469703445417,0.3,0.20369924738989237,0.20369924738989234,-1.0
200013,2,anti,shuffled,frozen,0.5027363032595196,0.4894533509778176,0.23125,0.20369924738989237,0.20369924738989234,-1.0
200013,2,anti,uniform,frozen,0.4836209171639596,0.472225722411285,0.25625,0.20369924738989237,0.20369924738989234,-1.0
200013,2,anti,count,frozen,0.48799970499651246,0.49968087624454693,0.33125,0.20369924738989237,0.20369924738989234,-1.0
200013,2,anti,epistemic,online,0.47430264150304213,0.4712910443419097,0.31875,0.18020670931967456,0.16349150686774008,-1.0
200013,2,anti,aleatoric,online,0.47568290524339163,0.5062883463752783,0.2875,0.18521436002928482,0.16572392371817937,-1.0
200013,2,anti,total,online,0.4698630850592438,0.5339240538012255,0.33125,0.18533497090440926,0.1653837198039461,-1.0
200013,2,anti,point,online,0.498910996696282,0.5199896669701274,0.28125,0.1856118267190669,0.1674095178018692,-1.0
200013,2,anti,shuffled,online,0.48995624799848175,0.5081344527676057,0.3125,0.18564250344264335,0.16738917695249586,-1.0
200013,2,anti,uniform,online,0.4068285375126176,0.47660180605996827,0.54375,0.2167664632275086,0.16412766147513957,-1.0
200013,2,anti,count,online,0.5237358006845516,0.532510981305826,0.21875,0.1801940361913406,0.1623882823818881,-1.0
200013,3,aligned,epistemic,frozen,0.6154166400370735,0.5883083125675208,0.05,0.18847317203322148,0.18847317203322145,1.0
200013,3,aligned,aleatoric,frozen,0.5815778403808985,0.5701048293798412,0.08125,0.18847317203322148,0.18847317203322145,1.0
200013,3,aligned,total,frozen,0.5816159836069079,0.5564912995789386,0.0375,0.18847317203322148,0.18847317203322145,1.0
200013,3,aligned,point,frozen,0.5363732268455556,0.513717017980334,0.125,0.18847317203322148,0.18847317203322145,1.0
200013,3,aligned,shuffled,frozen,0.47439794973851884,0.5152146850572221,0.125,0.18847317203322148,0.18847317203322145,1.0
200013,3,aligned,uniform,frozen,0.5186154165435198,0.522307970004075,0.15,0.18847317203322148,0.18847317203322145,1.0
200013,3,aligned,count,frozen,0.5440068418348863,0.5407939110343255,0.0875,0.18847317203322148,0.18847317203322145,1.0
200013,3,aligned,epistemic,online,0.5767804133887073,0.6036731968741705,0.08125,0.17117943273580155,0.15472955958409534,1.0
200013,3,aligned,aleatoric,online,0.602007219700971,0.6221101688583145,0.09375,0.16834782674744755,0.14778153071173797,1.0
200013,3,aligned,total,online,0.5616660380861334,0.5803709174605484,0.09375,0.1717156999554818,0.1569474417765852,1.0
200013,3,aligned,point,online,0.5465857123544421,0.5683456642586511,0.1125,0.17657396114334323,0.15910564674947578,1.0
200013,3,aligned,shuffled,online,0.5363246548471023,0.5411279604401372,0.09375,0.16781676480523897,0.15493275548561933,1.0
200013,3,aligned,uniform,online,0.5414197590509392,0.5785373379922878,0.1125,0.17319106985664767,0.15920127814675566,1.0
200013,3,aligned,count,online,0.533200913785414,0.54460345389998,0.1125,0.1671726633481975,0.15620958308648067,1.0
200013,3,decorrelated,epistemic,frozen,0.4315973119263541,0.42826217631333,0.38125,0.20345975866248084,0.20345975866248087,0.02097902097902098
200013,3,decorrelated,aleatoric,frozen,0.4640351111414013,0.4754862216966343,0.425,0.20345975866248084,0.20345975866248087,0.02097902097902098
200013,3,decorrelated,total,frozen,0.46036933376334427,0.42897255390322747,0.3375,0.20345975866248084,0.20345975866248087,0.02097902097902098
200013,3,decorrelated,point,frozen,0.45217562879765366,0.47407372406026704,0.35625,0.20345975866248084,0.20345975866248087,0.02097902097902098
200013,3,decorrelated,shuffled,frozen,0.48265915331735804,0.5132734936469074,0.2,0.20345975866248084,0.20345975866248087,0.02097902097902098
200013,3,decorrelated,uniform,frozen,0.4616332453813081,0.4415705722205619,0.28125,0.20345975866248084,0.20345975866248087,0.02097902097902098
200013,3,decorrelated,count,frozen,0.47587611381985306,0.46733145810564186,0.2625,0.20345975866248084,0.20345975866248087,0.02097902097902098
200013,3,decorrelated,epistemic,online,0.5058117899191118,0.5408183591648796,0.25,0.19604516599280503,0.18743105306767874,0.02097902097902098
200013,3,decorrelated,aleatoric,online,0.48646808396202346,0.49140104742099633,0.23125,0.20428694912901496,0.1914738075199648,0.02097902097902098
200013,3,decorrelated,total,online,0.45258143892835123,0.45286515860764964,0.30625,0.20725311698322085,0.19548241219269347,0.02097902097902098
200013,3,decorrelated,point,online,0.4820520336816413,0.4645800108024002,0.23125,0.2018237317517621,0.19165791850218253,0.02097902097902098
200013,3,decorrelated,shuffled,online,0.4898295094738054,0.4919545865651932,0.20625,0.19498509282281024,0.18587585325203318,0.02097902097902098
200013,3,decorrelated,uniform,online,0.47868275948967,0.477224011658752,0.1875,0.19466438142143452,0.1870987208513396,0.02097902097902098
200013,3,decorrelated,count,online,0.4954635169497495,0.5051149540726,0.18125,0.1982749544269195,0.1899737026204926,0.02097902097902098
200013,3,anti,epistemic,frozen,0.4345833599629264,0.4616916874324792,0.0,0.19774199170588327,0.19774199170588325,-1.0
200013,3,anti,aleatoric,frozen,0.46842215961910155,0.47989517062015885,0.0,0.19774199170588327,0.19774199170588325,-1.0
200013,3,anti,total,frozen,0.46838401639309213,0.49350870042106143,0.0,0.19774199170588327,0.19774199170588325,-1.0
200013,3,anti,point,frozen,0.5136267731544444,0.5362829820196661,0.0,0.19774199170588327,0.19774199170588325,-1.0
200013,3,anti,shuffled,frozen,0.5756020502614811,0.5347853149427779,0.0,0.19774199170588327,0.19774199170588325,-1.0
200013,3,anti,uniform,frozen,0.5313845834564802,0.5276920299959251,0.0,0.19774199170588327,0.19774199170588325,-1.0
200013,3,anti,count,frozen,0.5059931581651137,0.5092060889656747,0.0,0.19774199170588327,0.19774199170588325,-1.0
200013,3,anti,epistemic,online,0.5244754544356344,0.5367558272192119,0.0,0.15985725935776895,0.13245152002322463,-1.0
200013,3,anti,aleatoric,online,0.5097437573669308,0.5498104445426406,0.0,0.1593849046668181,0.11917689409922745,-1.0
200013,3,anti,total,online,0.5447791294466923,0.5415448905658,0.0,0.14867587048948055,0.12119970063773822,-1.0
200013,3,anti,point,online,0.5397237378559937,0.5756155915920995,0.0,0.1546483223115091,0.12002775608977577,-1.0
200013,3,anti,shuffled,online,0.5480654214533041,0.5924380670160675,0.0,0.146204108991234,0.12735276958227096,-1.0
200013,3,anti,uniform,online,0.5445624879653653,0.5640194967219749,0.0,0.14140606847374146,0.1256134713545971,-1.0
200013,3,anti,count,online,0.5446089344416232,0.5475562319992383,0.0,0.15042230194414502,0.12922767949603048,-1.0
200014,1,aligned,epistemic,frozen,0.6259771650345856,0.5619584503484528,0.0625,0.17619619472059542,0.17619619472059542,1.0
200014,1,aligned,aleatoric,frozen,0.5241241089028591,0.5218758586637922,0.1125,0.17619619472059542,0.17619619472059542,1.0
200014,1,aligned,total,frozen,0.6342531767818322,0.618227569944169,0.0625,0.17619619472059542,0.17619619472059542,1.0
200014,1,aligned,point,frozen,0.5310563063378576,0.557241006464962,0.1625,0.17619619472059542,0.17619619472059542,1.0
200014,1,aligned,shuffled,frozen,0.5092275162505722,0.5092924149286271,0.09375,0.17619619472059542,0.17619619472059542,1.0
200014,1,aligned,uniform,frozen,0.6044376908539583,0.5744996220070805,0.11875,0.17619619472059542,0.17619619472059542,1.0
200014,1,aligned,count,frozen,0.5374808350643141,0.546240158747065,0.1125,0.17619619472059542,0.17619619472059542,1.0
200014,1,aligned,epistemic,online,0.5795934960135287,0.5724471890915128,0.0875,0.14482080505769282,0.13719614391046547,1.0
200014,1,aligned,aleatoric,online,0.5635004901376665,0.5765872860801198,0.05625,0.15351122213457896,0.1404170719925321,1.0
200014,1,aligned,total,online,0.5696510880640095,0.5803867211827651,0.09375,0.1493507695991358,0.13512973009897156,1.0
200014,1,aligned,point,online,0.5335455172990651,0.5417121120007137,0.14375,0.1456499488353987,0.1364557841051347,1.0
200014,1,aligned,shuffled,online,0.5556744744082083,0.5737679790047542,0.09375,0.15061809384442343,0.1422909376632957,1.0
200014,1,aligned,uniform,online,0.482771488628744,0.5282653426111253,0.16875,0.15213678831582095,0.1362244981612444,1.0
200014,1,aligned,count,online,0.5434895813411125,0.5479798023529758,0.09375,0.1484749524174782,0.1412470332358152,1.0
200014,1,decorrelated,epistemic,frozen,0.506699839429802,0.5239083681731689,0.0875,0.17367957116693078,0.17367957116693078,-0.027972027972027972
200014,1,decorrelated,aleatoric,frozen,0.48594106192684416,0.48962487987986947,0.18125,0.17367957116693078,0.17367957116693078,-0.027972027972027972
200014,1,decorrelated,total,frozen,0.5039864702659673,0.509253610387024,0.1,0.17367957116693078,0.17367957116693078,-0.027972027972027972
200014,1,decorrelated,point,frozen,0.5459705956272363,0.525080994242537,0.1,0.17367957116693078,0.17367957116693078,-0.027972027972027972
200014,1,decorrelated,shuffled,frozen,0.5757580927533279,0.5723922642374654,0.0375,0.17367957116693078,0.17367957116693078,-0.027972027972027972
200014,1,decorrelated,uniform,frozen,0.545176364514204,0.5604695158812258,0.05,0.17367957116693078,0.17367957116693078,-0.027972027972027972
200014,1,decorrelated,count,frozen,0.5201518656549052,0.5087437581106006,0.10625,0.17367957116693078,0.17367957116693078,-0.027972027972027972
200014,1,decorrelated,epistemic,online,0.52897212831553,0.5092314844757183,0.1125,0.16129220829777183,0.1563508209709439,-0.027972027972027972
200014,1,decorrelated,aleatoric,online,0.5041859624116347,0.48425733007336513,0.15,0.16524333133186797,0.15848203142110515,-0.027972027972027972
200014,1,decorrelated,total,online,0.511791334423948,0.5020912856538622,0.14375,0.16221921732803768,0.15467899150767903,-0.027972027972027972
200014,1,decorrelated,point,online,0.5320084276883505,0.5690566723242214,0.08125,0.1611323600445876,0.15540329673146386,-0.027972027972027972
200014,1,decorrelated,shuffled,online,0.5277237726527272,0.5376429926465786,0.08125,0.1623950743130293,0.15626272080328452,-0.027972027972027972
200014,1,decorrelated,uniform,online,0.5446881395322336,0.5550723851110311,0.1375,0.16093078051465795,0.15612482341129366,-0.027972027972027972
200014,1,decorrelated,count,online,0.5270665279952761,0.530996602100062,0.08125,0.16195081213787837,0.15972937446688568,-0.027972027972027972
200014,1,anti,epistemic,frozen,0.4240228349654146,0.4880415496515472,0.35,0.1817370234358822,0.1817370234358822,-1.0
200014,1,anti,aleatoric,frozen,0.5258758910971408,0.5281241413362079,0.10625,0.1817370234358822,0.1817370234358822,-1.0
200014,1,anti,total,frozen,0.4157468232181678,0.4317724300558309,0.325,0.1817370234358822,0.1817370234358822,-1.0
200014,1,anti,point,frozen,0.5189436936621423,0.49275899353503805,0.1375,0.1817370234358822,0.1817370234358822,-1.0
200014,1,anti,shuffled,frozen,0.5407724837494279,0.5407075850713731,0.09375,0.1817370234358822,0.1817370234358822,-1.0
200014,1,anti,uniform,frozen,0.4455623091460417,0.47550037799291955,0.30625,0.1817370234358822,0.1817370234358822,-1.0
200014,1,anti,count,frozen,0.512519164935686,0.503759841252935,0.1375,0.1817370234358822,0.1817370234358822,-1.0
200014,1,anti,epistemic,online,0.48036220790648504,0.4948829198114222,0.175,0.17228752229107275,0.15474485511769398,-1.0
200014,1,anti,aleatoric,online,0.5079430197469104,0.4967975004727937,0.13125,0.16492769987363415,0.16409898367005846,-1.0
200014,1,anti,total,online,0.4957675929367042,0.5181075080798241,0.13125,0.16569914437300753,0.15561978447759806,-1.0
200014,1,anti,point,online,0.5484547877149313,0.5863438340722527,0.125,0.15870707871361628,0.14680677273479625,-1.0
200014,1,anti,shuffled,online,0.5376682168781894,0.5466863032064329,0.075,0.16028872959414073,0.14926350659093177,-1.0
200014,1,anti,uniform,online,0.6007468483107057,0.6114984200537995,0.04375,0.16080370990524298,0.14897545161849074,-1.0
200014,1,anti,count,online,0.5214355960321344,0.5288427806609532,0.13125,0.16150382560453275,0.15448737383574607,-1.0
200014,2,aligned,epistemic,frozen,0.6050639873674555,0.5877501222830906,0.0125,0.1763432593141175,0.17634325931411754,1.0
200014,2,aligned,aleatoric,frozen,0.5507383874363129,0.5388097485611338,0.11875,0.1763432593141175,0.17634325931411754,1.0
200014,2,aligned,total,frozen,0.5597803818315403,0.5489446677049032,0.075,0.1763432593141175,0.17634325931411754,1.0
200014,2,aligned,point,frozen,0.54194477689722,0.5069972267983364,0.1,0.1763432593141175,0.17634325931411754,1.0
200014,2,aligned,shuffled,frozen,0.5194966099071554,0.49281710642348475,0.01875,0.1763432593141175,0.17634325931411754,1.0
200014,2,aligned,uniform,frozen,0.5443493840232825,0.5327285513171562,0.10625,0.1763432593141175,0.17634325931411754,1.0
200014,2,aligned,count,frozen,0.5417243269857336,0.5527779154618796,0.08125,0.1763432593141175,0.17634325931411754,1.0
200014,2,aligned,epistemic,online,0.5534417981043707,0.5124849085203875,0.0875,0.15904639888429578,0.14943078299029988,1.0
200014,2,aligned,aleatoric,online,0.5723333552380774,0.5876103345719248,0.075,0.15762855574315865,0.14331814175965452,1.0
200014,2,aligned,total,online,0.5887264209012855,0.5672464174649866,0.0875,0.15920352473387558,0.14645293500918355,1.0
200014,2,aligned,point,online,0.5518328497713103,0.5313883537240685,0.08125,0.15782921866264174,0.1437112239196696,1.0
200014,2,aligned,shuffled,online,0.5333214067281384,0.5626035731635348,0.0875,0.1554383193683672,0.1375927521032366,1.0
200014,2,aligned,uniform,online,0.5274943123794105,0.5586554156503254,0.10625,0.15965105291268206,0.1439682615592481,1.0
200014,2,aligned,count,online,0.5359978584604368,0.5257598385570059,0.1,0.15430545086899272,0.14241816792684275,1.0
200014,2,decorrelated,epistemic,frozen,0.5405769702654342,0.5279994873363287,0.0,0.17173512301422963,0.17173512301422963,-0.04195804195804196
200014,2,decorrelated,aleatoric,frozen,0.5884034864591798,0.5868390509995189,0.0,0.17173512301422963,0.17173512301422963,-0.04195804195804196
200014,2,decorrelated,total,frozen,0.5276538138669727,0.5233989390193877,0.0,0.17173512301422963,0.17173512301422963,-0.04195804195804196
200014,2,decorrelated,point,frozen,0.564447844721817,0.5818786346440801,0.0,0.17173512301422963,0.17173512301422963,-0.04195804195804196
200014,2,decorrelated,shuffled,frozen,0.5311698607582882,0.534769210922675,0.0,0.17173512301422963,0.17173512301422963,-0.04195804195804196
200014,2,decorrelated,uniform,frozen,0.49004695376086804,0.5581727900960877,0.0,0.17173512301422963,0.17173512301422963,-0.04195804195804196
200014,2,decorrelated,count,frozen,0.5433661110138186,0.5618254679680371,0.0,0.17173512301422963,0.17173512301422963,-0.04195804195804196
200014,2,decorrelated,epistemic,online,0.5456440287621849,0.5315003349421913,0.0,0.16297709733015991,0.15899403748007893,-0.04195804195804196
200014,2,decorrelated,aleatoric,online,0.5868371860015754,0.6167420727519677,0.0,0.16380651847789948,0.16007328637222337,-0.04195804195804196
200014,2,decorrelated,total,online,0.5973512919014732,0.5967071633726491,0.0,0.16279127351492395,0.15987499773030753,-0.04195804195804196
200014,2,decorrelated,point,online,0.5493020817278897,0.5631557001927383,0.0,0.16139570200867742,0.15692960275770412,-0.04195804195804196
200014,2,decorrelated,shuffled,online,0.5613821933034285,0.5859315731043248,0.0,0.16062301186473601,0.15579653495201967,-0.04195804195804196
200014,2,decorrelated,uniform,online,0.5640343739939707,0.6063074585686393,0.0,0.16262771196567977,0.1614414057859427,-0.04195804195804196
200014,2,decorrelated,count,online,0.5292961694871405,0.5350972384372842,0.0,0.161693820416892,0.15630593171940546,-0.04195804195804196
200014,2,anti,epistemic,frozen,0.44493601263254456,0.4622498777169094,0.24375,0.17056761897030912,0.17056761897030912,-1.0
200014,2,anti,aleatoric,frozen,0.4992616125636872,0.5111902514388663,0.26875,0.17056761897030912,0.17056761897030912,-1.0
200014,2,anti,total,frozen,0.4902196181684596,0.5010553322950967,0.175,0.17056761897030912,0.17056761897030912,-1.0
200014,2,anti,point,frozen,0.5080552231027801,0.5430027732016638,0.2625,0.17056761897030912,0.17056761897030912,-1.0
200014,2,anti,shuffled,frozen,0.5305033900928444,0.5571828935765153,0.1375,0.17056761897030912,0.17056761897030912,-1.0
200014,2,anti,uniform,frozen,0.5056506159767176,0.5172714486828438,0.1125,0.17056761897030912,0.17056761897030912,-1.0
200014,2,anti,count,frozen,0.5082756730142665,0.49722208453812045,0.18125,0.17056761897030912,0.17056761897030912,-1.0
200014,2,anti,epistemic,online,0.5460001685985386,0.5947706286043835,0.15,0.14888321644638586,0.138563280897532,-1.0
200014,2,anti,aleatoric,online,0.5264488255218815,0.5505454956983759,0.2375,0.14975319783768787,0.13039234892102344,-1.0
200014,2,anti,total,online,0.5196391943969603,0.5227041557599273,0.21875,0.15983464188892915,0.13820826945304188,-1.0
200014,2,anti,point,online,0.5429740311297541,0.5706322333011246,0.15625,0.14886206637135388,0.13687728529125823,-1.0
200014,2,anti,shuffled,online,0.5407056299576516,0.5630668100340745,0.15625,0.15229357890535794,0.14025810630639232,-1.0
200014,2,anti,uniform,online,0.5801942590738225,0.5851555713945282,0.14375,0.14855393549282642,0.13801231820427656,-1.0
200014,2,anti,count,online,0.5531382069783182,0.560019860409084,0.11875,0.15033294263640737,0.13932491675744152,-1.0
200014,3,aligned,epistemic,frozen,0.5454676533887108,0.5010316436961165,0.06875,0.1985041854199306,0.19850418541993062,1.0
200014,3,aligned,aleatoric,frozen,0.5025331694525761,0.4607124910547743,0.09375,0.1985041854199306,0.19850418541993062,1.0
200014,3,aligned,total,frozen,0.5413321011110996,0.550465399293246,0.11875,0.1985041854199306,0.19850418541993062,1.0
200014,3,aligned,point,frozen,0.5053811350455,0.50530589612875,0.08125,0.1985041854199306,0.19850418541993062,1.0
200014,3,aligned,shuffled,frozen,0.5130068063071462,0.5143768550571097,0.05,0.1985041854199306,0.19850418541993062,1.0
200014,3,aligned,uniform,frozen,0.4622337216138871,0.47218859495521615,0.16875,0.1985041854199306,0.19850418541993062,1.0
200014,3,aligned,count,frozen,0.49899706943869315,0.5394421021232416,0.09375,0.1985041854199306,0.19850418541993062,1.0
200014,3,aligned,epistemic,online,0.5373631467166387,0.5073011637841983,0.075,0.19452559992244917,0.1890179804917699,1.0
200014,3,aligned,aleatoric,online,0.5167262914239423,0.5468162827874178,0.13125,0.1911155811101895,0.18162326877204418,1.0
200014,3,aligned,total,online,0.511509906365643,0.5461804013577674,0.075,0.19074262648865523,0.17909611386770674,1.0
200014,3,aligned,point,online,0.49402014091042945,0.45085749563223115,0.1375,0.19030717282637705,0.1777878247178745,1.0
200014,3,aligned,shuffled,online,0.47343839547881217,0.46192203543726895,0.1375,0.197925431278783,0.2005812400365868,1.0
200014,3,aligned,uniform,online,0.5467045119117125,0.5422677383382701,0.05,0.19358018985598013,0.18980682798266216,1.0
200014,3,aligned,count,online,0.5103856117853455,0.5417418973534991,0.09375,0.1907413526172075,0.1783245340861931,1.0
200014,3,decorrelated,epistemic,frozen,0.5104995541524444,0.49072553639733396,0.325,0.214848434025726,0.21484843402572606,0.0
200014,3,decorrelated,aleatoric,frozen,0.44765045219242705,0.44708556795222715,0.53125,0.214848434025726,0.21484843402572606,0.0
200014,3,decorrelated,total,frozen,0.47196249256641404,0.5389814492675974,0.425,0.214848434025726,0.21484843402572606,0.0
200014,3,decorrelated,point,frozen,0.47573037267089885,0.4850749451098858,0.3875,0.214848434025726,0.21484843402572606,0.0
200014,3,decorrelated,shuffled,frozen,0.4878756681591733,0.4577356058208383,0.35,0.214848434025726,0.21484843402572606,0.0
200014,3,decorrelated,uniform,frozen,0.42538296320889335,0.39634689143607027,0.525,0.214848434025726,0.21484843402572606,0.0
200014,3,decorrelated,count,frozen,0.5043726483330411,0.5141251651429887,0.2875,0.214848434025726,0.21484843402572606,0.0
200014,3,decorrelated,epistemic,online,0.49191482415142096,0.5269094408776611,0.325,0.2032711523937892,0.18363858733512176,0.0
200014,3,decorrelated,aleatoric,online,0.4877380577177707,0.5116836263634648,0.39375,0.2000824324853631,0.1785827958780358,0.0
200014,3,decorrelated,total,online,0.5296441067815824,0.5643542803388406,0.29375,0.1989002580368046,0.17072264061888487,0.0
200014,3,decorrelated,point,online,0.4942039449937988,0.5247998145196693,0.34375,0.20632019418734676,0.18775599896381387,0.0
200014,3,decorrelated,shuffled,online,0.49875515536536363,0.5335685095222077,0.33125,0.20209583871213477,0.18926618132234593,0.0
200014,3,decorrelated,uniform,online,0.5275957636765298,0.5466342564982932,0.34375,0.1905047922536774,0.16237614095823075,0.0
200014,3,decorrelated,count,online,0.5009061372915035,0.495816408524845,0.28125,0.19411583180623943,0.1911958913645485,0.0
200014,3,anti,epistemic,frozen,0.5045323466112892,0.5489683563038834,0.0,0.16104721141112321,0.16104721141112321,-1.0
200014,3,anti,aleatoric,frozen,0.5474668305474238,0.5892875089452259,0.0,0.16104721141112321,0.16104721141112321,-1.0
200014,3,anti,total,frozen,0.5086678988889003,0.499534600706754,0.0,0.16104721141112321,0.16104721141112321,-1.0
200014,3,anti,point,frozen,0.5446188649545001,0.54469410387125,0.0,0.16104721141112321,0.16104721141112321,-1.0
200014,3,anti,shuffled,frozen,0.5369931936928538,0.5356231449428902,0.0,0.16104721141112321,0.16104721141112321,-1.0
200014,3,anti,uniform,frozen,0.5877662783861128,0.5778114050447838,0.0,0.16104721141112321,0.16104721141112321,-1.0
200014,3,anti,count,frozen,0.5510029305613069,0.5105578978767584,0.0,0.16104721141112321,0.16104721141112321,-1.0
200014,3,anti,epistemic,online,0.5348404041408559,0.5748457964460477,0.0,0.14187110414771623,0.12925902321500968,-1.0
200014,3,anti,aleatoric,online,0.5599031304531799,0.5697354776658599,0.0,0.1333207485746087,0.12409993048383595,-1.0
200014,3,anti,total,online,0.547368523253193,0.5365106999943203,0.0,0.14130674288805858,0.12590660052225167,-1.0
200014,3,anti,point,online,0.5778106275822298,0.6068212120443273,0.0,0.13718642803179923,0.12732529675855117,-1.0
200014,3,anti,shuffled,online,0.5693692007032133,0.5838284182806184,0.0,0.13819169757826402,0.13123944113547711,-1.0
200014,3,anti,uniform,online,0.5121046105239527,0.5290035212198138,0.0,0.14731300338348724,0.12700711877945095,-1.0
200014,3,anti,count,online,0.5503292029280502,0.5257359327008008,0.0,0.13592677599040312,0.12497355186231407,-1.0
200015,1,aligned,epistemic,frozen,0.6222348347379751,0.5536425029436645,0.0375,0.1737561197791346,0.1737561197791346,1.0
200015,1,aligned,aleatoric,frozen,0.5412980058387432,0.5238337030702949,0.1125,0.1737561197791346,0.1737561197791346,1.0
200015,1,aligned,total,frozen,0.6161946308946898,0.6011312078576654,0.075,0.1737561197791346,0.1737561197791346,1.0
200015,1,aligned,point,frozen,0.5064681166972596,0.48904217594405014,0.15625,0.1737561197791346,0.1737561197791346,1.0
200015,1,aligned,shuffled,frozen,0.5275202704181602,0.5210670082203337,0.06875,0.1737561197791346,0.1737561197791346,1.0
200015,1,aligned,uniform,frozen,0.5286293559123717,0.5430496958560076,0.11875,0.1737561197791346,0.1737561197791346,1.0
200015,1,aligned,count,frozen,0.5407782482802548,0.5292261492016779,0.08125,0.1737561197791346,0.1737561197791346,1.0
200015,1,aligned,epistemic,online,0.5846929206706456,0.5671514236019434,0.04375,0.14037282105879845,0.1294206789345216,1.0
200015,1,aligned,aleatoric,online,0.5470806768052137,0.5448626462662128,0.11875,0.14151582635206075,0.12860069740158422,1.0
200015,1,aligned,total,online,0.5907094656702048,0.6138123899864998,0.06875,0.13291375380426632,0.12213575807079051,1.0
200015,1,aligned,point,online,0.5721849608590975,0.5475907783021963,0.1,0.1414495776575324,0.1283789733284048,1.0
200015,1,aligned,shuffled,online,0.5984522249709225,0.6287110428012378,0.0875,0.13868802155930376,0.13583104759641038,1.0
200015,1,aligned,uniform,online,0.5737625539241534,0.5854011072509231,0.01875,0.143761389426879,0.13725328268780682,1.0
200015,1,aligned,count,online,0.5447669316318453,0.550588517715882,0.0875,0.14098729090710585,0.12500839749613663,1.0
200015,1,decorrelated,epistemic,frozen,0.5462863936647006,0.5446780068017212,0.16875,0.1826617210518999,0.1826617210518999,-0.027972027972027972
200015,1,decorrelated,aleatoric,frozen,0.4824196921235737,0.4650174383820215,0.20625,0.1826617210518999,0.1826617210518999,-0.027972027972027972
200015,1,decorrelated,total,frozen,0.5327138483157869,0.5079305145468757,0.1375,0.1826617210518999,0.1826617210518999,-0.027972027972027972
200015,1,decorrelated,point,frozen,0.512101426765455,0.5133271030427216,0.125,0.1826617210518999,0.1826617210518999,-0.027972027972027972
200015,1,decorrelated,shuffled,frozen,0.5174311752074201,0.454364081123752,0.19375,0.1826617210518999,0.1826617210518999,-0.027972027972027972
200015,1,decorrelated,uniform,frozen,0.4807015995050282,0.5147766668886538,0.1625,0.1826617210518999,0.1826617210518999,-0.027972027972027972
200015,1,decorrelated,count,frozen,0.49732066155259014,0.49187350994705287,0.15625,0.1826617210518999,0.1826617210518999,-0.027972027972027972
200015,1,decorrelated,epistemic,online,0.5285107250965598,0.5666359888493011,0.13125,0.16144930739619917,0.15427347957108498,-0.027972027972027972
200015,1,decorrelated,aleatoric,online,0.5181920385415892,0.5241262523835333,0.125,0.1642796867890855,0.15156129852852385,-0.027972027972027972
200015,1,decorrelated,total,online,0.5416337603204979,0.5044269388053595,0.11875,0.16106201607647944,0.15928472461307971,-0.027972027972027972
200015,1,decorrelated,point,online,0.5008056677026035,0.502654791615204,0.1625,0.1634278930820571,0.15502773057637811,-0.027972027972027972
200015,1,decorrelated,shuffled,online,0.5354214690908158,0.5348818714934956,0.1625,0.16254868997451394,0.15733782432357693,-0.027972027972027972
200015,1,decorrelated,uniform,online,0.49795497198225086,0.49198385764039243,0.26875,0.16576506593915377,0.15754769823795065,-0.027972027972027972
200015,1,decorrelated,count,online,0.5311506183796373,0.5273106435924679,0.1125,0.1633569877057753,0.15213784232202635,-0.027972027972027972
200015,1,anti,epistemic,frozen,0.4277651652620248,0.4963574970563357,0.0,0.18576093252124773,0.18576093252124773,-1.0
200015,1,anti,aleatoric,frozen,0.5087019941612567,0.5261662969297051,0.0,0.18576093252124773,0.18576093252124773,-1.0
200015,1,anti,total,frozen,0.43380536910531015,0.4488687921423346,0.0,0.18576093252124773,0.18576093252124773,-1.0
200015,1,anti,point,frozen,0.5435318833027404,0.5609578240559498,0.0,0.18576093252124773,0.18576093252124773,-1.0
200015,1,anti,shuffled,frozen,0.5224797295818397,0.5289329917796664,0.0,0.18576093252124773,0.18576093252124773,-1.0
200015,1,anti,uniform,frozen,0.5213706440876283,0.5069503041439924,0.0,0.18576093252124773,0.18576093252124773,-1.0
200015,1,anti,count,frozen,0.5092217517197453,0.5207738507983223,0.0,0.18576093252124773,0.18576093252124773,-1.0
200015,1,anti,epistemic,online,0.499819060650146,0.5300732123703078,0.0,0.1548801493504956,0.1320427802514769,-1.0
200015,1,anti,aleatoric,online,0.5195107919176211,0.5322363820408518,0.0,0.15301540389770452,0.13826222918378928,-1.0
200015,1,anti,total,online,0.49657282456097995,0.4873870451064515,0.0,0.15883273561108235,0.141470293604711,-1.0
200015,1,anti,point,online,0.5138915762039741,0.5303512040587762,0.0,0.1551136894941291,0.13988371772830283,-1.0
200015,1,anti,shuffled,online,0.504190451801951,0.4797816442341875,0.0,0.15565441881371242,0.13345160386646096,-1.0
200015,1,anti,uniform,online,0.49244779305648806,0.4752427328332841,0.0,0.16337018072208234,0.1481210109247121,-1.0
200015,1,anti,count,online,0.5455590736663767,0.5565720255458458,0.0,0.15293973992709656,0.13618576398697815,-1.0
200015,2,aligned,epistemic,frozen,0.6580542026069676,0.6414497862024023,0.04375,0.17132175856995754,0.17132175856995754,1.0
200015,2,aligned,aleatoric,frozen,0.5660268902424239,0.5011317610505286,0.1125,0.17132175856995754,0.17132175856995754,1.0
200015,2,aligned,total,frozen,0.6169014594019189,0.5631587350144253,0.075,0.17132175856995754,0.17132175856995754,1.0
200015,2,aligned,point,frozen,0.5405449153421061,0.5201390769114477,0.10625,0.17132175856995754,0.17132175856995754,1.0
200015,2,aligned,shuffled,frozen,0.531367023069813,0.4965198160327854,0.1625,0.17132175856995754,0.17132175856995754,1.0
200015,2,aligned,uniform,frozen,0.5694617028876279,0.5302778966920549,0.0375,0.17132175856995754,0.17132175856995754,1.0
200015,2,aligned,count,frozen,0.5353027020326963,0.5244567084009677,0.10625,0.17132175856995754,0.17132175856995754,1.0
200015,2,aligned,epistemic,online,0.619766580157419,0.6240222889946044,0.04375,0.13239492782714132,0.12605789902568967,1.0
200015,2,aligned,aleatoric,online,0.6084406976278794,0.6529709189768558,0.1375,0.13306314616771936,0.11476759249732175,1.0
200015,2,aligned,total,online,0.612094799356159,0.6309341388037065,0.0625,0.1268762601963601,0.11374045687741224,1.0
200015,2,aligned,point,online,0.5867459737898075,0.5844638564553335,0.0875,0.1256555269967318,0.10876314831300075,1.0
200015,2,aligned,shuffled,online,0.5442065940314261,0.5290294822471223,0.05625,0.132980036708509,0.11917057747484938,1.0
200015,2,aligned,uniform,online,0.5688265567742858,0.615367936402268,0.0875,0.1324359523438776,0.11953221026546461,1.0
200015,2,aligned,count,online,0.5853531727843851,0.626020575741825,0.1,0.12881566872917827,0.11378685674182937,1.0
200015,2,decorrelated,epistemic,frozen,0.5200959449300304,0.5544867438966162,0.04375,0.19466175085271684,0.19466175085271684,0.034965034965034975
200015,2,decorrelated,aleatoric,frozen,0.5213588427323501,0.5094384985297149,0.1125,0.19466175085271684,0.19466175085271684,0.034965034965034975
200015,2,decorrelated,total,frozen,0.5322191844533954,0.5393614806499998,0.075,0.19466175085271684,0.19466175085271684,0.034965034965034975
200015,2,decorrelated,point,frozen,0.527760307590875,0.5648763843131273,0.10625,0.19466175085271684,0.19466175085271684,0.034965034965034975
200015,2,decorrelated,shuffled,frozen,0.5269528061577491,0.48503872024507133,0.1625,0.19466175085271684,0.19466175085271684,0.034965034965034975
200015,2,decorrelated,uniform,frozen,0.5429123355628963,0.5247484579823171,0.0375,0.19466175085271684,0.19466175085271684,0.034965034965034975
200015,2,decorrelated,count,frozen,0.5086481771179535,0.4958650199691442,0.10625,0.19466175085271684,0.19466175085271684,0.034965034965034975
200015,2,decorrelated,epistemic,online,0.5355877846792269,0.5455591503378849,0.0625,0.17869162567651437,0.17069662956749032,0.034965034965034975
200015,2,decorrelated,aleatoric,online,0.5026856555744594,0.504782625479,0.1625,0.18440335982532613,0.17235190250670837,0.034965034965034975
200015,2,decorrelated,total,online,0.5209926763555005,0.48143891205606604,0.09375,0.1748340526151253,0.1695721763574328,0.034965034965034975
200015,2,decorrelated,point,online,0.5308209688230832,0.5209995471004518,0.1,0.17511002294346442,0.17129158372657513,0.034965034965034975
200015,2,decorrelated,shuffled,online,0.5827147969743607,0.5851786769564177,0.0625,0.17179987458734583,0.1701448062580956,0.034965034965034975
200015,2,decorrelated,uniform,online,0.5229190897731816,0.5521405347877854,0.1,0.17805307274484333,0.17249304040244348,0.034965034965034975
200015,2,decorrelated,count,online,0.5144117181761745,0.5034323723050165,0.1125,0.17288288223373066,0.17034913673754834,0.034965034965034975
200015,2,anti,epistemic,frozen,0.3919457973930324,0.40855021379759765,0.3375,0.20757305268290432,0.20757305268290435,-1.0
200015,2,anti,aleatoric,frozen,0.483973109757576,0.5488682389494715,0.25625,0.20757305268290432,0.20757305268290435,-1.0
200015,2,anti,total,frozen,0.43309854059808117,0.48684126498557473,0.3,0.20757305268290432,0.20757305268290435,-1.0
200015,2,anti,point,frozen,0.5094550846578938,0.5298609230885523,0.15625,0.20757305268290432,0.20757305268290435,-1.0
200015,2,anti,shuffled,frozen,0.518632976930187,0.5534801839672145,0.075,0.20757305268290432,0.20757305268290435,-1.0
200015,2,anti,uniform,frozen,0.48053829711237217,0.5197221033079451,0.15625,0.20757305268290432,0.20757305268290435,-1.0
200015,2,anti,count,frozen,0.5146972979673038,0.5255432915990323,0.14375,0.20757305268290432,0.20757305268290435,-1.0
200015,2,anti,epistemic,online,0.4707019467456117,0.5459832349692088,0.2125,0.19421540180696495,0.15123245536006966,-1.0
200015,2,anti,aleatoric,online,0.518061487179422,0.5332332870527848,0.20625,0.17273471945082433,0.14309348096042324,-1.0
200015,2,anti,total,online,0.49479716764186177,0.5114244505384112,0.16875,0.1797074898645788,0.1542510438339699,-1.0
200015,2,anti,point,online,0.5074610142924558,0.5298626710111954,0.15,0.1770341219394341,0.15680865222293086,-1.0
200015,2,anti,shuffled,online,0.5211572293178632,0.4923947254256997,0.1125,0.17567734502661167,0.15791538249068898,-1.0
200015,2,anti,uniform,online,0.5477661122876625,0.5519331977554137,0.125,0.16847352513847796,0.1439850581861112,-1.0
200015,2,anti,count,online,0.5052250914947841,0.5168478658767162,0.09375,0.17625133035330948,0.1523695807413474,-1.0
200015,3,aligned,epistemic,frozen,0.6365271035731965,0.6681027908636702,0.0625,0.19682348525894927,0.1968234852589493,1.0
200015,3,aligned,aleatoric,frozen,0.6089620786367874,0.5878211566590569,0.08125,0.19682348525894927,0.1968234852589493,1.0
200015,3,aligned,total,frozen,0.6374422317342474,0.585968843140558,0.0625,0.19682348525894927,0.1968234852589493,1.0
200015,3,aligned,point,frozen,0.5284148672411778,0.5143669482589841,0.18125,0.19682348525894927,0.1968234852589493,1.0
200015,3,aligned,shuffled,frozen,0.554307230625317,0.6071687074433438,0.175,0.19682348525894927,0.1968234852589493,1.0
200015,3,aligned,uniform,frozen,0.5536446412570127,0.5582170084201205,0.13125,0.19682348525894927,0.1968234852589493,1.0
200015,3,aligned,count,frozen,0.5588927684918436,0.5838522478254629,0.1,0.19682348525894927,0.1968234852589493,1.0
200015,3,aligned,epistemic,online,0.5973928460415131,0.6008441806880378,0.0875,0.14479580779305548,0.13627912483420324,1.0
200015,3,aligned,aleatoric,online,0.6076573560446425,0.6016892717262255,0.10625,0.16272635461523413,0.14541050573512396,1.0
200015,3,aligned,total,online,0.6313521290407544,0.5951935396096696,0.06875,0.14687530855082576,0.13927678870392687,1.0
200015,3,aligned,point,online,0.5694924694131679,0.56184059636305,0.11875,0.15136146444545234,0.14648026131456052,1.0
200015,3,aligned,shuffled,online,0.589333665615044,0.6114993248417808,0.05625,0.14275630189186062,0.1298954319343604,1.0
200015,3,aligned,uniform,online,0.6131713962302836,0.5977186647609087,0.1,0.1561819564730426,0.14908231743275924,1.0
200015,3,aligned,count,online,0.5642927001137628,0.5524343986729259,0.0875,0.14157277540695307,0.1255145678628393,1.0
200015,3,decorrelated,epistemic,frozen,0.4598982056466568,0.47127596859960186,0.51875,0.24428472363126646,0.24428472363126644,-0.027972027972027972
200015,3,decorrelated,aleatoric,frozen,0.44211269099350997,0.44451628121844955,0.46875,0.24428472363126646,0.24428472363126644,-0.027972027972027972
200015,3,decorrelated,total,frozen,0.43662331364779616,0.42032169659375035,0.5625,0.24428472363126646,0.24428472363126644,-0.027972027972027972
200015,3,decorrelated,point,frozen,0.45290040111112795,0.4696236189661017,0.4375,0.24428472363126646,0.24428472363126644,-0.027972027972027972
200015,3,decorrelated,shuffled,frozen,0.45374113356883583,0.4554368738442525,0.55625,0.24428472363126646,0.24428472363126644,-0.027972027972027972
200015,3,decorrelated,uniform,frozen,0.497831427909554,0.49673554057838115,0.34375,0.24428472363126646,0.24428472363126644,-0.027972027972027972
200015,3,decorrelated,count,frozen,0.4832846682744881,0.5043272976420348,0.3,0.24428472363126646,0.24428472363126644,-0.027972027972027972
200015,3,decorrelated,epistemic,online,0.4793848575849339,0.46848222531184935,0.35625,0.22795129439517475,0.2182862704987034,-0.027972027972027972
200015,3,decorrelated,aleatoric,online,0.44313355652172837,0.44664115512316105,0.475,0.2482585938313576,0.2224996143171316,-0.027972027972027972
200015,3,decorrelated,total,online,0.48842484383324647,0.5255436486384127,0.3625,0.22939431244429742,0.1978599558523393,-0.027972027972027972
200015,3,decorrelated,point,online,0.49413573879521716,0.5413650106027228,0.36875,0.22518435805030582,0.19627875324126387,-0.027972027972027972
200015,3,decorrelated,shuffled,online,0.5029233736896399,0.521431276329672,0.2625,0.21898861358001803,0.18901802184204322,-0.027972027972027972
200015,3,decorrelated,uniform,online,0.4364052378722132,0.4473847915545458,0.53125,0.25695618480447263,0.2338176036980091,-0.027972027972027972
200015,3,decorrelated,count,online,0.5054180803637538,0.4940261746148923,0.2625,0.21347367034256853,0.2006077632101609,-0.027972027972027972
200015,3,anti,epistemic,frozen,0.4134728964268035,0.3818972091363298,0.45625,0.21388724687167932,0.21388724687167934,-1.0
200015,3,anti,aleatoric,frozen,0.4410379213632126,0.4621788433409432,0.3875,0.21388724687167932,0.21388724687167934,-1.0
200015,3,anti,total,frozen,0.4125577682657527,0.464031156859442,0.5,0.21388724687167932,0.21388724687167934,-1.0
200015,3,anti,point,frozen,0.5215851327588222,0.5356330517410159,0.25625,0.21388724687167932,0.21388724687167934,-1.0
200015,3,anti,shuffled,frozen,0.495692769374683,0.4428312925566564,0.38125,0.21388724687167932,0.21388724687167934,-1.0
200015,3,anti,uniform,frozen,0.4963553587429873,0.4917829915798796,0.2125,0.21388724687167932,0.21388724687167934,-1.0
200015,3,anti,count,frozen,0.49110723150815644,0.4661477521745372,0.2,0.21388724687167932,0.21388724687167934,-1.0
200015,3,anti,epistemic,online,0.48730055597728034,0.513703726271715,0.25,0.1969897104776403,0.16854087122037686,-1.0
200015,3,anti,aleatoric,online,0.4991021564568909,0.5227997641198908,0.3,0.1921974195430406,0.1609689934492611,-1.0
200015,3,anti,total,online,0.4795079999612719,0.5267444100578993,0.26875,0.19914945710342363,0.16267708726319155,-1.0
200015,3,anti,point,online,0.5234038443055434,0.5340779066537326,0.2125,0.18380645335349904,0.16469115103090584,-1.0
200015,3,anti,shuffled,online,0.49673575265221226,0.5008062811904516,0.16875,0.1873458879256477,0.16969976527039907,-1.0
200015,3,anti,uniform,online,0.48689334688595676,0.5373527882330775,0.3625,0.20163173595956954,0.16634417172143345,-1.0
200015,3,anti,count,online,0.5252804554464066,0.5891791135636243,0.13125,0.1797045527370998,0.1556253763333746,-1.0
200016,1,aligned,epistemic,frozen,0.5895100428667682,0.5541285917585052,0.0,0.17518632333718376,0.17518632333718376,1.0
200016,1,aligned,aleatoric,frozen,0.5845247901065079,0.5575758019717909,0.0,0.17518632333718376,0.17518632333718376,1.0
200016,1,aligned,total,frozen,0.5797728322096921,0.553979555148907,0.0,0.17518632333718376,0.17518632333718376,1.0
200016,1,aligned,point,frozen,0.5166441088989655,0.5329733121609,0.0,0.17518632333718376,0.17518632333718376,1.0
200016,1,aligned,shuffled,frozen,0.5530417768021618,0.5307618545868585,0.0,0.17518632333718376,0.17518632333718376,1.0
200016,1,aligned,uniform,frozen,0.5181398813009295,0.5170999034884505,0.0,0.17518632333718376,0.17518632333718376,1.0
200016,1,aligned,count,frozen,0.541601323544675,0.5147650127303118,0.0,0.17518632333718376,0.17518632333718376,1.0
200016,1,aligned,epistemic,online,0.604679095870304,0.5782147577586871,0.0,0.14606337553136037,0.1394093475835608,1.0
200016,1,aligned,aleatoric,online,0.5886413993633133,0.5269061145374287,0.0,0.1443974860087283,0.14524235303496788,1.0
200016,1,aligned,total,online,0.5682358179308411,0.5420027054758515,0.0,0.14817374630294616,0.14010841447811292,1.0
200016,1,aligned,point,online,0.5613143383661019,0.5909373808474072,0.0,0.14564770470266147,0.13558586171257445,1.0
200016,1,aligned,shuffled,online,0.5485766307776357,0.5461938922025031,0.0,0.1490335504322268,0.13616732358397926,1.0
200016,1,aligned,uniform,online,0.5778242371125478,0.5939521226810298,0.0,0.14430884051110862,0.1358710219060585,1.0
200016,1,aligned,count,online,0.5538270337726525,0.5573354254689729,0.0,0.1475808180035511,0.13906838435586247,1.0
200016,1,decorrelated,epistemic,frozen,0.4657259330228046,0.4592614137496608,0.18125,0.1986514060517232,0.19865140605172318,-0.04895104895104895
200016,1,decorrelated,aleatoric,frozen,0.47229609412210516,0.47758659097813494,0.2,0.1986514060517232,0.19865140605172318,-0.04895104895104895
200016,1,decorrelated,total,frozen,0.47365192152639396,0.4536351552810117,0.14375,0.1986514060517232,0.19865140605172318,-0.04895104895104895
200016,1,decorrelated,point,frozen,0.48765792542982905,0.48804034456567996,0.125,0.1986514060517232,0.19865140605172318,-0.04895104895104895
200016,1,decorrelated,shuffled,frozen,0.5025190474058112,0.4835926516819984,0.18125,0.1986514060517232,0.19865140605172318,-0.04895104895104895
200016,1,decorrelated,uniform,frozen,0.49727550526504044,0.464776311375808,0.175,0.1986514060517232,0.19865140605172318,-0.04895104895104895
200016,1,decorrelated,count,frozen,0.5119546201198104,0.5185389955814191,0.1,0.1986514060517232,0.19865140605172318,-0.04895104895104895
200016,1,decorrelated,epistemic,online,0.48170033669838797,0.4873034479442103,0.14375,0.18872341845865287,0.18048051811244592,-0.04895104895104895
200016,1,decorrelated,aleatoric,online,0.48846921210046335,0.5457641022702042,0.20625,0.19325110004162518,0.1833819096891481,-0.04895104895104895
200016,1,decorrelated,total,online,0.49262700632317935,0.5074896127305838,0.1375,0.1906718368567469,0.18284415206866897,-0.04895104895104895
200016,1,decorrelated,point,online,0.5119718743962653,0.5403890747308262,0.075,0.18905655363718354,0.18426995355901862,-0.04895104895104895
200016,1,decorrelated,shuffled,online,0.5240771552520599,0.5535598642002764,0.0625,0.18775044421929152,0.1866712667928241,-0.04895104895104895
200016,1,decorrelated,uniform,online,0.49664253236898404,0.4996810739319054,0.13125,0.18797504195978046,0.18252934220393383,-0.04895104895104895
200016,1,decorrelated,count,online,0.5137650281690425,0.4963558152169544,0.1,0.18757720087964608,0.18004319999594928,-0.04895104895104895
200016,1,anti,epistemic,frozen,0.4604899571332318,0.49587140824149484,0.3625,0.18410104423604867,0.18410104423604867,-1.0
200016,1,anti,aleatoric,frozen,0.4654752098934921,0.49242419802820914,0.3625,0.18410104423604867,0.18410104423604867,-1.0
200016,1,anti,total,frozen,0.47022716779030793,0.49602044485109315,0.31875,0.18410104423604867,0.18410104423604867,-1.0
200016,1,anti,point,frozen,0.5333558911010344,0.5170266878390999,0.225,0.18410104423604867,0.18410104423604867,-1.0
200016,1,anti,shuffled,frozen,0.4969582231978382,0.5192381454131415,0.2875,0.18410104423604867,0.18410104423604867,-1.0
200016,1,anti,uniform,frozen,0.5318601186990706,0.5329000965115497,0.275,0.18410104423604867,0.18410104423604867,-1.0
200016,1,anti,count,frozen,0.508398676455325,0.5352349872696882,0.2125,0.18410104423604867,0.18410104423604867,-1.0
200016,1,anti,epistemic,online,0.4882012033719418,0.4978342112855289,0.29375,0.15506085673058784,0.14306326329462207,-1.0
200016,1,anti,aleatoric,online,0.5009934923239363,0.5804439076746151,0.24375,0.16514238150709176,0.14474434677764456,-1.0
200016,1,anti,total,online,0.52249461258911,0.5853883298198903,0.23125,0.1563148912686201,0.1448854183911841,-1.0
200016,1,anti,point,online,0.5392254414600196,0.5504179364421574,0.19375,0.15227316523209838,0.14442201151501222,-1.0
200016,1,anti,shuffled,online,0.5333388187019089,0.5906531913745348,0.1625,0.15141817185143047,0.1439200345959637,-1.0
200016,1,anti,uniform,online,0.5162626069042568,0.5365331424958536,0.25,0.1543239965016761,0.14618610626698167,-1.0
200016,1,anti,count,online,0.5150421566980551,0.5104058584677295,0.175,0.15366062374535674,0.14632301185646138,-1.0
200016,2,aligned,epistemic,frozen,0.6188692152292317,0.5891033837583205,0.0,0.1538418543050817,0.15384185430508174,1.0
200016,2,aligned,aleatoric,frozen,0.6023575705492188,0.5795420620465602,0.0,0.1538418543050817,0.15384185430508174,1.0
200016,2,aligned,total,frozen,0.6398176129374027,0.6348117950590731,0.0,0.1538418543050817,0.15384185430508174,1.0
200016,2,aligned,point,frozen,0.5399619552717052,0.5400403520749,0.0,0.1538418543050817,0.15384185430508174,1.0
200016,2,aligned,shuffled,frozen,0.5471424926912422,0.5199784842490255,0.0,0.1538418543050817,0.15384185430508174,1.0
200016,2,aligned,uniform,frozen,0.5567327383917359,0.5649001640670515,0.0,0.1538418543050817,0.15384185430508174,1.0
200016,2,aligned,count,frozen,0.5407057150731489,0.5417475296206383,0.0,0.1538418543050817,0.15384185430508174,1.0
200016,2,aligned,epistemic,online,0.5932615743230774,0.5886199313617624,0.0,0.1261655326212075,0.11180411523877654,1.0
200016,2,aligned,aleatoric,online,0.6460591500280772,0.6653152786100627,0.0,0.13152839348954282,0.11656381478477686,1.0
200016,2,aligned,total,online,0.5891546893594894,0.5598428302815629,0.0,0.1297130921055034,0.11635887846262571,1.0
200016,2,aligned,point,online,0.5864885996048059,0.5980863789246131,0.0,0.12661240975365734,0.11580645006348785,1.0
200016,2,aligned,shuffled,online,0.6065151613407167,0.5735025197421686,0.0,0.12982692912999683,0.11390340738718237,1.0
200016,2,aligned,uniform,online,0.6501985052983225,0.6154655154439154,0.0,0.1330780268713513,0.12019609253203523,1.0
200016,2,aligned,count,online,0.5664084694649576,0.5942345735730266,0.0,0.1308121960989753,0.1168992878021257,1.0
200016,2,decorrelated,epistemic,frozen,0.5251315202831168,0.5196652895853903,0.0,0.18051797657158763,0.18051797657158763,-0.034965034965034975
200016,2,decorrelated,aleatoric,frozen,0.45475170645209306,0.4598496415914382,0.0,0.18051797657158763,0.18051797657158763,-0.034965034965034975
200016,2,decorrelated,total,frozen,0.4917449818354364,0.49205427201762236,0.0,0.18051797657158763,0.18051797657158763,-0.034965034965034975
200016,2,decorrelated,point,frozen,0.5155738115570954,0.5163730648390696,0.0,0.18051797657158763,0.18051797657158763,-0.034965034965034975
200016,2,decorrelated,shuffled,frozen,0.5164095616284281,0.5622256694236447,0.0,0.18051797657158763,0.18051797657158763,-0.034965034965034975
200016,2,decorrelated,uniform,frozen,0.5679405153161696,0.5350769329200307,0.0,0.18051797657158763,0.18051797657158763,-0.034965034965034975
200016,2,decorrelated,count,frozen,0.5158934865056324,0.4849308173468986,0.0,0.18051797657158763,0.18051797657158763,-0.034965034965034975
200016,2,decorrelated,epistemic,online,0.5250767979974637,0.5608737289084642,0.0,0.15987414334972733,0.14742894496043038,-0.034965034965034975
200016,2,decorrelated,aleatoric,online,0.4944659385761767,0.5284554794611346,0.0,0.16375079694786013,0.15124958206576886,-0.034965034965034975
200016,2,decorrelated,total,online,0.5326049738376268,0.5672441986675303,0.0,0.16056661394066496,0.1507359034796891,-0.034965034965034975
200016,2,decorrelated,point,online,0.5512485677018141,0.5734625378626234,0.0,0.15237488365571855,0.1450897983536431,-0.034965034965034975
200016,2,decorrelated,shuffled,online,0.5285043199544492,0.5562901169281982,0.0,0.15912613183501265,0.14672190979393854,-0.034965034965034975
200016,2,decorrelated,uniform,online,0.488643048302108,0.49169514369199446,0.0,0.16312601678740438,0.15154488204778807,-0.034965034965034975
200016,2,decorrelated,count,online,0.5377322929635763,0.559364407673234,0.0,0.15628163895465058,0.1500438888757529,-0.034965034965034975
200016,2,anti,epistemic,frozen,0.4311307847707684,0.46089661624167955,0.25625,0.20091433013377463,0.2009143301337746,-1.0
200016,2,anti,aleatoric,frozen,0.44764242945078125,0.4704579379534398,0.275,0.20091433013377463,0.2009143301337746,-1.0
200016,2,anti,total,frozen,0.41018238706259724,0.41518820494092684,0.2625,0.20091433013377463,0.2009143301337746,-1.0
200016,2,anti,point,frozen,0.5100380447282948,0.5099596479251,0.15,0.20091433013377463,0.2009143301337746,-1.0
200016,2,anti,shuffled,frozen,0.5028575073087579,0.5300215157509746,0.175,0.20091433013377463,0.2009143301337746,-1.0
200016,2,anti,uniform,frozen,0.493267261608264,0.4850998359329487,0.2375,0.20091433013377463,0.2009143301337746,-1.0
200016,2,anti,count,frozen,0.509294284926851,0.5082524703793617,0.1375,0.20091433013377463,0.2009143301337746,-1.0
200016,2,anti,epistemic,online,0.4971268151345196,0.567539635468444,0.2,0.1769905350072564,0.1496549012387881,-1.0
200016,2,anti,aleatoric,online,0.45493438512585005,0.5084221858379354,0.25625,0.1807626313707727,0.157074485218989,-1.0
200016,2,anti,total,online,0.4960809376701043,0.5644462216115331,0.16875,0.17846040828572124,0.1479448557968851,-1.0
200016,2,anti,point,online,0.4992823118846035,0.517342097274698,0.1625,0.1750333175158024,0.15153417566899766,-1.0
200016,2,anti,shuffled,online,0.5288082683319952,0.5623192762433769,0.15625,0.16626994679411644,0.13680786811227744,-1.0
200016,2,anti,uniform,online,0.4258017517435782,0.47351417931720885,0.25,0.19000734555044335,0.16372718945659717,-1.0
200016,2,anti,count,online,0.5337834640020012,0.5322978867903658,0.10625,0.16525185610057533,0.14941764498194135,-1.0
200016,3,aligned,epistemic,frozen,0.608521706661071,0.5813258633950577,0.0,0.17191966458909685,0.17191966458909688,1.0
200016,3,aligned,aleatoric,frozen,0.6129468215323015,0.6461898860046998,0.0,0.17191966458909685,0.17191966458909688,1.0
200016,3,aligned,total,frozen,0.6257693505823381,0.658848133148572,0.0,0.17191966458909685,0.17191966458909688,1.0
200016,3,aligned,point,frozen,0.5747293755634966,0.5595191801573056,0.0,0.17191966458909685,0.17191966458909688,1.0
200016,3,aligned,shuffled,frozen,0.5633892728540288,0.560962016211333,0.0,0.17191966458909685,0.17191966458909688,1.0
200016,3,aligned,uniform,frozen,0.5740895786259692,0.5554363302419946,0.0,0.17191966458909685,0.17191966458909688,1.0
200016,3,aligned,count,frozen,0.5412471141690134,0.552168823536158,0.0,0.17191966458909685,0.17191966458909688,1.0
200016,3,aligned,epistemic,online,0.5927463703233651,0.5844651704648087,0.0,0.13241012234198854,0.12020930506970755,1.0
200016,3,aligned,aleatoric,online,0.6254592042887145,0.5858262780652452,0.0,0.13488038992735024,0.11634429590080643,1.0
200016,3,aligned,total,online,0.6061577960698482,0.6222293650354972,0.0,0.1330948330612653,0.11762371702065207,1.0
200016,3,aligned,point,online,0.5736170398882948,0.6084963687705971,0.0,0.13114202440144088,0.12046732710448693,1.0
200016,3,aligned,shuffled,online,0.5410012671236084,0.5179766626836881,0.0,0.14381042891616366,0.13175870855248,1.0
200016,3,aligned,uniform,online,0.5660918084345129,0.5402932805734671,0.0,0.13430432711151385,0.12890619149609372,1.0
200016,3,aligned,count,online,0.586778196745103,0.623702112544591,0.0,0.13351994771897005,0.12972732240705262,1.0
200016,3,decorrelated,epistemic,frozen,0.5260574490024922,0.519959821035896,0.0,0.18041695933849905,0.18041695933849908,0.02097902097902098
200016,3,decorrelated,aleatoric,frozen,0.5221574533847206,0.5035004406576555,0.0,0.18041695933849905,0.18041695933849908,0.02097902097902098
200016,3,decorrelated,total,frozen,0.5368798160613608,0.5518374246442436,0.0,0.18041695933849905,0.18041695933849908,0.02097902097902098
200016,3,decorrelated,point,frozen,0.5277619165575109,0.5139025139182088,0.0,0.18041695933849905,0.18041695933849908,0.02097902097902098
200016,3,decorrelated,shuffled,frozen,0.5577606206943777,0.5759539578068171,0.0,0.18041695933849905,0.18041695933849908,0.02097902097902098
200016,3,decorrelated,uniform,frozen,0.5395428279255375,0.5568004779803919,0.0,0.18041695933849905,0.18041695933849908,0.02097902097902098
200016,3,decorrelated,count,frozen,0.5282042796079139,0.519877495042784,0.0,0.18041695933849905,0.18041695933849908,0.02097902097902098
200016,3,decorrelated,epistemic,online,0.5293351882259036,0.5290772386943605,0.0,0.16615519328640388,0.15725561145051012,0.02097902097902098
200016,3,decorrelated,aleatoric,online,0.5108347374535833,0.5170323038138976,0.0,0.168894567511509,0.1572837052156226,0.02097902097902098
200016,3,decorrelated,total,online,0.5319080772414436,0.5118544583929928,0.0,0.16606028795895217,0.1575040152236812,0.02097902097902098
200016,3,decorrelated,point,online,0.5293924167961989,0.522763007798817,0.0,0.16454994570440018,0.15720425140280173,0.02097902097902098
200016,3,decorrelated,shuffled,online,0.5601286656810511,0.580616811167588,0.0,0.16402518640126634,0.1519945834877773,0.02097902097902098
200016,3,decorrelated,uniform,online,0.5072710790182494,0.5330837790059464,0.0,0.16861802694389771,0.16419744740811493,0.02097902097902098
200016,3,decorrelated,count,online,0.5282292496152052,0.5462089918527843,0.0,0.16673880240372527,0.15926959519087167,0.02097902097902098
200016,3,anti,epistemic,frozen,0.441478293338929,0.4686741366049422,0.3625,0.19899953442817292,0.1989995344281729,-1.0
200016,3,anti,aleatoric,frozen,0.4370531784676984,0.4038101139953002,0.34375,0.19899953442817292,0.1989995344281729,-1.0
200016,3,anti,total,frozen,0.424230649417662,0.39115186685142794,0.4,0.19899953442817292,0.1989995344281729,-1.0
200016,3,anti,point,frozen,0.47527062443650364,0.49048081984269454,0.275,0.19899953442817292,0.1989995344281729,-1.0
200016,3,anti,shuffled,frozen,0.4866107271459711,0.489037983788667,0.225,0.19899953442817292,0.1989995344281729,-1.0
200016,3,anti,uniform,frozen,0.4759104213740308,0.4945636697580055,0.23125,0.19899953442817292,0.1989995344281729,-1.0
200016,3,anti,count,frozen,0.5087528858309867,0.497831176463842,0.18125,0.19899953442817292,0.1989995344281729,-1.0
200016,3,anti,epistemic,online,0.49473704114358713,0.5502388637239701,0.225,0.1833234930436548,0.1528961158340547,-1.0
200016,3,anti,aleatoric,online,0.4609018401276231,0.4923093911313412,0.275,0.1895412183056965,0.16887462081063342,-1.0
200016,3,anti,total,online,0.47182841248700524,0.49034520799457015,0.24375,0.18478043538618577,0.16963801353804142,-1.0
200016,3,anti,point,online,0.48891286303896714,0.4583270379893566,0.2375,0.1819224992481449,0.16477387615905328,-1.0
200016,3,anti,shuffled,online,0.5119823701979331,0.5645025990297265,0.1875,0.17969282017087496,0.14464649547786723,-1.0
200016,3,anti,uniform,online,0.5422416575665103,0.5163513777803208,0.175,0.16197502579839573,0.15144626801155314,-1.0
200016,3,anti,count,online,0.5088148427529084,0.5276875140509024,0.18125,0.1680370277430076,0.14505598438950332,-1.0
200017,1,aligned,epistemic,frozen,0.5949813394071211,0.5660988476349458,0.06875,0.18491332658164777,0.18491332658164775,1.0
200017,1,aligned,aleatoric,frozen,0.5475149921700834,0.5148599178296043,0.0375,0.18491332658164777,0.18491332658164775,1.0
200017,1,aligned,total,frozen,0.5875759873780179,0.5991303344830824,0.0375,0.18491332658164777,0.18491332658164775,1.0
200017,1,aligned,point,frozen,0.5101941473520678,0.5472139739270234,0.11875,0.18491332658164777,0.18491332658164775,1.0
200017,1,aligned,shuffled,frozen,0.5211269070928826,0.5154711536901798,0.06875,0.18491332658164777,0.18491332658164775,1.0
200017,1,aligned,uniform,frozen,0.5356095039466324,0.5367679901533243,0.1,0.18491332658164777,0.18491332658164775,1.0
200017,1,aligned,count,frozen,0.5104251087113376,0.512348722375658,0.1,0.18491332658164777,0.18491332658164775,1.0
200017,1,aligned,epistemic,online,0.5551774477246892,0.5562689386452198,0.08125,0.15475781648829828,0.14517775174804148,1.0
200017,1,aligned,aleatoric,online,0.5606546482185376,0.5280508936646011,0.05625,0.156605561790602,0.15093474015556949,1.0
200017,1,aligned,total,online,0.5577123129054146,0.5453334968761014,0.0875,0.15634801446348007,0.14808048544067196,1.0
200017,1,aligned,point,online,0.5159498800155824,0.4814284900940226,0.1125,0.15418625012387155,0.14633753907356853,1.0
200017,1,aligned,shuffled,online,0.4909591824986066,0.5461447915522999,0.1125,0.16740518417815448,0.15196699930953858,1.0
200017,1,aligned,uniform,online,0.5038752143944586,0.5279925335467135,0.075,0.16184746189977783,0.15222883810716656,1.0
200017,1,aligned,count,online,0.5032748595956018,0.4622312470884632,0.1375,0.1579057241207101,0.15104739309071552,1.0
200017,1,decorrelated,epistemic,frozen,0.47843170141487085,0.4337117823885583,0.33125,0.1929471036550921,0.19294710365509213,-0.006993006993006993
200017,1,decorrelated,aleatoric,frozen,0.4390675982065101,0.43853185778241477,0.45,0.1929471036550921,0.19294710365509213,-0.006993006993006993
200017,1,decorrelated,total,frozen,0.4649406498208942,0.5074623096970373,0.36875,0.1929471036550921,0.19294710365509213,-0.006993006993006993
200017,1,decorrelated,point,frozen,0.5197847121739123,0.5257052215138455,0.2,0.1929471036550921,0.19294710365509213,-0.006993006993006993
200017,1,decorrelated,shuffled,frozen,0.49953522040701503,0.46975059574765615,0.10625,0.1929471036550921,0.19294710365509213,-0.006993006993006993
200017,1,decorrelated,uniform,frozen,0.4773084388622908,0.4781803482276864,0.325,0.1929471036550921,0.19294710365509213,-0.006993006993006993
200017,1,decorrelated,count,frozen,0.4999920838121158,0.5063174418061142,0.2,0.1929471036550921,0.19294710365509213,-0.006993006993006993
200017,1,decorrelated,epistemic,online,0.5095089207007598,0.5456038011263273,0.24375,0.1748991165730706,0.16403812595171727,-0.006993006993006993
200017,1,decorrelated,aleatoric,online,0.44917689228584534,0.4748141322569376,0.4125,0.18479434123358787,0.1748995417190251,-0.006993006993006993
200017,1,decorrelated,total,online,0.5067165647979003,0.5419364500042636,0.2625,0.1766774428378424,0.16195256596553279,-0.006993006993006993
200017,1,decorrelated,point,online,0.5193110054838537,0.5335787890896285,0.2,0.1719424244371214,0.1633900677574044,-0.006993006993006993
200017,1,decorrelated,shuffled,online,0.5255422836266659,0.5131570142524258,0.1375,0.17279622431387193,0.16676740125107567,-0.006993006993006993
200017,1,decorrelated,uniform,online,0.5115472703804408,0.5297577048291915,0.13125,0.1760340014186756,0.16932405934171868,-0.006993006993006993
200017,1,decorrelated,count,online,0.5303920354931424,0.5135368875102909,0.15625,0.17309862515715563,0.1684994442367673,-0.006993006993006993
200017,1,anti,epistemic,frozen,0.4550186605928788,0.48390115236505427,0.0,0.16695164819842984,0.1669516481984298,-1.0
200017,1,anti,aleatoric,frozen,0.5024850078299166,0.5351400821703958,0.0,0.16695164819842984,0.1669516481984298,-1.0
200017,1,anti,total,frozen,0.4624240126219822,0.45086966551691765,0.0,0.16695164819842984,0.1669516481984298,-1.0
200017,1,anti,point,frozen,0.5398058526479322,0.5027860260729765,0.0,0.16695164819842984,0.1669516481984298,-1.0
200017,1,anti,shuffled,frozen,0.5288730929071173,0.5345288463098202,0.0,0.16695164819842984,0.1669516481984298,-1.0
200017,1,anti,uniform,frozen,0.5143904960533675,0.5132320098466756,0.0,0.16695164819842984,0.1669516481984298,-1.0
200017,1,anti,count,frozen,0.5395748912886623,0.5376512776243422,0.0,0.16695164819842984,0.1669516481984298,-1.0
200017,1,anti,epistemic,online,0.5176982789845189,0.49723256563285145,0.0,0.1460993631353837,0.13516657316049394,-1.0
200017,1,anti,aleatoric,online,0.4985895913194981,0.5559158548912835,0.0,0.1494861119430973,0.13434838028774673,-1.0
200017,1,anti,total,online,0.5106311013070964,0.5407165436787447,0.0,0.1480584812084736,0.13281872147077758,-1.0
200017,1,anti,point,online,0.5506430877715257,0.5801835166106623,0.0,0.14225968868869993,0.13430503307582256,-1.0
200017,1,anti,shuffled,online,0.588156477328219,0.5588676123283786,0.0,0.14271396790650384,0.13407138801141502,-1.0
200017,1,anti,uniform,online,0.5644882484457144,0.5454027178085895,0.0,0.14670373584924712,0.140435631266281,-1.0
200017,1,anti,count,online,0.5544825607981835,0.5987998691238805,0.0,0.14606419985249755,0.1404467796673504,-1.0
200017,2,aligned,epistemic,frozen,0.5583326828885493,0.530553460440125,0.1,0.181842264059843,0.18184226405984302,1.0
200017,2,aligned,aleatoric,frozen,0.5759194370042641,0.5354648491791965,0.075,0.181842264059843,0.18184226405984302,1.0
200017,2,aligned,total,frozen,0.5517965608878155,0.5314981871398217,0.13125,0.181842264059843,0.18184226405984302,1.0
200017,2,aligned,point,frozen,0.5143335372609807,0.5021076476939319,0.15,0.181842264059843,0.18184226405984302,1.0
200017,2,aligned,shuffled,frozen,0.5070741478447338,0.5160602094461509,0.1375,0.181842264059843,0.18184226405984302,1.0
200017,2,aligned,uniform,frozen,0.5056973443308788,0.4973151988744237,0.1375,0.181842264059843,0.18184226405984302,1.0
200017,2,aligned,count,frozen,0.531339157504374,0.49980608881111666,0.0875,0.181842264059843,0.18184226405984302,1.0
200017,2,aligned,epistemic,online,0.5576125816330136,0.5359895008080151,0.0875,0.14257105983749452,0.12976333308374327,1.0
200017,2,aligned,aleatoric,online,0.5902556259451706,0.5402282089560162,0.05,0.1511348349319325,0.13835497232759206,1.0
200017,2,aligned,total,online,0.5629548939505095,0.5342342363236627,0.1,0.14671173728242098,0.13623711300935384,1.0
200017,2,aligned,point,online,0.5265443452751167,0.5659497090523138,0.125,0.1482574563878551,0.1327082450845747,1.0
200017,2,aligned,shuffled,online,0.5394252554017103,0.5307942210651907,0.09375,0.14972709051050953,0.13556222539816493,1.0
200017,2,aligned,uniform,online,0.5606341696348741,0.5540482813736751,0.11875,0.15938473577390627,0.13674408381974798,1.0
200017,2,aligned,count,online,0.5375949342934035,0.5223537014736997,0.0875,0.14423585755376722,0.1328428555786875,1.0
200017,2,decorrelated,epistemic,frozen,0.5236835905147533,0.5649197796623553,0.0,0.15250754027918975,0.15250754027918975,0.04195804195804196
200017,2,decorrelated,aleatoric,frozen,0.5243625537918948,0.5276317070893626,0.0,0.15250754027918975,0.15250754027918975,0.04195804195804196
200017,2,decorrelated,total,frozen,0.5392737948977171,0.5528168353152377,0.0,0.15250754027918975,0.15250754027918975,0.04195804195804196
200017,2,decorrelated,point,frozen,0.5391329599573729,0.5451437831487344,0.0,0.15250754027918975,0.15250754027918975,0.04195804195804196
200017,2,decorrelated,shuffled,frozen,0.5122370824462728,0.537459046630399,0.0,0.15250754027918975,0.15250754027918975,0.04195804195804196
200017,2,decorrelated,uniform,frozen,0.558947921698227,0.5423397078901736,0.0,0.15250754027918975,0.15250754027918975,0.04195804195804196
200017,2,decorrelated,count,frozen,0.5571711414629755,0.562970828342389,0.0,0.15250754027918975,0.15250754027918975,0.04195804195804196
200017,2,decorrelated,epistemic,online,0.5344651971406418,0.5456102331253556,0.0,0.14468269189205757,0.144114316295791,0.04195804195804196
200017,2,decorrelated,aleatoric,online,0.5378951604297999,0.522451982141718,0.0,0.1453168091898491,0.1433048996233919,0.04195804195804196
200017,2,decorrelated,total,online,0.5527789852601291,0.5758906996328441,0.0,0.14637122881000156,0.15622702678745481,0.04195804195804196
200017,2,decorrelated,point,online,0.5307728849511811,0.5068848484042936,0.0,0.14534512016191797,0.1398285159054222,0.04195804195804196
200017,2,decorrelated,shuffled,online,0.5641176794942369,0.5254409883833157,0.0,0.14632096978538853,0.14122881971386064,0.04195804195804196
200017,2,decorrelated,uniform,online,0.5389159797898828,0.5741874818566315,0.0,0.14940151497747464,0.15493176884816048,0.04195804195804196
200017,2,decorrelated,count,online,0.533365958303577,0.542838640219309,0.0,0.1468678105727687,0.14855741273841364,0.04195804195804196
200017,2,anti,epistemic,frozen,0.4916673171114507,0.5194465395598751,0.0,0.17318621139443247,0.17318621139443247,-1.0
200017,2,anti,aleatoric,frozen,0.47408056299573575,0.5145351508208036,0.0,0.17318621139443247,0.17318621139443247,-1.0
200017,2,anti,total,frozen,0.49820343911218445,0.5185018128601783,0.0,0.17318621139443247,0.17318621139443247,-1.0
200017,2,anti,point,frozen,0.5356664627390193,0.5478923523060681,0.0,0.17318621139443247,0.17318621139443247,-1.0
200017,2,anti,shuffled,frozen,0.5429258521552661,0.533939790553849,0.0,0.17318621139443247,0.17318621139443247,-1.0
200017,2,anti,uniform,frozen,0.5443026556691212,0.5526848011255763,0.0,0.17318621139443247,0.17318621139443247,-1.0
200017,2,anti,count,frozen,0.518660842495626,0.5501939111888834,0.0,0.17318621139443247,0.17318621139443247,-1.0
200017,2,anti,epistemic,online,0.5347901466061513,0.5473981706990065,0.0,0.14712232119672167,0.12567698516844875,-1.0
200017,2,anti,aleatoric,online,0.47936036839518914,0.530934839893008,0.0,0.15548291229579553,0.13166444501538258,-1.0
200017,2,anti,total,online,0.5602848227367782,0.5832653354419188,0.0,0.14241315671439936,0.1339690698507887,-1.0
200017,2,anti,point,online,0.5632656178013337,0.5709679039648717,0.0,0.14652272399461672,0.1285972690785733,-1.0
200017,2,anti,shuffled,online,0.5452922653014683,0.5929120287865678,0.0,0.14748395336394368,0.13248588860586197,-1.0
200017,2,anti,uniform,online,0.545212154408162,0.5707214525024058,0.0,0.1497280637353764,0.12184823720378768,-1.0
200017,2,anti,count,online,0.5466402346287257,0.5519383212467825,0.0,0.1464422194000336,0.13178079018359998,-1.0
200017,3,aligned,epistemic,frozen,0.5577006063000025,0.518133079483069,0.04375,0.21854641748089615,0.21854641748089612,1.0
200017,3,aligned,aleatoric,frozen,0.5212857640941804,0.5038334926442198,0.05625,0.21854641748089615,0.21854641748089612,1.0
200017,3,aligned,total,frozen,0.5525547046640359,0.5679974996069888,0.0375,0.21854641748089615,0.21854641748089612,1.0
200017,3,aligned,point,frozen,0.49339201367416685,0.4918381671897306,0.10625,0.21854641748089615,0.21854641748089612,1.0
200017,3,aligned,shuffled,frozen,0.5138856833581262,0.48508373135041893,0.14375,0.21854641748089615,0.21854641748089612,1.0
200017,3,aligned,uniform,frozen,0.4939951596071982,0.48360195915069165,0.1625,0.21854641748089615,0.21854641748089612,1.0
200017,3,aligned,count,frozen,0.5111177974832524,0.4994249498859382,0.09375,0.21854641748089615,0.21854641748089612,1.0
200017,3,aligned,epistemic,online,0.52130289767721,0.5457141855957703,0.09375,0.1923354698591449,0.1732651130561043,1.0
200017,3,aligned,aleatoric,online,0.5318025728906048,0.5353063982549011,0.05625,0.19400061542856809,0.16868518837169963,1.0
200017,3,aligned,total,online,0.5296943748767138,0.5595135191454348,0.0875,0.19300468540980262,0.1661124452362296,1.0
200017,3,aligned,point,online,0.49488359218310407,0.5056112726639415,0.10625,0.20049523818404386,0.17012266489617414,1.0
200017,3,aligned,shuffled,online,0.5053726396352465,0.547490845620326,0.15625,0.19867086606953896,0.17318465506715477,1.0
200017,3,aligned,uniform,online,0.523390875637942,0.5411123981319566,0.075,0.20514025640924172,0.1849693281516133,1.0
200017,3,aligned,count,online,0.4955478736436845,0.485979928418993,0.13125,0.19675328832947794,0.18389152133192463,1.0
200017,3,decorrelated,epistemic,frozen,0.5128321697391426,0.47470721982743835,0.09375,0.18093943890821987,0.18093943890821984,-0.04195804195804196
200017,3,decorrelated,aleatoric,frozen,0.5271068426525,0.5587567494711213,0.04375,0.18093943890821987,0.18093943890821984,-0.04195804195804196
200017,3,decorrelated,total,frozen,0.5140827718126294,0.4824106991753526,0.06875,0.18093943890821987,0.18093943890821984,-0.04195804195804196
200017,3,decorrelated,point,frozen,0.5321910831140179,0.5119666195298105,0.10625,0.18093943890821987,0.18093943890821984,-0.04195804195804196
200017,3,decorrelated,shuffled,frozen,0.5695282992747239,0.5571067584172331,0.04375,0.18093943890821987,0.18093943890821984,-0.04195804195804196
200017,3,decorrelated,uniform,frozen,0.5603898588515852,0.5238503050756425,0.075,0.18093943890821987,0.18093943890821984,-0.04195804195804196
200017,3,decorrelated,count,frozen,0.509044373413869,0.4851843044121563,0.1,0.18093943890821987,0.18093943890821984,-0.04195804195804196
200017,3,decorrelated,epistemic,online,0.5254442583459605,0.5423843423862745,0.1,0.16673945015079167,0.15979854771198237,-0.04195804195804196
200017,3,decorrelated,aleatoric,online,0.5186696909305049,0.5521541276055549,0.06875,0.17545870055440266,0.15591060929423373,-0.04195804195804196
200017,3,decorrelated,total,online,0.527252850773484,0.5302663677496624,0.075,0.16677379542875254,0.15747065606859914,-0.04195804195804196
200017,3,decorrelated,point,online,0.5248519949706415,0.5134239103492427,0.1125,0.16721071782874541,0.15174622225994752,-0.04195804195804196
200017,3,decorrelated,shuffled,online,0.5267971106159532,0.5464715036086755,0.09375,0.1678359532082413,0.15773539131345996,-0.04195804195804196
200017,3,decorrelated,uniform,online,0.5460706916509557,0.5253969342480629,0.0125,0.16988719734852048,0.16120079607948892,-0.04195804195804196
200017,3,decorrelated,count,online,0.5503428983835331,0.5783940722044997,0.10625,0.16278641884109302,0.1563096529885454,-0.04195804195804196
200017,3,anti,epistemic,frozen,0.4922993936999974,0.5318669205169311,0.0,0.16379162161837765,0.16379162161837765,-1.0
200017,3,anti,aleatoric,frozen,0.5287142359058196,0.5461665073557802,0.0,0.16379162161837765,0.16379162161837765,-1.0
200017,3,anti,total,frozen,0.49744529533596415,0.48200250039301124,0.0,0.16379162161837765,0.16379162161837765,-1.0
200017,3,anti,point,frozen,0.5566079863258332,0.5581618328102694,0.0,0.16379162161837765,0.16379162161837765,-1.0
200017,3,anti,shuffled,frozen,0.5361143166418738,0.5649162686495811,0.0,0.16379162161837765,0.16379162161837765,-1.0
200017,3,anti,uniform,frozen,0.5560048403928017,0.5663980408493083,0.0,0.16379162161837765,0.16379162161837765,-1.0
200017,3,anti,count,frozen,0.5388822025167477,0.5505750501140618,0.0,0.16379162161837765,0.16379162161837765,-1.0
200017,3,anti,epistemic,online,0.5489309153891035,0.5506157341824046,0.0,0.14164644319094447,0.12335198638122147,-1.0
200017,3,anti,aleatoric,online,0.5330790151683822,0.5329763973359342,0.0,0.15040800382851754,0.13588503585225353,-1.0
200017,3,anti,total,online,0.5414389680393624,0.5326375153948719,0.0,0.14550460539825522,0.13129001482364425,-1.0
200017,3,anti,point,online,0.5672262010180071,0.5676787052608975,0.0,0.14549269760664202,0.13949200196891906,-1.0
200017,3,anti,shuffled,online,0.5365842150086506,0.5179345888569363,0.0,0.14305035971317098,0.13256383275614173,-1.0
200017,3,anti,uniform,online,0.5409910216864682,0.5127901897092146,0.0,0.1509329771898404,0.13641252163577153,-1.0
200017,3,anti,count,online,0.5753397387108428,0.6108738269637701,0.0,0.14327113997430735,0.13165442703087593,-1.0
200018,1,aligned,epistemic,frozen,0.6346381986483532,0.625251580890089,0.05625,0.16309672061644065,0.16309672061644065,1.0
200018,1,aligned,aleatoric,frozen,0.5487066842861122,0.5562056041598861,0.1,0.16309672061644065,0.16309672061644065,1.0
200018,1,aligned,total,frozen,0.5932816399536234,0.5560950712315778,0.075,0.16309672061644065,0.16309672061644065,1.0
200018,1,aligned,point,frozen,0.5432338851439894,0.5525287358637602,0.0875,0.16309672061644065,0.16309672061644065,1.0
200018,1,aligned,shuffled,frozen,0.5632731224805362,0.586911410175486,0.075,0.16309672061644065,0.16309672061644065,1.0
200018,1,aligned,uniform,frozen,0.4665555716060206,0.4744420125205767,0.08125,0.16309672061644065,0.16309672061644065,1.0
200018,1,aligned,count,frozen,0.5294327940434232,0.5702327444479554,0.1125,0.16309672061644065,0.16309672061644065,1.0
200018,1,aligned,epistemic,online,0.5611651411676734,0.5625336261980514,0.075,0.14530667792092206,0.13859947811796863,1.0
200018,1,aligned,aleatoric,online,0.5954617263081626,0.5634489394279264,0.05,0.1451752870698607,0.13866844896969907,1.0
200018,1,aligned,total,online,0.5995182524173183,0.6193114092766654,0.05,0.14389920816308743,0.13560235455029937,1.0
200018,1,aligned,point,online,0.54122418259936,0.5518178165619406,0.09375,0.14294749119916889,0.134903184893988,1.0
200018,1,aligned,shuffled,online,0.5351876801981013,0.5666615602525459,0.18125,0.1452701968876316,0.13310628673996552,1.0
200018,1,aligned,uniform,online,0.528990920949205,0.565273883829617,0.11875,0.1439161670924838,0.14008054772063538,1.0
200018,1,aligned,count,online,0.5419088647099775,0.5399766442578444,0.1,0.14384251571708875,0.13625917817094227,1.0
200018,1,decorrelated,epistemic,frozen,0.45400250889102195,0.4672015609002602,0.3375,0.2030155522233869,0.20301555222338688,-0.013986013986013986
200018,1,decorrelated,aleatoric,frozen,0.5001979969765253,0.4984627460239756,0.275,0.2030155522233869,0.20301555222338688,-0.013986013986013986
200018,1,decorrelated,total,frozen,0.45832610425625653,0.446744241778425,0.3125,0.2030155522233869,0.20301555222338688,-0.013986013986013986
200018,1,decorrelated,point,frozen,0.49933714081668407,0.48468787689720705,0.2,0.2030155522233869,0.20301555222338688,-0.013986013986013986
200018,1,decorrelated,shuffled,frozen,0.5419563040734885,0.49879465844550774,0.15625,0.2030155522233869,0.20301555222338688,-0.013986013986013986
200018,1,decorrelated,uniform,frozen,0.49930634199257806,0.4945701305017652,0.2,0.2030155522233869,0.20301555222338688,-0.013986013986013986
200018,1,decorrelated,count,frozen,0.5131864040497589,0.5672182539325633,0.2125,0.2030155522233869,0.20301555222338688,-0.013986013986013986
200018,1,decorrelated,epistemic,online,0.5039010399777186,0.5035219587737773,0.21875,0.1625985239731312,0.14735320158743495,-0.013986013986013986
200018,1,decorrelated,aleatoric,online,0.4937099832536026,0.49810242834239526,0.28125,0.16815753814636333,0.1481575670570283,-0.013986013986013986
200018,1,decorrelated,total,online,0.5311058367923726,0.5508353657529854,0.23125,0.1667980330407029,0.14366494884346645,-0.013986013986013986
200018,1,decorrelated,point,online,0.5293629454743852,0.5468790587060608,0.23125,0.166887452618856,0.14374137798545594,-0.013986013986013986
200018,1,decorrelated,shuffled,online,0.5272468336639219,0.5473508406519352,0.2375,0.16279705712452355,0.13509704481052084,-0.013986013986013986
200018,1,decorrelated,uniform,online,0.5602423184285825,0.5262766609153863,0.2,0.15717558339348564,0.13971554502563777,-0.013986013986013986
200018,1,decorrelated,count,online,0.5316919820174528,0.5515896148831981,0.21875,0.16535938917145637,0.14217118297735337,-0.013986013986013986
200018,1,anti,epistemic,frozen,0.41536180135164685,0.42474841910991107,0.28125,0.1716753791980586,0.17167537919805861,-1.0
200018,1,anti,aleatoric,frozen,0.5012933157138877,0.49379439584011403,0.175,0.1716753791980586,0.17167537919805861,-1.0
200018,1,anti,total,frozen,0.45671836004637667,0.4939049287684222,0.2375,0.1716753791980586,0.17167537919805861,-1.0
200018,1,anti,point,frozen,0.5067661148560105,0.4974712641362398,0.1125,0.1716753791980586,0.17167537919805861,-1.0
200018,1,anti,shuffled,frozen,0.48672687751946386,0.46308858982451395,0.08125,0.1716753791980586,0.17167537919805861,-1.0
200018,1,anti,uniform,frozen,0.5834444283939793,0.5755579874794232,0.11875,0.1716753791980586,0.17167537919805861,-1.0
200018,1,anti,count,frozen,0.5205672059565767,0.4797672555520446,0.1,0.1716753791980586,0.17167537919805861,-1.0
200018,1,anti,epistemic,online,0.5014594315002194,0.5232776660624862,0.14375,0.15986863456815925,0.15185131231348595,-1.0
200018,1,anti,aleatoric,online,0.4822986663564987,0.5402020067635093,0.225,0.16137228398600528,0.15224529921501354,-1.0
200018,1,anti,total,online,0.5087116731521053,0.5297088245468358,0.1625,0.16067877689999568,0.1495787543254962,-1.0
200018,1,anti,point,online,0.5295268931296613,0.5637176809904778,0.10625,0.16054420448968898,0.1567699499132632,-1.0
200018,1,anti,shuffled,online,0.5325968823061549,0.5542212066608055,0.0875,0.15923703540718775,0.15172860336935248,-1.0
200018,1,anti,uniform,online,0.546269211843363,0.5289201482653718,0.075,0.1625100236102855,0.16432078989573595,-1.0
200018,1,anti,count,online,0.5162186286557218,0.5083027534349434,0.11875,0.15884993567368313,0.1507626938499322,-1.0
200018,2,aligned,epistemic,frozen,0.6506216303658551,0.5924679552282182,0.05625,0.17501228521860715,0.17501228521860715,1.0
200018,2,aligned,aleatoric,frozen,0.5649709866947044,0.5431068232151699,0.11875,0.17501228521860715,0.17501228521860715,1.0
200018,2,aligned,total,frozen,0.619041763060977,0.6044186586389966,0.09375,0.17501228521860715,0.17501228521860715,1.0
200018,2,aligned,point,frozen,0.5525471016715692,0.5612999662539826,0.10625,0.17501228521860715,0.17501228521860715,1.0
200018,2,aligned,shuffled,frozen,0.5090283559649128,0.5372293891099859,0.05,0.17501228521860715,0.17501228521860715,1.0
200018,2,aligned,uniform,frozen,0.5847457417162968,0.571460338211717,0.15,0.17501228521860715,0.17501228521860715,1.0
200018,2,aligned,count,frozen,0.556398600365359,0.5900155462923264,0.125,0.17501228521860715,0.17501228521860715,1.0
200018,2,aligned,epistemic,online,0.5827402824567528,0.5715799607890668,0.11875,0.12734391153514385,0.10987088928934717,1.0
200018,2,aligned,aleatoric,online,0.6072338710690498,0.6126345542102078,0.075,0.13627137931257435,0.13500388924976128,1.0
200018,2,aligned,total,online,0.6163780619808271,0.6406016815742582,0.10625,0.12936278953035432,0.12460113147776412,1.0
200018,2,aligned,point,online,0.5829197560306533,0.6213468344560225,0.09375,0.13660827934715852,0.12170330133840752,1.0
200018,2,aligned,shuffled,online,0.57452639582618,0.5805054124241291,0.08125,0.13395919379314628,0.11592282006480893,1.0
200018,2,aligned,uniform,online,0.6636665938993161,0.6220629596248143,0.06875,0.13922740278775403,0.12720172464111867,1.0
200018,2,aligned,count,online,0.569022860689509,0.6051984797348811,0.06875,0.13339726027127075,0.11498512847891684,1.0
200018,2,decorrelated,epistemic,frozen,0.5544165813979623,0.5466434486552314,0.05625,0.1732505225531575,0.1732505225531575,0.04195804195804196
200018,2,decorrelated,aleatoric,frozen,0.5556981287313711,0.516871262957151,0.11875,0.1732505225531575,0.1732505225531575,0.04195804195804196
200018,2,decorrelated,total,frozen,0.5495988179607458,0.5513913945827356,0.09375,0.1732505225531575,0.1732505225531575,0.04195804195804196
200018,2,decorrelated,point,frozen,0.5220271986205576,0.5178853888737305,0.10625,0.1732505225531575,0.1732505225531575,0.04195804195804196
200018,2,decorrelated,shuffled,frozen,0.6193715679634609,0.5687374814034925,0.05,0.1732505225531575,0.1732505225531575,0.04195804195804196
200018,2,decorrelated,uniform,frozen,0.5788515652263484,0.5572593386242887,0.15,0.1732505225531575,0.1732505225531575,0.04195804195804196
200018,2,decorrelated,count,frozen,0.5361094054190809,0.546361945391562,0.125,0.1732505225531575,0.1732505225531575,0.04195804195804196
200018,2,decorrelated,epistemic,online,0.5196862757708169,0.5148912926393425,0.1375,0.147577980070398,0.13723181411892466,0.04195804195804196
200018,2,decorrelated,aleatoric,online,0.5909163697832491,0.6086442859474563,0.09375,0.14001526893429048,0.13735885708340423,0.04195804195804196
200018,2,decorrelated,total,online,0.5395984204784651,0.5579515687274011,0.11875,0.1417664785099706,0.13603018657708346,0.04195804195804196
200018,2,decorrelated,point,online,0.5587410962436601,0.5721618102626879,0.10625,0.1429535314705109,0.13484853619031476,0.04195804195804196
200018,2,decorrelated,shuffled,online,0.5214788637719538,0.5459070071786603,0.125,0.1415103806060106,0.137939153708634,0.04195804195804196
200018,2,decorrelated,uniform,online,0.6278888963712208,0.5788582686576013,0.08125,0.14027423235817812,0.14220274457670803,0.04195804195804196
200018,2,decorrelated,count,online,0.5444012073240481,0.5444866742076122,0.0875,0.13941407019863838,0.13310211973542393,0.04195804195804196
200018,2,anti,epistemic,frozen,0.39937836963414497,0.4575320447717818,0.25625,0.1943828520047634,0.19438285200476338,-1.0
200018,2,anti,aleatoric,frozen,0.48502901330529574,0.5068931767848301,0.30625,0.1943828520047634,0.19438285200476338,-1.0
200018,2,anti,total,frozen,0.4309582369390229,0.4455813413610035,0.325,0.1943828520047634,0.19438285200476338,-1.0
200018,2,anti,point,frozen,0.4974528983284309,0.4887000337460174,0.19375,0.1943828520047634,0.19438285200476338,-1.0
200018,2,anti,shuffled,frozen,0.5409716440350872,0.5127706108900142,0.19375,0.1943828520047634,0.19438285200476338,-1.0
200018,2,anti,uniform,frozen,0.46525425828370326,0.478539661788283,0.35,0.1943828520047634,0.19438285200476338,-1.0
200018,2,anti,count,frozen,0.493601399634641,0.4599844537076735,0.175,0.1943828520047634,0.19438285200476338,-1.0
200018,2,anti,epistemic,online,0.5328501199215987,0.5695192985377924,0.125,0.16298036121575915,0.13851817792274243,-1.0
200018,2,anti,aleatoric,online,0.5017248841949045,0.5021623308203542,0.25625,0.1590544783813705,0.13709004886372575,-1.0
200018,2,anti,total,online,0.5075022692464884,0.505102384308187,0.1875,0.16034346467008853,0.1383690264971657,-1.0
200018,2,anti,point,online,0.5467473216683953,0.5756182373521498,0.1375,0.15725922449072666,0.13285762564006207,-1.0
200018,2,anti,shuffled,online,0.5216716735046681,0.5534151015592378,0.11875,0.1581879666435833,0.13633789546557543,-1.0
200018,2,anti,uniform,online,0.4526851739290151,0.5353896724387674,0.45,0.18733015468753028,0.13264178712456046,-1.0
200018,2,anti,count,online,0.5248974623670868,0.524210781444187,0.1375,0.15845693303625855,0.13751877676432048,-1.0
200018,3,aligned,epistemic,frozen,0.6125523948399318,0.5541734112407368,0.0625,0.18831274536516124,0.18831274536516127,1.0
200018,3,aligned,aleatoric,frozen,0.5747455889988166,0.5686710125146314,0.075,0.18831274536516124,0.18831274536516127,1.0
200018,3,aligned,total,frozen,0.6013782124357036,0.5576958022832411,0.0875,0.18831274536516124,0.18831274536516127,1.0
200018,3,aligned,point,frozen,0.5531260745500536,0.5843654800729905,0.125,0.18831274536516124,0.18831274536516127,1.0
200018,3,aligned,shuffled,frozen,0.5876309766914524,0.5759875727737895,0.0625,0.18831274536516124,0.18831274536516127,1.0
200018,3,aligned,uniform,frozen,0.590246568484839,0.6124186098591915,0.1125,0.18831274536516124,0.18831274536516127,1.0
200018,3,aligned,count,frozen,0.49787871154211094,0.47775800456843165,0.1625,0.18831274536516124,0.18831274536516127,1.0
200018,3,aligned,epistemic,online,0.5682805647550193,0.559125668720693,0.09375,0.16149141478218496,0.15883992093170002,1.0
200018,3,aligned,aleatoric,online,0.6014641133994807,0.5683764578212098,0.05625,0.1660128279289152,0.15459633196764042,1.0
200018,3,aligned,total,online,0.5665113282175946,0.5633869460349352,0.09375,0.16294495041138476,0.15797711448899268,1.0
200018,3,aligned,point,online,0.5728265877050631,0.6374414915800258,0.1125,0.1558014447317676,0.1392313082572703,1.0
200018,3,aligned,shuffled,online,0.5574988991046903,0.5242851070275067,0.125,0.17193978543279065,0.167004162729123,1.0
200018,3,aligned,uniform,online,0.5239001716220872,0.546389511946891,0.0875,0.16652358505684153,0.14811068713529532,1.0
200018,3,aligned,count,online,0.5583611278501887,0.558270162671036,0.10625,0.15701523070645557,0.13525718343762824,1.0
200018,3,decorrelated,epistemic,frozen,0.49409560470422836,0.513550047863651,0.05625,0.209036086971008,0.20903608697100806,0.04195804195804196
200018,3,decorrelated,aleatoric,frozen,0.47262526999604937,0.4953378477962248,0.0625,0.209036086971008,0.20903608697100806,0.04195804195804196
200018,3,decorrelated,total,frozen,0.49038342474223773,0.4989199301447651,0.06875,0.209036086971008,0.20903608697100806,0.04195804195804196
200018,3,decorrelated,point,frozen,0.48976697212862524,0.4814112465088874,0.075,0.209036086971008,0.20903608697100806,0.04195804195804196
200018,3,decorrelated,shuffled,frozen,0.4725969910671196,0.484837388811561,0.075,0.209036086971008,0.20903608697100806,0.04195804195804196
200018,3,decorrelated,uniform,frozen,0.4939221302237419,0.4893235464037023,0.00625,0.209036086971008,0.20903608697100806,0.04195804195804196
200018,3,decorrelated,count,frozen,0.5232936718179414,0.5206925260644093,0.075,0.209036086971008,0.20903608697100806,0.04195804195804196
200018,3,decorrelated,epistemic,online,0.49854459390609385,0.4909562667620239,0.1125,0.19499635733428605,0.20923774981939328,0.04195804195804196
200018,3,decorrelated,aleatoric,online,0.4868727252565842,0.48166423558890054,0.075,0.19935918133998676,0.19978974917727713,0.04195804195804196
200018,3,decorrelated,total,online,0.5079088519126825,0.5244349156210689,0.08125,0.19329421880026837,0.18569838263964744,0.04195804195804196
200018,3,decorrelated,point,online,0.48905991247865777,0.45412288164612935,0.09375,0.1947273377230904,0.18403422059981622,0.04195804195804196
200018,3,decorrelated,shuffled,online,0.5186666760455337,0.5311302248603449,0.0875,0.18882627961275691,0.17271055119345516,0.04195804195804196
200018,3,decorrelated,uniform,online,0.4211038659380783,0.46056006202168176,0.18125,0.21786470204037928,0.1913872686164039,0.04195804195804196
200018,3,decorrelated,count,online,0.519854543693681,0.5554221159767305,0.10625,0.18799107159718043,0.173861523317021,0.04195804195804196
200018,3,anti,epistemic,frozen,0.43744760516006814,0.4958265887592631,0.0,0.19217671857522672,0.1921767185752267,-1.0
200018,3,anti,aleatoric,frozen,0.4752544110011835,0.4813289874853687,0.0,0.19217671857522672,0.1921767185752267,-1.0
200018,3,anti,total,frozen,0.4486217875642965,0.49230419771675893,0.0,0.19217671857522672,0.1921767185752267,-1.0
200018,3,anti,point,frozen,0.49687392544994646,0.46563451992700955,0.0,0.19217671857522672,0.1921767185752267,-1.0
200018,3,anti,shuffled,frozen,0.4623690233085476,0.4740124272262105,0.0,0.19217671857522672,0.1921767185752267,-1.0
200018,3,anti,uniform,frozen,0.459753431515161,0.4375813901408085,0.0,0.19217671857522672,0.1921767185752267,-1.0
200018,3,anti,count,frozen,0.552121288457889,0.5722419954315685,0.0,0.19217671857522672,0.1921767185752267,-1.0
200018,3,anti,epistemic,online,0.5164696570442983,0.5048581190584944,0.0,0.15637839257225625,0.11764421374007288,-1.0
200018,3,anti,aleatoric,online,0.5049406467291131,0.5826757275074044,0.0,0.16593886076267372,0.12238935178033217,-1.0
200018,3,anti,total,online,0.5386506677104512,0.611597678543635,0.0,0.14953650774680785,0.11270090716966492,-1.0
200018,3,anti,point,online,0.5523858640364294,0.5819207977970096,0.0,0.14322294676236008,0.11648625148329572,-1.0
200018,3,anti,shuffled,online,0.5463128207131385,0.602680023242859,0.0,0.15122683671735532,0.11572570025114763,-1.0
200018,3,anti,uniform,online,0.5798045370955291,0.5987275099479133,0.0,0.14144053190629383,0.12079932293558777,-1.0
200018,3,anti,count,online,0.5528521032037274,0.6082721125802235,0.0,0.14864556637304954,0.11732989666261173,-1.0
200019,1,aligned,epistemic,frozen,0.6284773137238645,0.5466079384316045,0.08125,0.1983351653091093,0.19833516530910933,1.0
200019,1,aligned,aleatoric,frozen,0.5803901346046123,0.6004706208399208,0.06875,0.1983351653091093,0.19833516530910933,1.0
200019,1,aligned,total,frozen,0.6062977205055143,0.5580679126778345,0.06875,0.1983351653091093,0.19833516530910933,1.0
200019,1,aligned,point,frozen,0.5144818313237831,0.5574961823201751,0.15625,0.1983351653091093,0.19833516530910933,1.0
200019,1,aligned,shuffled,frozen,0.5151590091173877,0.5010797143423891,0.10625,0.1983351653091093,0.19833516530910933,1.0
200019,1,aligned,uniform,frozen,0.49211665300169044,0.5066110331412936,0.19375,0.1983351653091093,0.19833516530910933,1.0
200019,1,aligned,count,frozen,0.5309862210902115,0.49608588429845035,0.13125,0.1983351653091093,0.19833516530910933,1.0
200019,1,aligned,epistemic,online,0.5893520024604175,0.578327685128815,0.075,0.14636220306182193,0.13348869653333054,1.0
200019,1,aligned,aleatoric,online,0.6398508849627941,0.6394810273504272,0.04375,0.14005881971182826,0.132956464241372,1.0
200019,1,aligned,total,online,0.586705632328231,0.6318408824878468,0.08125,0.1492401550459761,0.12684579073202706,1.0
200019,1,aligned,point,online,0.5332564895006973,0.554919508446041,0.1125,0.1575377109982004,0.13315966510878915,1.0
200019,1,aligned,shuffled,online,0.5823569389057096,0.6249653269043457,0.09375,0.1480035789249642,0.13404341268061207,1.0
200019,1,aligned,uniform,online,0.546962279395539,0.5460083636799451,0.05625,0.15371926618540258,0.1453690075066012,1.0
200019,1,aligned,count,online,0.5345348362758108,0.5120307932822905,0.09375,0.15121227766987472,0.1299321875974845,1.0
200019,1,decorrelated,epistemic,frozen,0.5371301482186016,0.5047422920618901,0.13125,0.19340044987745225,0.19340044987745228,0.006993006993006993
200019,1,decorrelated,aleatoric,frozen,0.5386833957073145,0.5480790632340046,0.125,0.19340044987745225,0.19340044987745228,0.006993006993006993
200019,1,decorrelated,total,frozen,0.4951135697869371,0.4802580010089345,0.175,0.19340044987745225,0.19340044987745228,0.006993006993006993
200019,1,decorrelated,point,frozen,0.5289031489026771,0.5155845859961266,0.23125,0.19340044987745225,0.19340044987745228,0.006993006993006993
200019,1,decorrelated,shuffled,frozen,0.497127750093534,0.466916674554864,0.2625,0.19340044987745225,0.19340044987745228,0.006993006993006993
200019,1,decorrelated,uniform,frozen,0.5389073408228461,0.5270670400824201,0.25,0.19340044987745225,0.19340044987745228,0.006993006993006993
200019,1,decorrelated,count,frozen,0.5104085337247792,0.46815041631210946,0.20625,0.19340044987745225,0.19340044987745228,0.006993006993006993
200019,1,decorrelated,epistemic,online,0.5308860388686183,0.5277290796643108,0.14375,0.16159643454821424,0.14812718837745584,0.006993006993006993
200019,1,decorrelated,aleatoric,online,0.5398845463102777,0.5562784721116236,0.09375,0.158544727453839,0.148582837352623,0.006993006993006993
200019,1,decorrelated,total,online,0.5350922559264901,0.5664565358488176,0.175,0.15555397359976614,0.1440105786173155,0.006993006993006993
200019,1,decorrelated,point,online,0.5253775286447431,0.5536836297045159,0.1875,0.15667743778306145,0.14382877697748248,0.006993006993006993
200019,1,decorrelated,shuffled,online,0.5292219014349318,0.5269968839739947,0.16875,0.15762611078323974,0.14249844685085034,0.006993006993006993
200019,1,decorrelated,uniform,online,0.5803773730207943,0.5692108260370412,0.0875,0.15308164388258202,0.14063077876362065,0.006993006993006993
200019,1,decorrelated,count,online,0.5121337128039025,0.5164813410689644,0.19375,0.15409321606211396,0.1497158740093482,0.006993006993006993
200019,1,anti,epistemic,frozen,0.42152268627613554,0.5033920615683956,0.31875,0.19485195900640476,0.19485195900640473,-1.0
200019,1,anti,aleatoric,frozen,0.4696098653953878,0.44952937916007923,0.15625,0.19485195900640476,0.19485195900640473,-1.0
200019,1,anti,total,frozen,0.44370227949448565,0.4919320873221655,0.19375,0.19485195900640476,0.19485195900640473,-1.0
200019,1,anti,point,frozen,0.5355181686762169,0.492503817679825,0.13125,0.19485195900640476,0.19485195900640473,-1.0
200019,1,anti,shuffled,frozen,0.5348409908826124,0.548920285657611,0.125,0.19485195900640476,0.19485195900640473,-1.0
200019,1,anti,uniform,frozen,0.5578833469983095,0.5433889668587064,0.23125,0.19485195900640476,0.19485195900640473,-1.0
200019,1,anti,count,frozen,0.5190137789097884,0.5539141157015497,0.15,0.19485195900640476,0.19485195900640473,-1.0
200019,1,anti,epistemic,online,0.4816213988715153,0.5093775680768062,0.15,0.15931368416661346,0.1444675652859394,-1.0
200019,1,anti,aleatoric,online,0.4839098708158319,0.5258525530411466,0.0875,0.16069338576475906,0.13654385587077714,-1.0
200019,1,anti,total,online,0.51572628278024,0.5061016945800296,0.175,0.15412400169027762,0.13964091550268776,-1.0
200019,1,anti,point,online,0.5491965375854311,0.5530502585908672,0.08125,0.14993758714239513,0.14087992771348026,-1.0
200019,1,anti,shuffled,online,0.5496870366758237,0.5775597695095032,0.1375,0.1582211215267582,0.14192624187766484,-1.0
200019,1,anti,uniform,online,0.5279438577311382,0.5430822210488678,0.08125,0.15313689630570365,0.14057943600086423,-1.0
200019,1,anti,count,online,0.5369071020339369,0.5596794157803473,0.10625,0.15349726415147624,0.14721839919318724,-1.0
200019,2,aligned,epistemic,frozen,0.6214459261192009,0.619745947892289,0.0625,0.18785211255372938,0.18785211255372938,1.0
200019,2,aligned,aleatoric,frozen,0.581036500064813,0.5783270863618096,0.13125,0.18785211255372938,0.18785211255372938,1.0
200019,2,aligned,total,frozen,0.5890805495787389,0.5817816837154518,0.0875,0.18785211255372938,0.18785211255372938,1.0
200019,2,aligned,point,frozen,0.5379754860246068,0.5313588156007241,0.075,0.18785211255372938,0.18785211255372938,1.0
200019,2,aligned,shuffled,frozen,0.5137942737419303,0.4923370621803357,0.10625,0.18785211255372938,0.18785211255372938,1.0
200019,2,aligned,uniform,frozen,0.49335128913542947,0.5050460848632182,0.225,0.18785211255372938,0.18785211255372938,1.0
200019,2,aligned,count,frozen,0.5445953796341864,0.5435397513909479,0.06875,0.18785211255372938,0.18785211255372938,1.0
200019,2,aligned,epistemic,online,0.597122677399369,0.6068273151862797,0.08125,0.14275426549248685,0.13076796951935746,1.0
200019,2,aligned,aleatoric,online,0.5780659179461287,0.5396093890789901,0.10625,0.14292141566465005,0.126194118473518,1.0
200019,2,aligned,total,online,0.5908102151013457,0.6289404093655324,0.06875,0.14972319367610049,0.13575074431232204,1.0
200019,2,aligned,point,online,0.5636205686856499,0.6084037740005899,0.1125,0.14763555836669692,0.12823546901682512,1.0
200019,2,aligned,shuffled,online,0.5862603974385542,0.6182891727992013,0.0625,0.14612973198064053,0.1291371518022771,1.0
200019,2,aligned,uniform,online,0.6085270193588448,0.5695687315081381,0.075,0.14921700673390625,0.13370356338623543,1.0
200019,2,aligned,count,online,0.5417868910333616,0.5656991240047257,0.11875,0.14406932021535002,0.12816833711229444,1.0
200019,2,decorrelated,epistemic,frozen,0.596872972700241,0.6094095237844617,0.0,0.17434572413174504,0.17434572413174507,-0.034965034965034975
200019,2,decorrelated,aleatoric,frozen,0.6018361657134335,0.6339566498887482,0.0,0.17434572413174504,0.17434572413174507,-0.034965034965034975
200019,2,decorrelated,total,frozen,0.6072211579880282,0.5621628437140813,0.0,0.17434572413174504,0.17434572413174507,-0.034965034965034975
200019,2,decorrelated,point,frozen,0.573718326073322,0.5461968452110135,0.0,0.17434572413174504,0.17434572413174507,-0.034965034965034975
200019,2,decorrelated,shuffled,frozen,0.5057443129911618,0.5096791583730196,0.0,0.17434572413174504,0.17434572413174507,-0.034965034965034975
200019,2,decorrelated,uniform,frozen,0.5887359293910092,0.5688713295990587,0.0,0.17434572413174504,0.17434572413174507,-0.034965034965034975
200019,2,decorrelated,count,frozen,0.5555322834124924,0.5865635696270523,0.0,0.17434572413174504,0.17434572413174507,-0.034965034965034975
200019,2,decorrelated,epistemic,online,0.5771779615260584,0.5899362999724327,0.0,0.13199307662791554,0.12389886084067685,-0.034965034965034975
200019,2,decorrelated,aleatoric,online,0.6291200777901235,0.5937285401202643,0.0,0.13321630520691569,0.1278889218156628,-0.034965034965034975
200019,2,decorrelated,total,online,0.5708891715187299,0.595065725572154,0.0,0.13434479412282213,0.12394102403769754,-0.034965034965034975
200019,2,decorrelated,point,online,0.5782853702068269,0.5850781542480273,0.0,0.13375920153216883,0.12758481108193567,-0.034965034965034975
200019,2,decorrelated,shuffled,online,0.5580744338300739,0.5478922704928916,0.0,0.13790754175058942,0.1301809803103274,-0.034965034965034975
200019,2,decorrelated,uniform,online,0.607878086443343,0.6383223185259621,0.0,0.13438339870000948,0.1252602890120729,-0.034965034965034975
200019,2,decorrelated,count,online,0.5618854496760799,0.6018841858187491,0.0,0.13378398356163718,0.12599041262481103,-0.034965034965034975
200019,2,anti,epistemic,frozen,0.4285540738807992,0.430254052107711,0.2875,0.21039732049771714,0.21039732049771712,-1.0
200019,2,anti,aleatoric,frozen,0.46896349993518716,0.47167291363819047,0.275,0.21039732049771714,0.21039732049771712,-1.0
200019,2,anti,total,frozen,0.460919450421261,0.4682183162845483,0.3125,0.21039732049771714,0.21039732049771712,-1.0
200019,2,anti,point,frozen,0.5120245139753933,0.518641184399276,0.16875,0.21039732049771714,0.21039732049771712,-1.0
200019,2,anti,shuffled,frozen,0.5362057262580697,0.5576629378196644,0.0625,0.21039732049771714,0.21039732049771712,-1.0
200019,2,anti,uniform,frozen,0.5566487108645706,0.5449539151367817,0.15625,0.21039732049771714,0.21039732049771712,-1.0
200019,2,anti,count,frozen,0.5054046203658136,0.5064602486090521,0.15625,0.21039732049771714,0.21039732049771712,-1.0
200019,2,anti,epistemic,online,0.4990791792917797,0.5128312769348089,0.175,0.18151060070116581,0.1611654478126995,-1.0
200019,2,anti,aleatoric,online,0.5151463097287772,0.591532627999635,0.275,0.17588095358347094,0.14359427333192057,-1.0
200019,2,anti,total,online,0.5021303541047313,0.4995648854935423,0.19375,0.18141230218543095,0.15911108600065105,-1.0
200019,2,anti,point,online,0.5290054202096621,0.536051114481137,0.1625,0.175924865238631,0.1494942621160805,-1.0
200019,2,anti,shuffled,online,0.5334521116888781,0.5238442176636047,0.15,0.16974737733047648,0.1529640095211057,-1.0
200019,2,anti,uniform,online,0.4800629849469777,0.5441188462084747,0.175,0.19565724640673685,0.16266923035585826,-1.0
200019,2,anti,count,online,0.5472938552469286,0.5676349863708676,0.10625,0.17292720880986198,0.15359530992273177,-1.0
200019,3,aligned,epistemic,frozen,0.6094053466900526,0.5536870870864182,0.0875,0.2088188943500055,0.20881889435000547,1.0
200019,3,aligned,aleatoric,frozen,0.616914236687952,0.5884768505601051,0.06875,0.2088188943500055,0.20881889435000547,1.0
200019,3,aligned,total,frozen,0.6238703207607087,0.5920017519186113,0.06875,0.2088188943500055,0.20881889435000547,1.0
200019,3,aligned,point,frozen,0.5464076844195821,0.5316941198833234,0.14375,0.2088188943500055,0.20881889435000547,1.0
200019,3,aligned,shuffled,frozen,0.6092272509939181,0.6096429840217366,0.1125,0.2088188943500055,0.20881889435000547,1.0
200019,3,aligned,uniform,frozen,0.5283115856591769,0.5413100359577552,0.2125,0.2088188943500055,0.20881889435000547,1.0
200019,3,aligned,count,frozen,0.5529400522610199,0.5850317773310992,0.11875,0.2088188943500055,0.20881889435000547,1.0
200019,3,aligned,epistemic,online,0.6080094134964218,0.6001366369549439,0.06875,0.16916588912152983,0.15812171745190248,1.0
200019,3,aligned,aleatoric,online,0.649986639670486,0.5843681214306622,0.0625,0.16516465623983267,0.15595803287653384,1.0
200019,3,aligned,total,online,0.6212097758915697,0.6325200768911218,0.06875,0.16386226730806058,0.14416111894812003,1.0
200019,3,aligned,point,online,0.555055605158427,0.5807284792585501,0.10625,0.1758962143813953,0.16048079268898574,1.0
200019,3,aligned,shuffled,online,0.6061278584781205,0.6201231093068421,0.10625,0.17055828691792388,0.15281233270432068,1.0
200019,3,aligned,uniform,online,0.49687311624799213,0.5598586105120262,0.2375,0.18544350903339488,0.16550008495423676,1.0
200019,3,aligned,count,online,0.5626665220562848,0.578341541792272,0.08125,0.1700135384790964,0.1538343819244132,1.0
200019,3,decorrelated,epistemic,frozen,0.4915043988305653,0.49641898551350805,0.0,0.20866515704822225,0.20866515704822222,-0.006993006993006993
200019,3,decorrelated,aleatoric,frozen,0.517114815891677,0.5250940293799473,0.0,0.20866515704822225,0.20866515704822222,-0.006993006993006993
200019,3,decorrelated,total,frozen,0.5044858210983005,0.5147313192276877,0.0,0.20866515704822225,0.20866515704822222,-0.006993006993006993
200019,3,decorrelated,point,frozen,0.5204472509270114,0.5013698028817082,0.0,0.20866515704822225,0.20866515704822222,-0.006993006993006993
200019,3,decorrelated,shuffled,frozen,0.5104945218857379,0.518027805490178,0.0,0.20866515704822225,0.20866515704822222,-0.006993006993006993
200019,3,decorrelated,uniform,frozen,0.5784139435653046,0.5713719848255864,0.0,0.20866515704822225,0.20866515704822222,-0.006993006993006993
200019,3,decorrelated,count,frozen,0.5171455097911752,0.5014319480110893,0.0,0.20866515704822225,0.20866515704822222,-0.006993006993006993
200019,3,decorrelated,epistemic,online,0.5139337302164242,0.5170851572045002,0.0,0.19779896571270247,0.18613874909305017,-0.006993006993006993
200019,3,decorrelated,aleatoric,online,0.5155338980927227,0.5463177177257618,0.0,0.1941925373234243,0.17638395139346866,-0.006993006993006993
200019,3,decorrelated,total,online,0.5066244124300114,0.553406302303888,0.0,0.1970134436058233,0.17934453231768835,-0.006993006993006993
200019,3,decorrelated,point,online,0.5162638153475194,0.5174187141268833,0.0,0.19868771658747694,0.18802356743488793,-0.006993006993006993
200019,3,decorrelated,shuffled,online,0.5459049251250079,0.4977649046999126,0.0,0.19055820454743239,0.18564594160292736,-0.006993006993006993
200019,3,decorrelated,uniform,online,0.5321935539196939,0.5672999887743015,0.0,0.1956186434249935,0.1909386889422505,-0.006993006993006993
200019,3,decorrelated,count,online,0.5215675588740443,0.555009735294669,0.0,0.193246849619853,0.17965388979483046,-0.006993006993006993
200019,3,anti,epistemic,frozen,0.4405946533099474,0.49631291291358187,0.39375,0.21416810909505135,0.21416810909505135,-1.0
200019,3,anti,aleatoric,frozen,0.43308576331204807,0.4615231494398949,0.4375,0.21416810909505135,0.21416810909505135,-1.0
200019,3,anti,total,frozen,0.4261296792392913,0.45799824808138895,0.475,0.21416810909505135,0.21416810909505135,-1.0
200019,3,anti,point,frozen,0.5035923155804178,0.5183058801166767,0.275,0.21416810909505135,0.21416810909505135,-1.0
200019,3,anti,shuffled,frozen,0.44077274900608215,0.44035701597826354,0.54375,0.21416810909505135,0.21416810909505135,-1.0
200019,3,anti,uniform,frozen,0.521688414340823,0.5086899640422449,0.13125,0.21416810909505135,0.21416810909505135,-1.0
200019,3,anti,count,frozen,0.4970599477389802,0.46496822266890075,0.29375,0.21416810909505135,0.21416810909505135,-1.0
200019,3,anti,epistemic,online,0.4919968138465511,0.527784563085049,0.3125,0.16898470509035557,0.12843761977039472,-1.0
200019,3,anti,aleatoric,online,0.4691469943697461,0.5585193329273879,0.3125,0.19194348639336256,0.12403824215653297,-1.0
200019,3,anti,total,online,0.5196049357246173,0.5301193597631629,0.25625,0.16215901390615403,0.12666227900013172,-1.0
200019,3,anti,point,online,0.5564313751873535,0.5774718057474362,0.1875,0.15619469245597353,0.1266256139876994,-1.0
200019,3,anti,shuffled,online,0.5208026220211097,0.5357114328081859,0.26875,0.1577876231728151,0.13308725450721529,-1.0
200019,3,anti,uniform,online,0.5998494503721183,0.5763173551616159,0.1,0.14918903369373837,0.13325279129554482,-1.0
200019,3,anti,count,online,0.5177790723404498,0.5103854874296411,0.1625,0.1548689202977161,0.13141088108044727,-1.0
200020,1,aligned,epistemic,frozen,0.6086805309282524,0.5828771023436876,0.06875,0.17556002271625964,0.17556002271625962,1.0
200020,1,aligned,aleatoric,frozen,0.5735930469662989,0.5389849608427982,0.0625,0.17556002271625964,0.17556002271625962,1.0
200020,1,aligned,total,frozen,0.5817701703153209,0.5038183274731036,0.08125,0.17556002271625964,0.17556002271625962,1.0
200020,1,aligned,point,frozen,0.5150454943133798,0.5163378781562444,0.13125,0.17556002271625964,0.17556002271625962,1.0
200020,1,aligned,shuffled,frozen,0.5206115583562149,0.5262677955767746,0.1125,0.17556002271625964,0.17556002271625962,1.0
200020,1,aligned,uniform,frozen,0.5757387621946297,0.5419648497624964,0.03125,0.17556002271625964,0.17556002271625962,1.0
200020,1,aligned,count,frozen,0.5198595073644054,0.5000096824448563,0.1125,0.17556002271625964,0.17556002271625962,1.0
200020,1,aligned,epistemic,online,0.5768473904645933,0.5971580905763467,0.09375,0.14547885793272186,0.14639804677173926,1.0
200020,1,aligned,aleatoric,online,0.6212444029195738,0.6041795818644973,0.04375,0.15024193035089112,0.1438448538258331,1.0
200020,1,aligned,total,online,0.5547849240359707,0.5445060227547709,0.075,0.15034239599634444,0.13826537912415504,1.0
200020,1,aligned,point,online,0.5377707205711564,0.5423089375705307,0.11875,0.15046609881481343,0.13756320186371657,1.0
200020,1,aligned,shuffled,online,0.5349826483405695,0.544690153443492,0.0625,0.15189379215114734,0.1440425071144375,1.0
200020,1,aligned,uniform,online,0.5274475158899208,0.5065031459730356,0.11875,0.15381604425166967,0.14667015746736428,1.0
200020,1,aligned,count,online,0.5235926658267227,0.5406411817033469,0.10625,0.14915300224028566,0.14040753361131822,1.0
200020,1,decorrelated,epistemic,frozen,0.48088959176945634,0.5145913305516385,0.19375,0.21232796015957195,0.21232796015957198,-0.02097902097902098
200020,1,decorrelated,aleatoric,frozen,0.48125852097194277,0.5395803503896486,0.16875,0.21232796015957195,0.21232796015957198,-0.02097902097902098
200020,1,decorrelated,total,frozen,0.48449587470084665,0.48840462896735987,0.23125,0.21232796015957195,0.21232796015957198,-0.02097902097902098
200020,1,decorrelated,point,frozen,0.5150187606632443,0.4989038325128094,0.25625,0.21232796015957195,0.21232796015957198,-0.02097902097902098
200020,1,decorrelated,shuffled,frozen,0.5509862977365384,0.5129346777891072,0.2125,0.21232796015957195,0.21232796015957198,-0.02097902097902098
200020,1,decorrelated,uniform,frozen,0.43228805409979854,0.456499086699446,0.56875,0.21232796015957195,0.21232796015957198,-0.02097902097902098
200020,1,decorrelated,count,frozen,0.5092438962844922,0.5274907047017242,0.25625,0.21232796015957195,0.21232796015957198,-0.02097902097902098
200020,1,decorrelated,epistemic,online,0.4741300859593586,0.46223519751622105,0.29375,0.19233611209171583,0.19176658323158022,-0.02097902097902098
200020,1,decorrelated,aleatoric,online,0.4784393097677658,0.4852766027242291,0.25,0.19660666869714588,0.17528232251914008,-0.02097902097902098
200020,1,decorrelated,total,online,0.50117852738235,0.5247612517056915,0.275,0.1856247434230509,0.1765957770340161,-0.02097902097902098
200020,1,decorrelated,point,online,0.491993835874017,0.5066625868035775,0.29375,0.18964829176414555,0.17326871443803207,-0.02097902097902098
200020,1,decorrelated,shuffled,online,0.48886479667129495,0.4918259387347833,0.2375,0.1841912643350883,0.17851879207552757,-0.02097902097902098
200020,1,decorrelated,uniform,online,0.5392623468363329,0.5653554593193334,0.275,0.18359463412829471,0.1724859299926461,-0.02097902097902098
200020,1,decorrelated,count,online,0.500293877045804,0.47676865032320814,0.24375,0.18474325539674435,0.1789863408614846,-0.02097902097902098
200020,1,anti,epistemic,frozen,0.4413194690717477,0.4671228976563124,0.3,0.1768132674053114,0.17681326740531142,-1.0
200020,1,anti,aleatoric,frozen,0.47640695303370106,0.5110150391572017,0.23125,0.1768132674053114,0.17681326740531142,-1.0
200020,1,anti,total,frozen,0.468229829684679,0.5461816725268964,0.23125,0.1768132674053114,0.17681326740531142,-1.0
200020,1,anti,point,frozen,0.5349545056866203,0.5336621218437555,0.09375,0.1768132674053114,0.17681326740531142,-1.0
200020,1,anti,shuffled,frozen,0.5293884416437852,0.5237322044232254,0.05625,0.1768132674053114,0.17681326740531142,-1.0
200020,1,anti,uniform,frozen,0.47426123780537033,0.5080351502375037,0.0625,0.1768132674053114,0.17681326740531142,-1.0
200020,1,anti,count,frozen,0.5301404926355945,0.5499903175551437,0.08125,0.1768132674053114,0.17681326740531142,-1.0
200020,1,anti,epistemic,online,0.5160961912841218,0.5393558912232067,0.1,0.15379773980244255,0.14216799890504217,-1.0
200020,1,anti,aleatoric,online,0.47631247536108495,0.5357183362444542,0.19375,0.1557809942165083,0.13754204199237768,-1.0
200020,1,anti,total,online,0.5194171494625618,0.5326913094632276,0.08125,0.15668627635208648,0.14470151802408357,-1.0
200020,1,anti,point,online,0.5322776200867585,0.5481080925815787,0.075,0.15433064351126075,0.14676851642105615,-1.0
200020,1,anti,shuffled,online,0.533543964486272,0.5292999717323168,0.0875,0.15598699685598608,0.15154670199916373,-1.0
200020,1,anti,uniform,online,0.5196938388282343,0.5371939109086152,0.075,0.15684346701534896,0.1449226817126475,-1.0
200020,1,anti,count,online,0.5386578407652545,0.5332557793452384,0.08125,0.15690962601901703,0.14947994349018015,-1.0
200020,2,aligned,epistemic,frozen,0.6250903693791464,0.6068368984436038,0.10625,0.20700921141154932,0.2070092114115493,1.0
200020,2,aligned,aleatoric,frozen,0.5852651752242962,0.5705151790476106,0.175,0.20700921141154932,0.2070092114115493,1.0
200020,2,aligned,total,frozen,0.608996249969261,0.5877876838378693,0.16875,0.20700921141154932,0.2070092114115493,1.0
200020,2,aligned,point,frozen,0.539770465264193,0.5791061971546134,0.24375,0.20700921141154932,0.2070092114115493,1.0
200020,2,aligned,shuffled,frozen,0.4944572658597348,0.5009155213410151,0.25625,0.20700921141154932,0.2070092114115493,1.0
200020,2,aligned,uniform,frozen,0.5538346785741458,0.5001986456688277,0.16875,0.20700921141154932,0.2070092114115493,1.0
200020,2,aligned,count,frozen,0.5267633009799617,0.551599213870437,0.21875,0.20700921141154932,0.2070092114115493,1.0
200020,2,aligned,epistemic,online,0.5874484805251828,0.6374270317471851,0.225,0.15183917388879586,0.1317248283237623,1.0
200020,2,aligned,aleatoric,online,0.6188147180399792,0.5712251670134445,0.1125,0.15012788600349108,0.13221443077690725,1.0
200020,2,aligned,total,online,0.6108942191637079,0.5880195444258242,0.16875,0.15010184337425433,0.13016556875411395,1.0
200020,2,aligned,point,online,0.540812415648238,0.5683977834381997,0.20625,0.1643689187741883,0.12838735932003992,1.0
200020,2,aligned,shuffled,online,0.6046196777329561,0.6386567624952265,0.14375,0.15959555935729508,0.14050545414645507,1.0
200020,2,aligned,uniform,online,0.631121813857827,0.5907160013541833,0.1,0.14558779811733533,0.1285042300081918,1.0
200020,2,aligned,count,online,0.560299864382585,0.5824660839856992,0.19375,0.1556492367246328,0.1345807442154493,1.0
200020,2,decorrelated,epistemic,frozen,0.4521690045133009,0.4637479056731296,0.3875,0.19449052369249573,0.19449052369249575,0.013986013986013986
200020,2,decorrelated,aleatoric,frozen,0.4819330890284479,0.4889781608785343,0.3375,0.19449052369249573,0.19449052369249575,0.013986013986013986
200020,2,decorrelated,total,frozen,0.46385289897744036,0.4623162686325456,0.34375,0.19449052369249573,0.19449052369249575,0.013986013986013986
200020,2,decorrelated,point,frozen,0.48441419052018836,0.5006903175223144,0.21875,0.19449052369249573,0.19449052369249575,0.013986013986013986
200020,2,decorrelated,shuffled,frozen,0.5118149498496658,0.4876118761558571,0.10625,0.19449052369249573,0.19449052369249575,0.013986013986013986
200020,2,decorrelated,uniform,frozen,0.4669823899210364,0.49003636272452394,0.2375,0.19449052369249573,0.19449052369249575,0.013986013986013986
200020,2,decorrelated,count,frozen,0.5011794375401255,0.5135563877938397,0.1875,0.19449052369249573,0.19449052369249575,0.013986013986013986
200020,2,decorrelated,epistemic,online,0.4986361338127249,0.5027201975639826,0.2125,0.189597756729724,0.1857228315416324,0.013986013986013986
200020,2,decorrelated,aleatoric,online,0.48645764837272126,0.5467122642337412,0.275,0.18547468104762208,0.1730072232530273,0.013986013986013986
200020,2,decorrelated,total,online,0.4612150356700261,0.47081015589222536,0.26875,0.19786331640120472,0.1800151069911843,0.013986013986013986
200020,2,decorrelated,point,online,0.49576326442536445,0.48713875695759173,0.175,0.1860658560811527,0.17557274852172763,0.013986013986013986
200020,2,decorrelated,shuffled,online,0.45744527134915103,0.49475287470960216,0.25625,0.20373532285720336,0.1909073212793669,0.013986013986013986
200020,2,decorrelated,uniform,online,0.5126838915370279,0.4761324616450975,0.1375,0.1776740498588354,0.1850918368404372,0.013986013986013986
200020,2,decorrelated,count,online,0.4936367558093949,0.4868151723541695,0.13125,0.1838428672866129,0.18544010293765256,0.013986013986013986
200020,2,anti,epistemic,frozen,0.4249096306208536,0.4431631015563964,0.3875,0.20553664147215156,0.20553664147215156,-1.0
200020,2,anti,aleatoric,frozen,0.4647348247757038,0.4794848209523894,0.3375,0.20553664147215156,0.20553664147215156,-1.0
200020,2,anti,total,frozen,0.44100375003073894,0.4622123161621309,0.34375,0.20553664147215156,0.20553664147215156,-1.0
200020,2,anti,point,frozen,0.5102295347358071,0.4708938028453867,0.21875,0.20553664147215156,0.20553664147215156,-1.0
200020,2,anti,shuffled,frozen,0.5555427341402652,0.5490844786589848,0.10625,0.20553664147215156,0.20553664147215156,-1.0
200020,2,anti,uniform,frozen,0.49616532142585407,0.5498013543311723,0.2375,0.20553664147215156,0.20553664147215156,-1.0
200020,2,anti,count,frozen,0.5232366990200383,0.49840078612956307,0.1875,0.20553664147215156,0.20553664147215156,-1.0
200020,2,anti,epistemic,online,0.5378795823958274,0.5508565370853897,0.1625,0.15718920996443111,0.12048748753621392,-1.0
200020,2,anti,aleatoric,online,0.47919316176167737,0.5936019529627734,0.25625,0.1679607346437261,0.11892199044452638,-1.0
200020,2,anti,total,online,0.5369655252839413,0.5841061027206267,0.21875,0.16052666521771944,0.11348794623969409,-1.0
200020,2,anti,point,online,0.5724527227641744,0.6146627311807642,0.14375,0.14641609714308132,0.11084888939682695,-1.0
200020,2,anti,shuffled,online,0.5571059465721848,0.6199195817563643,0.20625,0.15269068023260876,0.10873112638469506,-1.0
200020,2,anti,uniform,online,0.5117172654622515,0.5829240249980315,0.0875,0.15266939736385032,0.12359825360419707,-1.0
200020,2,anti,count,online,0.5533444164850563,0.5687914921277912,0.125,0.15074549861267234,0.12066909717211936,-1.0
200020,3,aligned,epistemic,frozen,0.6387856064002152,0.6383101768235802,0.08125,0.21335419633940284,0.21335419633940286,1.0
200020,3,aligned,aleatoric,frozen,0.6460730213174946,0.6376010048819769,0.075,0.21335419633940284,0.21335419633940286,1.0
200020,3,aligned,total,frozen,0.6288856984573323,0.6317565170535462,0.0875,0.21335419633940284,0.21335419633940286,1.0
200020,3,aligned,point,frozen,0.540769191009842,0.5638272283895016,0.23125,0.21335419633940284,0.21335419633940286,1.0
200020,3,aligned,shuffled,frozen,0.5709790543416139,0.546583687425982,0.16875,0.21335419633940284,0.21335419633940286,1.0
200020,3,aligned,uniform,frozen,0.5555323352418171,0.5277837022092872,0.13125,0.21335419633940284,0.21335419633940286,1.0
200020,3,aligned,count,frozen,0.5578697547664626,0.5781028595812253,0.16875,0.21335419633940284,0.21335419633940286,1.0
200020,3,aligned,epistemic,online,0.5890645621142914,0.5349390737152604,0.1875,0.1790577108127641,0.1698428434617563,1.0
200020,3,aligned,aleatoric,online,0.6068831010260016,0.5260553463805706,0.1875,0.1826939469540083,0.17804495270772888,1.0
200020,3,aligned,total,online,0.5995978536905963,0.5143461270153861,0.1,0.17838509276536713,0.17342861833917078,1.0
200020,3,aligned,point,online,0.5600756881963582,0.5473309015158296,0.1875,0.18582024490732724,0.1664037726353814,1.0
200020,3,aligned,shuffled,online,0.5654885797380308,0.5734496657891391,0.16875,0.17850906183413465,0.17322369649748529,1.0
200020,3,aligned,uniform,online,0.5874461138920472,0.5762137311713917,0.14375,0.18349147791871992,0.16915816464150032,1.0
200020,3,aligned,count,online,0.5561229296293999,0.5866458350387184,0.1625,0.17567315992520655,0.15730669174119485,1.0
200020,3,decorrelated,epistemic,frozen,0.49563412069432483,0.531816717077799,0.04375,0.22177575290704282,0.22177575290704285,-0.027972027972027972
200020,3,decorrelated,aleatoric,frozen,0.5038250461176382,0.5203908533925926,0.03125,0.22177575290704282,0.22177575290704285,-0.027972027972027972
200020,3,decorrelated,total,frozen,0.49040646611039956,0.45712047260094985,0.05,0.22177575290704282,0.22177575290704285,-0.027972027972027972
200020,3,decorrelated,point,frozen,0.48657581753453194,0.466437598986231,0.14375,0.22177575290704282,0.22177575290704285,-0.027972027972027972
200020,3,decorrelated,shuffled,frozen,0.4956671032200279,0.5054073875116565,0.10625,0.22177575290704282,0.22177575290704285,-0.027972027972027972
200020,3,decorrelated,uniform,frozen,0.5353230312202764,0.4978118273542565,0.09375,0.22177575290704282,0.22177575290704285,-0.027972027972027972
200020,3,decorrelated,count,frozen,0.5023427779425904,0.5020283775686956,0.0875,0.22177575290704282,0.22177575290704285,-0.027972027972027972
200020,3,decorrelated,epistemic,online,0.5110330280955482,0.4923258935548483,0.1,0.19550748543011093,0.1871986435344699,-0.027972027972027972
200020,3,decorrelated,aleatoric,online,0.47338672969808354,0.42026010129057434,0.14375,0.21937422946167193,0.2355659087398639,-0.027972027972027972
200020,3,decorrelated,total,online,0.5172864092108534,0.5298760296894077,0.10625,0.19756573171929975,0.18524246935469413,-0.027972027972027972
200020,3,decorrelated,point,online,0.5095715980893659,0.5334498931434462,0.11875,0.20828882293120818,0.1839046999119159,-0.027972027972027972
200020,3,decorrelated,shuffled,online,0.5029378256190375,0.48575822538496743,0.09375,0.19917841948037296,0.19963680245028956,-0.027972027972027972
200020,3,decorrelated,uniform,online,0.5203546679523984,0.5485442810143273,0.14375,0.19907108551531497,0.18245614387370854,-0.027972027972027972
200020,3,decorrelated,count,online,0.5067879824886778,0.5213711461710792,0.1125,0.19449040427260533,0.18245009307574842,-0.027972027972027972
200020,3,anti,epistemic,frozen,0.41121439359978496,0.4116898231764198,0.45625,0.21136054484719574,0.21136054484719569,-1.0
200020,3,anti,aleatoric,frozen,0.4039269786825056,0.41239899511802314,0.51875,0.21136054484719574,0.21136054484719569,-1.0
200020,3,anti,total,frozen,0.42111430154266766,0.41824348294645386,0.4625,0.21136054484719574,0.21136054484719569,-1.0
200020,3,anti,point,frozen,0.509230808990158,0.48617277161049854,0.3625,0.21136054484719574,0.21136054484719569,-1.0
200020,3,anti,shuffled,frozen,0.47902094565838615,0.5034163125740181,0.38125,0.21136054484719574,0.21136054484719569,-1.0
200020,3,anti,uniform,frozen,0.49446766475818293,0.522216297790713,0.29375,0.21136054484719574,0.21136054484719569,-1.0
200020,3,anti,count,frozen,0.49213024523353743,0.4718971404187748,0.275,0.21136054484719574,0.21136054484719569,-1.0
200020,3,anti,epistemic,online,0.5259502011885443,0.5897569855266201,0.25,0.15865218718062613,0.12789257238173757,-1.0
200020,3,anti,aleatoric,online,0.490531646021787,0.5862763359907255,0.33125,0.1878549298077409,0.13248337507959904,-1.0
200020,3,anti,total,online,0.5212535758579111,0.5783138939861933,0.25,0.17080842105550587,0.12488716338948695,-1.0
200020,3,anti,point,online,0.5536704126459695,0.6390691874663924,0.23125,0.16279994277712279,0.11534334547108312,-1.0
200020,3,anti,shuffled,online,0.5389975412778583,0.5666433690390834,0.225,0.15795100612250806,0.13068263537599614,-1.0
200020,3,anti,uniform,online,0.5524746492312349,0.6037217762962135,0.20625,0.15670702601536113,0.12174532505661217,-1.0
200020,3,anti,count,online,0.5416022015790821,0.5747938906837724,0.16875,0.15618541950665824,0.12624427686347012,-1.0
200021,1,aligned,epistemic,frozen,0.63922183670565,0.6688590896631704,0.0,0.1724488976977751,0.17244889769777508,1.0
200021,1,aligned,aleatoric,frozen,0.5873329452829605,0.5366732702890006,0.0,0.1724488976977751,0.17244889769777508,1.0
200021,1,aligned,total,frozen,0.6229771010668703,0.6119866458529202,0.0,0.1724488976977751,0.17244889769777508,1.0
200021,1,aligned,point,frozen,0.5317163126350627,0.5447882319191424,0.0,0.1724488976977751,0.17244889769777508,1.0
200021,1,aligned,shuffled,frozen,0.5377139696665273,0.5448583885899947,0.0,0.1724488976977751,0.17244889769777508,1.0
200021,1,aligned,uniform,frozen,0.5415478269912856,0.562322668666871,0.0,0.1724488976977751,0.17244889769777508,1.0
200021,1,aligned,count,frozen,0.5436244369466184,0.5227677974937213,0.0,0.1724488976977751,0.17244889769777508,1.0
200021,1,aligned,epistemic,online,0.5965339035328521,0.6075339610819664,0.0,0.13032327352584575,0.11848190431306144,1.0
200021,1,aligned,aleatoric,online,0.6088167399081035,0.5852524107233059,0.0,0.12941330254077252,0.1253675984706807,1.0
200021,1,aligned,total,online,0.6069917808480236,0.6279072756488332,0.0,0.12934440574895423,0.11809521362123737,1.0
200021,1,aligned,point,online,0.5562668975972807,0.5667452002551331,0.0,0.13065612730361262,0.11561619712367988,1.0
200021,1,aligned,shuffled,online,0.5458148254126531,0.5416345026686699,0.0,0.1357424073564068,0.12907106701498572,1.0
200021,1,aligned,uniform,online,0.5499435142977601,0.5757774874459072,0.0,0.13035570738920513,0.11621144612764141,1.0
200021,1,aligned,count,online,0.5451529835368877,0.5114952872270189,0.0,0.13403452816535402,0.12620332416670824,1.0
200021,1,decorrelated,epistemic,frozen,0.502289233395311,0.5180904307972847,0.1125,0.18303655247454026,0.18303655247454023,-0.006993006993006993
200021,1,decorrelated,aleatoric,frozen,0.4944677332025442,0.5377656293763116,0.2875,0.18303655247454026,0.18303655247454023,-0.006993006993006993
200021,1,decorrelated,total,frozen,0.5451551609630815,0.5479914565113179,0.175,0.18303655247454026,0.18303655247454023,-0.006993006993006993
200021,1,decorrelated,point,frozen,0.5533018597894213,0.5599882616128206,0.0875,0.18303655247454026,0.18303655247454023,-0.006993006993006993
200021,1,decorrelated,shuffled,frozen,0.4827716057172894,0.5083941041186888,0.2,0.18303655247454026,0.18303655247454023,-0.006993006993006993
200021,1,decorrelated,uniform,frozen,0.5294271069225098,0.5252127211837383,0.08125,0.18303655247454026,0.18303655247454023,-0.006993006993006993
200021,1,decorrelated,count,frozen,0.5359122615510463,0.5572804350940904,0.1,0.18303655247454026,0.18303655247454023,-0.006993006993006993
200021,1,decorrelated,epistemic,online,0.562837076993943,0.5439541389295147,0.11875,0.15184572546014902,0.14331119785068347,-0.006993006993006993
200021,1,decorrelated,aleatoric,online,0.5275312257281474,0.5746404554520919,0.25,0.15345003689034964,0.14123759610437514,-0.006993006993006993
200021,1,decorrelated,total,online,0.5648491087245829,0.6010892368902787,0.1625,0.1502605053945738,0.1388704424356765,-0.006993006993006993
200021,1,decorrelated,point,online,0.5620376870588547,0.5907364990569797,0.11875,0.15322628172162578,0.14560865944764093,-0.006993006993006993
200021,1,decorrelated,shuffled,online,0.5593016969778516,0.5948725259036951,0.1125,0.15257892319419544,0.1436536652816097,-0.006993006993006993
200021,1,decorrelated,uniform,online,0.5457439435672133,0.5277278242250965,0.08125,0.15457589308993513,0.14622316805462413,-0.006993006993006993
200021,1,decorrelated,count,online,0.5275703134535625,0.5097899324665262,0.1125,0.15462545312165712,0.14476443912397488,-0.006993006993006993
200021,1,anti,epistemic,frozen,0.41077816329434996,0.3811409103368296,0.28125,0.19605611591683397,0.196056115916834,-1.0
200021,1,anti,aleatoric,frozen,0.4626670547170395,0.5133267297109996,0.39375,0.19605611591683397,0.196056115916834,-1.0
200021,1,anti,total,frozen,0.4270228989331297,0.43801335414707987,0.44375,0.19605611591683397,0.196056115916834,-1.0
200021,1,anti,point,frozen,0.5182836873649375,0.5052117680808577,0.25625,0.19605611591683397,0.196056115916834,-1.0
200021,1,anti,shuffled,frozen,0.5122860303334728,0.5051416114100052,0.23125,0.19605611591683397,0.196056115916834,-1.0
200021,1,anti,uniform,frozen,0.5084521730087144,0.48767733133312907,0.2,0.19605611591683397,0.196056115916834,-1.0
200021,1,anti,count,frozen,0.5063755630533816,0.5272322025062788,0.225,0.19605611591683397,0.196056115916834,-1.0
200021,1,anti,epistemic,online,0.4980116870043121,0.5268227413341491,0.28125,0.1615530339801956,0.13437214332421668,-1.0
200021,1,anti,aleatoric,online,0.4699651741820284,0.4837992481151686,0.3625,0.163256852475197,0.13772974874046587,-1.0
200021,1,anti,total,online,0.4830848689587578,0.5094462840734756,0.3125,0.16573106422394496,0.13851897794638002,-1.0
200021,1,anti,point,online,0.5303225516941895,0.543271464973295,0.2,0.15821781072823177,0.1407199626651117,-1.0
200021,1,anti,shuffled,online,0.5061739011630169,0.5305375323132232,0.25,0.16223472483594903,0.14376990092905947,-1.0
200021,1,anti,uniform,online,0.539663221989992,0.539626807670995,0.125,0.15735862099770337,0.14356916632178265,-1.0
200021,1,anti,count,online,0.5232174104732519,0.5789303942840018,0.20625,0.15877173324084803,0.1431270022120537,-1.0
200021,2,aligned,epistemic,frozen,0.61184577746237,0.6077114457919593,0.0,0.18045472964530535,0.18045472964530532,1.0
200021,2,aligned,aleatoric,frozen,0.5730338364719672,0.5544656533055151,0.0,0.18045472964530535,0.18045472964530532,1.0
200021,2,aligned,total,frozen,0.6121552125872703,0.613960795806836,0.0,0.18045472964530535,0.18045472964530532,1.0
200021,2,aligned,point,frozen,0.5659955584231632,0.5418740506948674,0.0,0.18045472964530535,0.18045472964530532,1.0
200021,2,aligned,shuffled,frozen,0.5509625162200937,0.5942826037701463,0.0,0.18045472964530535,0.18045472964530532,1.0
200021,2,aligned,uniform,frozen,0.5387008843062079,0.5286687094206433,0.0,0.18045472964530535,0.18045472964530532,1.0
200021,2,aligned,count,frozen,0.5402173179751116,0.5756701361638509,0.0,0.18045472964530535,0.18045472964530532,1.0
200021,2,aligned,epistemic,online,0.5915837628284233,0.5376695279704923,0.0,0.14639493274438803,0.13872086625015553,1.0
200021,2,aligned,aleatoric,online,0.6358134012467015,0.6283825854622502,0.0,0.15079424049239334,0.1398762330733508,1.0
200021,2,aligned,total,online,0.6170301812775921,0.581050435653463,0.0,0.1482002843389731,0.13864169200018567,1.0
200021,2,aligned,point,online,0.5706866083648793,0.5873079282514808,0.0,0.14675989460073863,0.13985162771238638,1.0
200021,2,aligned,shuffled,online,0.5891418970784154,0.5123764968464444,0.0,0.14623725768256066,0.13594013300954666,1.0
200021,2,aligned,uniform,online,0.5971136623314725,0.585953932565197,0.0,0.1507819068196264,0.14497438432179716,1.0
200021,2,aligned,count,online,0.5679078125704982,0.573662463846665,0.0,0.1480089514444168,0.13540612934778232,1.0
200021,2,decorrelated,epistemic,frozen,0.5056568293437277,0.5296143729581416,0.0,0.19255345173721455,0.19255345173721458,0.02097902097902098
200021,2,decorrelated,aleatoric,frozen,0.48687334401150106,0.5060292693208007,0.0,0.19255345173721455,0.19255345173721458,0.02097902097902098
200021,2,decorrelated,total,frozen,0.5005429217607578,0.5409033038351744,0.0,0.19255345173721455,0.19255345173721458,0.02097902097902098
200021,2,decorrelated,point,frozen,0.5075696328202846,0.5199303647257282,0.0,0.19255345173721455,0.19255345173721458,0.02097902097902098
200021,2,decorrelated,shuffled,frozen,0.5304644578865145,0.4971025860518665,0.0,0.19255345173721455,0.19255345173721458,0.02097902097902098
200021,2,decorrelated,uniform,frozen,0.5029995817332875,0.49483013194165454,0.0,0.19255345173721455,0.19255345173721458,0.02097902097902098
200021,2,decorrelated,count,frozen,0.5330596775578228,0.51895471980995,0.0,0.19255345173721455,0.19255345173721458,0.02097902097902098
200021,2,decorrelated,epistemic,online,0.5080192236641962,0.5432182219586288,0.0,0.178626232755441,0.16992043925475012,0.02097902097902098
200021,2,decorrelated,aleatoric,online,0.4983820497763117,0.4947893660601351,0.0,0.17865644003444775,0.16834729777828347,0.02097902097902098
200021,2,decorrelated,total,online,0.49765513091545105,0.5525496156776191,0.0,0.17783567509180423,0.16595927531462518,0.02097902097902098
200021,2,decorrelated,point,online,0.5691035579552473,0.6082164655331324,0.0,0.17559472983260738,0.16841349011913023,0.02097902097902098
200021,2,decorrelated,shuffled,online,0.5083390258066756,0.5523715068801007,0.0,0.1803464994302652,0.16964771561906702,0.02097902097902098
200021,2,decorrelated,uniform,online,0.5534313877894428,0.5403310149108245,0.0,0.17077318355049184,0.16636064829817748,0.02097902097902098
200021,2,decorrelated,count,online,0.5379407991873715,0.5520990938278996,0.0,0.1762061978243053,0.16467470698443992,0.02097902097902098
200021,2,anti,epistemic,frozen,0.43815422253763003,0.44228855420804064,0.44375,0.2024515081889386,0.20245150818893856,-1.0
200021,2,anti,aleatoric,frozen,0.4769661635280328,0.49553434669448493,0.4125,0.2024515081889386,0.20245150818893856,-1.0
200021,2,anti,total,frozen,0.43784478741272964,0.43603920419316394,0.4375,0.2024515081889386,0.20245150818893856,-1.0
200021,2,anti,point,frozen,0.4840044415768368,0.5081259493051327,0.34375,0.2024515081889386,0.20245150818893856,-1.0
200021,2,anti,shuffled,frozen,0.49903748377990614,0.45571739622985363,0.20625,0.2024515081889386,0.20245150818893856,-1.0
200021,2,anti,uniform,frozen,0.5112991156937922,0.5213312905793568,0.2625,0.2024515081889386,0.20245150818893856,-1.0
200021,2,anti,count,frozen,0.5097826820248883,0.4743298638361491,0.25,0.2024515081889386,0.20245150818893856,-1.0
200021,2,anti,epistemic,online,0.518350700990534,0.5754162882192612,0.2875,0.16804802581280115,0.14560493705167504,-1.0
200021,2,anti,aleatoric,online,0.4598855520936529,0.4664912814158809,0.4,0.1762762436951964,0.1484816466094359,-1.0
200021,2,anti,total,online,0.4907710428290083,0.5428432875195908,0.3,0.1694572468704675,0.14100473712921682,-1.0
200021,2,anti,point,online,0.4970585456955742,0.5084590510826172,0.2875,0.17083719330891212,0.1539894127546322,-1.0
200021,2,anti,shuffled,online,0.5198566435535308,0.5618287943082695,0.24375,0.16621547625497962,0.15017907618461143,-1.0
200021,2,anti,uniform,online,0.5188300532446238,0.5447909021495929,0.26875,0.16067118223718285,0.13910576937068736,-1.0
200021,2,anti,count,online,0.5178197030412293,0.5409239404062307,0.20625,0.16735292981074595,0.15023998506154254,-1.0
200021,3,aligned,epistemic,frozen,0.5993361370623559,0.5818362943704649,0.04375,0.1989975468044083,0.1989975468044083,1.0
200021,3,aligned,aleatoric,frozen,0.5852776239055997,0.5353381557381288,0.14375,0.1989975468044083,0.1989975468044083,1.0
200021,3,aligned,total,frozen,0.5956446385685747,0.555098224124848,0.0625,0.1989975468044083,0.1989975468044083,1.0
200021,3,aligned,point,frozen,0.541925459725311,0.5537427720344665,0.11875,0.1989975468044083,0.1989975468044083,1.0
200021,3,aligned,shuffled,frozen,0.5534072295413746,0.5318721794523484,0.09375,0.1989975468044083,0.1989975468044083,1.0
200021,3,aligned,uniform,frozen,0.5244209424080154,0.5617528335658661,0.23125,0.1989975468044083,0.1989975468044083,1.0
200021,3,aligned,count,frozen,0.5191658776730879,0.48171790500373374,0.1,0.1989975468044083,0.1989975468044083,1.0
200021,3,aligned,epistemic,online,0.5792742450791822,0.5320433513150198,0.1125,0.17152974675422628,0.16071419726218017,1.0
200021,3,aligned,aleatoric,online,0.6309655009768045,0.6248812827114891,0.06875,0.17162942949763607,0.17396370300334144,1.0
200021,3,aligned,total,online,0.5514271775377511,0.5321300010676117,0.1125,0.1716197705713243,0.16349378709875326,1.0
200021,3,aligned,point,online,0.5568580803236568,0.5845910115212825,0.1,0.1731852944673221,0.16230683530752513,1.0
200021,3,aligned,shuffled,online,0.5413384019677628,0.5299259394132674,0.13125,0.17463084696369888,0.16528536472934138,1.0
200021,3,aligned,uniform,online,0.5082797012301951,0.6032206571918779,0.15,0.1756143275344079,0.16272798466995836,1.0
200021,3,aligned,count,online,0.5391668407284663,0.5670141017321331,0.075,0.17088987079164672,0.15949782923500447,1.0
200021,3,decorrelated,epistemic,frozen,0.6183545102869589,0.5779386733448837,0.11875,0.203197216537029,0.20319721653702896,0.013986013986013986
200021,3,decorrelated,aleatoric,frozen,0.5831917386046981,0.5434485443293096,0.1875,0.203197216537029,0.20319721653702896,0.013986013986013986
200021,3,decorrelated,total,frozen,0.6138777151440553,0.5894177800447562,0.15,0.203197216537029,0.20319721653702896,0.013986013986013986
200021,3,decorrelated,point,frozen,0.587167705714334,0.6110200862092213,0.20625,0.203197216537029,0.20319721653702896,0.013986013986013986
200021,3,decorrelated,shuffled,frozen,0.5768512973823527,0.5511104580638153,0.15625,0.203197216537029,0.20319721653702896,0.013986013986013986
200021,3,decorrelated,uniform,frozen,0.6020227616434808,0.6056256184053138,0.24375,0.203197216537029,0.20319721653702896,0.013986013986013986
200021,3,decorrelated,count,frozen,0.5578184007559375,0.5466273687919397,0.1875,0.203197216537029,0.20319721653702896,0.013986013986013986
200021,3,decorrelated,epistemic,online,0.5939085353026895,0.5637369640168015,0.1625,0.1761852993931403,0.16423413222632152,0.013986013986013986
200021,3,decorrelated,aleatoric,online,0.6360124662026274,0.6691427584703094,0.1125,0.17628669018667797,0.17538740693478974,0.013986013986013986
200021,3,decorrelated,total,online,0.5871607415027366,0.6140797037041431,0.1625,0.1752773763891668,0.1596201984664858,0.013986013986013986
200021,3,decorrelated,point,online,0.5847630509297332,0.5917673597829239,0.175,0.1699161276027017,0.1569300408410589,0.013986013986013986
200021,3,decorrelated,shuffled,online,0.5711130700255391,0.557443619885691,0.2125,0.17270874017528473,0.1585749115980476,0.013986013986013986
200021,3,decorrelated,uniform,online,0.5554001870811007,0.6116559670764451,0.21875,0.16614261792081958,0.15662312488418403,0.013986013986013986
200021,3,decorrelated,count,online,0.5379153253653397,0.5258022699855651,0.18125,0.1637016069396983,0.15270128916006148,0.013986013986013986
200021,3,anti,epistemic,frozen,0.45066386293764416,0.4681637056295351,0.425,0.21023143638785474,0.21023143638785471,-1.0
200021,3,anti,aleatoric,frozen,0.4647223760944003,0.5146618442618711,0.4,0.21023143638785474,0.21023143638785471,-1.0
200021,3,anti,total,frozen,0.4543553614314252,0.49490177587515205,0.425,0.21023143638785474,0.21023143638785471,-1.0
200021,3,anti,point,frozen,0.5080745402746889,0.4962572279655335,0.325,0.21023143638785474,0.21023143638785471,-1.0
200021,3,anti,shuffled,frozen,0.4965927704586255,0.5181278205476516,0.29375,0.21023143638785474,0.21023143638785471,-1.0
200021,3,anti,uniform,frozen,0.5255790575919846,0.4882471664341338,0.41875,0.21023143638785474,0.21023143638785471,-1.0
200021,3,anti,count,frozen,0.5308341223269121,0.5682820949962664,0.19375,0.21023143638785474,0.21023143638785471,-1.0
200021,3,anti,epistemic,online,0.5216403431480676,0.5619782042495898,0.2875,0.16578256286442056,0.12426231011158602,-1.0
200021,3,anti,aleatoric,online,0.4700236639495273,0.5365135673497025,0.3625,0.19758615117221612,0.1399949534900191,-1.0
200021,3,anti,total,online,0.5053935083087852,0.5188360448609276,0.26875,0.1620904996686218,0.11961132451888708,-1.0
200021,3,anti,point,online,0.5425953654931914,0.5305636814372849,0.20625,0.15334619255136012,0.12146818321304166,-1.0
200021,3,anti,shuffled,online,0.543362262561604,0.5409382309828554,0.18125,0.15392708090706636,0.11848310898974872,-1.0
200021,3,anti,uniform,online,0.5909472780918965,0.5202283616335641,0.1375,0.1501789653348966,0.1271654698185469,-1.0
200021,3,anti,count,online,0.5423254458436695,0.5721486997002481,0.14375,0.14855202109900217,0.12054346486909506,-1.0
200022,1,aligned,epistemic,frozen,0.581360904481515,0.5571816224073862,0.05625,0.1862498162273605,0.1862498162273605,1.0
200022,1,aligned,aleatoric,frozen,0.5333910272517116,0.5028687253978105,0.125,0.1862498162273605,0.1862498162273605,1.0
200022,1,aligned,total,frozen,0.5517136355065929,0.5358180147463093,0.10625,0.1862498162273605,0.1862498162273605,1.0
200022,1,aligned,point,frozen,0.510661080710082,0.4768357879022883,0.1375,0.1862498162273605,0.1862498162273605,1.0
200022,1,aligned,shuffled,frozen,0.49570092690490936,0.49868681411759586,0.08125,0.1862498162273605,0.1862498162273605,1.0
200022,1,aligned,uniform,frozen,0.46495506788927987,0.47196078765438443,0.03125,0.1862498162273605,0.1862498162273605,1.0
200022,1,aligned,count,frozen,0.5166347115110801,0.5192976290525577,0.09375,0.1862498162273605,0.1862498162273605,1.0
200022,1,aligned,epistemic,online,0.5721790160612232,0.5736956696197073,0.075,0.1565564690945231,0.14547313110612162,1.0
200022,1,aligned,aleatoric,online,0.5642405752508469,0.5280837581281779,0.0875,0.16074182848004775,0.15461247653904744,1.0
200022,1,aligned,total,online,0.5427471879685951,0.5156404421861597,0.0875,0.15905154391882106,0.1516320799552259,1.0
200022,1,aligned,point,online,0.5260772081991492,0.5400468664495317,0.10625,0.16216492558854773,0.14886707329196988,1.0
200022,1,aligned,shuffled,online,0.4923830068407632,0.5102424721488187,0.0875,0.16291440573991975,0.15597723322691368,1.0
200022,1,aligned,uniform,online,0.5227551103243671,0.5483016320831808,0.1,0.16440562399744546,0.15233876735712273,1.0
200022,1,aligned,count,online,0.5298467391832317,0.5385453307580622,0.0875,0.159518547694065,0.14752513679762322,1.0
200022,1,decorrelated,epistemic,frozen,0.5366434063706326,0.5334074454225453,0.075,0.1690657310965504,0.1690657310965504,0.027972027972027972
200022,1,decorrelated,aleatoric,frozen,0.5566989907681519,0.5337409205317518,0.06875,0.1690657310965504,0.1690657310965504,0.027972027972027972
200022,1,decorrelated,total,frozen,0.5462093525705118,0.5492438539686917,0.06875,0.1690657310965504,0.1690657310965504,0.027972027972027972
200022,1,decorrelated,point,frozen,0.5402029717709361,0.5556513081241462,0.10625,0.1690657310965504,0.1690657310965504,0.027972027972027972
200022,1,decorrelated,shuffled,frozen,0.4860472725423888,0.5333652985619575,0.25,0.1690657310965504,0.1690657310965504,0.027972027972027972
200022,1,decorrelated,uniform,frozen,0.48114421660600365,0.47659320449197695,0.1625,0.1690657310965504,0.1690657310965504,0.027972027972027972
200022,1,decorrelated,count,frozen,0.5145312688305159,0.4750485567917663,0.1625,0.1690657310965504,0.1690657310965504,0.027972027972027972
200022,1,decorrelated,epistemic,online,0.5480812708177973,0.5307303376037715,0.0625,0.1513440487823511,0.14765455554483184,0.027972027972027972
200022,1,decorrelated,aleatoric,online,0.5737331559984344,0.572229013362603,0.05,0.15092932808030926,0.14691529669782286,0.027972027972027972
200022,1,decorrelated,total,online,0.550333662412792,0.5372182437274142,0.08125,0.1503600004700029,0.14455810179422493,0.027972027972027972
200022,1,decorrelated,point,online,0.5412982589133839,0.5230767018964553,0.11875,0.15150601103797634,0.14622180429279447,0.027972027972027972
200022,1,decorrelated,shuffled,online,0.5252374992539076,0.5244307636660008,0.13125,0.15217666676763492,0.14621019003664154,0.027972027972027972
200022,1,decorrelated,uniform,online,0.5724941687549715,0.5497105124231972,0.1,0.1509706831034227,0.14693380967457614,0.027972027972027972
200022,1,decorrelated,count,online,0.519547841253234,0.5399127110055051,0.10625,0.15131095432251165,0.1454423772145962,0.027972027972027972
200022,1,anti,epistemic,frozen,0.46863909551848504,0.4928183775926138,0.0,0.16477639567851637,0.16477639567851635,-1.0
200022,1,anti,aleatoric,frozen,0.5166089727482884,0.5471312746021895,0.0,0.16477639567851637,0.16477639567851635,-1.0
200022,1,anti,total,frozen,0.4982863644934071,0.5141819852536907,0.0,0.16477639567851637,0.16477639567851635,-1.0
200022,1,anti,point,frozen,0.5393389192899181,0.5731642120977117,0.0,0.16477639567851637,0.16477639567851635,-1.0
200022,1,anti,shuffled,frozen,0.5542990730950906,0.5513131858824043,0.0,0.16477639567851637,0.16477639567851635,-1.0
200022,1,anti,uniform,frozen,0.5850449321107201,0.5780392123456156,0.0,0.16477639567851637,0.16477639567851635,-1.0
200022,1,anti,count,frozen,0.5333652884889198,0.5307023709474423,0.0,0.16477639567851637,0.16477639567851635,-1.0
200022,1,anti,epistemic,online,0.5005201079305355,0.4999365002940845,0.0,0.14415088963103861,0.13730877466154515,-1.0
200022,1,anti,aleatoric,online,0.5039221763781769,0.5382474724048972,0.0,0.140946762793007,0.13068724014628466,-1.0
200022,1,anti,total,online,0.5375360016927893,0.5499808003810814,0.0,0.14089471158404226,0.13205084780799595,-1.0
200022,1,anti,point,online,0.5506809751007241,0.5455084339315622,0.0,0.14081926793613303,0.13328012714804505,-1.0
200022,1,anti,shuffled,online,0.5859244542394089,0.596718817530991,0.0,0.13956070803995863,0.13459253370880034,-1.0
200022,1,anti,uniform,online,0.542793435827704,0.5514548851425662,0.0,0.13914348069214671,0.13222245951550446,-1.0
200022,1,anti,count,online,0.540111890535269,0.5441547952846587,0.0,0.13889162514014947,0.13280203569096302,-1.0
200022,2,aligned,epistemic,frozen,0.5805059018775175,0.5454698711175844,0.06875,0.1984323499161638,0.1984323499161638,1.0
200022,2,aligned,aleatoric,frozen,0.5041116820293438,0.44348156760783874,0.18125,0.1984323499161638,0.1984323499161638,1.0
200022,2,aligned,total,frozen,0.5645417866628639,0.5546985998276306,0.11875,0.1984323499161638,0.1984323499161638,1.0
200022,2,aligned,point,frozen,0.4989384384095259,0.5256034060277105,0.14375,0.1984323499161638,0.1984323499161638,1.0
200022,2,aligned,shuffled,frozen,0.5025779368017278,0.47306488966378807,0.1375,0.1984323499161638,0.1984323499161638,1.0
200022,2,aligned,uniform,frozen,0.519915816599504,0.5006612339814417,0.1125,0.1984323499161638,0.1984323499161638,1.0
200022,2,aligned,count,frozen,0.5200625773215549,0.5337260713884364,0.13125,0.1984323499161638,0.1984323499161638,1.0
200022,2,aligned,epistemic,online,0.561582419833897,0.5472597479881566,0.075,0.1538135527942071,0.1352969117041709,1.0
200022,2,aligned,aleatoric,online,0.5666735824605789,0.5839931751016609,0.09375,0.1543945816474952,0.13701292534096118,1.0
200022,2,aligned,total,online,0.5716249239463729,0.5900185653840987,0.10625,0.15364990575874407,0.14215915425934342,1.0
200022,2,aligned,point,online,0.5091691531512605,0.5378019517842174,0.1375,0.16613843208204057,0.14568150356217976,1.0
200022,2,aligned,shuffled,online,0.533045134464672,0.5201170988965803,0.0875,0.1549286313783992,0.13638057451572397,1.0
200022,2,aligned,uniform,online,0.5919992334789805,0.5938603984167246,0.05,0.15740932865250443,0.1474866869890847,1.0
200022,2,aligned,count,online,0.5230112989106974,0.5209475097340798,0.1125,0.1558595874477178,0.1341778164654136,1.0
200022,2,decorrelated,epistemic,frozen,0.5250518472572357,0.5748257754967655,0.1875,0.20803374060941843,0.20803374060941845,-0.034965034965034975
200022,2,decorrelated,aleatoric,frozen,0.5760685963863121,0.61259599139623,0.05,0.20803374060941843,0.20803374060941845,-0.034965034965034975
200022,2,decorrelated,total,frozen,0.5442494043441817,0.5820899975292388,0.1625,0.20803374060941843,0.20803374060941845,-0.034965034965034975
200022,2,decorrelated,point,frozen,0.5324374880848722,0.5156777338310083,0.1625,0.20803374060941843,0.20803374060941845,-0.034965034965034975
200022,2,decorrelated,shuffled,frozen,0.5383372808773411,0.5167252291469833,0.13125,0.20803374060941843,0.20803374060941845,-0.034965034965034975
200022,2,decorrelated,uniform,frozen,0.5156138122514424,0.5446246977037933,0.075,0.20803374060941843,0.20803374060941845,-0.034965034965034975
200022,2,decorrelated,count,frozen,0.524099035678823,0.5374836173368717,0.13125,0.20803374060941843,0.20803374060941845,-0.034965034965034975
200022,2,decorrelated,epistemic,online,0.5304283645858853,0.5580215573695219,0.125,0.1704273246985343,0.1554962323044317,-0.034965034965034975
200022,2,decorrelated,aleatoric,online,0.5977522053451851,0.5830593377757542,0.05,0.16518796067847083,0.15934617808744592,-0.034965034965034975
200022,2,decorrelated,total,online,0.5667867849366679,0.6164227621171049,0.0875,0.16776940209205177,0.1562762785807137,-0.034965034965034975
200022,2,decorrelated,point,online,0.5678454014870923,0.5838603849067882,0.1125,0.17168163198187125,0.15800656857037096,-0.034965034965034975
200022,2,decorrelated,shuffled,online,0.5289352548893059,0.4985849331106259,0.15,0.17208632394395534,0.16458992873990866,-0.034965034965034975
200022,2,decorrelated,uniform,online,0.5906324374018797,0.6318550912512949,0.11875,0.16459020535946728,0.15504285020607741,-0.034965034965034975
200022,2,decorrelated,count,online,0.5390411645873827,0.5642525466658823,0.075,0.16774176048471076,0.1563101040584934,-0.034965034965034975
200022,2,anti,epistemic,frozen,0.4694940981224825,0.5045301288824156,0.0,0.1798594744788226,0.17985947447882258,-1.0
200022,2,anti,aleatoric,frozen,0.5458883179706563,0.6065184323921613,0.0,0.1798594744788226,0.17985947447882258,-1.0
200022,2,anti,total,frozen,0.48545821333713607,0.49530140017236945,0.0,0.1798594744788226,0.17985947447882258,-1.0
200022,2,anti,point,frozen,0.5510615615904741,0.5243965939722897,0.0,0.1798594744788226,0.17985947447882258,-1.0
200022,2,anti,shuffled,frozen,0.5474220631982721,0.5769351103362119,0.0,0.1798594744788226,0.17985947447882258,-1.0
200022,2,anti,uniform,frozen,0.5300841834004959,0.5493387660185585,0.0,0.1798594744788226,0.17985947447882258,-1.0
200022,2,anti,count,frozen,0.5299374226784451,0.5162739286115636,0.0,0.1798594744788226,0.17985947447882258,-1.0
200022,2,anti,epistemic,online,0.5194915321523881,0.5267770170639361,0.0,0.13549189222552868,0.1183597859528656,-1.0
200022,2,anti,aleatoric,online,0.5264953247179875,0.5224630287537139,0.0,0.13891825762963492,0.11971050078817397,-1.0
200022,2,anti,total,online,0.5450663549688601,0.5808442125520147,0.0,0.13809065809225082,0.1132650868073894,-1.0
200022,2,anti,point,online,0.571341767356907,0.5576868273835278,0.0,0.13092809102550157,0.10985527023181163,-1.0
200022,2,anti,shuffled,online,0.5374325509782264,0.5425805270855003,0.0,0.13813591994101504,0.11547888951365232,-1.0
200022,2,anti,uniform,online,0.4832611783941167,0.5199404637093966,0.0,0.16034533383629362,0.1223610330588681,-1.0
200022,2,anti,count,online,0.5636101780988563,0.6023204240424178,0.0,0.13483510437164112,0.11175559635036743,-1.0
200022,3,aligned,epistemic,frozen,0.5673462950966206,0.5472246967493798,0.04375,0.22471329427839576,0.2247132942783957,1.0
200022,3,aligned,aleatoric,frozen,0.5591923499995533,0.5448109324406425,0.10625,0.22471329427839576,0.2247132942783957,1.0
200022,3,aligned,total,frozen,0.5551309844181661,0.5173073252876186,0.10625,0.22471329427839576,0.2247132942783957,1.0
200022,3,aligned,point,frozen,0.5422210744089861,0.530545191754703,0.1,0.22471329427839576,0.2247132942783957,1.0
200022,3,aligned,shuffled,frozen,0.49664718648170814,0.4767644744601666,0.125,0.22471329427839576,0.2247132942783957,1.0
200022,3,aligned,uniform,frozen,0.5802847740212711,0.5854744146176444,0.05,0.22471329427839576,0.2247132942783957,1.0
200022,3,aligned,count,frozen,0.49260451186868337,0.4718626593878138,0.11875,0.22471329427839576,0.2247132942783957,1.0
200022,3,aligned,epistemic,online,0.5966012147581664,0.5857959277576219,0.0625,0.1891690532939253,0.17356168593276533,1.0
200022,3,aligned,aleatoric,online,0.539618872408228,0.5184756113051652,0.1,0.201459828018693,0.18598803603231037,1.0
200022,3,aligned,total,online,0.5480168340052132,0.5534317141062732,0.1125,0.19704025747728884,0.20523725967032627,1.0
200022,3,aligned,point,online,0.5411905581271946,0.5234538958956916,0.10625,0.20153737122295548,0.1856418846426985,1.0
200022,3,aligned,shuffled,online,0.5052907917414965,0.5239693967315958,0.20625,0.20757756044600512,0.20016485592771918,1.0
200022,3,aligned,uniform,online,0.4541857452275808,0.47048221019079284,0.2,0.2185647691760349,0.2104825731938205,1.0
200022,3,aligned,count,online,0.5171947306523182,0.5359695616719093,0.13125,0.19287702484089886,0.1739147136741619,1.0
200022,3,decorrelated,epistemic,frozen,0.5587700569343428,0.5458190271242517,0.0,0.184179528016082,0.18417952801608198,0.034965034965034975
200022,3,decorrelated,aleatoric,frozen,0.5875612683802188,0.5806837364012682,0.0,0.184179528016082,0.18417952801608198,0.034965034965034975
200022,3,decorrelated,total,frozen,0.5646788194064594,0.5654575983462701,0.0,0.184179528016082,0.18417952801608198,0.034965034965034975
200022,3,decorrelated,point,frozen,0.54950412425197,0.5875308206414589,0.0,0.184179528016082,0.18417952801608198,0.034965034965034975
200022,3,decorrelated,shuffled,frozen,0.5555504894875242,0.5792338918548802,0.0,0.184179528016082,0.18417952801608198,0.034965034965034975
200022,3,decorrelated,uniform,frozen,0.550592576921912,0.5591503812593611,0.0,0.184179528016082,0.18417952801608198,0.034965034965034975
200022,3,decorrelated,count,frozen,0.5393987915916927,0.5097074157366297,0.0,0.184179528016082,0.18417952801608198,0.034965034965034975
200022,3,decorrelated,epistemic,online,0.5613123274060695,0.5742660953096591,0.0,0.15501205541374263,0.13961242077457606,0.034965034965034975
200022,3,decorrelated,aleatoric,online,0.5724878147940535,0.541723207592365,0.0,0.15316866157358122,0.1412141628812259,0.034965034965034975
200022,3,decorrelated,total,online,0.5645870843021111,0.5421710728639446,0.0,0.15689399029027623,0.15695988240202385,0.034965034965034975
200022,3,decorrelated,point,online,0.553208950987112,0.5348277128727584,0.0,0.1551178897106726,0.14286734975991652,0.034965034965034975
200022,3,decorrelated,shuffled,online,0.5698703569481666,0.5597451289775861,0.0,0.15450589569795134,0.14539252572623998,0.034965034965034975
200022,3,decorrelated,uniform,online,0.5668117428425947,0.5599695275625821,0.0,0.15265190883157279,0.1451731947189874,0.034965034965034975
200022,3,decorrelated,count,online,0.5333912139175726,0.5094137431507006,0.0,0.14927062984757997,0.14550643448285688,0.034965034965034975
200022,3,anti,epistemic,frozen,0.4826537049033794,0.5027753032506201,0.0,0.20413051271545984,0.20413051271545987,-1.0
200022,3,anti,aleatoric,frozen,0.4908076500004467,0.5051890675593576,0.0,0.20413051271545984,0.20413051271545987,-1.0
200022,3,anti,total,frozen,0.49486901558183405,0.5326926747123814,0.0,0.20413051271545984,0.20413051271545987,-1.0
200022,3,anti,point,frozen,0.5077789255910139,0.519454808245297,0.0,0.20413051271545984,0.20413051271545987,-1.0
200022,3,anti,shuffled,frozen,0.5533528135182919,0.5732355255398334,0.0,0.20413051271545984,0.20413051271545987,-1.0
200022,3,anti,uniform,frozen,0.46971522597872895,0.46452558538235567,0.0,0.20413051271545984,0.20413051271545987,-1.0
200022,3,anti,count,frozen,0.5573954881313166,0.5781373406121861,0.0,0.20413051271545984,0.20413051271545987,-1.0
200022,3,anti,epistemic,online,0.5345551656432481,0.6354048391437594,0.0,0.15729444127437087,0.12300940671406957,-1.0
200022,3,anti,aleatoric,online,0.5440496292941015,0.6056053216674011,0.0,0.15246074893660316,0.1192916827368869,-1.0
200022,3,anti,total,online,0.5272333072499471,0.5123878344145588,0.0,0.16510681278268938,0.14417099544802314,-1.0
200022,3,anti,point,online,0.5577701007604254,0.5858449460322217,0.0,0.1591206646605289,0.12030930518139142,-1.0
200022,3,anti,shuffled,online,0.6012023755243264,0.6321918519379921,0.0,0.1431719718654893,0.11677849362360034,-1.0
200022,3,anti,uniform,online,0.6082131744127613,0.6099817629178915,0.0,0.14080601991287683,0.11960641827028558,-1.0
200022,3,anti,count,online,0.551283371065168,0.5481280317176841,0.0,0.14351621481126475,0.13951188505787335,-1.0
200023,1,aligned,epistemic,frozen,0.5904452330009897,0.584112108319488,0.075,0.17508306538905669,0.17508306538905669,1.0
200023,1,aligned,aleatoric,frozen,0.5850266654473515,0.5973464795037129,0.075,0.17508306538905669,0.17508306538905669,1.0
200023,1,aligned,total,frozen,0.6146211856584604,0.6170276245489131,0.0625,0.17508306538905669,0.17508306538905669,1.0
200023,1,aligned,point,frozen,0.5466701779946307,0.5596034189268984,0.125,0.17508306538905669,0.17508306538905669,1.0
200023,1,aligned,shuffled,frozen,0.5597917643240099,0.561394045987277,0.03125,0.17508306538905669,0.17508306538905669,1.0
200023,1,aligned,uniform,frozen,0.48235330976491453,0.4601118862991841,0.3,0.17508306538905669,0.17508306538905669,1.0
200023,1,aligned,count,frozen,0.5169072015096489,0.49657279463933757,0.1375,0.17508306538905669,0.17508306538905669,1.0
200023,1,aligned,epistemic,online,0.5817016137864032,0.585343668803349,0.075,0.14715581038866968,0.1374617403161101,1.0
200023,1,aligned,aleatoric,online,0.5976224045333358,0.6114277053786836,0.0625,0.1516113422097647,0.14583319441311635,1.0
200023,1,aligned,total,online,0.5572961609525782,0.5796117917548187,0.09375,0.1487111110969634,0.13589576212317478,1.0
200023,1,aligned,point,online,0.5412692126598461,0.5748596536719314,0.10625,0.14911496914260836,0.13936709036762976,1.0
200023,1,aligned,shuffled,online,0.5528761640985194,0.5986118963685825,0.0875,0.14901372925920867,0.13842545631928627,1.0
200023,1,aligned,uniform,online,0.5545967464552338,0.5429301225071512,0.13125,0.14656466092842363,0.13923004008854745,1.0
200023,1,aligned,count,online,0.547965489712775,0.5729791766210093,0.09375,0.15043450092401103,0.1401986713389737,1.0
200023,1,decorrelated,epistemic,frozen,0.5221522516018477,0.5291634122558653,0.18125,0.19345004319979903,0.19345004319979905,-0.013986013986013986
200023,1,decorrelated,aleatoric,frozen,0.5120506639187162,0.4993755489378489,0.2,0.19345004319979903,0.19345004319979905,-0.013986013986013986
200023,1,decorrelated,total,frozen,0.5032065800601921,0.5342411738209364,0.16875,0.19345004319979903,0.19345004319979905,-0.013986013986013986
200023,1,decorrelated,point,frozen,0.4807551502155124,0.4685394225942251,0.2875,0.19345004319979903,0.19345004319979905,-0.013986013986013986
200023,1,decorrelated,shuffled,frozen,0.5788469669718108,0.5954851412945807,0.0875,0.19345004319979903,0.19345004319979905,-0.013986013986013986
200023,1,decorrelated,uniform,frozen,0.453977476354814,0.4284134410621522,0.39375,0.19345004319979903,0.19345004319979905,-0.013986013986013986
200023,1,decorrelated,count,frozen,0.5072155413912631,0.5135256760444574,0.275,0.19345004319979903,0.19345004319979905,-0.013986013986013986
200023,1,decorrelated,epistemic,online,0.5381521269046275,0.5306146579411788,0.1875,0.16394150644276753,0.15818361728416241,-0.013986013986013986
200023,1,decorrelated,aleatoric,online,0.5150077695739634,0.513698027921314,0.24375,0.16663931961824524,0.15847973508103344,-0.013986013986013986
200023,1,decorrelated,total,online,0.5083122153278203,0.5590802251509357,0.2125,0.16725110930192888,0.15878486143690926,-0.013986013986013986
200023,1,decorrelated,point,online,0.4928721212437706,0.5517165753724109,0.23125,0.16891147261862777,0.16023172500616784,-0.013986013986013986
200023,1,decorrelated,shuffled,online,0.5407241989776747,0.5176293807019452,0.1625,0.1664655428682998,0.15924002464810047,-0.013986013986013986
200023,1,decorrelated,uniform,online,0.5065860388665382,0.5114325931215522,0.175,0.16516057105741933,0.1591691610963297,-0.013986013986013986
200023,1,decorrelated,count,online,0.5184083861387313,0.5379246383048705,0.20625,0.1665117524820781,0.16082173958416712,-0.013986013986013986
200023,1,anti,epistemic,frozen,0.45955476699901043,0.46588789168051203,0.175,0.18072922483314532,0.18072922483314532,-1.0
200023,1,anti,aleatoric,frozen,0.46497333455264866,0.45265352049628704,0.21875,0.18072922483314532,0.18072922483314532,-1.0
200023,1,anti,total,frozen,0.43537881434153974,0.4329723754510869,0.18125,0.18072922483314532,0.18072922483314532,-1.0
200023,1,anti,point,frozen,0.5033298220053692,0.4903965810731017,0.11875,0.18072922483314532,0.18072922483314532,-1.0
200023,1,anti,shuffled,frozen,0.49020823567599,0.48860595401272294,0.2125,0.18072922483314532,0.18072922483314532,-1.0
200023,1,anti,uniform,frozen,0.5676466902350855,0.5898881137008158,0.13125,0.18072922483314532,0.18072922483314532,-1.0
200023,1,anti,count,frozen,0.5330927984903512,0.5534272053606626,0.1125,0.18072922483314532,0.18072922483314532,-1.0
200023,1,anti,epistemic,online,0.5107583051119183,0.4953044512863981,0.125,0.1570238363653948,0.14815890452758676,-1.0
200023,1,anti,aleatoric,online,0.4769623702946742,0.4751681207988551,0.175,0.16058902006950013,0.14174470817659887,-1.0
200023,1,anti,total,online,0.502187243675101,0.5483198893799053,0.11875,0.16226771845803006,0.14017282209957946,-1.0
200023,1,anti,point,online,0.5268607509486355,0.4963536782326744,0.075,0.14880136197760124,0.13750948522187567,-1.0
200023,1,anti,shuffled,online,0.523470415711891,0.48781589618976373,0.09375,0.1518790717076509,0.14052130215175831,-1.0
200023,1,anti,uniform,online,0.497233714154139,0.5076005510128702,0.06875,0.15603919939840227,0.14645184715486853,-1.0
200023,1,anti,count,online,0.5201215710762928,0.5227729372774317,0.1125,0.15078020738080883,0.14786570680557695,-1.0
200023,2,aligned,epistemic,frozen,0.6630130768269071,0.6037668659372126,0.0,0.1535718945955897,0.1535718945955897,1.0
200023,2,aligned,aleatoric,frozen,0.6310927062843181,0.6378405534706012,0.0,0.1535718945955897,0.1535718945955897,1.0
200023,2,aligned,total,frozen,0.6170468875151107,0.5919797363796717,0.0,0.1535718945955897,0.1535718945955897,1.0
200023,2,aligned,point,frozen,0.5927942802119641,0.5828789320795073,0.0,0.1535718945955897,0.1535718945955897,1.0
200023,2,aligned,shuffled,frozen,0.5988809085330834,0.6123227130913051,0.0,0.1535718945955897,0.1535718945955897,1.0
200023,2,aligned,uniform,frozen,0.6232247137996338,0.6164444118373235,0.0,0.1535718945955897,0.1535718945955897,1.0
200023,2,aligned,count,frozen,0.54657123882931,0.5499999234929567,0.0,0.1535718945955897,0.1535718945955897,1.0
200023,2,aligned,epistemic,online,0.6337311821659781,0.6238776081667423,0.0,0.1397648721510487,0.13685802567805694,1.0
200023,2,aligned,aleatoric,online,0.6297165322443184,0.5881027417359028,0.0,0.14237146704343623,0.13491721614908792,1.0
200023,2,aligned,total,online,0.6010498530128868,0.6081771848004422,0.0,0.13827297025081392,0.13123288207905273,1.0
200023,2,aligned,point,online,0.5938745021885988,0.6567138454915906,0.0,0.13792612641655644,0.1312701929579287,1.0
200023,2,aligned,shuffled,online,0.5519846838423903,0.5571267045039129,0.0,0.13825125442581068,0.12984555684457866,1.0
200023,2,aligned,uniform,online,0.6089540259825521,0.6249606259731924,0.0,0.13898274086143,0.13187058779524322,1.0
200023,2,aligned,count,online,0.5419570878613627,0.5377852076330851,0.0,0.14171088317488084,0.13435999705637405,1.0
200023,2,decorrelated,epistemic,frozen,0.5053226845438659,0.47561163579051413,0.0,0.2143799482028057,0.2143799482028057,-0.04895104895104895
200023,2,decorrelated,aleatoric,frozen,0.4987850725391688,0.5159727436693284,0.0,0.2143799482028057,0.2143799482028057,-0.04895104895104895
200023,2,decorrelated,total,frozen,0.5035388245731488,0.49548858197511925,0.0,0.2143799482028057,0.2143799482028057,-0.04895104895104895
200023,2,decorrelated,point,frozen,0.5008431812428882,0.507825815413017,0.0,0.2143799482028057,0.2143799482028057,-0.04895104895104895
200023,2,decorrelated,shuffled,frozen,0.5030524839432715,0.4806899716521908,0.0,0.2143799482028057,0.2143799482028057,-0.04895104895104895
200023,2,decorrelated,uniform,frozen,0.49215770762854927,0.4871549427908713,0.0,0.2143799482028057,0.2143799482028057,-0.04895104895104895
200023,2,decorrelated,count,frozen,0.4832555330678563,0.4606999921274701,0.0,0.2143799482028057,0.2143799482028057,-0.04895104895104895
200023,2,decorrelated,epistemic,online,0.5156713299888972,0.5446225607195133,0.0,0.20238751456647908,0.19259486062119524,-0.04895104895104895
200023,2,decorrelated,aleatoric,online,0.5006289203057481,0.5278042937432701,0.0,0.20941841147416534,0.19654242345999995,-0.04895104895104895
200023,2,decorrelated,total,online,0.5051103431515722,0.48888109555204623,0.0,0.19989893339345094,0.19043077403789058,-0.04895104895104895
200023,2,decorrelated,point,online,0.4844522032043296,0.4949436085367056,0.0,0.20580045075843686,0.20405697909193812,-0.04895104895104895
200023,2,decorrelated,shuffled,online,0.48106997361316833,0.5337417863469026,0.0,0.20427136305485435,0.1908845600167133,-0.04895104895104895
200023,2,decorrelated,uniform,online,0.5189244968601827,0.5196284834733962,0.0,0.19847658867370366,0.18897107731977894,-0.04895104895104895
200023,2,decorrelated,count,online,0.4924137825949197,0.5126801260214195,0.0,0.20234120356945678,0.18789986312208004,-0.04895104895104895
200023,2,anti,epistemic,frozen,0.3869869231730928,0.44623313406278725,0.53125,0.20720220884311985,0.20720220884311988,-1.0
200023,2,anti,aleatoric,frozen,0.4189072937156819,0.41215944652939884,0.5,0.20720220884311985,0.20720220884311988,-1.0
200023,2,anti,total,frozen,0.4329531124848893,0.45802026362032827,0.45,0.20720220884311985,0.20720220884311988,-1.0
200023,2,anti,point,frozen,0.4572057197880359,0.46712106792049274,0.36875,0.20720220884311985,0.20720220884311988,-1.0
200023,2,anti,shuffled,frozen,0.4511190914669167,0.437677286908695,0.43125,0.20720220884311985,0.20720220884311988,-1.0
200023,2,anti,uniform,frozen,0.4267752862003661,0.4335555881626766,0.38125,0.20720220884311985,0.20720220884311988,-1.0
200023,2,anti,count,frozen,0.50342876117069,0.5000000765070434,0.2125,0.20720220884311985,0.20720220884311988,-1.0
200023,2,anti,epistemic,online,0.4588892247290735,0.46864634584181425,0.375,0.1966632506681078,0.17337975173851386,-1.0
200023,2,anti,aleatoric,online,0.4619642966052967,0.5463643576020456,0.41875,0.20335095083791427,0.17192841693160132,-1.0
200023,2,anti,total,online,0.4984586805917507,0.5423097303518455,0.2625,0.185685507814898,0.1691591558384681,-1.0
200023,2,anti,point,online,0.4955590373007831,0.4800301671600982,0.2875,0.19107556889544883,0.17550874896142551,-1.0
200023,2,anti,shuffled,online,0.5241412695029608,0.5654593299765717,0.2125,0.1839539937606796,0.17152985772883797,-1.0
200023,2,anti,uniform,online,0.47329995408474057,0.5138657473414721,0.30625,0.19019725062114318,0.17334016300930455,-1.0
200023,2,anti,count,online,0.533624712433818,0.5467118909020192,0.18125,0.1829280590402927,0.17260232089135294,-1.0
200023,3,aligned,epistemic,frozen,0.6326582285424138,0.6571330763559334,0.05,0.2029741675612156,0.20297416756121558,1.0
200023,3,aligned,aleatoric,frozen,0.6293020643381627,0.6163106670635491,0.08125,0.2029741675612156,0.20297416756121558,1.0
200023,3,aligned,total,frozen,0.6557898495034669,0.6467313764271021,0.05625,0.2029741675612156,0.20297416756121558,1.0
200023,3,aligned,point,frozen,0.575542534142617,0.5895547128529298,0.09375,0.2029741675612156,0.20297416756121558,1.0
200023,3,aligned,shuffled,frozen,0.5067109635071496,0.5555195220502573,0.275,0.2029741675612156,0.20297416756121558,1.0
200023,3,aligned,uniform,frozen,0.5706553204309277,0.6500503712743876,0.13125,0.2029741675612156,0.20297416756121558,1.0
200023,3,aligned,count,frozen,0.5414889958233873,0.5417856442402916,0.11875,0.2029741675612156,0.20297416756121558,1.0
200023,3,aligned,epistemic,online,0.5846461323597556,0.5629443087483901,0.13125,0.1729131348933169,0.14341595471123458,1.0
200023,3,aligned,aleatoric,online,0.6622061252805262,0.6558685908270496,0.05,0.1661023590782238,0.15455809091270312,1.0
200023,3,aligned,total,online,0.6447600024938909,0.6241292605567914,0.075,0.1662908469534365,0.14518505076071123,1.0
200023,3,aligned,point,online,0.5689244373934905,0.615770394556289,0.1,0.16893145945214896,0.144008210372876,1.0
200023,3,aligned,shuffled,online,0.5740101442904182,0.6089780362828666,0.11875,0.16708648714671256,0.16039320597417336,1.0
200023,3,aligned,uniform,online,0.6221890043403191,0.6149629684946719,0.04375,0.17453590998644683,0.1791367277469296,1.0
200023,3,aligned,count,online,0.5553545125398426,0.506074419543246,0.1125,0.17439989106450643,0.15854595623638512,1.0
200023,3,decorrelated,epistemic,frozen,0.4372865622148924,0.4638060479713655,0.56875,0.22540618221696535,0.2254061822169653,0.04895104895104895
200023,3,decorrelated,aleatoric,frozen,0.4606902885161407,0.4792264244780939,0.5375,0.22540618221696535,0.2254061822169653,0.04895104895104895
200023,3,decorrelated,total,frozen,0.4512291779786953,0.4589409490197716,0.55,0.22540618221696535,0.2254061822169653,0.04895104895104895
200023,3,decorrelated,point,frozen,0.45063510815003605,0.4480485129758177,0.45,0.22540618221696535,0.2254061822169653,0.04895104895104895
200023,3,decorrelated,shuffled,frozen,0.5179367450229913,0.4901914049329834,0.3375,0.22540618221696535,0.2254061822169653,0.04895104895104895
200023,3,decorrelated,uniform,frozen,0.4721810211211361,0.48078802480732125,0.34375,0.22540618221696535,0.2254061822169653,0.04895104895104895
200023,3,decorrelated,count,frozen,0.49556471765097976,0.49810448351349856,0.29375,0.22540618221696535,0.2254061822169653,0.04895104895104895
200023,3,decorrelated,epistemic,online,0.5248410384578188,0.5343793653458492,0.3125,0.19193204907681785,0.1559325256873007,0.04895104895104895
200023,3,decorrelated,aleatoric,online,0.4830803883419474,0.5444744294603232,0.44375,0.21872310458045482,0.15637971231332423,0.04895104895104895
200023,3,decorrelated,total,online,0.49102734116048985,0.542231804992001,0.40625,0.20899429366021477,0.16123785897962536,0.04895104895104895
200023,3,decorrelated,point,online,0.4808446188845935,0.4649823871432446,0.35625,0.19830528504972617,0.17677827700389995,0.04895104895104895
200023,3,decorrelated,shuffled,online,0.5053201207696107,0.4773339860203696,0.35625,0.19464899943891928,0.1896480279934012,0.04895104895104895
200023,3,decorrelated,uniform,online,0.4861602232570815,0.4825226695753858,0.3875,0.2031859404094316,0.1882736441572536,0.04895104895104895
200023,3,decorrelated,count,online,0.506556708266264,0.513484110431049,0.2875,0.19267647445599093,0.1607812646126218,0.04895104895104895
200023,3,anti,epistemic,frozen,0.4173417714575864,0.39286692364406656,0.46875,0.20496423235318634,0.20496423235318628,-1.0
200023,3,anti,aleatoric,frozen,0.42069793566183733,0.4336893329364509,0.46875,0.20496423235318634,0.20496423235318628,-1.0
200023,3,anti,total,frozen,0.3942101504965332,0.40326862357289794,0.5,0.20496423235318634,0.20496423235318628,-1.0
200023,3,anti,point,frozen,0.474457465857383,0.4604452871470702,0.33125,0.20496423235318634,0.20496423235318628,-1.0
200023,3,anti,shuffled,frozen,0.5432890364928504,0.4944804779497427,0.2375,0.20496423235318634,0.20496423235318628,-1.0
200023,3,anti,uniform,frozen,0.47934467956907234,0.39994962872561246,0.29375,0.20496423235318634,0.20496423235318628,-1.0
200023,3,anti,count,frozen,0.5085110041766128,0.5082143557597083,0.2125,0.20496423235318634,0.20496423235318628,-1.0
200023,3,anti,epistemic,online,0.4978803800823693,0.5778000144082244,0.21875,0.18382471211549892,0.15103555245801026,-1.0
200023,3,anti,aleatoric,online,0.4443512379813993,0.5308004174008364,0.36875,0.21485377857408167,0.1482907286359982,-1.0
200023,3,anti,total,online,0.5244674877004536,0.5431259236465561,0.2625,0.17737827317118063,0.15233210740454248,-1.0
200023,3,anti,point,online,0.5364985699219815,0.5439393715993759,0.2,0.16974947467557816,0.15194613432746165,-1.0
200023,3,anti,shuffled,online,0.5223954805130866,0.5163383263505688,0.16875,0.17250161453940685,0.15622885221701197,-1.0
200023,3,anti,uniform,online,0.5055261381737433,0.5078131530449015,0.25625,0.17445040101146939,0.15208107399368723,-1.0
200023,3,anti,count,online,0.5370063812446869,0.5823329542712721,0.1625,0.16741697954589027,0.1464922368152252,-1.0
200024,1,aligned,epistemic,frozen,0.6171691462653168,0.5732740228329762,0.13125,0.1840644300766437,0.18406443007664372,1.0
200024,1,aligned,aleatoric,frozen,0.5809381498146952,0.5526126175939725,0.19375,0.1840644300766437,0.18406443007664372,1.0
200024,1,aligned,total,frozen,0.6038608164670045,0.582372838045299,0.1375,0.1840644300766437,0.18406443007664372,1.0
200024,1,aligned,point,frozen,0.5126978362319565,0.49258826492730207,0.23125,0.1840644300766437,0.18406443007664372,1.0
200024,1,aligned,shuffled,frozen,0.5144911465294113,0.5328094869894324,0.31875,0.1840644300766437,0.18406443007664372,1.0
200024,1,aligned,uniform,frozen,0.5521500232814064,0.5424066602342852,0.16875,0.1840644300766437,0.18406443007664372,1.0
200024,1,aligned,count,frozen,0.521913589232704,0.5230860999188106,0.18125,0.1840644300766437,0.18406443007664372,1.0
200024,1,aligned,epistemic,online,0.5617182919062931,0.5363204050197737,0.1375,0.14259241095465902,0.13704291908748703,1.0
200024,1,aligned,aleatoric,online,0.627273516723802,0.622114037472896,0.11875,0.14794525753398852,0.14266870258233508,1.0
200024,1,aligned,total,online,0.6010075126624447,0.5620842867537104,0.14375,0.14644500228590035,0.13189592447579396,1.0
200024,1,aligned,point,online,0.5245592152398246,0.5158752400527102,0.20625,0.14704749313975635,0.13295134531710706,1.0
200024,1,aligned,shuffled,online,0.5540091140486043,0.556248359129247,0.16875,0.14305656848194517,0.1337456224921678,1.0
200024,1,aligned,uniform,online,0.5654001722173474,0.5579698435439516,0.125,0.15002218389632174,0.1385526567751331,1.0
200024,1,aligned,count,online,0.5301885409408528,0.5406917064865537,0.2125,0.14730104067910893,0.13479689637914546,1.0
200024,1,decorrelated,epistemic,frozen,0.470565605829672,0.47004080016115724,0.29375,0.19350166544949418,0.1935016654494942,-0.04895104895104895
200024,1,decorrelated,aleatoric,frozen,0.5035270477226607,0.4897552327925764,0.2375,0.19350166544949418,0.1935016654494942,-0.04895104895104895
200024,1,decorrelated,total,frozen,0.48236878110803527,0.4776645238509804,0.2375,0.19350166544949418,0.1935016654494942,-0.04895104895104895
200024,1,decorrelated,point,frozen,0.5079082321267163,0.5345080131762592,0.3,0.19350166544949418,0.1935016654494942,-0.04895104895104895
200024,1,decorrelated,shuffled,frozen,0.5376508179242897,0.5130114961686025,0.23125,0.19350166544949418,0.1935016654494942,-0.04895104895104895
200024,1,decorrelated,uniform,frozen,0.4976054194208929,0.48778722388157003,0.2125,0.19350166544949418,0.1935016654494942,-0.04895104895104895
200024,1,decorrelated,count,frozen,0.5105963336374002,0.5252677121210476,0.2125,0.19350166544949418,0.1935016654494942,-0.04895104895104895
200024,1,decorrelated,epistemic,online,0.510551594426399,0.5327808964944153,0.25,0.16431295980840022,0.13866145063501398,-0.04895104895104895
200024,1,decorrelated,aleatoric,online,0.5065935353185937,0.5703740546464807,0.175,0.16657081194141068,0.1591949028308387,-0.04895104895104895
200024,1,decorrelated,total,online,0.4945883654801902,0.5206814706730729,0.2625,0.16067334841285796,0.14492339969033105,-0.04895104895104895
200024,1,decorrelated,point,online,0.4882987189301339,0.5322074182141128,0.33125,0.1643491393724204,0.14238784571319416,-0.04895104895104895
200024,1,decorrelated,shuffled,online,0.4955809615317592,0.5222929807261598,0.35625,0.1623481605020717,0.13827339815081555,-0.04895104895104895
200024,1,decorrelated,uniform,online,0.5634859707376773,0.6018426202053406,0.2625,0.15508655447077271,0.14192187431156064,-0.04895104895104895
200024,1,decorrelated,count,online,0.5215166074388897,0.5478554876238133,0.24375,0.15799641099662132,0.13538305935909692,-0.04895104895104895
200024,1,anti,epistemic,frozen,0.43283085373468316,0.4767259771670238,0.0,0.18353359436908032,0.18353359436908032,-1.0
200024,1,anti,aleatoric,frozen,0.4690618501853048,0.4973873824060274,0.0,0.18353359436908032,0.18353359436908032,-1.0
200024,1,anti,total,frozen,0.44613918353299553,0.4676271619547009,0.0,0.18353359436908032,0.18353359436908032,-1.0
200024,1,anti,point,frozen,0.5373021637680434,0.557411735072698,0.0,0.18353359436908032,0.18353359436908032,-1.0
200024,1,anti,shuffled,frozen,0.5355088534705885,0.5171905130105676,0.0,0.18353359436908032,0.18353359436908032,-1.0
200024,1,anti,uniform,frozen,0.49784997671859366,0.5075933397657149,0.0,0.18353359436908032,0.18353359436908032,-1.0
200024,1,anti,count,frozen,0.528086410767296,0.5269139000811893,0.0,0.18353359436908032,0.18353359436908032,-1.0
200024,1,anti,epistemic,online,0.5115615972621145,0.5194461662281531,0.0,0.15082856363333347,0.13209730127523042,-1.0
200024,1,anti,aleatoric,online,0.5205892270935952,0.5913650658176828,0.0,0.1528127356500641,0.14244937284374892,-1.0
200024,1,anti,total,online,0.49427604482708476,0.5523799234619611,0.0,0.1506548346093016,0.1303241106463026,-1.0
200024,1,anti,point,online,0.5510753325843218,0.58064329286063,0.0,0.14737137251506366,0.14546222624510466,-1.0
200024,1,anti,shuffled,online,0.5518397432031046,0.5611346514286762,0.0,0.14666910072665645,0.13494747806371768,-1.0
200024,1,anti,uniform,online,0.5256811612561023,0.5565652694435892,0.0,0.15140862832168178,0.13878403422847843,-1.0
200024,1,anti,count,online,0.5469493536989872,0.5607360618892366,0.0,0.1476573433250527,0.13341501785355014,-1.0
200024,2,aligned,epistemic,frozen,0.6085197798165167,0.5560813712439,0.0625,0.18761581111285736,0.18761581111285733,1.0
200024,2,aligned,aleatoric,frozen,0.5682133051556766,0.5439661984418352,0.11875,0.18761581111285736,0.18761581111285733,1.0
200024,2,aligned,total,frozen,0.5991966303515711,0.5820558441278691,0.01875,0.18761581111285736,0.18761581111285733,1.0
200024,2,aligned,point,frozen,0.5382986780225417,0.5712741291089769,0.10625,0.18761581111285736,0.18761581111285733,1.0
200024,2,aligned,shuffled,frozen,0.552161675254627,0.5350712276190556,0.025,0.18761581111285736,0.18761581111285733,1.0
200024,2,aligned,uniform,frozen,0.5287235798730542,0.5334630936971211,0.0625,0.18761581111285736,0.18761581111285733,1.0
200024,2,aligned,count,frozen,0.5198262952681241,0.5355871017866816,0.1,0.18761581111285736,0.18761581111285733,1.0
200024,2,aligned,epistemic,online,0.5812776148517702,0.5871851599176511,0.06875,0.14035310435287837,0.1401261329554211,1.0
200024,2,aligned,aleatoric,online,0.5986936340531148,0.5709405066657588,0.04375,0.14312825836980472,0.12508165261265072,1.0
200024,2,aligned,total,online,0.5782696359835284,0.5607159911490343,0.06875,0.1356872188817726,0.12900183241503643,1.0
200024,2,aligned,point,online,0.5856054445823868,0.6034063505682736,0.08125,0.13801920145674154,0.13285653564426378,1.0
200024,2,aligned,shuffled,online,0.570121897627484,0.5732238309323388,0.09375,0.13864460349566046,0.12389066374054263,1.0
200024,2,aligned,uniform,online,0.5704800009424901,0.5818998006602104,0.0375,0.14493459406694326,0.1315989498007262,1.0
200024,2,aligned,count,online,0.5673427991861822,0.5996514838784673,0.09375,0.13587939773501262,0.12473739496752366,1.0
200024,2,decorrelated,epistemic,frozen,0.5277398560694593,0.49909264840276946,0.0875,0.19172984448937985,0.19172984448937988,0.04895104895104895
200024,2,decorrelated,aleatoric,frozen,0.5642211948408052,0.5384063427787854,0.04375,0.19172984448937985,0.19172984448937988,0.04895104895104895
200024,2,decorrelated,total,frozen,0.5602591209178982,0.48849456608735375,0.10625,0.19172984448937985,0.19172984448937988,0.04895104895104895
200024,2,decorrelated,point,frozen,0.498835300454172,0.5639258774498528,0.1375,0.19172984448937985,0.19172984448937988,0.04895104895104895
200024,2,decorrelated,shuffled,frozen,0.5221901318071926,0.5259234558130161,0.275,0.19172984448937985,0.19172984448937988,0.04895104895104895
200024,2,decorrelated,uniform,frozen,0.5575470481441707,0.5903699244583076,0.075,0.19172984448937985,0.19172984448937988,0.04895104895104895
200024,2,decorrelated,count,frozen,0.5281569549906153,0.5336256142008811,0.1,0.19172984448937985,0.19172984448937988,0.04895104895104895
200024,2,decorrelated,epistemic,online,0.5782161542755204,0.5478884018783102,0.04375,0.15922265306543804,0.15565906102596935,0.04895104895104895
200024,2,decorrelated,aleatoric,online,0.5819761512345474,0.5653757648365869,0.05,0.16211643029826736,0.1557610188239689,0.04895104895104895
200024,2,decorrelated,total,online,0.5505883029375284,0.5304910898754602,0.1,0.1609390503398287,0.1520105423039194,0.04895104895104895
200024,2,decorrelated,point,online,0.5531954946216706,0.5371292554632322,0.075,0.15871312421649847,0.149747370631877,0.04895104895104895
200024,2,decorrelated,shuffled,online,0.5548173127952578,0.5453108621890254,0.0875,0.1590990785197844,0.15282411082047562,0.04895104895104895
200024,2,decorrelated,uniform,online,0.5056373603823963,0.5584915421642598,0.05625,0.1615397699828259,0.1477871025109107,0.04895104895104895
200024,2,decorrelated,count,online,0.5553830933380375,0.5998343005577134,0.075,0.15909624479399484,0.1537013687837365,0.04895104895104895
200024,2,anti,epistemic,frozen,0.4414802201834832,0.49391862875610004,0.0,0.19624063370370345,0.19624063370370345,-1.0
200024,2,anti,aleatoric,frozen,0.48178669484432335,0.5060338015581649,0.0,0.19624063370370345,0.19624063370370345,-1.0
200024,2,anti,total,frozen,0.45080336964842893,0.467944155872131,0.0,0.19624063370370345,0.19624063370370345,-1.0
200024,2,anti,point,frozen,0.5117013219774582,0.47872587089102325,0.0,0.19624063370370345,0.19624063370370345,-1.0
200024,2,anti,shuffled,frozen,0.49783832474537293,0.5149287723809446,0.0,0.19624063370370345,0.19624063370370345,-1.0
200024,2,anti,uniform,frozen,0.5212764201269457,0.516536906302879,0.0,0.19624063370370345,0.19624063370370345,-1.0
200024,2,anti,count,frozen,0.5301737047318758,0.5144128982133184,0.0,0.19624063370370345,0.19624063370370345,-1.0
200024,2,anti,epistemic,online,0.5190446061046414,0.553800256995436,0.0,0.15695146868479132,0.13310184701910155,-1.0
200024,2,anti,aleatoric,online,0.5297556004783154,0.6016243159829566,0.0,0.1521394892254309,0.12378727290940177,-1.0
200024,2,anti,total,online,0.5249813583128705,0.5834260425022009,0.0,0.1597260346112696,0.135325188734242,-1.0
200024,2,anti,point,online,0.5561306222549154,0.576320813105945,0.0,0.15386095385151038,0.1318320796710435,-1.0
200024,2,anti,shuffled,online,0.5390493168416882,0.5761791793666179,0.0,0.15900676940971376,0.13190907884222788,-1.0
200024,2,anti,uniform,online,0.5066137716718474,0.5322961231378079,0.0,0.16183855768941177,0.14617723053358903,-1.0
200024,2,anti,count,online,0.5387900481410158,0.5476388652408104,0.0,0.15531322008884935,0.13265814348518706,-1.0
200024,3,aligned,epistemic,frozen,0.5624674331474462,0.5206814474301572,0.06875,0.2224192695173794,0.22241926951737936,1.0
200024,3,aligned,aleatoric,frozen,0.5008106619508552,0.4905427564941913,0.075,0.2224192695173794,0.22241926951737936,1.0
200024,3,aligned,total,frozen,0.5445760696763491,0.538839561910682,0.08125,0.2224192695173794,0.22241926951737936,1.0
200024,3,aligned,point,frozen,0.5068062459516188,0.4689838531919552,0.125,0.2224192695173794,0.22241926951737936,1.0
200024,3,aligned,shuffled,frozen,0.5319482231340606,0.5222164381741503,0.0375,0.2224192695173794,0.22241926951737936,1.0
200024,3,aligned,uniform,frozen,0.4786874919950104,0.49085291633613953,0.19375,0.2224192695173794,0.22241926951737936,1.0
200024,3,aligned,count,frozen,0.4850380523572809,0.4826003694999468,0.1375,0.2224192695173794,0.22241926951737936,1.0
200024,3,aligned,epistemic,online,0.5427388793391517,0.511541164709944,0.13125,0.18472956200228502,0.17404981725117874,1.0
200024,3,aligned,aleatoric,online,0.5276838680035858,0.558542640681645,0.0375,0.1969466688864597,0.17023408525687322,1.0
200024,3,aligned,total,online,0.5501131365342294,0.5443306517861422,0.09375,0.18785826323295082,0.17097949471716734,1.0
200024,3,aligned,point,online,0.5099329712474077,0.5156631354434966,0.10625,0.19831694900700553,0.18866541859430344,1.0
200024,3,aligned,shuffled,online,0.5103806729202528,0.5205502362153004,0.14375,0.19009292722983243,0.16823335573697892,1.0
200024,3,aligned,uniform,online,0.48440090089859045,0.48989786722867584,0.2,0.20297025218147652,0.18854365819847596,1.0
200024,3,aligned,count,online,0.5247275422910642,0.5161551643363637,0.1,0.19210538958031276,0.18574140350063342,1.0
200024,3,decorrelated,epistemic,frozen,0.5068782316040619,0.5044706295130846,0.06875,0.2001363224744161,0.20013632247441612,0.006993006993006993
200024,3,decorrelated,aleatoric,frozen,0.5748138120250847,0.5849033485478256,0.075,0.2001363224744161,0.20013632247441612,0.006993006993006993
200024,3,decorrelated,total,frozen,0.5269341941473724,0.5297706301566627,0.08125,0.2001363224744161,0.20013632247441612,0.006993006993006993
200024,3,decorrelated,point,frozen,0.5569079512408812,0.5716361947132004,0.125,0.2001363224744161,0.20013632247441612,0.006993006993006993
200024,3,decorrelated,shuffled,frozen,0.5967179956865618,0.574733509769376,0.0375,0.2001363224744161,0.20013632247441612,0.006993006993006993
200024,3,decorrelated,uniform,frozen,0.545105801810426,0.5491119954233936,0.19375,0.2001363224744161,0.20013632247441612,0.006993006993006993
200024,3,decorrelated,count,frozen,0.5359347953312816,0.5441126484240708,0.1375,0.2001363224744161,0.20013632247441612,0.006993006993006993
200024,3,decorrelated,epistemic,online,0.5595034260777304,0.5200169489574852,0.11875,0.17475679717084006,0.1685093716373833,0.006993006993006993
200024,3,decorrelated,aleatoric,online,0.5611764703844659,0.5418218941767885,0.06875,0.17984309639081522,0.1728456765979678,0.006993006993006993
200024,3,decorrelated,total,online,0.5336092105063482,0.5330593969586541,0.1,0.18159032521482915,0.171418963304099,0.006993006993006993
200024,3,decorrelated,point,online,0.5394821091285349,0.5543003717299497,0.10625,0.18193789293928225,0.17660929505711023,0.006993006993006993
200024,3,decorrelated,shuffled,online,0.5126285743975402,0.5197202074888635,0.1375,0.18101006790561716,0.1662068347754755,0.006993006993006993
200024,3,decorrelated,uniform,online,0.531509563456794,0.513769363157593,0.2125,0.18230518944109858,0.1827046278921155,0.006993006993006993
200024,3,decorrelated,count,online,0.536321549889796,0.5386842689464189,0.1,0.17567612771034358,0.16812541915159826,0.006993006993006993
200024,3,anti,epistemic,frozen,0.4875325668525539,0.5293185525698428,0.0,0.1837457265110782,0.1837457265110782,-1.0
200024,3,anti,aleatoric,frozen,0.5491893380491447,0.5594572435058087,0.0,0.1837457265110782,0.1837457265110782,-1.0
200024,3,anti,total,frozen,0.5054239303236508,0.511160438089318,0.0,0.1837457265110782,0.1837457265110782,-1.0
200024,3,anti,point,frozen,0.5431937540483812,0.5810161468080448,0.0,0.1837457265110782,0.1837457265110782,-1.0
200024,3,anti,shuffled,frozen,0.5180517768659394,0.5277835618258496,0.0,0.1837457265110782,0.1837457265110782,-1.0
200024,3,anti,uniform,frozen,0.5713125080049897,0.5591470836638605,0.0,0.1837457265110782,0.1837457265110782,-1.0
200024,3,anti,count,frozen,0.564961947642719,0.5673996305000533,0.0,0.1837457265110782,0.1837457265110782,-1.0
200024,3,anti,epistemic,online,0.5373117080621815,0.5655297655855323,0.0,0.1524148712869228,0.13393022220950096,-1.0
200024,3,anti,aleatoric,online,0.5331302423007687,0.5523537777621108,0.0,0.16227174774570197,0.14125274069233415,-1.0
200024,3,anti,total,online,0.5303009626064623,0.5850062502169587,0.0,0.15625857811345067,0.13673514185478639,-1.0
200024,3,anti,point,online,0.5499725677741527,0.5505303462571745,0.0,0.15304257322642587,0.13668732416943855,-1.0
200024,3,anti,shuffled,online,0.5765623924443567,0.6012110127442498,0.0,0.1447450169754466,0.12537459604258636,-1.0
200024,3,anti,uniform,online,0.600386078708081,0.6104899496472751,0.0,0.148834647658246,0.13193008641616516,-1.0
200024,3,anti,count,online,0.5443831596617782,0.591575173826054,0.0,0.15156412265655056,0.12676381566133052,-1.0
200025,1,aligned,epistemic,frozen,0.6016899954300091,0.5695899595820366,0.0,0.17064801265630855,0.17064801265630855,1.0
200025,1,aligned,aleatoric,frozen,0.5522299618624509,0.5842624658891356,0.0,0.17064801265630855,0.17064801265630855,1.0
200025,1,aligned,total,frozen,0.5886857839949149,0.5475155479308953,0.0,0.17064801265630855,0.17064801265630855,1.0
200025,1,aligned,point,frozen,0.5177769986199603,0.5055572299173863,0.0,0.17064801265630855,0.17064801265630855,1.0
200025,1,aligned,shuffled,frozen,0.49263796409597005,0.5250424477209008,0.0,0.17064801265630855,0.17064801265630855,1.0
200025,1,aligned,uniform,frozen,0.4665620359290024,0.475481722292791,0.0,0.17064801265630855,0.17064801265630855,1.0
200025,1,aligned,count,frozen,0.5319258894640759,0.5227718140047409,0.0,0.17064801265630855,0.17064801265630855,1.0
200025,1,aligned,epistemic,online,0.6049521538096905,0.6153841478696565,0.0,0.14092538923570702,0.1358074783330546,1.0
200025,1,aligned,aleatoric,online,0.5555526964480499,0.5440503876693454,0.0,0.14294502875755427,0.136686467167249,1.0
200025,1,aligned,total,online,0.5792457065789735,0.5889933438758679,0.0,0.14168796158026453,0.13361759594290035,1.0
200025,1,aligned,point,online,0.5478416514072965,0.5966455925398731,0.0,0.1474482613711945,0.13481876365806572,1.0
200025,1,aligned,shuffled,online,0.5855890479262953,0.5908004643315754,0.0,0.13971952234116372,0.12897922047655982,1.0
200025,1,aligned,uniform,online,0.6184025411355012,0.6190414567495459,0.0,0.14058593992585697,0.13464939993601835,1.0
200025,1,aligned,count,online,0.5470551027132703,0.5609664005522588,0.0,0.15272454101635277,0.13839439841057743,1.0
200025,1,decorrelated,epistemic,frozen,0.5396061557649372,0.5412562418893995,0.24375,0.18107230031428515,0.18107230031428515,0.027972027972027972
200025,1,decorrelated,aleatoric,frozen,0.5453594621107479,0.5441907286309279,0.225,0.18107230031428515,0.18107230031428515,0.027972027972027972
200025,1,decorrelated,total,frozen,0.5086838176555117,0.503352632939267,0.2875,0.18107230031428515,0.18107230031428515,0.027972027972027972
200025,1,decorrelated,point,frozen,0.5258539794447877,0.49073500378047596,0.19375,0.18107230031428515,0.18107230031428515,0.027972027972027972
200025,1,decorrelated,shuffled,frozen,0.5031937531085585,0.5000018899505214,0.25625,0.18107230031428515,0.18107230031428515,0.027972027972027972
200025,1,decorrelated,uniform,frozen,0.5424014092677603,0.5249665932620742,0.20625,0.18107230031428515,0.18107230031428515,0.027972027972027972
200025,1,decorrelated,count,frozen,0.5281292343769435,0.48026848905423963,0.1875,0.18107230031428515,0.18107230031428515,0.027972027972027972
200025,1,decorrelated,epistemic,online,0.5398897917271511,0.5845694750352148,0.24375,0.14116364772902582,0.11981817970152621,0.027972027972027972
200025,1,decorrelated,aleatoric,online,0.5412339490340128,0.5696405498860784,0.20625,0.14181037596448143,0.12699384338549777,0.027972027972027972
200025,1,decorrelated,total,online,0.532664774132423,0.5298516313497738,0.25,0.14109000511240938,0.12191318871780833,0.027972027972027972
200025,1,decorrelated,point,online,0.5640879369957543,0.625739888502386,0.1625,0.14221319902535723,0.13331566734615172,0.027972027972027972
200025,1,decorrelated,shuffled,online,0.5596588235719828,0.5962288438092272,0.1625,0.14122727113308506,0.12920492413247184,0.027972027972027972
200025,1,decorrelated,uniform,online,0.5135272836334084,0.5411193751644877,0.3,0.14767397259291576,0.12347070653844276,0.027972027972027972
200025,1,decorrelated,count,online,0.5557994253197338,0.5905068572664811,0.15625,0.142520925098686,0.12368544358046614,0.027972027972027972
200025,1,anti,epistemic,frozen,0.4483100045699908,0.48041004041796337,0.1625,0.17928839116733458,0.17928839116733455,-1.0
200025,1,anti,aleatoric,frozen,0.49777003813754916,0.46573753411086455,0.10625,0.17928839116733458,0.17928839116733455,-1.0
200025,1,anti,total,frozen,0.46131421600508515,0.5024844520691046,0.20625,0.17928839116733458,0.17928839116733455,-1.0
200025,1,anti,point,frozen,0.5322230013800396,0.5444427700826137,0.0875,0.17928839116733458,0.17928839116733455,-1.0
200025,1,anti,shuffled,frozen,0.5573620359040299,0.5249575522790992,0.08125,0.17928839116733458,0.17928839116733455,-1.0
200025,1,anti,uniform,frozen,0.5834379640709976,0.574518277707209,0.0875,0.17928839116733458,0.17928839116733455,-1.0
200025,1,anti,count,frozen,0.5180741105359241,0.527228185995259,0.1,0.17928839116733458,0.17928839116733455,-1.0
200025,1,anti,epistemic,online,0.4802755380627885,0.4890521482630109,0.14375,0.1540994075628682,0.14295975050855314,-1.0
200025,1,anti,aleatoric,online,0.5388612657423906,0.5515618404124116,0.08125,0.15235772395575684,0.14311629489654262,-1.0
200025,1,anti,total,online,0.4896871191360246,0.5011416017653925,0.1125,0.1559972020287194,0.14272106212480348,-1.0
200025,1,anti,point,online,0.5269532179749814,0.5067077300754487,0.04375,0.15387975942250937,0.14691317046961697,-1.0
200025,1,anti,shuffled,online,0.5202547198452534,0.5601584907865537,0.09375,0.1530636064462772,0.14390255297781251,-1.0
200025,1,anti,uniform,online,0.48082995859214056,0.5007746381050837,0.24375,0.15360900519539789,0.14149039522148885,-1.0
200025,1,anti,count,online,0.5155757081590064,0.5032348162923944,0.08125,0.15267362683034474,0.1438625205793288,-1.0
200025,2,aligned,epistemic,frozen,0.5983414348137922,0.5553678717028652,0.06875,0.17875135768998224,0.17875135768998227,1.0
200025,2,aligned,aleatoric,frozen,0.5644405404722729,0.5564984933062679,0.1,0.17875135768998224,0.17875135768998227,1.0
200025,2,aligned,total,frozen,0.5776244281187621,0.5483047166957882,0.10625,0.17875135768998224,0.17875135768998227,1.0
200025,2,aligned,point,frozen,0.5597621078247772,0.5711082394246383,0.0875,0.17875135768998224,0.17875135768998227,1.0
200025,2,aligned,shuffled,frozen,0.5815808728412419,0.5647303667953011,0.0625,0.17875135768998224,0.17875135768998227,1.0
200025,2,aligned,uniform,frozen,0.4896336446559249,0.5047453105912355,0.03125,0.17875135768998224,0.17875135768998227,1.0
200025,2,aligned,count,frozen,0.5586204404299402,0.5836385784509704,0.08125,0.17875135768998224,0.17875135768998227,1.0
200025,2,aligned,epistemic,online,0.6127055599958859,0.5852756761996439,0.08125,0.12636321880668117,0.1182840276878415,1.0
200025,2,aligned,aleatoric,online,0.623729795057901,0.6264300028529494,0.06875,0.12445198360015271,0.1104887717019778,1.0
200025,2,aligned,total,online,0.6154394272157735,0.6183860794387253,0.05,0.12812069923611835,0.13341261394917006,1.0
200025,2,aligned,point,online,0.582121214155053,0.619825178482268,0.075,0.12546055944852014,0.10702673802118808,1.0
200025,2,aligned,shuffled,online,0.5529544832177224,0.5579981386804717,0.1125,0.12569773472140286,0.10609500241212351,1.0
200025,2,aligned,uniform,online,0.622054868242882,0.6226175926319126,0.04375,0.12571039543985002,0.11694351268515596,1.0
200025,2,aligned,count,online,0.5625465654040249,0.5741111186220345,0.1,0.1259379047661401,0.11595031524077552,1.0
200025,2,decorrelated,epistemic,frozen,0.5130220631288679,0.5082785560601928,0.0,0.18184104377986965,0.18184104377986965,-0.034965034965034975
200025,2,decorrelated,aleatoric,frozen,0.5120756088968318,0.5019409350347888,0.0,0.18184104377986965,0.18184104377986965,-0.034965034965034975
200025,2,decorrelated,total,frozen,0.5326039158624711,0.50834425296509,0.0,0.18184104377986965,0.18184104377986965,-0.034965034965034975
200025,2,decorrelated,point,frozen,0.5366320377270046,0.5817951015263517,0.0,0.18184104377986965,0.18184104377986965,-0.034965034965034975
200025,2,decorrelated,shuffled,frozen,0.5181196179897959,0.5308559165514892,0.0,0.18184104377986965,0.18184104377986965,-0.034965034965034975
200025,2,decorrelated,uniform,frozen,0.4915620692066046,0.5241683337232863,0.0,0.18184104377986965,0.18184104377986965,-0.034965034965034975
200025,2,decorrelated,count,frozen,0.5205304960550019,0.52476357392494,0.0,0.18184104377986965,0.18184104377986965,-0.034965034965034975
200025,2,decorrelated,epistemic,online,0.527623331469409,0.5444576285676966,0.0,0.16263313297208906,0.14505062575827762,-0.034965034965034975
200025,2,decorrelated,aleatoric,online,0.5274894384347756,0.5348958138100807,0.0,0.16503984543083075,0.15412266997574686,-0.034965034965034975
200025,2,decorrelated,total,online,0.516698844539841,0.5214569301085203,0.0,0.16100205150685204,0.14650644846432778,-0.034965034965034975
200025,2,decorrelated,point,online,0.5434290768153552,0.5508522951390863,0.0,0.15968324187872945,0.1521999828724984,-0.034965034965034975
200025,2,decorrelated,shuffled,online,0.5552825164524162,0.5650275509564311,0.0,0.15994716980911972,0.15139613836078933,-0.034965034965034975
200025,2,decorrelated,uniform,online,0.48061843954785355,0.48545040405460915,0.0,0.16921628035637531,0.15760087151434335,-0.034965034965034975
200025,2,decorrelated,count,online,0.550946248315731,0.6044387993024124,0.0,0.1599696120582605,0.1443710186488644,-0.034965034965034975
200025,2,anti,epistemic,frozen,0.45165856518620784,0.4946321282971349,0.20625,0.2020739790056592,0.20207397900565927,-1.0
200025,2,anti,aleatoric,frozen,0.4855594595277273,0.49350150669373216,0.2,0.2020739790056592,0.20207397900565927,-1.0
200025,2,anti,total,frozen,0.4723755718812378,0.5016952833042119,0.2125,0.2020739790056592,0.20207397900565927,-1.0
200025,2,anti,point,frozen,0.4902378921752228,0.4788917605753616,0.15625,0.2020739790056592,0.20207397900565927,-1.0
200025,2,anti,shuffled,frozen,0.468419127158758,0.4852696332046989,0.16875,0.2020739790056592,0.20207397900565927,-1.0
200025,2,anti,uniform,frozen,0.5603663553440751,0.5452546894087644,0.05,0.2020739790056592,0.20207397900565927,-1.0
200025,2,anti,count,frozen,0.49137955957005985,0.4663614215490296,0.15,0.2020739790056592,0.20207397900565927,-1.0
200025,2,anti,epistemic,online,0.49907434317718735,0.5206370106214149,0.18125,0.17481907599252725,0.14887965833334624,-1.0
200025,2,anti,aleatoric,online,0.48676177291574874,0.5397055402757296,0.25,0.17709500880343587,0.14344796621726816,-1.0
200025,2,anti,total,online,0.48306870530022816,0.5524582064236128,0.1875,0.17929863160249246,0.1521179693882693,-1.0
200025,2,anti,point,online,0.523805610931645,0.49924952034704867,0.14375,0.17122886820057187,0.15236231694412483,-1.0
200025,2,anti,shuffled,online,0.534411638594861,0.5708398309934939,0.1375,0.17047117245918816,0.14973280981875697,-1.0
200025,2,anti,uniform,online,0.47215514702458494,0.4779438901303701,0.20625,0.18337120074643667,0.15725533176981815,-1.0
200025,2,anti,count,online,0.525020841703783,0.546875650552652,0.1125,0.17193156554276406,0.15411064903042426,-1.0
200025,3,aligned,epistemic,frozen,0.5783024608741254,0.54838892221564,0.13125,0.18912924649519766,0.18912924649519766,1.0
200025,3,aligned,aleatoric,frozen,0.5730265261109331,0.5708320774719896,0.09375,0.18912924649519766,0.18912924649519766,1.0
200025,3,aligned,total,frozen,0.5916788580299611,0.6173556683558638,0.06875,0.18912924649519766,0.18912924649519766,1.0
200025,3,aligned,point,frozen,0.5384686342166211,0.5403029564344936,0.10625,0.18912924649519766,0.18912924649519766,1.0
200025,3,aligned,shuffled,frozen,0.5322417012001853,0.5592801191127211,0.0875,0.18912924649519766,0.18912924649519766,1.0
200025,3,aligned,uniform,frozen,0.5445726713263701,0.5556158033747712,0.05625,0.18912924649519766,0.18912924649519766,1.0
200025,3,aligned,count,frozen,0.5351619500130143,0.5081991742962506,0.14375,0.18912924649519766,0.18912924649519766,1.0
200025,3,aligned,epistemic,online,0.5923405442529257,0.5901583361378652,0.10625,0.15832350401635634,0.1446099546456008,1.0
200025,3,aligned,aleatoric,online,0.580731644102584,0.606243623421818,0.05625,0.16187399802313435,0.14609794286890254,1.0
200025,3,aligned,total,online,0.5867134974439475,0.5638015696712644,0.125,0.15455266388562378,0.1427327239090406,1.0
200025,3,aligned,point,online,0.5533819186461937,0.5311768874171177,0.10625,0.15795084587654062,0.14247680808693627,1.0
200025,3,aligned,shuffled,online,0.5375543233768574,0.5410879828349234,0.10625,0.16500385026809386,0.14819876832613008,1.0
200025,3,aligned,uniform,online,0.5162220470156402,0.5822824457804068,0.15625,0.15421863021738574,0.14141535704479133,1.0
200025,3,aligned,count,online,0.5362087260461068,0.535190807918486,0.1125,0.15646426946696929,0.1402190300500273,1.0
200025,3,decorrelated,epistemic,frozen,0.4735659556583469,0.5094181205410523,0.41875,0.21432770968737097,0.21432770968737092,-0.006993006993006993
200025,3,decorrelated,aleatoric,frozen,0.4629614782349555,0.46601614494746946,0.4625,0.21432770968737097,0.21432770968737092,-0.006993006993006993
200025,3,decorrelated,total,frozen,0.4609255437543169,0.4339089205948121,0.45,0.21432770968737097,0.21432770968737092,-0.006993006993006993
200025,3,decorrelated,point,frozen,0.4815776263986932,0.4746768103871274,0.38125,0.21432770968737097,0.21432770968737092,-0.006993006993006993
200025,3,decorrelated,shuffled,frozen,0.4884422250287848,0.5297758803127393,0.30625,0.21432770968737097,0.21432770968737092,-0.006993006993006993
200025,3,decorrelated,uniform,frozen,0.44807907001644304,0.45101208325821907,0.525,0.21432770968737097,0.21432770968737092,-0.006993006993006993
200025,3,decorrelated,count,frozen,0.47165222527472517,0.49766904502171866,0.3875,0.21432770968737097,0.21432770968737092,-0.006993006993006993
200025,3,decorrelated,epistemic,online,0.4821165492425042,0.48710282361132273,0.3875,0.20093453951670445,0.18038996536644716,-0.006993006993006993
200025,3,decorrelated,aleatoric,online,0.5184551818242467,0.5185627541036127,0.30625,0.18253114481847205,0.16728844358018025,-0.006993006993006993
200025,3,decorrelated,total,online,0.49645311646980855,0.4688209593564732,0.3125,0.1905046256621033,0.20001876957126166,-0.006993006993006993
200025,3,decorrelated,point,online,0.5123613944316624,0.5896877109632601,0.275,0.18835432708201313,0.17592255921315406,-0.006993006993006993
200025,3,decorrelated,shuffled,online,0.4970090256699324,0.5120662714836612,0.3,0.19636350815713724,0.17462176629572923,-0.006993006993006993
200025,3,decorrelated,uniform,online,0.5212610454349001,0.49254813942564973,0.2125,0.17760580309793447,0.18291749867095042,-0.006993006993006993
200025,3,decorrelated,count,online,0.514213028519658,0.5323400109704648,0.25,0.1831687224583496,0.18924452555607416,-0.006993006993006993
200025,3,anti,epistemic,frozen,0.4716975391258746,0.5016110777843601,0.31875,0.1959083269657416,0.1959083269657416,-1.0
200025,3,anti,aleatoric,frozen,0.4769734738890669,0.47916792252801044,0.425,0.1959083269657416,0.1959083269657416,-1.0
200025,3,anti,total,frozen,0.45832114197003887,0.4326443316441363,0.38125,0.1959083269657416,0.1959083269657416,-1.0
200025,3,anti,point,frozen,0.511531365783379,0.5096970435655065,0.2625,0.1959083269657416,0.1959083269657416,-1.0
200025,3,anti,shuffled,frozen,0.5177582987998146,0.4907198808872789,0.175,0.1959083269657416,0.1959083269657416,-1.0
200025,3,anti,uniform,frozen,0.5054273286736299,0.4943841966252288,0.34375,0.1959083269657416,0.1959083269657416,-1.0
200025,3,anti,count,frozen,0.5148380499869858,0.5418008257037494,0.2375,0.1959083269657416,0.1959083269657416,-1.0
200025,3,anti,epistemic,online,0.514845371828871,0.535268225064987,0.25625,0.16740981503230978,0.13476356602495576,-1.0
200025,3,anti,aleatoric,online,0.5431800518610842,0.5477886415632784,0.21875,0.14579326412730148,0.12145872407572463,-1.0
200025,3,anti,total,online,0.5210371388603173,0.5369881304996754,0.1875,0.1609703897647502,0.14389875826554546,-1.0
200025,3,anti,point,online,0.5610815809104415,0.583406431660744,0.1625,0.1478797254445309,0.13076404724299293,-1.0
200025,3,anti,shuffled,online,0.5833962666413794,0.5871734239461326,0.15625,0.14913930890107738,0.1292137005695935,-1.0
200025,3,anti,uniform,online,0.5793919613800969,0.5874221445594017,0.08125,0.1458487769915648,0.12859009655097928,-1.0
200025,3,anti,count,online,0.5423573197969164,0.5323065879401975,0.14375,0.1511906725676549,0.14124658863598893,-1.0
200026,1,aligned,epistemic,frozen,0.5499539135009174,0.4978459152347911,0.10625,0.17794276230169556,0.17794276230169556,1.0
200026,1,aligned,aleatoric,frozen,0.5492040763284618,0.5212625464003826,0.15,0.17794276230169556,0.17794276230169556,1.0
200026,1,aligned,total,frozen,0.5600494288231513,0.5573689145825022,0.13125,0.17794276230169556,0.17794276230169556,1.0
200026,1,aligned,point,frozen,0.5033415597534342,0.47647458811321536,0.0875,0.17794276230169556,0.17794276230169556,1.0
200026,1,aligned,shuffled,frozen,0.47636329297854074,0.5017192320007633,0.19375,0.17794276230169556,0.17794276230169556,1.0
200026,1,aligned,uniform,frozen,0.4990343674387926,0.48504060361176293,0.325,0.17794276230169556,0.17794276230169556,1.0
200026,1,aligned,count,frozen,0.5289698852340046,0.5647481689471269,0.10625,0.17794276230169556,0.17794276230169556,1.0
200026,1,aligned,epistemic,online,0.5326350086027738,0.5279345240800588,0.1625,0.1556968276387758,0.14710033041425663,1.0
200026,1,aligned,aleatoric,online,0.5640294912015555,0.5686292549645179,0.1125,0.15649161352398186,0.15006356580456226,1.0
200026,1,aligned,total,online,0.5424690272196079,0.5279976576005091,0.11875,0.1584671876059666,0.14877148477551155,1.0
200026,1,aligned,point,online,0.5119437162527509,0.5468903893236011,0.14375,0.15747747547797764,0.15004315068360174,1.0
200026,1,aligned,shuffled,online,0.5360625889241921,0.5568277599677496,0.075,0.158800855242948,0.14790890966032158,1.0
200026,1,aligned,uniform,online,0.5140619042070128,0.5065492205808926,0.0875,0.16203658768459292,0.15373133897055571,1.0
200026,1,aligned,count,online,0.5241887722521023,0.49020883925490305,0.11875,0.15632374184670156,0.14788605466816515,1.0
200026,1,decorrelated,epistemic,frozen,0.5106025127389462,0.46114533685494885,0.10625,0.18064221139494133,0.18064221139494133,0.0
200026,1,decorrelated,aleatoric,frozen,0.4983187687859029,0.5209071669752026,0.15,0.18064221139494133,0.18064221139494133,0.0
200026,1,decorrelated,total,frozen,0.5120602676549921,0.5031460202137552,0.13125,0.18064221139494133,0.18064221139494133,0.0
200026,1,decorrelated,point,frozen,0.5283569133070719,0.5143340837954072,0.0875,0.18064221139494133,0.18064221139494133,0.0
200026,1,decorrelated,shuffled,frozen,0.49499463376028874,0.4726572917260565,0.19375,0.18064221139494133,0.18064221139494133,0.0
200026,1,decorrelated,uniform,frozen,0.4961623377922508,0.4374908069178579,0.325,0.18064221139494133,0.18064221139494133,0.0
200026,1,decorrelated,count,frozen,0.5266098213343939,0.5364816543544046,0.10625,0.18064221139494133,0.18064221139494133,0.0
200026,1,decorrelated,epistemic,online,0.5136235385919513,0.541798246026961,0.1625,0.17189962604717932,0.1728558923000109,0.0
200026,1,decorrelated,aleatoric,online,0.5102298341359146,0.5368893178129712,0.1375,0.17133845529319092,0.16572806941331378,0.0
200026,1,decorrelated,total,online,0.5439617398199174,0.5271641172988714,0.125,0.17283744151685423,0.17224011379513074,0.0
200026,1,decorrelated,point,online,0.4927212789675405,0.49131426222435604,0.18125,0.16994432673432858,0.1695365209225765,0.0
200026,1,decorrelated,shuffled,online,0.5232803852997272,0.5255445144535635,0.0875,0.17128919878698387,0.17284342143954226,0.0
200026,1,decorrelated,uniform,online,0.5064024776672438,0.5227132459713957,0.10625,0.17145981277942907,0.16337569853354067,0.0
200026,1,decorrelated,count,online,0.5062721119280125,0.5335130266638964,0.125,0.16799071131346055,0.17531990302402323,0.0
200026,1,anti,epistemic,frozen,0.5000460864990826,0.5521540847652089,0.1375,0.17145768889072158,0.17145768889072158,-1.0
200026,1,anti,aleatoric,frozen,0.5007959236715382,0.5287374535996173,0.28125,0.17145768889072158,0.17145768889072158,-1.0
200026,1,anti,total,frozen,0.48995057117684865,0.49263108541749795,0.175,0.17145768889072158,0.17145768889072158,-1.0
200026,1,anti,point,frozen,0.5466584402465657,0.5735254118867845,0.1125,0.17145768889072158,0.17145768889072158,-1.0
200026,1,anti,shuffled,frozen,0.5736367070214593,0.548280767999237,0.08125,0.17145768889072158,0.17145768889072158,-1.0
200026,1,anti,uniform,frozen,0.5509656325612073,0.5649593963882371,0.13125,0.17145768889072158,0.17145768889072158,-1.0
200026,1,anti,count,frozen,0.5210301147659953,0.4852518310528732,0.09375,0.17145768889072158,0.17145768889072158,-1.0
200026,1,anti,epistemic,online,0.5446567972216465,0.5584967637611468,0.14375,0.14101445112559913,0.12844535553963618,-1.0
200026,1,anti,aleatoric,online,0.5041870047573994,0.5005290518953418,0.19375,0.1479964993412186,0.1380847646787633,-1.0
200026,1,anti,total,online,0.5467351292629411,0.5910028523170208,0.11875,0.13795278590360333,0.1281231891257262,-1.0
200026,1,anti,point,online,0.5647761573798286,0.5706780067998307,0.05625,0.1386250671866101,0.13256321464612414,-1.0
200026,1,anti,shuffled,online,0.5362005155450162,0.5625716965286005,0.09375,0.14234167975496975,0.1296210085623173,-1.0
200026,1,anti,uniform,online,0.5539227872159371,0.5620986591435118,0.075,0.14750443951883332,0.13744826600746315,-1.0
200026,1,anti,count,online,0.5402689388925144,0.5831938741033589,0.075,0.1391391806788221,0.13647476348457946,-1.0
200026,2,aligned,epistemic,frozen,0.5826128151414062,0.5664173151351466,0.05625,0.1837548610746824,0.1837548610746824,1.0
200026,2,aligned,aleatoric,frozen,0.5222579047380513,0.5165920723221248,0.15,0.1837548610746824,0.1837548610746824,1.0
200026,2,aligned,total,frozen,0.5794514616957537,0.5536713508962214,0.04375,0.1837548610746824,0.1837548610746824,1.0
200026,2,aligned,point,frozen,0.5706966527559708,0.5753391285303001,0.0625,0.1837548610746824,0.1837548610746824,1.0
200026,2,aligned,shuffled,frozen,0.5608813012709081,0.5560505191110805,0.10625,0.1837548610746824,0.1837548610746824,1.0
200026,2,aligned,uniform,frozen,0.5500074586064316,0.5422903069420844,0.13125,0.1837548610746824,0.1837548610746824,1.0
200026,2,aligned,count,frozen,0.554544014937396,0.5406241955757517,0.08125,0.1837548610746824,0.1837548610746824,1.0
200026,2,aligned,epistemic,online,0.5576892704209151,0.5904881837976887,0.075,0.13896112065715407,0.13013107702095103,1.0
200026,2,aligned,aleatoric,online,0.5832185316284624,0.5680772124247337,0.075,0.13859240922109545,0.1414481867272015,1.0
200026,2,aligned,total,online,0.5546323724312028,0.5575381369952203,0.1,0.14812993610905253,0.13526395676878558,1.0
200026,2,aligned,point,online,0.5374395118252936,0.6051711549071771,0.14375,0.14848186844043967,0.13208823687892587,1.0
200026,2,aligned,shuffled,online,0.5481740965430137,0.5911432469094751,0.09375,0.14067690069398425,0.13099457548013085,1.0
200026,2,aligned,uniform,online,0.5627205314606918,0.5788223755116471,0.05625,0.1468887472117099,0.13825288456366702,1.0
200026,2,aligned,count,online,0.5339591588971169,0.5040720789464754,0.10625,0.1437434707247305,0.13777317934864952,1.0
200026,2,decorrelated,epistemic,frozen,0.5395977068308705,0.511723247178136,0.05625,0.19170499274670277,0.1917049927467028,-0.04195804195804196
200026,2,decorrelated,aleatoric,frozen,0.6005699503861129,0.6008301761281425,0.15,0.19170499274670277,0.1917049927467028,-0.04195804195804196
200026,2,decorrelated,total,frozen,0.5868408810975282,0.5645051466842587,0.04375,0.19170499274670277,0.1917049927467028,-0.04195804195804196
200026,2,decorrelated,point,frozen,0.5774282838642731,0.5759330724911426,0.0625,0.19170499274670277,0.1917049927467028,-0.04195804195804196
200026,2,decorrelated,shuffled,frozen,0.5525225081409891,0.5017762775467489,0.10625,0.19170499274670277,0.1917049927467028,-0.04195804195804196
200026,2,decorrelated,uniform,frozen,0.5589276638651697,0.5295758264365054,0.13125,0.19170499274670277,0.1917049927467028,-0.04195804195804196
200026,2,decorrelated,count,frozen,0.5522194903932796,0.5270784757560527,0.08125,0.19170499274670277,0.1917049927467028,-0.04195804195804196
200026,2,decorrelated,epistemic,online,0.5598522902561582,0.5198047700480959,0.08125,0.15190344933742636,0.13956139349404897,-0.04195804195804196
200026,2,decorrelated,aleatoric,online,0.5978039952579545,0.5053653136849044,0.075,0.1548841473461146,0.16081278654497277,-0.04195804195804196
200026,2,decorrelated,total,online,0.5815896066172386,0.6255748739749658,0.1,0.15788871780187339,0.13769684834599225,-0.04195804195804196
200026,2,decorrelated,point,online,0.5537354488794567,0.5357723067684379,0.14375,0.1570319176218709,0.15095056714462293,-0.04195804195804196
200026,2,decorrelated,shuffled,online,0.5830828642290228,0.5826194979856492,0.075,0.14707593239769334,0.14450909552114857,-0.04195804195804196
200026,2,decorrelated,uniform,online,0.5975868191819609,0.5499612290748821,0.05625,0.15498193325799386,0.15049132997920384,-0.04195804195804196
200026,2,decorrelated,count,online,0.5570039426825454,0.5881126267398711,0.10625,0.15592721223421638,0.1375660962952605,-0.04195804195804196
200026,2,anti,epistemic,frozen,0.46738718485859376,0.48358268486485356,0.15,0.21203133433666732,0.21203133433666732,-1.0
200026,2,anti,aleatoric,frozen,0.5277420952619487,0.5334079276778751,0.05625,0.21203133433666732,0.21203133433666732,-1.0
200026,2,anti,total,frozen,0.4705485383042462,0.49632864910377855,0.15,0.21203133433666732,0.21203133433666732,-1.0
200026,2,anti,point,frozen,0.4793033472440292,0.4746608714696999,0.13125,0.21203133433666732,0.21203133433666732,-1.0
200026,2,anti,shuffled,frozen,0.489118698729092,0.49394948088891955,0.15,0.21203133433666732,0.21203133433666732,-1.0
200026,2,anti,uniform,frozen,0.4999925413935684,0.5077096930579156,0.09375,0.21203133433666732,0.21203133433666732,-1.0
200026,2,anti,count,frozen,0.495455985062604,0.5093758044242482,0.13125,0.21203133433666732,0.21203133433666732,-1.0
200026,2,anti,epistemic,online,0.5231090440304154,0.5342394850309811,0.1,0.18550936574509957,0.17218939337106853,-1.0
200026,2,anti,aleatoric,online,0.4828154185190375,0.5078409117857733,0.09375,0.19445565778788185,0.17499369236943865,-1.0
200026,2,anti,total,online,0.5115820046275499,0.5218710922118036,0.1375,0.18445945030743915,0.16297012148944678,-1.0
200026,2,anti,point,online,0.531600984456677,0.48474981411113066,0.11875,0.18142295602414565,0.17003909821870158,-1.0
200026,2,anti,shuffled,online,0.5296363380495643,0.5192815087401133,0.14375,0.1789161782275089,0.1646474880145891,-1.0
200026,2,anti,uniform,online,0.5073581066140737,0.5300874266355718,0.03125,0.18945233792154817,0.16639434302152656,-1.0
200026,2,anti,count,online,0.5316957553951959,0.5737504118788174,0.10625,0.1818970462471956,0.16902430262552937,-1.0
200026,3,aligned,epistemic,frozen,0.5661787329127981,0.5792344233111395,0.11875,0.20157724011773587,0.2015772401177359,1.0
200026,3,aligned,aleatoric,frozen,0.5691340843705905,0.5525186709135331,0.05,0.20157724011773587,0.2015772401177359,1.0
200026,3,aligned,total,frozen,0.5630751672342894,0.541991758418132,0.075,0.20157724011773587,0.2015772401177359,1.0
200026,3,aligned,point,frozen,0.5179182251464173,0.5049242749482417,0.15625,0.20157724011773587,0.2015772401177359,1.0
200026,3,aligned,shuffled,frozen,0.5448846499475487,0.5314704944822118,0.1125,0.20157724011773587,0.2015772401177359,1.0
200026,3,aligned,uniform,frozen,0.5846819650095638,0.5733321904241683,0.03125,0.20157724011773587,0.2015772401177359,1.0
200026,3,aligned,count,frozen,0.5447927134010586,0.5690128381224364,0.09375,0.20157724011773587,0.2015772401177359,1.0
200026,3,aligned,epistemic,online,0.554204788466893,0.5287671114370953,0.11875,0.1880254730696109,0.17883721318434012,1.0
200026,3,aligned,aleatoric,online,0.5742804206061715,0.5610010286683934,0.04375,0.19209698732971106,0.17769671628122016,1.0
200026,3,aligned,total,online,0.5361981717026586,0.5009862089056999,0.13125,0.18496003345721956,0.1754470844120756,1.0
200026,3,aligned,point,online,0.5221193210945037,0.5038127109358792,0.125,0.18622819671610516,0.17429284576574547,1.0
200026,3,aligned,shuffled,online,0.5727619332822252,0.5395980421691083,0.1,0.18743707591610453,0.1758192364881984,1.0
200026,3,aligned,uniform,online,0.55354107918648,0.5665212676055613,0.08125,0.1899449024820982,0.17995357747594223,1.0
200026,3,aligned,count,online,0.5381923544857583,0.5706014717608221,0.1125,0.18431699877812835,0.17149484451623667,1.0
200026,3,decorrelated,epistemic,frozen,0.4403298170943681,0.4240988409312524,0.4625,0.2371393703923314,0.23713937039233138,0.006993006993006993
200026,3,decorrelated,aleatoric,frozen,0.41588110450286103,0.44053063207367504,0.63125,0.2371393703923314,0.23713937039233138,0.006993006993006993
200026,3,decorrelated,total,frozen,0.40883559864460467,0.4175044813629608,0.58125,0.2371393703923314,0.23713937039233138,0.006993006993006993
200026,3,decorrelated,point,frozen,0.4607178921791751,0.4585560611941454,0.41875,0.2371393703923314,0.23713937039233138,0.006993006993006993
200026,3,decorrelated,shuffled,frozen,0.4666131661555905,0.47066282436492407,0.38125,0.2371393703923314,0.23713937039233138,0.006993006993006993
200026,3,decorrelated,uniform,frozen,0.3958356940327088,0.423364590069833,0.6125,0.2371393703923314,0.23713937039233138,0.006993006993006993
200026,3,decorrelated,count,frozen,0.48807136421663905,0.45501173586345145,0.3125,0.2371393703923314,0.23713937039233138,0.006993006993006993
200026,3,decorrelated,epistemic,online,0.4641390756184224,0.4609008739178977,0.45,0.2243077173477764,0.1865331862342817,0.006993006993006993
200026,3,decorrelated,aleatoric,online,0.44016827117497803,0.46677835142585467,0.49375,0.24318100745740398,0.17720209229012127,0.006993006993006993
200026,3,decorrelated,total,online,0.48497479502059415,0.5013543304621317,0.36875,0.2204555494986618,0.19591516279285082,0.006993006993006993
200026,3,decorrelated,point,online,0.5056152576745118,0.4946303148536568,0.31875,0.19556183724280807,0.2123989726605364,0.006993006993006993
200026,3,decorrelated,shuffled,online,0.4864600271468357,0.4953615629156456,0.39375,0.22996594628272118,0.18398775925905145,0.006993006993006993
200026,3,decorrelated,uniform,online,0.45880057920537337,0.4814187595026871,0.43125,0.22372283729326572,0.20698827894435004,0.006993006993006993
200026,3,decorrelated,count,online,0.4952308600063116,0.47231150634872615,0.2875,0.1949318859208748,0.19139220461305506,0.006993006993006993
200026,3,anti,epistemic,frozen,0.48382126708720186,0.4707655766888605,0.11875,0.2168623361663215,0.21686233616632153,-1.0
200026,3,anti,aleatoric,frozen,0.4808659156294094,0.49748132908646686,0.0375,0.2168623361663215,0.21686233616632153,-1.0
200026,3,anti,total,frozen,0.4869248327657106,0.5080082415818679,0.05,0.2168623361663215,0.21686233616632153,-1.0
200026,3,anti,point,frozen,0.5320817748535827,0.5450757250517583,0.1125,0.2168623361663215,0.21686233616632153,-1.0
200026,3,anti,shuffled,frozen,0.5051153500524512,0.5185295055177882,0.10625,0.2168623361663215,0.21686233616632153,-1.0
200026,3,anti,uniform,frozen,0.4653180349904362,0.4766678095758318,0.0625,0.2168623361663215,0.21686233616632153,-1.0
200026,3,anti,count,frozen,0.5052072865989414,0.48098716187756363,0.06875,0.2168623361663215,0.21686233616632153,-1.0
200026,3,anti,epistemic,online,0.49554405934747764,0.49440070656173685,0.1875,0.2003789725168487,0.17877179016016062,-1.0
200026,3,anti,aleatoric,online,0.48792046414865375,0.49607378049702555,0.06875,0.21691423116629255,0.18982540566320702,-1.0
200026,3,anti,total,online,0.5252895933553161,0.5676508987678546,0.1,0.1953226739447939,0.17656564435884994,-1.0
200026,3,anti,point,online,0.543833953288407,0.5667888871229065,0.1125,0.1820774468036556,0.17542513169312882,-1.0
200026,3,anti,shuffled,online,0.48348227920610576,0.5386714752230445,0.1125,0.2171902702909431,0.1745617607171891,-1.0
200026,3,anti,uniform,online,0.5396326514142871,0.5636932826508438,0.2125,0.18218982974423015,0.16015844429433898,-1.0
200026,3,anti,count,online,0.5257584045143024,0.49822278569322576,0.1125,0.1836883015428818,0.17586295550921438,-1.0
200027,1,aligned,epistemic,frozen,0.6264482359365193,0.6005854720258931,0.075,0.1626132216524294,0.1626132216524294,1.0
200027,1,aligned,aleatoric,frozen,0.5794934929904001,0.5902724202792624,0.06875,0.1626132216524294,0.1626132216524294,1.0
200027,1,aligned,total,frozen,0.592836970401474,0.5389980128349772,0.075,0.1626132216524294,0.1626132216524294,1.0
200027,1,aligned,point,frozen,0.5779954086220827,0.5914567665902344,0.1,0.1626132216524294,0.1626132216524294,1.0
200027,1,aligned,shuffled,frozen,0.5195365087733876,0.5553400154189021,0.26875,0.1626132216524294,0.1626132216524294,1.0
200027,1,aligned,uniform,frozen,0.5775433670678034,0.5232996603696952,0.06875,0.1626132216524294,0.1626132216524294,1.0
200027,1,aligned,count,frozen,0.5408076859211575,0.5545526103065672,0.11875,0.1626132216524294,0.1626132216524294,1.0
200027,1,aligned,epistemic,online,0.624788090056183,0.6330711220116585,0.04375,0.12213308851502433,0.11072166919766657,1.0
200027,1,aligned,aleatoric,online,0.5762165980809903,0.5804420779387954,0.0875,0.12148549443785317,0.11258776920550927,1.0
200027,1,aligned,total,online,0.5846567827989178,0.6091170562843998,0.075,0.12206039262408752,0.12003922728480777,1.0
200027,1,aligned,point,online,0.5809435285340583,0.6079448690675887,0.0625,0.12511140751163213,0.1142161376684816,1.0
200027,1,aligned,shuffled,online,0.5644165378534547,0.5747804067896107,0.15,0.12382576900134698,0.11139066387065077,1.0
200027,1,aligned,uniform,online,0.5480562543841161,0.5790343467544167,0.05,0.1270005068369398,0.1187447573405838,1.0
200027,1,aligned,count,online,0.531390339435504,0.5397032337863958,0.11875,0.1278855686606121,0.1181078897226761,1.0
200027,1,decorrelated,epistemic,frozen,0.5481045514561016,0.532037702755539,0.0,0.16645893270472747,0.16645893270472747,0.02097902097902098
200027,1,decorrelated,aleatoric,frozen,0.5616834325560216,0.5353019553437145,0.0,0.16645893270472747,0.16645893270472747,0.02097902097902098
200027,1,decorrelated,total,frozen,0.5455560855095113,0.5548861672289502,0.0,0.16645893270472747,0.16645893270472747,0.02097902097902098
200027,1,decorrelated,point,frozen,0.5643348874421662,0.5636968705374056,0.0,0.16645893270472747,0.16645893270472747,0.02097902097902098
200027,1,decorrelated,shuffled,frozen,0.6022735126758227,0.5652501858888693,0.0,0.16645893270472747,0.16645893270472747,0.02097902097902098
200027,1,decorrelated,uniform,frozen,0.5684045616529969,0.5205190319824895,0.0,0.16645893270472747,0.16645893270472747,0.02097902097902098
200027,1,decorrelated,count,frozen,0.5366977487985086,0.5253478405484338,0.0,0.16645893270472747,0.16645893270472747,0.02097902097902098
200027,1,decorrelated,epistemic,online,0.5694510698281569,0.5505995139745308,0.0,0.14148449970807367,0.13708032088850566,0.02097902097902098
200027,1,decorrelated,aleatoric,online,0.5722129807453263,0.5641403855290645,0.0,0.1415576557321046,0.13605072816717845,0.02097902097902098
200027,1,decorrelated,total,online,0.5713644790618571,0.601833984576344,0.0,0.14403102920583816,0.14423830371897003,0.02097902097902098
200027,1,decorrelated,point,online,0.5508350276577294,0.5899243380032037,0.0,0.14166829967508457,0.1411506338799489,0.02097902097902098
200027,1,decorrelated,shuffled,online,0.5858793465474266,0.5368745790420221,0.0,0.140709621263761,0.13451137624434853,0.02097902097902098
200027,1,decorrelated,uniform,online,0.5024799028582734,0.5051304660274336,0.0,0.13920775237465138,0.12871593173104254,0.02097902097902098
200027,1,decorrelated,count,online,0.5383795829102315,0.5169802733980997,0.0,0.1430412361021381,0.13428349423174135,0.02097902097902098
200027,1,anti,epistemic,frozen,0.4235517640634807,0.44941452797410697,0.23125,0.19654107457108583,0.19654107457108583,-1.0
200027,1,anti,aleatoric,frozen,0.47050650700959984,0.45972757972073736,0.16875,0.19654107457108583,0.19654107457108583,-1.0
200027,1,anti,total,frozen,0.457163029598526,0.5110019871650228,0.21875,0.19654107457108583,0.19654107457108583,-1.0
200027,1,anti,point,frozen,0.4720045913779174,0.45854323340976555,0.18125,0.19654107457108583,0.19654107457108583,-1.0
200027,1,anti,shuffled,frozen,0.5304634912266124,0.49465998458109794,0.08125,0.19654107457108583,0.19654107457108583,-1.0
200027,1,anti,uniform,frozen,0.47245663293219664,0.5267003396303049,0.21875,0.19654107457108583,0.19654107457108583,-1.0
200027,1,anti,count,frozen,0.5091923140788426,0.4954473896934329,0.1125,0.19654107457108583,0.19654107457108583,-1.0
200027,1,anti,epistemic,online,0.47633112735642785,0.48790729666442934,0.16875,0.1747721729811614,0.15587891941900456,-1.0
200027,1,anti,aleatoric,online,0.48959771773866684,0.5168470498524858,0.1625,0.17683995304097486,0.15415113658375043,-1.0
200027,1,anti,total,online,0.4986245396457024,0.46474999330911915,0.1375,0.17167496769593932,0.1586171541200771,-1.0
200027,1,anti,point,online,0.4922247231810128,0.4988367328346864,0.125,0.17783829889917596,0.15659398109361733,-1.0
200027,1,anti,shuffled,online,0.5428628330644434,0.538976511011197,0.0875,0.17032374751725388,0.1607583898682079,-1.0
200027,1,anti,uniform,online,0.5232241725826997,0.5172012195405824,0.06875,0.17448226518243148,0.1628200943344194,-1.0
200027,1,anti,count,online,0.5401313784865736,0.5440292754696289,0.08125,0.1699564694697045,0.1529708928636279,-1.0
200027,2,aligned,epistemic,frozen,0.6224695067007489,0.5839558339147298,0.0,0.16352631001123372,0.16352631001123374,1.0
200027,2,aligned,aleatoric,frozen,0.563167803662415,0.5748944739736088,0.0,0.16352631001123372,0.16352631001123374,1.0
200027,2,aligned,total,frozen,0.5961077005450319,0.5918018285470368,0.0,0.16352631001123372,0.16352631001123374,1.0
200027,2,aligned,point,frozen,0.5789545787635444,0.6026413949080462,0.0,0.16352631001123372,0.16352631001123374,1.0
200027,2,aligned,shuffled,frozen,0.5234699264454947,0.5480166335366521,0.0,0.16352631001123372,0.16352631001123374,1.0
200027,2,aligned,uniform,frozen,0.49643128960312266,0.527956497341079,0.0,0.16352631001123372,0.16352631001123374,1.0
200027,2,aligned,count,frozen,0.538677711235416,0.5233678934735408,0.0,0.16352631001123372,0.16352631001123374,1.0
200027,2,aligned,epistemic,online,0.581291125434354,0.6196234308766897,0.0,0.13185710721963692,0.11901667326983441,1.0
200027,2,aligned,aleatoric,online,0.6017089341333117,0.5935033575332941,0.0,0.13052201361827664,0.12859190612118773,1.0
200027,2,aligned,total,online,0.6122052164148251,0.6220674957021302,0.0,0.1261695117167166,0.11380484410000795,1.0
200027,2,aligned,point,online,0.5689522775881721,0.6218988714939908,0.0,0.13297227059228267,0.12853262212086436,1.0
200027,2,aligned,shuffled,online,0.5505351080709519,0.5709663147291927,0.0,0.13096211722085044,0.11831313404017701,1.0
200027,2,aligned,uniform,online,0.5060557113850074,0.5205093430040154,0.0,0.12697682888984163,0.10967016512334553,1.0
200027,2,aligned,count,online,0.5488349491364055,0.5660881480555051,0.0,0.13035946259192657,0.11306762047558677,1.0
200027,2,decorrelated,epistemic,frozen,0.5160705086052915,0.5202648573864754,0.11875,0.17562759957294125,0.17562759957294125,0.0
200027,2,decorrelated,aleatoric,frozen,0.578560309902743,0.5994054588161685,0.05625,0.17562759957294125,0.17562759957294125,0.0
200027,2,decorrelated,total,frozen,0.5344349278268139,0.5523207086606015,0.11875,0.17562759957294125,0.17562759957294125,0.0
200027,2,decorrelated,point,frozen,0.5120065565490242,0.5121780592887568,0.19375,0.17562759957294125,0.17562759957294125,0.0
200027,2,decorrelated,shuffled,frozen,0.5275004926369895,0.48507898119077203,0.1375,0.17562759957294125,0.17562759957294125,0.0
200027,2,decorrelated,uniform,frozen,0.5250846355200887,0.498499680629444,0.075,0.17562759957294125,0.17562759957294125,0.0
200027,2,decorrelated,count,frozen,0.5300284044568105,0.5443505254014129,0.1375,0.17562759957294125,0.17562759957294125,0.0
200027,2,decorrelated,epistemic,online,0.5396361080312418,0.5329224641504805,0.15,0.15800457430577955,0.15123885369428747,0.0
200027,2,decorrelated,aleatoric,online,0.568362458256022,0.5584357017041413,0.04375,0.15689470455625848,0.15159033692964122,0.0
200027,2,decorrelated,total,online,0.5472444109233374,0.5226321131741879,0.125,0.15609070322476246,0.15100113775034893,0.0
200027,2,decorrelated,point,online,0.5264305099811951,0.5283394925500817,0.10625,0.1570149566834953,0.15296456654557114,0.0
200027,2,decorrelated,shuffled,online,0.5392748044991322,0.536110740266338,0.10625,0.15635216937086419,0.14854528126825742,0.0
200027,2,decorrelated,uniform,online,0.6179039725142224,0.5985376582283022,0.0625,0.16853791816255598,0.1521750822621667,0.0
200027,2,decorrelated,count,online,0.5595870806278807,0.5789523885912107,0.11875,0.1566988861334089,0.15215714404312958,0.0
200027,2,anti,epistemic,frozen,0.4275304932992512,0.4660441660852701,0.175,0.1954104100951856,0.19541041009518556,-1.0
200027,2,anti,aleatoric,frozen,0.486832196337585,0.4751055260263913,0.30625,0.1954104100951856,0.19541041009518556,-1.0
200027,2,anti,total,frozen,0.4538922994549681,0.4581981714529634,0.2375,0.1954104100951856,0.19541041009518556,-1.0
200027,2,anti,point,frozen,0.47104542123645554,0.4473586050919537,0.19375,0.1954104100951856,0.19541041009518556,-1.0
200027,2,anti,shuffled,frozen,0.5265300735545054,0.501983366463348,0.16875,0.1954104100951856,0.19541041009518556,-1.0
200027,2,anti,uniform,frozen,0.5535687103968774,0.522043502658921,0.04375,0.1954104100951856,0.19541041009518556,-1.0
200027,2,anti,count,frozen,0.5113222887645841,0.5266321065264592,0.1875,0.1954104100951856,0.19541041009518556,-1.0
200027,2,anti,epistemic,online,0.515953633374264,0.5313318906527467,0.1625,0.16140187463941974,0.13939924452425365,-1.0
200027,2,anti,aleatoric,online,0.5077357342709222,0.532636178142481,0.25625,0.16634693473821313,0.13362319186874752,-1.0
200027,2,anti,total,online,0.4943858691043198,0.5009748072930729,0.21875,0.16954498705161786,0.14661551579997348,-1.0
200027,2,anti,point,online,0.5314906116553474,0.5266257936791378,0.1625,0.15961979050406522,0.13768300379064446,-1.0
200027,2,anti,shuffled,online,0.5640874591085052,0.5909209532865025,0.11875,0.159369538722913,0.13944488629436755,-1.0
200027,2,anti,uniform,online,0.5842799645452426,0.586743191321325,0.1,0.16762705573552644,0.14517145130821074,-1.0
200027,2,anti,count,online,0.5412193275731918,0.5567458766671463,0.13125,0.1637997190630597,0.13104002215062513,-1.0
200027,3,aligned,epistemic,frozen,0.5660017995536524,0.5120796730022195,0.05625,0.2144718121847255,0.21447181218472552,1.0
200027,3,aligned,aleatoric,frozen,0.5105341178744134,0.5138041439240132,0.08125,0.2144718121847255,0.21447181218472552,1.0
200027,3,aligned,total,frozen,0.5358658804682618,0.5051409145374816,0.0875,0.2144718121847255,0.21447181218472552,1.0
200027,3,aligned,point,frozen,0.47768733405841796,0.46479354801036904,0.125,0.2144718121847255,0.21447181218472552,1.0
200027,3,aligned,shuffled,frozen,0.5242118677496592,0.5362571896861469,0.125,0.2144718121847255,0.21447181218472552,1.0
200027,3,aligned,uniform,frozen,0.5103057565128105,0.5151127053823071,0.16875,0.2144718121847255,0.21447181218472552,1.0
200027,3,aligned,count,frozen,0.48468262299074,0.4563026635501199,0.125,0.2144718121847255,0.21447181218472552,1.0
200027,3,aligned,epistemic,online,0.5193313618329916,0.5701764823415172,0.1,0.1925202917009432,0.1668541716051124,1.0
200027,3,aligned,aleatoric,online,0.5116160811366901,0.46589469701126224,0.11875,0.2010708635748737,0.18660123299612863,1.0
200027,3,aligned,total,online,0.5424815729730943,0.5685553895935328,0.125,0.18735009014782192,0.16181538520605654,1.0
200027,3,aligned,point,online,0.5182008297637563,0.5246816812825691,0.125,0.19806995922776469,0.17699126403128695,1.0
200027,3,aligned,shuffled,online,0.5076189914794407,0.5276172918592151,0.10625,0.19896833621891755,0.17191469284224856,1.0
200027,3,aligned,uniform,online,0.49929988183054885,0.4936673372453829,0.15,0.1980229396342454,0.18360028255092972,1.0
200027,3,aligned,count,online,0.5020968178007493,0.4958839351655618,0.1125,0.19730348994694052,0.1807911929370519,1.0
200027,3,decorrelated,epistemic,frozen,0.4659969411932415,0.481032239066173,0.0,0.20413419390888127,0.20413419390888132,0.006993006993006993
200027,3,decorrelated,aleatoric,frozen,0.5048380878861672,0.5066159903300665,0.0,0.20413419390888127,0.20413419390888132,0.006993006993006993
200027,3,decorrelated,total,frozen,0.4765972607697398,0.476085987185078,0.0,0.20413419390888127,0.20413419390888132,0.006993006993006993
200027,3,decorrelated,point,frozen,0.4930522106547429,0.5076689863090837,0.0,0.20413419390888127,0.20413419390888132,0.006993006993006993
200027,3,decorrelated,shuffled,frozen,0.5743396886320982,0.5600915227125274,0.0,0.20413419390888127,0.20413419390888132,0.006993006993006993
200027,3,decorrelated,uniform,frozen,0.5605453055712154,0.5433049308439084,0.0,0.20413419390888127,0.20413419390888132,0.006993006993006993
200027,3,decorrelated,count,frozen,0.498077895504988,0.47798162996954313,0.0,0.20413419390888127,0.20413419390888132,0.006993006993006993
200027,3,decorrelated,epistemic,online,0.4892491340320461,0.4875798932373458,0.0,0.18741812487410736,0.16689114830145937,0.006993006993006993
200027,3,decorrelated,aleatoric,online,0.5176561985859871,0.5223366763732741,0.0,0.1898585340366108,0.16042606433445086,0.006993006993006993
200027,3,decorrelated,total,online,0.5150280471793784,0.5236938990667875,0.0,0.18090338212997842,0.1624763111924928,0.006993006993006993
200027,3,decorrelated,point,online,0.5035312194344634,0.46032731932623444,0.0,0.18878709420197565,0.1713764556282105,0.006993006993006993
200027,3,decorrelated,shuffled,online,0.5174171340964333,0.5456046008582163,0.0,0.18218987024648747,0.1616280725330647,0.006993006993006993
200027,3,decorrelated,uniform,online,0.53639082728504,0.5531870597949439,0.0,0.18110231056386866,0.16567913084529357,0.006993006993006993
200027,3,decorrelated,count,online,0.5190450314016349,0.5357370042114307,0.0,0.17790290421052563,0.16187741171467432,0.006993006993006993
200027,3,anti,epistemic,frozen,0.48399820044634767,0.5379203269977805,0.0,0.16486358483045976,0.16486358483045974,-1.0
200027,3,anti,aleatoric,frozen,0.5394658821255867,0.536195856075987,0.0,0.16486358483045976,0.16486358483045974,-1.0
200027,3,anti,total,frozen,0.5141341195317382,0.5448590854625184,0.0,0.16486358483045976,0.16486358483045974,-1.0
200027,3,anti,point,frozen,0.572312665941582,0.585206451989631,0.0,0.16486358483045976,0.16486358483045974,-1.0
200027,3,anti,shuffled,frozen,0.5257881322503408,0.5137428103138532,0.0,0.16486358483045976,0.16486358483045974,-1.0
200027,3,anti,uniform,frozen,0.5396942434871894,0.5348872946176929,0.0,0.16486358483045976,0.16486358483045974,-1.0
200027,3,anti,count,frozen,0.56531737700926,0.5936973364498801,0.0,0.16486358483045976,0.16486358483045974,-1.0
200027,3,anti,epistemic,online,0.5555161535991509,0.5355676783769205,0.0,0.14362244591151546,0.12317411066570307,-1.0
200027,3,anti,aleatoric,online,0.541398600369081,0.5901673608284985,0.0,0.15945813752007737,0.14267063004807057,-1.0
200027,3,anti,total,online,0.5375206859116594,0.5339280703122452,0.0,0.1479110207039926,0.13249349654422504,-1.0
200027,3,anti,point,online,0.5547311362333736,0.5810914432626075,0.0,0.1418825408516917,0.13480063367858522,-1.0
200027,3,anti,shuffled,online,0.548842537301396,0.5434205444232394,0.0,0.13693091083625317,0.12354512421584385,-1.0
200027,3,anti,uniform,online,0.5607781324243339,0.5485386487471879,0.0,0.14012861629820583,0.13269776431368507,-1.0
200027,3,anti,count,online,0.5581032694247291,0.5749130158383043,0.0,0.14112858911099543,0.1259200313902427,-1.0
200028,1,aligned,epistemic,frozen,0.6514052202801364,0.6280692218559878,0.025,0.16091472112172936,0.16091472112172933,1.0
200028,1,aligned,aleatoric,frozen,0.5928428200967625,0.5755038623572647,0.05625,0.16091472112172936,0.16091472112172933,1.0
200028,1,aligned,total,frozen,0.6299952276957864,0.6167841753234511,0.06875,0.16091472112172936,0.16091472112172933,1.0
200028,1,aligned,point,frozen,0.5477052060958638,0.5839765782845403,0.10625,0.16091472112172936,0.16091472112172933,1.0
200028,1,aligned,shuffled,frozen,0.5071750101249464,0.5372207377510744,0.33125,0.16091472112172936,0.16091472112172933,1.0
200028,1,aligned,uniform,frozen,0.528037700299808,0.5686827889353027,0.10625,0.16091472112172936,0.16091472112172933,1.0
200028,1,aligned,count,frozen,0.5363778196026932,0.5508237544349894,0.1375,0.16091472112172936,0.16091472112172933,1.0
200028,1,aligned,epistemic,online,0.5966112122563796,0.6535510915504845,0.04375,0.1297320518630471,0.12036855752940782,1.0
200028,1,aligned,aleatoric,online,0.6248159791005635,0.6208969903247004,0.01875,0.1333919717072926,0.12774537603414585,1.0
200028,1,aligned,total,online,0.5816139579007922,0.5938796531326964,0.0875,0.13518030710803558,0.12649853282787202,1.0
200028,1,aligned,point,online,0.5366972527613957,0.6026271698522564,0.0875,0.1337196173735805,0.12165068691761556,1.0
200028,1,aligned,shuffled,online,0.5514089381143373,0.5607603341265897,0.125,0.13007425178574614,0.1171054100358447,1.0
200028,1,aligned,uniform,online,0.5771004994462692,0.6018149112553891,0.19375,0.13398872155191024,0.1216231712514572,1.0
200028,1,aligned,count,online,0.5575320012368167,0.5503208055948343,0.06875,0.12915661356272654,0.11644349902701402,1.0
200028,1,decorrelated,epistemic,frozen,0.5558142297542866,0.5451271042695993,0.125,0.1774702823821546,0.1774702823821546,0.027972027972027972
200028,1,decorrelated,aleatoric,frozen,0.5210254733318809,0.5361891775125753,0.1625,0.1774702823821546,0.1774702823821546,0.027972027972027972
200028,1,decorrelated,total,frozen,0.5714341461621408,0.5783631860106746,0.10625,0.1774702823821546,0.1774702823821546,0.027972027972027972
200028,1,decorrelated,point,frozen,0.5351266560334678,0.5560487711884374,0.11875,0.1774702823821546,0.1774702823821546,0.027972027972027972
200028,1,decorrelated,shuffled,frozen,0.4915873470806383,0.49075331086812035,0.1,0.1774702823821546,0.1774702823821546,0.027972027972027972
200028,1,decorrelated,uniform,frozen,0.5303019058246355,0.5647330032135838,0.05,0.1774702823821546,0.1774702823821546,0.027972027972027972
200028,1,decorrelated,count,frozen,0.5132273251061596,0.4963366827633117,0.11875,0.1774702823821546,0.1774702823821546,0.027972027972027972
200028,1,decorrelated,epistemic,online,0.5465908342554758,0.5383200890384043,0.13125,0.1554688958845219,0.14719112027465894,0.027972027972027972
200028,1,decorrelated,aleatoric,online,0.555806818793163,0.5365456694199205,0.1375,0.16100879929473796,0.15268972624322474,0.027972027972027972
200028,1,decorrelated,total,online,0.5397194022236231,0.5437305953415797,0.10625,0.16017989777777059,0.14795758641097181,0.027972027972027972
200028,1,decorrelated,point,online,0.5265540439157022,0.5456302546370646,0.0875,0.15866647132650674,0.15124679388876475,0.027972027972027972
200028,1,decorrelated,shuffled,online,0.5217358855306655,0.5375870773238576,0.10625,0.15490024112364525,0.14490235412082658,0.027972027972027972
200028,1,decorrelated,uniform,online,0.4789108953343524,0.5159324172027928,0.21875,0.16621319982211574,0.14997784750243545,0.027972027972027972
200028,1,decorrelated,count,online,0.5508135109788542,0.5731428701883803,0.0875,0.15698630888546566,0.1582902209503452,0.027972027972027972
200028,1,anti,epistemic,frozen,0.3985947797198637,0.42193077814401214,0.4625,0.19089362657126663,0.19089362657126663,-1.0
200028,1,anti,aleatoric,frozen,0.4571571799032375,0.47449613764273535,0.41875,0.19089362657126663,0.19089362657126663,-1.0
200028,1,anti,total,frozen,0.4200047723042136,0.43321582467654896,0.41875,0.19089362657126663,0.19089362657126663,-1.0
200028,1,anti,point,frozen,0.5022947939041361,0.46602342171545985,0.2625,0.19089362657126663,0.19089362657126663,-1.0
200028,1,anti,shuffled,frozen,0.5428249898750537,0.5127792622489256,0.16875,0.19089362657126663,0.19089362657126663,-1.0
200028,1,anti,uniform,frozen,0.521962299700192,0.4813172110646974,0.175,0.19089362657126663,0.19089362657126663,-1.0
200028,1,anti,count,frozen,0.5136221803973068,0.49917624556501056,0.2375,0.19089362657126663,0.19089362657126663,-1.0
200028,1,anti,epistemic,online,0.4986170247456168,0.505271776225959,0.2625,0.16961939985759342,0.15137002369789335,-1.0
200028,1,anti,aleatoric,online,0.4389828710190913,0.4974360113701528,0.35625,0.19394880493076325,0.14695026938538105,-1.0
200028,1,anti,total,online,0.486574954388532,0.5010880584528403,0.26875,0.17748388984840158,0.1477345830669765,-1.0
200028,1,anti,point,online,0.5373172812979893,0.5236731384046356,0.2,0.16288233295136925,0.14812172231163356,-1.0
200028,1,anti,shuffled,online,0.5430192629647909,0.540612459604233,0.2125,0.15961882220616125,0.14813236862947107,-1.0
200028,1,anti,uniform,online,0.523036813276347,0.5333046823080831,0.275,0.16623573266202807,0.14640901878425386,-1.0
200028,1,anti,count,online,0.522476547831185,0.5418908678798355,0.18125,0.16436611623933928,0.15697745587406373,-1.0
200028,2,aligned,epistemic,frozen,0.6113953695971514,0.5873643995008612,0.09375,0.18195573004102955,0.18195573004102958,1.0
200028,2,aligned,aleatoric,frozen,0.5741706957306919,0.5649741232692232,0.125,0.18195573004102955,0.18195573004102958,1.0
200028,2,aligned,total,frozen,0.6006455203784443,0.5926320384196526,0.075,0.18195573004102955,0.18195573004102958,1.0
200028,2,aligned,point,frozen,0.5197548649426242,0.48208819500427486,0.0875,0.18195573004102955,0.18195573004102958,1.0
200028,2,aligned,shuffled,frozen,0.560297570307841,0.5498506236751648,0.1,0.18195573004102955,0.18195573004102958,1.0
200028,2,aligned,uniform,frozen,0.5417300652226875,0.5048967919960007,0.15,0.18195573004102955,0.18195573004102958,1.0
200028,2,aligned,count,frozen,0.5538880413286034,0.5858596355746776,0.0875,0.18195573004102955,0.18195573004102958,1.0
200028,2,aligned,epistemic,online,0.5942956209047734,0.5705458410060725,0.06875,0.14644846465658823,0.1354476386489014,1.0
200028,2,aligned,aleatoric,online,0.5882047082521545,0.5664106583658924,0.075,0.15025750625749068,0.1346776993283033,1.0
200028,2,aligned,total,online,0.5822371724273905,0.5815288702798022,0.04375,0.14517974376316983,0.13955697587182933,1.0
200028,2,aligned,point,online,0.5416296180139485,0.5741946931037868,0.1,0.1500933767821436,0.13153924475241457,1.0
200028,2,aligned,shuffled,online,0.5533950176329003,0.5744630858050164,0.06875,0.1474295440157209,0.13325104294816012,1.0
200028,2,aligned,uniform,online,0.5128630418514598,0.5247867630899172,0.05,0.14703894690427521,0.14733686842860486,1.0
200028,2,aligned,count,online,0.5614548949574308,0.585512644549053,0.0875,0.14356952288708053,0.12777221371046943,1.0
200028,2,decorrelated,epistemic,frozen,0.49432402750109905,0.5090886028101778,0.09375,0.161740711397609,0.161740711397609,0.0
200028,2,decorrelated,aleatoric,frozen,0.5250236359185064,0.5082191297246977,0.125,0.161740711397609,0.161740711397609,0.0
200028,2,decorrelated,total,frozen,0.5187491272017866,0.5592141551596788,0.075,0.161740711397609,0.161740711397609,0.0
200028,2,decorrelated,point,frozen,0.5636129984856125,0.5636486644470846,0.0875,0.161740711397609,0.161740711397609,0.0
200028,2,decorrelated,shuffled,frozen,0.5249025446657241,0.5160395366614181,0.1,0.161740711397609,0.161740711397609,0.0
200028,2,decorrelated,uniform,frozen,0.5190784797547041,0.5025771892337344,0.15,0.161740711397609,0.161740711397609,0.0
200028,2,decorrelated,count,frozen,0.5278785916041334,0.5677731903481702,0.0875,0.161740711397609,0.161740711397609,0.0
200028,2,decorrelated,epistemic,online,0.5309831253664254,0.5408426383528067,0.0875,0.153932157123641,0.14629812701032016,0.0
200028,2,decorrelated,aleatoric,online,0.5625843966069992,0.5956709933579405,0.0875,0.15314478945418705,0.14434577770983312,0.0
200028,2,decorrelated,total,online,0.542018355678137,0.572321192522969,0.05625,0.14968136646603603,0.14035981664669228,0.0
200028,2,decorrelated,point,online,0.532854444578857,0.5160143916583402,0.1125,0.15107022504119308,0.14662446980395327,0.0
200028,2,decorrelated,shuffled,online,0.5746333648866606,0.5588163979368111,0.08125,0.14786693926424796,0.1406159848541695,0.0
200028,2,decorrelated,uniform,online,0.5553004148030295,0.5546739385286408,0.075,0.14993455653813337,0.14263598638506583,0.0
200028,2,decorrelated,count,online,0.5344535358168446,0.5424251845791546,0.1,0.1510779386450805,0.14538232202526477,0.0
200028,2,anti,epistemic,frozen,0.43860463040284864,0.4626356004991388,0.0,0.18836572988861833,0.18836572988861833,-1.0
200028,2,anti,aleatoric,frozen,0.47582930426930814,0.4850258767307768,0.0,0.18836572988861833,0.18836572988861833,-1.0
200028,2,anti,total,frozen,0.4493544796215557,0.4573679615803473,0.0,0.18836572988861833,0.18836572988861833,-1.0
200028,2,anti,point,frozen,0.5302451350573758,0.5679118049957251,0.0,0.18836572988861833,0.18836572988861833,-1.0
200028,2,anti,shuffled,frozen,0.48970242969215905,0.5001493763248351,0.0,0.18836572988861833,0.18836572988861833,-1.0
200028,2,anti,uniform,frozen,0.5082699347773125,0.5451032080039994,0.0,0.18836572988861833,0.18836572988861833,-1.0
200028,2,anti,count,frozen,0.49611195867139657,0.46414036442532247,0.0,0.18836572988861833,0.18836572988861833,-1.0
200028,2,anti,epistemic,online,0.49087907234628414,0.5284447659805458,0.0,0.16409487804874456,0.12263961255309176,-1.0
200028,2,anti,aleatoric,online,0.5135334126181524,0.5219603714321042,0.0,0.15373615688645906,0.11841327522070073,-1.0
200028,2,anti,total,online,0.5031014884128362,0.5578739343236752,0.0,0.15722015590341262,0.12137363702609767,-1.0
200028,2,anti,point,online,0.5474842118882286,0.5564698865189092,0.0,0.1462831993030964,0.12526071546732107,-1.0
200028,2,anti,shuffled,online,0.5424659966864791,0.5378887867717779,0.0,0.14707594407158067,0.11992211810447524,-1.0
200028,2,anti,uniform,online,0.5940771369764685,0.6022770444231045,0.0,0.14886783489310643,0.13013765770070815,-1.0
200028,2,anti,count,online,0.5414744054317258,0.5623807209738717,0.0,0.14802284536967494,0.12492231834995458,-1.0
200028,3,aligned,epistemic,frozen,0.6210106184087769,0.5554814306735196,0.03125,0.2031490685230864,0.20314906852308637,1.0
200028,3,aligned,aleatoric,frozen,0.5500966583876302,0.5477770697805399,0.05625,0.2031490685230864,0.20314906852308637,1.0
200028,3,aligned,total,frozen,0.5879860548426907,0.5210225058907565,0.08125,0.2031490685230864,0.20314906852308637,1.0
200028,3,aligned,point,frozen,0.5229159224081378,0.566551536662435,0.11875,0.2031490685230864,0.20314906852308637,1.0
200028,3,aligned,shuffled,frozen,0.5215259138223954,0.5085261546006918,0.1375,0.2031490685230864,0.20314906852308637,1.0
200028,3,aligned,uniform,frozen,0.5244078505258546,0.46359806933164227,0.08125,0.2031490685230864,0.20314906852308637,1.0
200028,3,aligned,count,frozen,0.5268312361168234,0.5290321940904343,0.1,0.2031490685230864,0.20314906852308637,1.0
200028,3,aligned,epistemic,online,0.5536030919359458,0.5689513994561841,0.08125,0.17815066137676885,0.15960029041310034,1.0
200028,3,aligned,aleatoric,online,0.5449925350823059,0.5536914882821125,0.06875,0.19206938370130675,0.17107993534939828,1.0
200028,3,aligned,total,online,0.5536638711622757,0.5578045785095656,0.13125,0.17574150371366795,0.15130868545429418,1.0
200028,3,aligned,point,online,0.5323437892287294,0.5122958759356294,0.10625,0.18582322258530454,0.17455143704126921,1.0
200028,3,aligned,shuffled,online,0.5127552131230892,0.5501232570952134,0.06875,0.18788891050235149,0.1657674814558908,1.0
200028,3,aligned,uniform,online,0.5321093128189716,0.5492157792000192,0.0875,0.17879282251888085,0.1611793927666073,1.0
200028,3,aligned,count,online,0.5409233248274824,0.5680148916509891,0.08125,0.17406216672958083,0.15196427871755355,1.0
200028,3,decorrelated,epistemic,frozen,0.5899651944799907,0.5859228562245783,0.15625,0.17342624390396755,0.17342624390396755,-0.04195804195804196
200028,3,decorrelated,aleatoric,frozen,0.6528745358934513,0.6577495766537421,0.0875,0.17342624390396755,0.17342624390396755,-0.04195804195804196
200028,3,decorrelated,total,frozen,0.5956787350453371,0.5931117162816539,0.0875,0.17342624390396755,0.17342624390396755,-0.04195804195804196
200028,3,decorrelated,point,frozen,0.5935432886862164,0.5709518442338732,0.0625,0.17342624390396755,0.17342624390396755,-0.04195804195804196
200028,3,decorrelated,shuffled,frozen,0.4764115564963854,0.4683214364383909,0.075,0.17342624390396755,0.17342624390396755,-0.04195804195804196
200028,3,decorrelated,uniform,frozen,0.5506838935388865,0.5563564542129624,0.1625,0.17342624390396755,0.17342624390396755,-0.04195804195804196
200028,3,decorrelated,count,frozen,0.5586245705722042,0.5263810077637116,0.1125,0.17342624390396755,0.17342624390396755,-0.04195804195804196
200028,3,decorrelated,epistemic,online,0.5919694296202517,0.5820116170244957,0.10625,0.15604524627616445,0.15169476165368093,-0.04195804195804196
200028,3,decorrelated,aleatoric,online,0.625467621538507,0.6351154030023178,0.1125,0.16238307440060673,0.15629137127078968,-0.04195804195804196
200028,3,decorrelated,total,online,0.5944039966793,0.5995497126814368,0.1125,0.15634619450999923,0.150313030291252,-0.04195804195804196
200028,3,decorrelated,point,online,0.5972887333211511,0.5879987019504955,0.1,0.15888250697546424,0.1570413053984959,-0.04195804195804196
200028,3,decorrelated,shuffled,online,0.5765915188997806,0.5916201529091453,0.08125,0.15570025119428219,0.15441072956014737,-0.04195804195804196
200028,3,decorrelated,uniform,online,0.5835207793373968,0.5792616663256667,0.04375,0.15441329917002045,0.1492655803096898,-0.04195804195804196
200028,3,decorrelated,count,online,0.5432558993760386,0.5066505435835987,0.10625,0.15780648762409533,0.1525782558474231,-0.04195804195804196
200028,3,anti,epistemic,frozen,0.42898938159122313,0.4945185693264804,0.15625,0.18481377226458576,0.18481377226458576,-1.0
200028,3,anti,aleatoric,frozen,0.4999033416123698,0.5022229302194601,0.0875,0.18481377226458576,0.18481377226458576,-1.0
200028,3,anti,total,frozen,0.46201394515730926,0.5289774941092436,0.0875,0.18481377226458576,0.18481377226458576,-1.0
200028,3,anti,point,frozen,0.5270840775918623,0.48344846333756514,0.0625,0.18481377226458576,0.18481377226458576,-1.0
200028,3,anti,shuffled,frozen,0.5284740861776045,0.5414738453993081,0.075,0.18481377226458576,0.18481377226458576,-1.0
200028,3,anti,uniform,frozen,0.5255921494741453,0.5864019306683577,0.1625,0.18481377226458576,0.18481377226458576,-1.0
200028,3,anti,count,frozen,0.5231687638831766,0.5209678059095657,0.1125,0.18481377226458576,0.18481377226458576,-1.0
200028,3,anti,epistemic,online,0.5414901813444419,0.555493494939687,0.075,0.1428782369697128,0.11658563485331319,-1.0
200028,3,anti,aleatoric,online,0.5107441007955661,0.5244411623851286,0.125,0.15482086446581306,0.12212094290843097,-1.0
200028,3,anti,total,online,0.5390141851063392,0.5761107138769144,0.06875,0.1463141861776178,0.11979736007175845,-1.0
200028,3,anti,point,online,0.5636180672638138,0.5724078190326451,0.05625,0.14703739696133272,0.11593700675702352,-1.0
200028,3,anti,shuffled,online,0.5580621976336516,0.5511269604873223,0.10625,0.14187828303202327,0.11882809043775185,-1.0
200028,3,anti,uniform,online,0.5483173628963446,0.5691770296750519,0.03125,0.14846082782347525,0.13055336287181205,-1.0
200028,3,anti,count,online,0.5480142385485933,0.5946875559478275,0.075,0.14525399279521606,0.12481183916861838,-1.0
200029,1,aligned,epistemic,frozen,0.6167840464860862,0.5780094162023044,0.0,0.1622999915032591,0.16229999150325913,1.0
200029,1,aligned,aleatoric,frozen,0.5982307717945051,0.6194829544710588,0.0,0.1622999915032591,0.16229999150325913,1.0
200029,1,aligned,total,frozen,0.5985109857322903,0.5239941363806954,0.0,0.1622999915032591,0.16229999150325913,1.0
200029,1,aligned,point,frozen,0.5389619434795339,0.5541817460094206,0.0,0.1622999915032591,0.16229999150325913,1.0
200029,1,aligned,shuffled,frozen,0.5060067295192675,0.5010762121089556,0.0,0.1622999915032591,0.16229999150325913,1.0
200029,1,aligned,uniform,frozen,0.5608977262193495,0.5135538736378862,0.0,0.1622999915032591,0.16229999150325913,1.0
200029,1,aligned,count,frozen,0.5488603224296099,0.5293778813622466,0.0,0.1622999915032591,0.16229999150325913,1.0
200029,1,aligned,epistemic,online,0.5710963712490627,0.5715232175521522,0.0,0.13991969918310132,0.13125373439392243,1.0
200029,1,aligned,aleatoric,online,0.6218111181533995,0.6260090570275313,0.0,0.13559228611707036,0.12469694665494653,1.0
200029,1,aligned,total,online,0.5798447473594222,0.5544184391326259,0.0,0.14055570652735638,0.13647118826364188,1.0
200029,1,aligned,point,online,0.5636266936134964,0.5839038463392779,0.0,0.14014703035505335,0.12793279168611113,1.0
200029,1,aligned,shuffled,online,0.5215299915915937,0.5654283770619912,0.0,0.1435167274095543,0.1315672519397119,1.0
200029,1,aligned,uniform,online,0.5019631922915198,0.5192017693743637,0.0,0.14148345522009595,0.13538307292051224,1.0
200029,1,aligned,count,online,0.5535134064301597,0.5552240354584232,0.0,0.1388052021247505,0.1321442681141244,1.0
200029,1,decorrelated,epistemic,frozen,0.5261646978401815,0.5210619502497998,0.0,0.15223774063559836,0.15223774063559836,-0.02097902097902098
200029,1,decorrelated,aleatoric,frozen,0.5475335276495583,0.5240098227799719,0.0,0.15223774063559836,0.15223774063559836,-0.02097902097902098
200029,1,decorrelated,total,frozen,0.5505645061876112,0.5663782863857444,0.0,0.15223774063559836,0.15223774063559836,-0.02097902097902098
200029,1,decorrelated,point,frozen,0.5451033509965402,0.5813935097499082,0.0,0.15223774063559836,0.15223774063559836,-0.02097902097902098
200029,1,decorrelated,shuffled,frozen,0.538187585606338,0.547443138964008,0.0,0.15223774063559836,0.15223774063559836,-0.02097902097902098
200029,1,decorrelated,uniform,frozen,0.5166299387386755,0.5331514535431017,0.0,0.15223774063559836,0.15223774063559836,-0.02097902097902098
200029,1,decorrelated,count,frozen,0.5434108613434814,0.5696401765543565,0.0,0.15223774063559836,0.15223774063559836,-0.02097902097902098
200029,1,decorrelated,epistemic,online,0.5499799811815441,0.540998046942414,0.0,0.14767925174264424,0.14449409553787776,-0.02097902097902098
200029,1,decorrelated,aleatoric,online,0.560020369319107,0.5757780515144135,0.0,0.14791330961021387,0.14295663327049687,-0.02097902097902098
200029,1,decorrelated,total,online,0.527902375332018,0.5299930070691341,0.0,0.14625177322636815,0.14221892051515442,-0.02097902097902098
200029,1,decorrelated,point,online,0.5550653638154527,0.5803477244556194,0.0,0.14503633731600982,0.1418565004029981,-0.02097902097902098
200029,1,decorrelated,shuffled,online,0.5507979098293276,0.5401590433162641,0.0,0.14706341959020466,0.14343527455678792,-0.02097902097902098
200029,1,decorrelated,uniform,online,0.5605349522196086,0.5192780134572539,0.0,0.14594263209083885,0.14091013734293684,-0.02097902097902098
200029,1,decorrelated,count,online,0.5272003854312538,0.49034872507158694,0.0,0.14796119268791888,0.14534558727780397,-0.02097902097902098
200029,1,anti,epistemic,frozen,0.4332159535139139,0.4719905837976956,0.36875,0.18181483580838226,0.18181483580838229,-1.0
200029,1,anti,aleatoric,frozen,0.45176922820549487,0.4305170455289412,0.3875,0.18181483580838226,0.18181483580838229,-1.0
200029,1,anti,total,frozen,0.4514890142677096,0.5260058636193047,0.4125,0.18181483580838226,0.18181483580838229,-1.0
200029,1,anti,point,frozen,0.511038056520466,0.4958182539905794,0.25,0.18181483580838226,0.18181483580838229,-1.0
200029,1,anti,shuffled,frozen,0.5439932704807325,0.5489237878910445,0.1375,0.18181483580838226,0.18181483580838229,-1.0
200029,1,anti,uniform,frozen,0.4891022737806504,0.5364461263621139,0.225,0.18181483580838226,0.18181483580838229,-1.0
200029,1,anti,count,frozen,0.50113967757039,0.5206221186377535,0.23125,0.18181483580838226,0.18181483580838229,-1.0
200029,1,anti,epistemic,online,0.49518422537575085,0.5319956283663603,0.25625,0.1593762602163173,0.13783031683919214,-1.0
200029,1,anti,aleatoric,online,0.46117994086016995,0.46613383492963434,0.3375,0.16254469915775197,0.14579826242555277,-1.0
200029,1,anti,total,online,0.4959880739949664,0.5380298456520728,0.23125,0.15991995014968308,0.14176893080700545,-1.0
200029,1,anti,point,online,0.5178352996148742,0.5030498532871011,0.2125,0.1562266203592196,0.1438481380037226,-1.0
200029,1,anti,shuffled,online,0.5233155020034836,0.4879315097690947,0.225,0.15556486441618259,0.14467966770106375,-1.0
200029,1,anti,uniform,online,0.5671902687659786,0.5772196326916536,0.10625,0.16272813565429406,0.16678312083454075,-1.0
200029,1,anti,count,online,0.5057690963880306,0.5020162970101865,0.24375,0.15445737295834402,0.14318041839531181,-1.0
200029,2,aligned,epistemic,frozen,0.6384386447055694,0.5960911767899997,0.06875,0.14904771985063103,0.14904771985063103,1.0
200029,2,aligned,aleatoric,frozen,0.6089842298316444,0.5654732029323701,0.09375,0.14904771985063103,0.14904771985063103,1.0
200029,2,aligned,total,frozen,0.6376497532835625,0.5951468997333856,0.05,0.14904771985063103,0.14904771985063103,1.0
200029,2,aligned,point,frozen,0.5800925505596326,0.6026790756145317,0.08125,0.14904771985063103,0.14904771985063103,1.0
200029,2,aligned,shuffled,frozen,0.608243353728583,0.6084529842118949,0.06875,0.14904771985063103,0.14904771985063103,1.0
200029,2,aligned,uniform,frozen,0.5022265042431933,0.43646349673994517,0.175,0.14904771985063103,0.14904771985063103,1.0
200029,2,aligned,count,frozen,0.5443487245079057,0.5478936234751972,0.1125,0.14904771985063103,0.14904771985063103,1.0
200029,2,aligned,epistemic,online,0.6282435383316389,0.6152774998482712,0.05625,0.11744558489555809,0.0988323310428915,1.0
200029,2,aligned,aleatoric,online,0.6086411122715861,0.5898432013660442,0.08125,0.10883757357029707,0.09811730333227754,1.0
200029,2,aligned,total,online,0.5998997082377814,0.5818335288962811,0.09375,0.10986487760835191,0.11853759664408159,1.0
200029,2,aligned,point,online,0.5916111778461104,0.583391737364441,0.06875,0.11086129506133305,0.1022109712180258,1.0
200029,2,aligned,shuffled,online,0.558810946622385,0.6199148310342906,0.1,0.12060914818103581,0.12012915552366739,1.0
200029,2,aligned,uniform,online,0.5332619927351382,0.5526387259552925,0.13125,0.11520688841906257,0.10423868657846723,1.0
200029,2,aligned,count,online,0.5645791083636077,0.5733326884094128,0.125,0.10947290383810677,0.09961885366371959,1.0
200029,2,decorrelated,epistemic,frozen,0.5020386658608859,0.5074394775714404,0.0,0.16979834975324143,0.16979834975324146,-0.027972027972027972
200029,2,decorrelated,aleatoric,frozen,0.48400036379834166,0.4952953409426364,0.0,0.16979834975324143,0.16979834975324146,-0.027972027972027972
200029,2,decorrelated,total,frozen,0.5127282564236466,0.516927185230446,0.0,0.16979834975324143,0.16979834975324146,-0.027972027972027972
200029,2,decorrelated,point,frozen,0.5119080156296522,0.5388217667094303,0.0,0.16979834975324143,0.16979834975324146,-0.027972027972027972
200029,2,decorrelated,shuffled,frozen,0.5453763874276424,0.556757927400126,0.0,0.16979834975324143,0.16979834975324146,-0.027972027972027972
200029,2,decorrelated,uniform,frozen,0.5591685424445474,0.5618037972016301,0.0,0.16979834975324143,0.16979834975324146,-0.027972027972027972
200029,2,decorrelated,count,frozen,0.5264045596775659,0.5403765384649917,0.0,0.16979834975324143,0.16979834975324146,-0.027972027972027972
200029,2,decorrelated,epistemic,online,0.5091430160731757,0.5027427786201868,0.0,0.15632707929228773,0.1528308235837534,-0.027972027972027972
200029,2,decorrelated,aleatoric,online,0.49968773660958943,0.5166681244683099,0.0,0.1607683054508922,0.1536179313609963,-0.027972027972027972
200029,2,decorrelated,total,online,0.5195561326234571,0.5232469222908478,0.0,0.15824544543254299,0.15612913493930067,-0.027972027972027972
200029,2,decorrelated,point,online,0.5386105061691395,0.5414265977278403,0.0,0.1548373085516309,0.15190536410421243,-0.027972027972027972
200029,2,decorrelated,shuffled,online,0.5613864676341778,0.5790806039572111,0.0,0.15508754377299322,0.16578012302455616,-0.027972027972027972
200029,2,decorrelated,uniform,online,0.5453337679024498,0.5487495477081075,0.0,0.1567648358861366,0.15107964253477021,-0.027972027972027972
200029,2,decorrelated,count,online,0.5498583749309194,0.602924219131765,0.0,0.15556451530779675,0.15886554299379285,-0.027972027972027972
200029,2,anti,epistemic,frozen,0.4115613552944305,0.45390882321000026,0.3125,0.20773704643564145,0.20773704643564148,-1.0
200029,2,anti,aleatoric,frozen,0.44101577016835575,0.4845267970676299,0.35,0.20773704643564145,0.20773704643564148,-1.0
200029,2,anti,total,frozen,0.4123502467164375,0.45485310026661435,0.29375,0.20773704643564145,0.20773704643564148,-1.0
200029,2,anti,point,frozen,0.4699074494403674,0.4473209243854684,0.1625,0.20773704643564145,0.20773704643564148,-1.0
200029,2,anti,shuffled,frozen,0.441756646271417,0.4415470157881053,0.15625,0.20773704643564145,0.20773704643564148,-1.0
200029,2,anti,uniform,frozen,0.5477734957568068,0.6135365032600548,0.04375,0.20773704643564145,0.20773704643564148,-1.0
200029,2,anti,count,frozen,0.5056512754920943,0.5021063765248028,0.18125,0.20773704643564145,0.20773704643564148,-1.0
200029,2,anti,epistemic,online,0.48188400834922634,0.5066678960923418,0.1375,0.1850442282672095,0.1655329134698385,-1.0
200029,2,anti,aleatoric,online,0.48961772504427453,0.4858436202607718,0.23125,0.17743321624858513,0.15741606322604693,-1.0
200029,2,anti,total,online,0.49841010036615047,0.5433806606492123,0.15625,0.18219215417382503,0.16092065898473207,-1.0
200029,2,anti,point,online,0.49173366998905427,0.48401167834278824,0.13125,0.18189369870660776,0.16235387687848232,-1.0
200029,2,anti,shuffled,online,0.5535301100803359,0.5540544782717477,0.10625,0.17845546998489464,0.16381461114941004,-1.0
200029,2,anti,uniform,online,0.5456584002933544,0.5327437900845352,0.0875,0.17959702350443613,0.165988342196791,-1.0
200029,2,anti,count,online,0.5194893902134323,0.5625366950807438,0.15,0.18281101557295149,0.1648337271152266,-1.0
200029,3,aligned,epistemic,frozen,0.5945951280925883,0.5979104671303936,0.06875,0.1672192668845638,0.1672192668845638,1.0
200029,3,aligned,aleatoric,frozen,0.5609261771212413,0.5513910684019027,0.075,0.1672192668845638,0.1672192668845638,1.0
200029,3,aligned,total,frozen,0.5805773313491264,0.5911288153869861,0.05,0.1672192668845638,0.1672192668845638,1.0
200029,3,aligned,point,frozen,0.5315739118871754,0.5659138575192211,0.13125,0.1672192668845638,0.1672192668845638,1.0
200029,3,aligned,shuffled,frozen,0.5444943488682947,0.5765480986161895,0.08125,0.1672192668845638,0.1672192668845638,1.0
200029,3,aligned,uniform,frozen,0.572112309321708,0.5718065077112952,0.04375,0.1672192668845638,0.1672192668845638,1.0
200029,3,aligned,count,frozen,0.5168323000744126,0.5258889360304986,0.13125,0.1672192668845638,0.1672192668845638,1.0
200029,3,aligned,epistemic,online,0.5684827019546914,0.5668897939535447,0.10625,0.15313762174995862,0.1361763543433989,1.0
200029,3,aligned,aleatoric,online,0.5848328503775034,0.5931518146728749,0.04375,0.1515051645211063,0.13908610457856985,1.0
200029,3,aligned,total,online,0.5790773490984462,0.5943036894218583,0.0875,0.144696536918299,0.13019602356095697,1.0
200029,3,aligned,point,online,0.5407268683131694,0.5518369056128103,0.1,0.15373905229855653,0.14285583656981735,1.0
200029,3,aligned,shuffled,online,0.5302199344040321,0.5022696594219215,0.1375,0.15452922550155748,0.14235384849987218,1.0
200029,3,aligned,uniform,online,0.542316053521217,0.5446052905863736,0.06875,0.16015726088218735,0.14277896546603738,1.0
200029,3,aligned,count,online,0.5555737836324275,0.5625292651000413,0.0875,0.14455685699082102,0.12977309224855577,1.0
200029,3,decorrelated,epistemic,frozen,0.50575762368951,0.47831399753597365,0.0,0.20025240220071278,0.2002524022007128,-0.027972027972027972
200029,3,decorrelated,aleatoric,frozen,0.47954639944232175,0.4991447449018291,0.0,0.20025240220071278,0.2002524022007128,-0.027972027972027972
200029,3,decorrelated,total,frozen,0.48016632233250756,0.4684133013997225,0.0,0.20025240220071278,0.2002524022007128,-0.027972027972027972
200029,3,decorrelated,point,frozen,0.49836532067374073,0.5020357865032093,0.0,0.20025240220071278,0.2002524022007128,-0.027972027972027972
200029,3,decorrelated,shuffled,frozen,0.5050271361327958,0.49288725230381125,0.0,0.20025240220071278,0.2002524022007128,-0.027972027972027972
200029,3,decorrelated,uniform,frozen,0.4627242062672988,0.45853016568767185,0.0,0.20025240220071278,0.2002524022007128,-0.027972027972027972
200029,3,decorrelated,count,frozen,0.508297246852577,0.5311063190041397,0.0,0.20025240220071278,0.2002524022007128,-0.027972027972027972
200029,3,decorrelated,epistemic,online,0.46871052752631004,0.4477199364851234,0.0,0.19929220880948492,0.18539049568089058,-0.027972027972027972
200029,3,decorrelated,aleatoric,online,0.4926016551954442,0.5410557920009547,0.0,0.19617397402277645,0.17090394988961885,-0.027972027972027972
200029,3,decorrelated,total,online,0.5018461432807862,0.4656184587472527,0.0,0.1874122556863254,0.18434815030709953,-0.027972027972027972
200029,3,decorrelated,point,online,0.518784416865937,0.5029572477265681,0.0,0.1854009024918971,0.1790787031903669,-0.027972027972027972
200029,3,decorrelated,shuffled,online,0.5067768559462957,0.5176189158995556,0.0,0.18939368427302297,0.1792071841811819,-0.027972027972027972
200029,3,decorrelated,uniform,online,0.5084704232667535,0.502376357234227,0.0,0.19302571284155748,0.17644427315439679,-0.027972027972027972
200029,3,decorrelated,count,online,0.5312365594464455,0.5237138879938134,0.0,0.17914344518024478,0.17035545664560117,-0.027972027972027972
200029,3,anti,epistemic,frozen,0.45540487190741163,0.4520895328696063,0.0,0.1834829830307644,0.18348298303076438,-1.0
200029,3,anti,aleatoric,frozen,0.48907382287875867,0.49860893159809727,0.0,0.1834829830307644,0.18348298303076438,-1.0
200029,3,anti,total,frozen,0.46942266865087345,0.45887118461301385,0.0,0.1834829830307644,0.18348298303076438,-1.0
200029,3,anti,point,frozen,0.5184260881128246,0.4840861424807789,0.0,0.1834829830307644,0.18348298303076438,-1.0
200029,3,anti,shuffled,frozen,0.5055056511317053,0.47345190138381044,0.0,0.1834829830307644,0.18348298303076438,-1.0
200029,3,anti,uniform,frozen,0.47788769067829195,0.47819349228870484,0.0,0.1834829830307644,0.18348298303076438,-1.0
200029,3,anti,count,frozen,0.5331676999255874,0.5241110639695015,0.0,0.1834829830307644,0.18348298303076438,-1.0
200029,3,anti,epistemic,online,0.490610030447133,0.5020565914544658,0.0,0.17465715986495592,0.15381061243732,-1.0
200029,3,anti,aleatoric,online,0.4954961474898184,0.5102863442515607,0.0,0.1718418926569083,0.1446860642072437,-1.0
200029,3,anti,total,online,0.48572187053788884,0.48853763789578003,0.0,0.17291357776496646,0.1543733818743107,-1.0
200029,3,anti,point,online,0.5392220856387316,0.5336343153507126,0.0,0.16245674653374298,0.1419678359851628,-1.0
200029,3,anti,shuffled,online,0.536944412103509,0.5579925437518627,0.0,0.16652794736920667,0.1487534271011068,-1.0
200029,3,anti,uniform,online,0.5268529729465454,0.5080051135664879,0.0,0.16676183656936883,0.14970499489793898,-1.0
200029,3,anti,count,online,0.5184176952336504,0.5363101091600113,0.0,0.1647225435582658,0.14804903980932624,-1.0
200030,1,aligned,epistemic,frozen,0.6308125361855804,0.5733751041080571,0.0,0.13931018841373427,0.1393101884137343,1.0
200030,1,aligned,aleatoric,frozen,0.5780604295759557,0.5659363340817599,0.0,0.13931018841373427,0.1393101884137343,1.0
200030,1,aligned,total,frozen,0.6243758404126755,0.617427436942884,0.0,0.13931018841373427,0.1393101884137343,1.0
200030,1,aligned,point,frozen,0.553752197675571,0.5639065358532682,0.0,0.13931018841373427,0.1393101884137343,1.0
200030,1,aligned,shuffled,frozen,0.5143868827310969,0.5252304041838572,0.0,0.13931018841373427,0.1393101884137343,1.0
200030,1,aligned,uniform,frozen,0.5369034580974674,0.5624626042744751,0.0,0.13931018841373427,0.1393101884137343,1.0
200030,1,aligned,count,frozen,0.5610749045369351,0.6136573547286144,0.0,0.13931018841373427,0.1393101884137343,1.0
200030,1,aligned,epistemic,online,0.5892368674373964,0.5797317166412396,0.0,0.12233144228146664,0.11915039766870068,1.0
200030,1,aligned,aleatoric,online,0.6333710420228353,0.6247929001648868,0.0,0.12442183886769534,0.12882759108696124,1.0
200030,1,aligned,total,online,0.6196031866335587,0.6484316662664867,0.0,0.12301838912541288,0.13205706530459072,1.0
200030,1,aligned,point,online,0.5930197779816963,0.6071269782035822,0.0,0.1225791978109851,0.1122659533692561,1.0
200030,1,aligned,shuffled,online,0.5953664986351912,0.5830698508927415,0.0,0.12457108996625303,0.1158630132058109,1.0
200030,1,aligned,uniform,online,0.547183757016579,0.5775626476554111,0.0,0.12650539545091544,0.12567108252938083,1.0
200030,1,aligned,count,online,0.580921587015381,0.6174975930513094,0.0,0.12492207381344331,0.11372627516442925,1.0
200030,1,decorrelated,epistemic,frozen,0.4973849124539062,0.5409245147028361,0.29375,0.1724469721321466,0.17244697213214658,0.02097902097902098
200030,1,decorrelated,aleatoric,frozen,0.5396090046652782,0.5383262143513992,0.16875,0.1724469721321466,0.17244697213214658,0.02097902097902098
200030,1,decorrelated,total,frozen,0.5106884656095445,0.5050455641974849,0.25625,0.1724469721321466,0.17244697213214658,0.02097902097902098
200030,1,decorrelated,point,frozen,0.5265198799517437,0.5099934442870893,0.1625,0.1724469721321466,0.17244697213214658,0.02097902097902098
200030,1,decorrelated,shuffled,frozen,0.47865561046550215,0.49098900657207806,0.1125,0.1724469721321466,0.17244697213214658,0.02097902097902098
200030,1,decorrelated,uniform,frozen,0.5163627351024711,0.5105509446495697,0.1625,0.1724469721321466,0.17244697213214658,0.02097902097902098
200030,1,decorrelated,count,frozen,0.5370952485987908,0.5573292774754892,0.11875,0.1724469721321466,0.17244697213214658,0.02097902097902098
200030,1,decorrelated,epistemic,online,0.538445876502909,0.555999479163956,0.1625,0.14725710050304067,0.13318782707617624,0.02097902097902098
200030,1,decorrelated,aleatoric,online,0.5228109630134554,0.5272837512291737,0.21875,0.15422282096713053,0.13506862224308905,0.02097902097902098
200030,1,decorrelated,total,online,0.5362505012083334,0.5248379882720104,0.20625,0.15070992709214007,0.1331734230114943,0.02097902097902098
200030,1,decorrelated,point,online,0.5501412296276934,0.5351955088496394,0.15,0.14678516674903178,0.13853040788712803,0.02097902097902098
200030,1,decorrelated,shuffled,online,0.5448003164995414,0.5432191858792977,0.10625,0.1432632132229555,0.1355671115615021,0.02097902097902098
200030,1,decorrelated,uniform,online,0.5338989754562489,0.5254383254170284,0.05,0.14745980028119599,0.1367350957618372,0.02097902097902098
200030,1,decorrelated,count,online,0.5369615362530251,0.5075350795432566,0.11875,0.14518755763356306,0.14260290455945077,0.02097902097902098
200030,1,anti,epistemic,frozen,0.41918746381441957,0.47662489589194285,0.29375,0.18605206788941914,0.18605206788941916,-1.0
200030,1,anti,aleatoric,frozen,0.4719395704240442,0.4840636659182401,0.16875,0.18605206788941914,0.18605206788941916,-1.0
200030,1,anti,total,frozen,0.4256241595873245,0.432572563057116,0.25625,0.18605206788941914,0.18605206788941916,-1.0
200030,1,anti,point,frozen,0.4962478023244289,0.48609346414673177,0.1625,0.18605206788941914,0.18605206788941916,-1.0
200030,1,anti,shuffled,frozen,0.535613117268903,0.5247695958161428,0.1125,0.18605206788941914,0.18605206788941916,-1.0
200030,1,anti,uniform,frozen,0.5130965419025326,0.4875373957255249,0.1625,0.18605206788941914,0.18605206788941916,-1.0
200030,1,anti,count,frozen,0.4889250954630649,0.4363426452713857,0.11875,0.18605206788941914,0.18605206788941916,-1.0
200030,1,anti,epistemic,online,0.49283287602679876,0.5198164562286942,0.14375,0.17112056889441687,0.15990912140357455,-1.0
200030,1,anti,aleatoric,online,0.4846778834005729,0.5267263006576133,0.1625,0.17045612625307666,0.15484612718968804,-1.0
200030,1,anti,total,online,0.480441085751752,0.46068307152070986,0.1875,0.1693757657410906,0.1573133776909095,-1.0
200030,1,anti,point,online,0.5007887475265963,0.5318959872030353,0.1125,0.17031535286054847,0.1595048871678972,-1.0
200030,1,anti,shuffled,online,0.4972278967164717,0.5332518126251389,0.08125,0.16965872901514442,0.16228914549622583,-1.0
200030,1,anti,uniform,online,0.5205894537082877,0.5058990648669589,0.0625,0.17655434341054393,0.16946658244697568,-1.0
200030,1,anti,count,online,0.4975923332075543,0.47404740599357825,0.10625,0.16922397219414664,0.15742131923128855,-1.0
200030,2,aligned,epistemic,frozen,0.6410091300418211,0.6576676717445231,0.05,0.1536796161744636,0.1536796161744636,1.0
200030,2,aligned,aleatoric,frozen,0.6153013607316937,0.5712815162493333,0.0875,0.1536796161744636,0.1536796161744636,1.0
200030,2,aligned,total,frozen,0.6544695074022242,0.6128642778138829,0.0375,0.1536796161744636,0.1536796161744636,1.0
200030,2,aligned,point,frozen,0.5590038926808583,0.5844573351301279,0.0875,0.1536796161744636,0.1536796161744636,1.0
200030,2,aligned,shuffled,frozen,0.5595460447656369,0.573999199212842,0.0375,0.1536796161744636,0.1536796161744636,1.0
200030,2,aligned,uniform,frozen,0.5913913864741889,0.5836493505018201,0.10625,0.1536796161744636,0.1536796161744636,1.0
200030,2,aligned,count,frozen,0.5555161727026489,0.5632370997892536,0.1125,0.1536796161744636,0.1536796161744636,1.0
200030,2,aligned,epistemic,online,0.5940757144013711,0.5755253641810449,0.125,0.11802735155683393,0.10328382285493037,1.0
200030,2,aligned,aleatoric,online,0.6582419527035477,0.6619661870727421,0.06875,0.11698816639107759,0.10799371609056198,1.0
200030,2,aligned,total,online,0.585949053783534,0.5816875556675594,0.09375,0.11303597825288021,0.10575852206057372,1.0
200030,2,aligned,point,online,0.5802711244178757,0.5771376902583624,0.1,0.11203978678033595,0.09972844616564698,1.0
200030,2,aligned,shuffled,online,0.6185075088843444,0.5645340499295518,0.06875,0.11926143409022445,0.10108557083888409,1.0
200030,2,aligned,uniform,online,0.5903360643228406,0.5930977649757455,0.0125,0.12017457116238725,0.1121082995802631,1.0
200030,2,aligned,count,online,0.5868934313225898,0.622596689575138,0.075,0.11944894696116419,0.10936481440443653,1.0
200030,2,decorrelated,epistemic,frozen,0.4622637652591738,0.4535331382675666,0.35,0.20952744181800692,0.2095274418180069,0.0
200030,2,decorrelated,aleatoric,frozen,0.48948806125678174,0.5357573166792583,0.35625,0.20952744181800692,0.2095274418180069,0.0
200030,2,decorrelated,total,frozen,0.4822338427876261,0.5131914093814206,0.3375,0.20952744181800692,0.2095274418180069,0.0
200030,2,decorrelated,point,frozen,0.4930452889301658,0.4675126022872741,0.29375,0.20952744181800692,0.2095274418180069,0.0
200030,2,decorrelated,shuffled,frozen,0.5351961074738764,0.4985533235238366,0.10625,0.20952744181800692,0.2095274418180069,0.0
200030,2,decorrelated,uniform,frozen,0.44533383985042485,0.43956634595774186,0.38125,0.20952744181800692,0.2095274418180069,0.0
200030,2,decorrelated,count,frozen,0.48636964892466833,0.4867341618192909,0.24375,0.20952744181800692,0.2095274418180069,0.0
200030,2,decorrelated,epistemic,online,0.45475455994504077,0.5026897773331458,0.40625,0.20785688121686294,0.1889198340768962,0.0
200030,2,decorrelated,aleatoric,online,0.4586891454351555,0.48858635562365615,0.425,0.202804587035767,0.18325106345662612,0.0
200030,2,decorrelated,total,online,0.4862268824072135,0.4988478782172582,0.29375,0.19550460366398606,0.1786469527675412,0.0
200030,2,decorrelated,point,online,0.4749615866669085,0.46339044839635707,0.3,0.200374204528113,0.19818406382861845,0.0
200030,2,decorrelated,shuffled,online,0.4774675373111806,0.4723419102872213,0.31875,0.19720009653110815,0.18438375196868317,0.0
200030,2,decorrelated,uniform,online,0.5304649476833256,0.510873263585679,0.06875,0.18680346768264983,0.1762751671306815,0.0
200030,2,decorrelated,count,online,0.5055013559487316,0.5308125212022612,0.21875,0.187549878831155,0.17500749010717528,0.0
200030,2,anti,epistemic,frozen,0.4089908699581789,0.39233232825547687,0.3,0.20907935536559968,0.20907935536559966,-1.0
200030,2,anti,aleatoric,frozen,0.43469863926830643,0.47871848375066667,0.26875,0.20907935536559968,0.20907935536559966,-1.0
200030,2,anti,total,frozen,0.39553049259777584,0.43713572218611707,0.3,0.20907935536559968,0.20907935536559966,-1.0
200030,2,anti,point,frozen,0.49099610731914173,0.46554266486987217,0.20625,0.20907935536559968,0.20907935536559966,-1.0
200030,2,anti,shuffled,frozen,0.4904539552343632,0.476000800787158,0.06875,0.20907935536559968,0.20907935536559966,-1.0
200030,2,anti,uniform,frozen,0.4586086135258111,0.46635064949817995,0.275,0.20907935536559968,0.20907935536559966,-1.0
200030,2,anti,count,frozen,0.4944838272973512,0.48676290021074636,0.13125,0.20907935536559968,0.20907935536559966,-1.0
200030,2,anti,epistemic,online,0.46633271959633865,0.49612151039625935,0.2375,0.18869056546994695,0.16636998201120626,-1.0
200030,2,anti,aleatoric,online,0.47611423532888464,0.5197138783492006,0.26875,0.18450200759016094,0.15189308214683395,-1.0
200030,2,anti,total,online,0.48390989548281815,0.5200781627508806,0.15625,0.18322946495584075,0.15388114433174485,-1.0
200030,2,anti,point,online,0.5048206552950001,0.5013617924650907,0.18125,0.18066152130936786,0.16327066592463135,-1.0
200030,2,anti,shuffled,online,0.49409883826964496,0.557867928724814,0.19375,0.18204568543572452,0.1592599958098664,-1.0
200030,2,anti,uniform,online,0.469283652470993,0.49123594724044783,0.05,0.19737453616808537,0.18313101380491417,-1.0
200030,2,anti,count,online,0.5068499124678021,0.5342499069930244,0.1125,0.1794253954316851,0.15837312651051055,-1.0
200030,3,aligned,epistemic,frozen,0.6052766355441266,0.5746508774141352,0.025,0.15731800822985836,0.15731800822985834,1.0
200030,3,aligned,aleatoric,frozen,0.572232739741746,0.5778724568461262,0.06875,0.15731800822985836,0.15731800822985834,1.0
200030,3,aligned,total,frozen,0.6001324640431285,0.5568961844458735,0.075,0.15731800822985836,0.15731800822985834,1.0
200030,3,aligned,point,frozen,0.540009745621612,0.5408096580150479,0.11875,0.15731800822985836,0.15731800822985834,1.0
200030,3,aligned,shuffled,frozen,0.4988760335087524,0.5004844992124176,0.16875,0.15731800822985836,0.15731800822985834,1.0
200030,3,aligned,uniform,frozen,0.5961849801615691,0.560012408634224,0.00625,0.15731800822985836,0.15731800822985834,1.0
200030,3,aligned,count,frozen,0.5498845571638753,0.5535216406570151,0.10625,0.15731800822985836,0.15731800822985834,1.0
200030,3,aligned,epistemic,online,0.5804424396974869,0.5876993467440801,0.08125,0.13707818763846627,0.12992492857592827,1.0
200030,3,aligned,aleatoric,online,0.6049640179995108,0.5636156910599001,0.04375,0.13805240553822445,0.12765135401135944,1.0
200030,3,aligned,total,online,0.5784609004173122,0.5975453169135629,0.075,0.14407229373904623,0.12900099248894722,1.0
200030,3,aligned,point,online,0.5653566825916165,0.5790677269443381,0.075,0.1444910484031981,0.1321964972232722,1.0
200030,3,aligned,shuffled,online,0.5238984903664784,0.580376830676981,0.1375,0.14737933401732806,0.13020780667106868,1.0
200030,3,aligned,uniform,online,0.5500322988884132,0.5805334286225408,0.04375,0.1400017788632912,0.13128729357394267,1.0
200030,3,aligned,count,online,0.5539762343474869,0.5728413188649973,0.1125,0.13854340965150222,0.12643424310613446,1.0
200030,3,decorrelated,epistemic,frozen,0.5604271556473991,0.5565899686435359,0.125,0.1792448203606028,0.17924482036060282,-0.034965034965034975
200030,3,decorrelated,aleatoric,frozen,0.5602193500582189,0.5523891829296455,0.175,0.1792448203606028,0.17924482036060282,-0.034965034965034975
200030,3,decorrelated,total,frozen,0.5369190367819778,0.5301605520448494,0.225,0.1792448203606028,0.17924482036060282,-0.034965034965034975
200030,3,decorrelated,point,frozen,0.5520667357586297,0.5638266579328479,0.20625,0.1792448203606028,0.17924482036060282,-0.034965034965034975
200030,3,decorrelated,shuffled,frozen,0.5496308948259297,0.5436308280759741,0.23125,0.1792448203606028,0.17924482036060282,-0.034965034965034975
200030,3,decorrelated,uniform,frozen,0.6180977686777231,0.6058005150116219,0.05625,0.1792448203606028,0.17924482036060282,-0.034965034965034975
200030,3,decorrelated,count,frozen,0.5263841045333656,0.5020544209716074,0.2125,0.1792448203606028,0.17924482036060282,-0.034965034965034975
200030,3,decorrelated,epistemic,online,0.5372797912848456,0.549384621892868,0.18125,0.16495429067830178,0.15713108905641573,-0.034965034965034975
200030,3,decorrelated,aleatoric,online,0.546532113934104,0.5478202441994937,0.19375,0.170161862191809,0.15687314204699626,-0.034965034965034975
200030,3,decorrelated,total,online,0.5605645034046691,0.5363654985007248,0.15625,0.1664616614375408,0.15938301725767315,-0.034965034965034975
200030,3,decorrelated,point,online,0.5425894484715217,0.4996783216394407,0.18125,0.1671659507464563,0.1555135488955009,-0.034965034965034975
200030,3,decorrelated,shuffled,online,0.5332112707529145,0.5154226397889718,0.175,0.16434490919780553,0.157945112351249,-0.034965034965034975
200030,3,decorrelated,uniform,online,0.6180099562346419,0.5971827361454217,0.06875,0.1617980919751318,0.15270550902248545,-0.034965034965034975
200030,3,decorrelated,count,online,0.5395955022910748,0.5731583594627251,0.2125,0.16274196497856636,0.15265253583615765,-0.034965034965034975
200030,3,anti,epistemic,frozen,0.4447233644558734,0.47534912258586476,0.1,0.19033126469158118,0.1903312646915812,-1.0
200030,3,anti,aleatoric,frozen,0.47776726025825395,0.4721275431538737,0.10625,0.19033126469158118,0.1903312646915812,-1.0
200030,3,anti,total,frozen,0.44986753595687157,0.4931038155541264,0.15,0.19033126469158118,0.1903312646915812,-1.0
200030,3,anti,point,frozen,0.5099902543783881,0.509190341984952,0.0875,0.19033126469158118,0.1903312646915812,-1.0
200030,3,anti,shuffled,frozen,0.5511239664912476,0.5495155007875824,0.0625,0.19033126469158118,0.1903312646915812,-1.0
200030,3,anti,uniform,frozen,0.453815019838431,0.4899875913657759,0.05,0.19033126469158118,0.1903312646915812,-1.0
200030,3,anti,count,frozen,0.5001154428361246,0.4964783593429848,0.10625,0.19033126469158118,0.1903312646915812,-1.0
200030,3,anti,epistemic,online,0.5019372486112988,0.551598184428933,0.05,0.17040842054140212,0.14795492419285783,-1.0
200030,3,anti,aleatoric,online,0.46880095723143655,0.5031682052577485,0.1375,0.17989713517990014,0.14869276631677655,-1.0
200030,3,anti,total,online,0.5043218750809251,0.540090195715498,0.075,0.17051467548001664,0.15145995985766156,-1.0
200030,3,anti,point,online,0.5334418870174938,0.561022249791718,0.075,0.16112194974610944,0.14038893869198574,-1.0
200030,3,anti,shuffled,online,0.5410483369971864,0.5221287053491827,0.06875,0.1665632289936739,0.14859757828202771,-1.0
200030,3,anti,uniform,online,0.5259179749129423,0.5380151886943001,0.0125,0.16556435159417102,0.14792519635281684,-1.0
200030,3,anti,count,online,0.5154995204161704,0.4969779320519875,0.0875,0.16729791484944684,0.14796004262783027,-1.0
200031,1,aligned,epistemic,frozen,0.6119917012595384,0.56805286387602,0.075,0.17436979024434263,0.17436979024434263,1.0
200031,1,aligned,aleatoric,frozen,0.5766130440939071,0.5478970532372216,0.075,0.17436979024434263,0.17436979024434263,1.0
200031,1,aligned,total,frozen,0.5841999023770963,0.5583472882989915,0.08125,0.17436979024434263,0.17436979024434263,1.0
200031,1,aligned,point,frozen,0.5357741775239538,0.5740949164964135,0.14375,0.17436979024434263,0.17436979024434263,1.0
200031,1,aligned,shuffled,frozen,0.537110069992584,0.5056541755297408,0.1375,0.17436979024434263,0.17436979024434263,1.0
200031,1,aligned,uniform,frozen,0.5482755873942263,0.587023073327059,0.1875,0.17436979024434263,0.17436979024434263,1.0
200031,1,aligned,count,frozen,0.5171312807053259,0.5065296049855886,0.11875,0.17436979024434263,0.17436979024434263,1.0
200031,1,aligned,epistemic,online,0.5919274500275684,0.6096355599197347,0.06875,0.14054865334951244,0.1313295894886632,1.0
200031,1,aligned,aleatoric,online,0.614238867452529,0.5903976171159175,0.05,0.1432516857211524,0.1323889039514134,1.0
200031,1,aligned,total,online,0.5855737481424568,0.5933021924023796,0.10625,0.1405480822517066,0.12826739552142288,1.0
200031,1,aligned,point,online,0.552723389804055,0.5687983798341447,0.11875,0.14323877753615416,0.13142938161569925,1.0
200031,1,aligned,shuffled,online,0.5784820462445823,0.5546037093863794,0.08125,0.14174298356875042,0.13125295750272917,1.0
200031,1,aligned,uniform,online,0.4719825785303751,0.5286425631583662,0.3,0.15252586632040793,0.13341401938520495,1.0
200031,1,aligned,count,online,0.543693238930662,0.6036047881259613,0.0875,0.14547359551080816,0.13577402746235362,1.0
200031,1,decorrelated,epistemic,frozen,0.5351973862259687,0.5657838622083213,0.15625,0.18106914823707052,0.18106914823707052,0.0
200031,1,decorrelated,aleatoric,frozen,0.5072952998118939,0.48282896024032596,0.11875,0.18106914823707052,0.18106914823707052,0.0
200031,1,decorrelated,total,frozen,0.5182505782754497,0.502454031838268,0.19375,0.18106914823707052,0.18106914823707052,0.0
200031,1,decorrelated,point,frozen,0.545489891507971,0.5178197158768066,0.1375,0.18106914823707052,0.18106914823707052,0.0
200031,1,decorrelated,shuffled,frozen,0.5426370642220973,0.5507271323634368,0.1125,0.18106914823707052,0.18106914823707052,0.0
200031,1,decorrelated,uniform,frozen,0.5873749649817375,0.5708984549570689,0.19375,0.18106914823707052,0.18106914823707052,0.0
200031,1,decorrelated,count,frozen,0.5313865779306516,0.5423397078901736,0.1125,0.18106914823707052,0.18106914823707052,0.0
200031,1,decorrelated,epistemic,online,0.5369180340225418,0.5699619314219591,0.1375,0.1426261110445806,0.12565906676036434,0.0
200031,1,decorrelated,aleatoric,online,0.5285724530705785,0.5467036286047444,0.125,0.14657929496096697,0.1300760509354792,0.0
200031,1,decorrelated,total,online,0.5543467608465348,0.5485559421232433,0.08125,0.14427737238477265,0.1324161017909275,0.0
200031,1,decorrelated,point,online,0.5599554886690762,0.6016925768347272,0.1,0.13881325713447207,0.12150055806338313,0.0
200031,1,decorrelated,shuffled,online,0.562224089774151,0.5411907704197858,0.0875,0.14025643235934263,0.13193488978090653,0.0
200031,1,decorrelated,uniform,online,0.6291928338178188,0.6255683275780779,0.04375,0.13248872229360745,0.12373190469477165,0.0
200031,1,decorrelated,count,online,0.5528853078300336,0.5578503520082718,0.125,0.137187525606222,0.12230955146021928,0.0
200031,1,anti,epistemic,frozen,0.43800829874046165,0.48194713612398,0.0,0.1788012220072554,0.17880122200725537,-1.0
200031,1,anti,aleatoric,frozen,0.47338695590609287,0.5021029467627784,0.0,0.1788012220072554,0.17880122200725537,-1.0
200031,1,anti,total,frozen,0.46580009762290364,0.49165271170100844,0.0,0.1788012220072554,0.17880122200725537,-1.0
200031,1,anti,point,frozen,0.5142258224760463,0.47590508350358657,0.0,0.1788012220072554,0.17880122200725537,-1.0
200031,1,anti,shuffled,frozen,0.512889930007416,0.5443458244702593,0.0,0.1788012220072554,0.17880122200725537,-1.0
200031,1,anti,uniform,frozen,0.5017244126057736,0.462976926672941,0.0,0.1788012220072554,0.17880122200725537,-1.0
200031,1,anti,count,frozen,0.5328687192946742,0.5434703950144113,0.0,0.1788012220072554,0.17880122200725537,-1.0
200031,1,anti,epistemic,online,0.5048835831624391,0.5140303885371704,0.0,0.14895775188105292,0.1382789163699388,-1.0
200031,1,anti,aleatoric,online,0.4805560605204329,0.4984720377627543,0.0,0.15643546858305124,0.1401906811759497,-1.0
200031,1,anti,total,online,0.5075403007868869,0.5081330379763696,0.0,0.15277761432551995,0.1427944674692216,-1.0
200031,1,anti,point,online,0.5309097721037294,0.562865718538278,0.0,0.14927537061655594,0.14105819373527745,-1.0
200031,1,anti,shuffled,online,0.5148155801832882,0.5544704267080777,0.0,0.15233157072118492,0.13591749535577627,-1.0
200031,1,anti,uniform,online,0.6215881017637964,0.5965613468197063,0.0,0.15963837390432858,0.15785256341729315,-1.0
200031,1,anti,count,online,0.522951098106554,0.5036507489988097,0.0,0.14795113678230684,0.13692710337899494,-1.0
200031,2,aligned,epistemic,frozen,0.6216910274353681,0.591321805912503,0.0,0.18121506266333956,0.18121506266333956,1.0
200031,2,aligned,aleatoric,frozen,0.5557022285760211,0.4841944452311141,0.0,0.18121506266333956,0.18121506266333956,1.0
200031,2,aligned,total,frozen,0.5852659387501413,0.5846705065193756,0.0,0.18121506266333956,0.18121506266333956,1.0
200031,2,aligned,point,frozen,0.5443929599041667,0.4963003923776622,0.0,0.18121506266333956,0.18121506266333956,1.0
200031,2,aligned,shuffled,frozen,0.4963773940973912,0.5080011794310716,0.0,0.18121506266333956,0.18121506266333956,1.0
200031,2,aligned,uniform,frozen,0.5566689319338172,0.5613441027648387,0.0,0.18121506266333956,0.18121506266333956,1.0
200031,2,aligned,count,frozen,0.5387037351179396,0.5345527239837207,0.0,0.18121506266333956,0.18121506266333956,1.0
200031,2,aligned,epistemic,online,0.600812194868542,0.5799328660422391,0.0,0.13433169979059847,0.12740633542771967,1.0
200031,2,aligned,aleatoric,online,0.6044911408798456,0.5658576777883862,0.0,0.13127721644922752,0.1275830232328142,1.0
200031,2,aligned,total,online,0.6050433304256253,0.6351038557288344,0.0,0.13935004580527596,0.12582231956501155,1.0
200031,2,aligned,point,online,0.5746416213599614,0.5853927890234187,0.0,0.13741147240314272,0.1250719611967857,1.0
200031,2,aligned,shuffled,online,0.5804868045980116,0.5934973356420913,0.0,0.13515216958275697,0.123061931039038,1.0
200031,2,aligned,uniform,online,0.5908670158662392,0.5480189557559005,0.0,0.13260873540245227,0.12410446855131219,1.0
200031,2,aligned,count,online,0.5658408995112162,0.5581066770191225,0.0,0.1371508090828264,0.12724396419982922,1.0
200031,2,decorrelated,epistemic,frozen,0.5350658900189307,0.5076077296753423,0.1625,0.19675482190002055,0.19675482190002055,-0.006993006993006993
200031,2,decorrelated,aleatoric,frozen,0.5471480921357544,0.5030854133016482,0.0875,0.19675482190002055,0.19675482190002055,-0.006993006993006993
200031,2,decorrelated,total,frozen,0.5449439147683186,0.5112392292643134,0.1,0.19675482190002055,0.19675482190002055,-0.006993006993006993
200031,2,decorrelated,point,frozen,0.5224525473129809,0.4919199243880531,0.15625,0.19675482190002055,0.19675482190002055,-0.006993006993006993
200031,2,decorrelated,shuffled,frozen,0.5055740753742205,0.5184155536179814,0.15,0.19675482190002055,0.19675482190002055,-0.006993006993006993
200031,2,decorrelated,uniform,frozen,0.5429826917912862,0.5420355699394281,0.08125,0.19675482190002055,0.19675482190002055,-0.006993006993006993
200031,2,decorrelated,count,frozen,0.5138116470039477,0.5069926857816315,0.11875,0.19675482190002055,0.19675482190002055,-0.006993006993006993
200031,2,decorrelated,epistemic,online,0.5426080678406997,0.5783341995034468,0.125,0.16647584832279358,0.1548356541426288,-0.006993006993006993
200031,2,decorrelated,aleatoric,online,0.5328508989164012,0.557868602354422,0.0625,0.17174005940368473,0.15890585924258852,-0.006993006993006993
200031,2,decorrelated,total,online,0.5475592750247655,0.5668766694899567,0.10625,0.16700399153718354,0.15648999506456895,-0.006993006993006993
200031,2,decorrelated,point,online,0.5257347159707606,0.5198627227732562,0.09375,0.1684218329580714,0.15571717346343203,-0.006993006993006993
200031,2,decorrelated,shuffled,online,0.5574057008974507,0.560774043456035,0.10625,0.16782069495292543,0.15766477329960002,-0.006993006993006993
200031,2,decorrelated,uniform,online,0.5689659476544514,0.5431540216581443,0.05625,0.16305089680779175,0.15616580733599747,-0.006993006993006993
200031,2,decorrelated,count,online,0.5345692921373529,0.5631609311313929,0.1125,0.1671792292601289,0.1556655610209794,-0.006993006993006993
200031,2,anti,epistemic,frozen,0.42830897256463196,0.45867819408749694,0.3625,0.20859872500521076,0.20859872500521073,-1.0
200031,2,anti,aleatoric,frozen,0.4942977714239788,0.5658055547688858,0.3875,0.20859872500521076,0.20859872500521073,-1.0
200031,2,anti,total,frozen,0.46473406124985867,0.46532949348062447,0.43125,0.20859872500521076,0.20859872500521073,-1.0
200031,2,anti,point,frozen,0.5056070400958333,0.5536996076223378,0.275,0.20859872500521076,0.20859872500521073,-1.0
200031,2,anti,shuffled,frozen,0.5536226059026088,0.5419988205689285,0.18125,0.20859872500521076,0.20859872500521073,-1.0
200031,2,anti,uniform,frozen,0.4933310680661829,0.48865589723516123,0.3125,0.20859872500521076,0.20859872500521073,-1.0
200031,2,anti,count,frozen,0.5112962648820603,0.5154472760162794,0.21875,0.20859872500521076,0.20859872500521073,-1.0
200031,2,anti,epistemic,online,0.5141212155094912,0.5380606890055517,0.23125,0.1825223543772883,0.15833208828071152,-1.0
200031,2,anti,aleatoric,online,0.49875665732115176,0.5293526172074619,0.29375,0.18369115897180327,0.15169216393379822,-1.0
200031,2,anti,total,online,0.49792568235766554,0.45610804153856854,0.3,0.1795210280626033,0.16526296150891592,-1.0
200031,2,anti,point,online,0.5248419959768515,0.5851189038372052,0.21875,0.18237036206555646,0.1602519770637465,-1.0
200031,2,anti,shuffled,online,0.5426431998995247,0.5665519685644178,0.2375,0.1767200923729379,0.15689952518733297,-1.0
200031,2,anti,uniform,online,0.5180453833253397,0.5605526546210436,0.3,0.17929137807098905,0.15563141789957258,-1.0
200031,2,anti,count,online,0.512729814699005,0.5461547638712607,0.2125,0.18176023773657615,0.16256377986242185,-1.0
200031,3,aligned,epistemic,frozen,0.5973178869206185,0.586193393461944,0.1,0.20242606465904484,0.2024260646590448,1.0
200031,3,aligned,aleatoric,frozen,0.5882060234566733,0.5610108291829425,0.08125,0.20242606465904484,0.2024260646590448,1.0
200031,3,aligned,total,frozen,0.6035934324791252,0.5992220340281496,0.075,0.20242606465904484,0.2024260646590448,1.0
200031,3,aligned,point,frozen,0.49676976924391736,0.5083418905455265,0.175,0.20242606465904484,0.2024260646590448,1.0
200031,3,aligned,shuffled,frozen,0.48053700525794374,0.44849232703787834,0.33125,0.20242606465904484,0.2024260646590448,1.0
200031,3,aligned,uniform,frozen,0.5320391695975627,0.5334498270601843,0.09375,0.20242606465904484,0.2024260646590448,1.0
200031,3,aligned,count,frozen,0.5418192280906858,0.551125278647941,0.10625,0.20242606465904484,0.2024260646590448,1.0
200031,3,aligned,epistemic,online,0.5720566207521245,0.5620477615910097,0.08125,0.1652414758333433,0.14885948024147122,1.0
200031,3,aligned,aleatoric,online,0.6072271575870613,0.6197439961429778,0.04375,0.17247900898636997,0.15668523273355214,1.0
200031,3,aligned,total,online,0.5856410193570273,0.581135539010722,0.1,0.1760714354769855,0.18056548151763016,1.0
200031,3,aligned,point,online,0.5445997455047842,0.5776453816425325,0.1,0.18305392885170443,0.164741536495853,1.0
200031,3,aligned,shuffled,online,0.553009239099242,0.5498318563751855,0.1375,0.17984429774203484,0.1611154900659176,1.0
200031,3,aligned,uniform,online,0.5070326066337031,0.5266557051342041,0.2,0.17239473903007108,0.15485374249062608,1.0
200031,3,aligned,count,online,0.5225504941061372,0.5584315095487582,0.1,0.181965095856194,0.16203887502764622,1.0
200031,3,decorrelated,epistemic,frozen,0.4564418487945182,0.4361695565434441,0.4625,0.226817430977391,0.22681743097739096,-0.02097902097902098
200031,3,decorrelated,aleatoric,frozen,0.45821993173135994,0.4288781180444481,0.51875,0.226817430977391,0.22681743097739096,-0.02097902097902098
200031,3,decorrelated,total,frozen,0.4384943439512027,0.41112209533679644,0.49375,0.226817430977391,0.22681743097739096,-0.02097902097902098
200031,3,decorrelated,point,frozen,0.461344625454449,0.4649320435062171,0.45625,0.226817430977391,0.22681743097739096,-0.02097902097902098
200031,3,decorrelated,shuffled,frozen,0.4523080291632958,0.4873570730699391,0.54375,0.226817430977391,0.22681743097739096,-0.02097902097902098
200031,3,decorrelated,uniform,frozen,0.48433595205824886,0.511121036008194,0.25,0.226817430977391,0.22681743097739096,-0.02097902097902098
200031,3,decorrelated,count,frozen,0.49083043680294713,0.5234039698794903,0.34375,0.226817430977391,0.22681743097739096,-0.02097902097902098
200031,3,decorrelated,epistemic,online,0.46935418847904115,0.4785290545912709,0.3625,0.21643852633399652,0.19301376864614636,-0.02097902097902098
200031,3,decorrelated,aleatoric,online,0.4751721011552664,0.4632413526540711,0.38125,0.21615488520969245,0.19369897340453812,-0.02097902097902098
200031,3,decorrelated,total,online,0.4652209512968251,0.4936763782283579,0.4625,0.2324510350530528,0.20158674287562553,-0.02097902097902098
200031,3,decorrelated,point,online,0.4959558962388856,0.49150305100388464,0.38125,0.2059149427951133,0.18288530712467077,-0.02097902097902098
200031,3,decorrelated,shuffled,online,0.46294968508871437,0.4898413007355621,0.45625,0.22717974269088614,0.19650050108230777,-0.02097902097902098
200031,3,decorrelated,uniform,online,0.4433684123814691,0.49047003700131897,0.3625,0.22791235971104742,0.2065877774577861,-0.02097902097902098
200031,3,decorrelated,count,online,0.507150347082203,0.5001534866670418,0.28125,0.2047698568772769,0.18075583955045157,-0.02097902097902098
200031,3,anti,epistemic,frozen,0.4526821130793815,0.463806606538056,0.3625,0.1988885561409954,0.1988885561409954,-1.0
200031,3,anti,aleatoric,frozen,0.46179397654332666,0.4889891708170576,0.4375,0.1988885561409954,0.1988885561409954,-1.0
200031,3,anti,total,frozen,0.4464065675208747,0.4507779659718506,0.41875,0.1988885561409954,0.1988885561409954,-1.0
200031,3,anti,point,frozen,0.5532302307560826,0.5416581094544736,0.28125,0.1988885561409954,0.1988885561409954,-1.0
200031,3,anti,shuffled,frozen,0.5694629947420562,0.6015076729621216,0.2125,0.1988885561409954,0.1988885561409954,-1.0
200031,3,anti,uniform,frozen,0.5179608304024372,0.5165501729398156,0.15625,0.1988885561409954,0.1988885561409954,-1.0
200031,3,anti,count,frozen,0.5081807719093142,0.49887472135205896,0.2375,0.1988885561409954,0.1988885561409954,-1.0
200031,3,anti,epistemic,online,0.5289557180621494,0.6084468702794166,0.24375,0.16108278311475419,0.12707580980732927,-1.0
200031,3,anti,aleatoric,online,0.5131626988419722,0.5245680037226346,0.2875,0.16598582171695472,0.1237375963550099,-1.0
200031,3,anti,total,online,0.49986793551428016,0.5548319765859568,0.29375,0.1875642750040708,0.13972360515263937,-1.0
200031,3,anti,point,online,0.5271824063006754,0.5436508667939199,0.23125,0.15889407458833488,0.13158567605758129,-1.0
200031,3,anti,shuffled,online,0.5726773355528045,0.6045723804498335,0.225,0.15432231246873343,0.12735076400950357,-1.0
200031,3,anti,uniform,online,0.5620501773364109,0.5724155957970651,0.13125,0.15904344053033823,0.14036086266928896,-1.0
200031,3,anti,count,online,0.5538031253525316,0.540409321115392,0.15625,0.15479726563289137,0.13243985224490754,-1.0
200032,1,aligned,epistemic,frozen,0.6150572781228563,0.5526336522548438,0.0,0.17568854034467077,0.17568854034467074,1.0
200032,1,aligned,aleatoric,frozen,0.5861316971236608,0.5837244658102037,0.0,0.17568854034467077,0.17568854034467074,1.0
200032,1,aligned,total,frozen,0.5905536675161643,0.5515931762493194,0.0,0.17568854034467077,0.17568854034467074,1.0
200032,1,aligned,point,frozen,0.5269064494483248,0.5397896354232152,0.0,0.17568854034467077,0.17568854034467074,1.0
200032,1,aligned,shuffled,frozen,0.5064828174620681,0.5443623929770282,0.0,0.17568854034467077,0.17568854034467074,1.0
200032,1,aligned,uniform,frozen,0.5217045880105979,0.5152507873461183,0.0,0.17568854034467077,0.17568854034467074,1.0
200032,1,aligned,count,frozen,0.5369356067512869,0.525613497498378,0.0,0.17568854034467077,0.17568854034467074,1.0
200032,1,aligned,epistemic,online,0.5954728510552318,0.6123531706606721,0.0,0.1472757771625487,0.13979064258166138,1.0
200032,1,aligned,aleatoric,online,0.6298304684281282,0.6444949911072076,0.0,0.15226400542119936,0.14880061317260065,1.0
200032,1,aligned,total,online,0.6016902836789064,0.6180638102935363,0.0,0.15124157171010078,0.14008182696014052,1.0
200032,1,aligned,point,online,0.5375032105591495,0.569083110105044,0.0,0.15149063480762126,0.14059368049212406,1.0
200032,1,aligned,shuffled,online,0.5401772360590323,0.5757052534858895,0.0,0.14956388473183246,0.1361722328762285,1.0
200032,1,aligned,uniform,online,0.5647283940600495,0.5706797547224738,0.0,0.1471450591482757,0.1418668061690347,1.0
200032,1,aligned,count,online,0.5533539183474925,0.559140599677185,0.0,0.14944286743104795,0.1412553631333256,1.0
200032,1,decorrelated,epistemic,frozen,0.5268654566521327,0.5530776760222734,0.125,0.18920380559195246,0.18920380559195246,0.013986013986013986
200032,1,decorrelated,aleatoric,frozen,0.5127133588619224,0.544921214299558,0.1375,0.18920380559195246,0.18920380559195246,0.013986013986013986
200032,1,decorrelated,total,frozen,0.5066148602916436,0.47982672142279686,0.1875,0.18920380559195246,0.18920380559195246,0.013986013986013986
200032,1,decorrelated,point,frozen,0.5287635267142896,0.5142894492993065,0.2,0.18920380559195246,0.18920380559195246,0.013986013986013986
200032,1,decorrelated,shuffled,frozen,0.5090875015120158,0.524696047284223,0.20625,0.18920380559195246,0.18920380559195246,0.013986013986013986
200032,1,decorrelated,uniform,frozen,0.4955641871940829,0.5412707270427604,0.35,0.18920380559195246,0.18920380559195246,0.013986013986013986
200032,1,decorrelated,count,frozen,0.5052575657961296,0.4888542850019286,0.2125,0.18920380559195246,0.18920380559195246,0.013986013986013986
200032,1,decorrelated,epistemic,online,0.5481290797308723,0.5528910848084705,0.15,0.1655083201507606,0.15644590589003407,0.013986013986013986
200032,1,decorrelated,aleatoric,online,0.5465489592153769,0.5612135086869334,0.06875,0.16862404567157827,0.1620950490815701,0.013986013986013986
200032,1,decorrelated,total,online,0.533038443621636,0.5356731370423532,0.1375,0.16837349239541438,0.1613199987947039,0.013986013986013986
200032,1,decorrelated,point,online,0.5021551880959575,0.523721366289114,0.2,0.1681335793246726,0.16203470702998918,0.013986013986013986
200032,1,decorrelated,shuffled,online,0.5053246665284618,0.5398974136678654,0.20625,0.16813168137363949,0.15704773516012763,0.013986013986013986
200032,1,decorrelated,uniform,online,0.5488010849347442,0.5490827898690294,0.08125,0.16854269615750203,0.16361572910954464,0.013986013986013986
200032,1,decorrelated,count,online,0.514506288773146,0.538631299930472,0.2,0.16651021919753597,0.16508400494951184,0.013986013986013986
200032,1,anti,epistemic,frozen,0.43494272187714367,0.4973663477451561,0.175,0.1814849302714712,0.1814849302714712,-1.0
200032,1,anti,aleatoric,frozen,0.4638683028763392,0.4662755341897963,0.14375,0.1814849302714712,0.1814849302714712,-1.0
200032,1,anti,total,frozen,0.45944633248383565,0.4984068237506808,0.225,0.1814849302714712,0.1814849302714712,-1.0
200032,1,anti,point,frozen,0.5230935505516752,0.5102103645767848,0.18125,0.1814849302714712,0.1814849302714712,-1.0
200032,1,anti,shuffled,frozen,0.5435171825379319,0.5056376070229719,0.11875,0.1814849302714712,0.1814849302714712,-1.0
200032,1,anti,uniform,frozen,0.5282954119894021,0.5347492126538818,0.24375,0.1814849302714712,0.1814849302714712,-1.0
200032,1,anti,count,frozen,0.513064393248713,0.524386502501622,0.125,0.1814849302714712,0.1814849302714712,-1.0
200032,1,anti,epistemic,online,0.5092062379352088,0.5076827415619338,0.20625,0.1506257855400946,0.1384521310898604,-1.0
200032,1,anti,aleatoric,online,0.466253449916349,0.4608346845295717,0.15,0.15726305954915434,0.13673884180712778,-1.0
200032,1,anti,total,online,0.4729404515850506,0.48541860979527807,0.15,0.1591249420385185,0.14205989281371775,-1.0
200032,1,anti,point,online,0.5383711956270945,0.5496813633614895,0.10625,0.15301497178654178,0.14532083700059759,-1.0
200032,1,anti,shuffled,online,0.5362643330219348,0.5113787166775932,0.09375,0.1487386633402897,0.13678231439541585,-1.0
200032,1,anti,uniform,online,0.53855642231318,0.5533098281287737,0.15,0.14506552901446432,0.1387409465902134,-1.0
200032,1,anti,count,online,0.5197768892869614,0.5336372753097972,0.1125,0.15017637382192925,0.14004358874052336,-1.0
200032,2,aligned,epistemic,frozen,0.6308282314000884,0.6034626619032053,0.08125,0.18877714382121882,0.1887771438212188,1.0
200032,2,aligned,aleatoric,frozen,0.6100504536871088,0.5887429414232173,0.04375,0.18877714382121882,0.1887771438212188,1.0
200032,2,aligned,total,frozen,0.6162996899780904,0.5689599148086204,0.0875,0.18877714382121882,0.1887771438212188,1.0
200032,2,aligned,point,frozen,0.5235628123738996,0.5004926260656439,0.175,0.18877714382121882,0.1887771438212188,1.0
200032,2,aligned,shuffled,frozen,0.5613193796495558,0.5114220465059862,0.11875,0.18877714382121882,0.1887771438212188,1.0
200032,2,aligned,uniform,frozen,0.4326813812609627,0.48354025343629436,0.3,0.18877714382121882,0.1887771438212188,1.0
200032,2,aligned,count,frozen,0.5379640418562067,0.5425978865448174,0.13125,0.18877714382121882,0.1887771438212188,1.0
200032,2,aligned,epistemic,online,0.6292447150155925,0.640998572981975,0.0875,0.13510667655753344,0.11686394000748436,1.0
200032,2,aligned,aleatoric,online,0.6413302580437076,0.6370690764851681,0.04375,0.14859623245983042,0.1367581795337121,1.0
200032,2,aligned,total,online,0.5998252357845327,0.6173594172563115,0.1125,0.13786927581136726,0.11467970905113424,1.0
200032,2,aligned,point,online,0.5593811883092725,0.6371825530802192,0.15,0.14124282733475657,0.15744187787068628,1.0
200032,2,aligned,shuffled,online,0.4908276727985624,0.5270732162582086,0.08125,0.15196221975072305,0.12680018952901603,1.0
200032,2,aligned,uniform,online,0.5168774417450548,0.5590516503858335,0.18125,0.1478351355411195,0.11940195519860003,1.0
200032,2,aligned,count,online,0.560561901948097,0.5571395637481222,0.0875,0.14157659339065382,0.1295180387775625,1.0
200032,2,decorrelated,epistemic,frozen,0.4916060960252384,0.5316182427440079,0.05625,0.19648698839687392,0.19648698839687395,-0.04195804195804196
200032,2,decorrelated,aleatoric,frozen,0.5071026557514167,0.4773263414224731,0.075,0.19648698839687392,0.19648698839687395,-0.04195804195804196
200032,2,decorrelated,total,frozen,0.4962844815079389,0.4956207250883886,0.06875,0.19648698839687392,0.19648698839687395,-0.04195804195804196
200032,2,decorrelated,point,frozen,0.5195615184690248,0.5192558051703446,0.09375,0.19648698839687392,0.19648698839687395,-0.04195804195804196
200032,2,decorrelated,shuffled,frozen,0.5120491391464925,0.48224989948380437,0.10625,0.19648698839687392,0.19648698839687395,-0.04195804195804196
200032,2,decorrelated,uniform,frozen,0.49982283988993326,0.48320449344636957,0.025,0.19648698839687392,0.19648698839687395,-0.04195804195804196
200032,2,decorrelated,count,frozen,0.506757354610232,0.5250454505203314,0.09375,0.19648698839687392,0.19648698839687395,-0.04195804195804196
200032,2,decorrelated,epistemic,online,0.5181347667986083,0.4768255132742564,0.0875,0.19236724553302423,0.18776100534541276,-0.04195804195804196
200032,2,decorrelated,aleatoric,online,0.4709234288323135,0.5157956751314037,0.09375,0.19562931098807995,0.1894183900609856,-0.04195804195804196
200032,2,decorrelated,total,online,0.48824211686120345,0.4819042387599965,0.075,0.19388810917511407,0.1882938779798263,-0.04195804195804196
200032,2,decorrelated,point,online,0.4941623680567508,0.5005932950361724,0.1125,0.1913862791922586,0.188289559380173,-0.04195804195804196
200032,2,decorrelated,shuffled,online,0.5290522782018028,0.5360363914401025,0.06875,0.19194815274760593,0.18907186664026301,-0.04195804195804196
200032,2,decorrelated,uniform,online,0.5375926522517043,0.5392562002689616,0.10625,0.1907038800631747,0.18553445751036757,-0.04195804195804196
200032,2,decorrelated,count,online,0.4955199718195821,0.49997687655154033,0.10625,0.19081245909472394,0.1865931977612312,-0.04195804195804196
200032,2,anti,epistemic,frozen,0.41917176859991157,0.44653733809679463,0.26875,0.1845431864976344,0.18454318649763443,-1.0
200032,2,anti,aleatoric,frozen,0.4399495463128913,0.4612570585767827,0.31875,0.1845431864976344,0.18454318649763443,-1.0
200032,2,anti,total,frozen,0.4337003100219096,0.4810400851913797,0.33125,0.1845431864976344,0.18454318649763443,-1.0
200032,2,anti,point,frozen,0.5264371876261004,0.5495073739343561,0.125,0.1845431864976344,0.18454318649763443,-1.0
200032,2,anti,shuffled,frozen,0.4886806203504442,0.5385779534940138,0.09375,0.1845431864976344,0.18454318649763443,-1.0
200032,2,anti,uniform,frozen,0.6173186187390373,0.5664597465637057,0.01875,0.1845431864976344,0.18454318649763443,-1.0
200032,2,anti,count,frozen,0.5120359581437933,0.5074021134551826,0.13125,0.1845431864976344,0.18454318649763443,-1.0
200032,2,anti,epistemic,online,0.49757526735756274,0.5449605113245898,0.1875,0.1557762868546402,0.13308802914746207,-1.0
200032,2,anti,aleatoric,online,0.4595612825552127,0.5220682245393566,0.3125,0.1655215268565972,0.133529266791473,-1.0
200032,2,anti,total,online,0.5018878432210437,0.5501557910674142,0.1875,0.15344561260269232,0.1313618878297538,-1.0
200032,2,anti,point,online,0.5382461695234497,0.5496083236053403,0.175,0.14919790169373348,0.13112916729386248,-1.0
200032,2,anti,shuffled,online,0.5802826291192943,0.5965983714164098,0.1,0.1387635128752703,0.12022318053477353,-1.0
200032,2,anti,uniform,online,0.5877529738559424,0.5740189400240954,0.03125,0.15163101583855182,0.1356110621248078,-1.0
200032,2,anti,count,online,0.5382453345807523,0.5724997282830812,0.15,0.1494385414686698,0.12546544022534048,-1.0
200032,3,aligned,epistemic,frozen,0.588339921422796,0.5387878480851118,0.06875,0.20323462960317024,0.20323462960317026,1.0
200032,3,aligned,aleatoric,frozen,0.5637764921064183,0.5848904389502693,0.10625,0.20323462960317024,0.20323462960317026,1.0
200032,3,aligned,total,frozen,0.5864049860349813,0.5637065851499886,0.10625,0.20323462960317024,0.20323462960317026,1.0
200032,3,aligned,point,frozen,0.5409661909271621,0.5429603505524453,0.13125,0.20323462960317024,0.20323462960317026,1.0
200032,3,aligned,shuffled,frozen,0.5275097969275531,0.5284623922391705,0.11875,0.20323462960317024,0.20323462960317026,1.0
200032,3,aligned,uniform,frozen,0.51210111716796,0.517141970927055,0.05625,0.20323462960317024,0.20323462960317026,1.0
200032,3,aligned,count,frozen,0.5231776275349233,0.5790749647394977,0.1,0.20323462960317024,0.20323462960317026,1.0
200032,3,aligned,epistemic,online,0.5570389150344948,0.5352340553712758,0.10625,0.15946794660403132,0.1476452334084015,1.0
200032,3,aligned,aleatoric,online,0.5891415858771126,0.5723548340379457,0.0875,0.1682690992360497,0.14814934631824675,1.0
200032,3,aligned,total,online,0.6033477160638194,0.6339283261930385,0.05625,0.164328349239771,0.15282627762687276,1.0
200032,3,aligned,point,online,0.5400164511992726,0.5528592332452182,0.125,0.16858799252147638,0.15796821975334546,1.0
200032,3,aligned,shuffled,online,0.5226344706069435,0.5332882384548367,0.11875,0.1762552741477899,0.1530361419044933,1.0
200032,3,aligned,uniform,online,0.5276766077959054,0.5242726525748489,0.05625,0.1713841839185537,0.15617786725994023,1.0
200032,3,aligned,count,online,0.5304535866297959,0.5579456461692011,0.125,0.1718676003546146,0.15339766036688604,1.0
200032,3,decorrelated,epistemic,frozen,0.486770554173473,0.48566833805589377,0.0,0.21523353855019028,0.21523353855019034,0.034965034965034975
200032,3,decorrelated,aleatoric,frozen,0.478743482050308,0.5011431149109845,0.0,0.21523353855019028,0.21523353855019034,0.034965034965034975
200032,3,decorrelated,total,frozen,0.4930978381001173,0.4848752188632431,0.0,0.21523353855019028,0.21523353855019034,0.034965034965034975
200032,3,decorrelated,point,frozen,0.5213151166837562,0.5253869688796762,0.0,0.21523353855019028,0.21523353855019034,0.034965034965034975
200032,3,decorrelated,shuffled,frozen,0.49647529556916814,0.45792170864000176,0.0,0.21523353855019028,0.21523353855019034,0.034965034965034975
200032,3,decorrelated,uniform,frozen,0.5055218195093023,0.4802528518834565,0.0,0.21523353855019028,0.21523353855019034,0.034965034965034975
200032,3,decorrelated,count,frozen,0.5063278044437368,0.4811565109549895,0.0,0.21523353855019028,0.21523353855019034,0.034965034965034975
200032,3,decorrelated,epistemic,online,0.5234868501126128,0.5536749620532628,0.0,0.17793813855424,0.16406108938343664,0.034965034965034975
200032,3,decorrelated,aleatoric,online,0.4889501826534707,0.5140802889192626,0.0,0.20015211671667793,0.16463420029037434,0.034965034965034975
200032,3,decorrelated,total,online,0.517411744422322,0.5600504565331219,0.0,0.18139270821267,0.16622771953071055,0.034965034965034975
200032,3,decorrelated,point,online,0.5528694343865187,0.5722731996643793,0.0,0.17921461563481828,0.16956910518622456,0.034965034965034975
200032,3,decorrelated,shuffled,online,0.5342651250745124,0.5647173753845681,0.0,0.18292326930714028,0.16437962267029035,0.034965034965034975
200032,3,decorrelated,uniform,online,0.5440157846961553,0.49769951504347565,0.0,0.18279757261156865,0.17041124796033805,0.034965034965034975
200032,3,decorrelated,count,online,0.5117218742072106,0.5561828701398073,0.0,0.18551143408507897,0.16854921322921657,0.034965034965034975
200032,3,anti,epistemic,frozen,0.46166007857720415,0.5112121519148884,0.0,0.19392325400373103,0.19392325400373103,-1.0
200032,3,anti,aleatoric,frozen,0.4862235078935816,0.4651095610497308,0.0,0.19392325400373103,0.19392325400373103,-1.0
200032,3,anti,total,frozen,0.4635950139650188,0.48629341485001143,0.0,0.19392325400373103,0.19392325400373103,-1.0
200032,3,anti,point,frozen,0.5090338090728379,0.5070396494475548,0.0,0.19392325400373103,0.19392325400373103,-1.0
200032,3,anti,shuffled,frozen,0.522490203072447,0.5215376077608296,0.0,0.19392325400373103,0.19392325400373103,-1.0
200032,3,anti,uniform,frozen,0.5378988828320399,0.532858029072945,0.0,0.19392325400373103,0.19392325400373103,-1.0
200032,3,anti,count,frozen,0.5268223724650768,0.47092503526050233,0.0,0.19392325400373103,0.19392325400373103,-1.0
200032,3,anti,epistemic,online,0.5163075759972477,0.554218626984017,0.0,0.14922854795645007,0.12941677711867874,-1.0
200032,3,anti,aleatoric,online,0.49898007331609373,0.538035550953048,0.0,0.18241423297455645,0.12238292799869392,-1.0
200032,3,anti,total,online,0.4963063493135726,0.5063972542056996,0.0,0.15441140999844008,0.13457958348674384,-1.0
200032,3,anti,point,online,0.5368579268325423,0.518391713845038,0.0,0.14248865080381767,0.12755560293757995,-1.0
200032,3,anti,shuffled,online,0.5539742750635159,0.5774326843667676,0.0,0.14351278326009625,0.12608964279464852,-1.0
200032,3,anti,uniform,online,0.5368011999605493,0.5641129843900001,0.0,0.15050623028806406,0.13708635214194825,-1.0
200032,3,anti,count,online,0.5406572309590867,0.545635893854778,0.0,0.1410890786875782,0.12241403370849731,-1.0
200033,1,aligned,epistemic,frozen,0.5784526102007165,0.5378003570742866,0.09375,0.17785587263540695,0.17785587263540695,1.0
200033,1,aligned,aleatoric,frozen,0.5462840119180953,0.5243315776475745,0.10625,0.17785587263540695,0.17785587263540695,1.0
200033,1,aligned,total,frozen,0.583747525611941,0.528395348740115,0.075,0.17785587263540695,0.17785587263540695,1.0
200033,1,aligned,point,frozen,0.5078568544235665,0.481641218228335,0.13125,0.17785587263540695,0.17785587263540695,1.0
200033,1,aligned,shuffled,frozen,0.5027966341219184,0.5400378417588982,0.0125,0.17785587263540695,0.17785587263540695,1.0
200033,1,aligned,uniform,frozen,0.5346268998756367,0.49708184168205605,0.075,0.17785587263540695,0.17785587263540695,1.0
200033,1,aligned,count,frozen,0.5322273630272315,0.5336234772166012,0.0625,0.17785587263540695,0.17785587263540695,1.0
200033,1,aligned,epistemic,online,0.5646730534883029,0.5709484144718487,0.06875,0.1604599952631148,0.14948385771129105,1.0
200033,1,aligned,aleatoric,online,0.5406056252590888,0.5540132854276344,0.0875,0.15858610910908547,0.14824614448184728,1.0
200033,1,aligned,total,online,0.5495738175746204,0.5758929027003858,0.0375,0.16093063368990115,0.15031575505231973,1.0
200033,1,aligned,point,online,0.5321462463495029,0.49702722407646877,0.06875,0.15920025678933078,0.14658019820848622,1.0
200033,1,aligned,shuffled,online,0.4925065401638792,0.5257667262633594,0.16875,0.16526673424672783,0.15351302709010617,1.0
200033,1,aligned,uniform,online,0.5769438883376531,0.5079409793492652,0.11875,0.16374995303726253,0.15034290686943383,1.0
200033,1,aligned,count,online,0.5283225527704791,0.5485649668138768,0.11875,0.16007525133723116,0.14705099500178778,1.0
200033,1,decorrelated,epistemic,frozen,0.5361485884755559,0.5321661598491645,0.1125,0.1897231547068239,0.1897231547068239,0.02097902097902098
200033,1,decorrelated,aleatoric,frozen,0.5257818433527184,0.546681486963524,0.1625,0.1897231547068239,0.1897231547068239,0.02097902097902098
200033,1,decorrelated,total,frozen,0.5336541494147129,0.5041527004197173,0.11875,0.1897231547068239,0.1897231547068239,0.02097902097902098
200033,1,decorrelated,point,frozen,0.5417375166630577,0.5382304044641254,0.10625,0.1897231547068239,0.1897231547068239,0.02097902097902098
200033,1,decorrelated,shuffled,frozen,0.43632949248935715,0.47655467370025556,0.44375,0.1897231547068239,0.1897231547068239,0.02097902097902098
200033,1,decorrelated,uniform,frozen,0.48850880329371626,0.5369828715642582,0.175,0.1897231547068239,0.1897231547068239,0.02097902097902098
200033,1,decorrelated,count,frozen,0.5269249590421541,0.5642733679094804,0.11875,0.1897231547068239,0.1897231547068239,0.02097902097902098
200033,1,decorrelated,epistemic,online,0.5286567185979376,0.5575506732610547,0.15625,0.15866416658483645,0.146502681776334,0.02097902097902098
200033,1,decorrelated,aleatoric,online,0.5281476143237405,0.5122689011967319,0.15,0.15080506361407897,0.15172974900801792,0.02097902097902098
200033,1,decorrelated,total,online,0.5294035203677566,0.5491489419188251,0.13125,0.1562536438495178,0.14210924052157461,0.02097902097902098
200033,1,decorrelated,point,online,0.521601408668749,0.5101273580034906,0.15625,0.1621242143535087,0.1582695141414794,0.02097902097902098
200033,1,decorrelated,shuffled,online,0.5176183068858852,0.5295718597164057,0.1,0.16249385688596688,0.15493565695814174,0.02097902097902098
200033,1,decorrelated,uniform,online,0.553520558152657,0.5948901856608982,0.05,0.14980869842945405,0.14448980934535824,0.02097902097902098
200033,1,decorrelated,count,online,0.5695098808308655,0.5725221777351885,0.09375,0.15499966127220613,0.1530200211114636,0.02097902097902098
200033,1,anti,epistemic,frozen,0.4715473897992835,0.5121996429257135,0.0,0.1667355290313272,0.16673552903132718,-1.0
200033,1,anti,aleatoric,frozen,0.5037159880819047,0.5256684223524255,0.0,0.1667355290313272,0.16673552903132718,-1.0
200033,1,anti,total,frozen,0.46625247438805906,0.5216046512598852,0.0,0.1667355290313272,0.16673552903132718,-1.0
200033,1,anti,point,frozen,0.5421431455764335,0.568358781771665,0.0,0.1667355290313272,0.16673552903132718,-1.0
200033,1,anti,shuffled,frozen,0.5472033658780815,0.5099621582411018,0.0,0.1667355290313272,0.16673552903132718,-1.0
200033,1,anti,uniform,frozen,0.5153731001243631,0.5529181583179439,0.0,0.1667355290313272,0.16673552903132718,-1.0
200033,1,anti,count,frozen,0.5177726369727683,0.5163765227833987,0.0,0.1667355290313272,0.16673552903132718,-1.0
200033,1,anti,epistemic,online,0.5099585256678355,0.5365418008053392,0.0,0.1431199083923656,0.12985653555901608,-1.0
200033,1,anti,aleatoric,online,0.5271498134640682,0.5517936354795315,0.0,0.14049686622691265,0.13457885919743423,-1.0
200033,1,anti,total,online,0.5120829944243275,0.5288093576306858,0.0,0.1384990286368903,0.1296134000893584,-1.0
200033,1,anti,point,online,0.5308550609270238,0.5421933239911997,0.0,0.14029728632093522,0.1311138808898253,-1.0
200033,1,anti,shuffled,online,0.5686024137794736,0.5513908700770503,0.0,0.14354389112836582,0.13289295967833545,-1.0
200033,1,anti,uniform,online,0.49391200434786525,0.5479911152018522,0.0,0.14232893916631564,0.13445851905628453,-1.0
200033,1,anti,count,online,0.5332756336014555,0.5422375190723168,0.0,0.13657989368250859,0.12584661376168485,-1.0
200033,2,aligned,epistemic,frozen,0.639284226682645,0.5848074891184694,0.0,0.170536520100447,0.17053652010044704,1.0
200033,2,aligned,aleatoric,frozen,0.573263281223707,0.5158272684258514,0.0,0.170536520100447,0.17053652010044704,1.0
200033,2,aligned,total,frozen,0.6249199341251803,0.6124261941244797,0.0,0.170536520100447,0.17053652010044704,1.0
200033,2,aligned,point,frozen,0.5594135729421978,0.5226794496094064,0.0,0.170536520100447,0.17053652010044704,1.0
200033,2,aligned,shuffled,frozen,0.5183834320246763,0.5152009274131787,0.0,0.170536520100447,0.17053652010044704,1.0
200033,2,aligned,uniform,frozen,0.5145612725179183,0.5184628175817908,0.0,0.170536520100447,0.17053652010044704,1.0
200033,2,aligned,count,frozen,0.5548887406447092,0.5755406615186847,0.0,0.170536520100447,0.17053652010044704,1.0
200033,2,aligned,epistemic,online,0.5639091317668359,0.5612587576799546,0.0,0.14485837991803988,0.13113964127378996,1.0
200033,2,aligned,aleatoric,online,0.6152202181985171,0.6072505675010313,0.0,0.1474983004697173,0.1341533600038439,1.0
200033,2,aligned,total,online,0.6028699669562706,0.6232992653289333,0.0,0.14837487908068403,0.1353821203398279,1.0
200033,2,aligned,point,online,0.5989963089145618,0.6268796501081774,0.0,0.14513438388452696,0.13185959596229538,1.0
200033,2,aligned,shuffled,online,0.5554444425433456,0.5591977768272675,0.0,0.15303611376392762,0.1385507361106151,1.0
200033,2,aligned,uniform,online,0.5921543916592029,0.5595775840018709,0.0,0.1490762997342925,0.13812133467227314,1.0
200033,2,aligned,count,online,0.5655916789352461,0.5996043352264131,0.0,0.14632037185789412,0.12886493232993337,1.0
200033,2,decorrelated,epistemic,frozen,0.5666012517502411,0.5178082562952007,0.0,0.16194826732689432,0.1619482673268943,0.027972027972027972
200033,2,decorrelated,aleatoric,frozen,0.5506147120343785,0.5830845078505144,0.0,0.16194826732689432,0.1619482673268943,0.027972027972027972
200033,2,decorrelated,total,frozen,0.5734512710609472,0.5709307314717298,0.0,0.16194826732689432,0.1619482673268943,0.027972027972027972
200033,2,decorrelated,point,frozen,0.5531032368629294,0.5256740546195647,0.0,0.16194826732689432,0.1619482673268943,0.027972027972027972
200033,2,decorrelated,shuffled,frozen,0.5581980082884959,0.5580609525000718,0.0,0.16194826732689432,0.1619482673268943,0.027972027972027972
200033,2,decorrelated,uniform,frozen,0.5588580862625018,0.5488023941481359,0.0,0.16194826732689432,0.1619482673268943,0.027972027972027972
200033,2,decorrelated,count,frozen,0.5492615490176794,0.5629855010300765,0.0,0.16194826732689432,0.1619482673268943,0.027972027972027972
200033,2,decorrelated,epistemic,online,0.5411360335634907,0.5413875954988787,0.0,0.13125196281658763,0.12198148116764453,0.027972027972027972
200033,2,decorrelated,aleatoric,online,0.5399818960534642,0.5423163102473121,0.0,0.13268947643852907,0.12135885052145161,0.027972027972027972
200033,2,decorrelated,total,online,0.5630949061119741,0.5549966340739967,0.0,0.12892326847352864,0.11774827146099824,0.027972027972027972
200033,2,decorrelated,point,online,0.5511450761367622,0.600533126848634,0.0,0.1339139332978779,0.11796333259736753,0.027972027972027972
200033,2,decorrelated,shuffled,online,0.5446648771477285,0.5972282964756925,0.0,0.1295562213088954,0.12029238805883068,0.027972027972027972
200033,2,decorrelated,uniform,online,0.6225417690941561,0.6209436139086426,0.0,0.1292896094159992,0.11764318801658989,0.027972027972027972
200033,2,decorrelated,count,online,0.55525859308975,0.5934486581145302,0.0,0.12995439731737085,0.12049709125223107,0.027972027972027972
200033,2,anti,epistemic,frozen,0.4107157733173551,0.46519251088153063,0.21875,0.20208466270858128,0.20208466270858128,-1.0
200033,2,anti,aleatoric,frozen,0.4767367187762931,0.5341727315741487,0.225,0.20208466270858128,0.20208466270858128,-1.0
200033,2,anti,total,frozen,0.4250800658748197,0.43757380587552036,0.25,0.20208466270858128,0.20208466270858128,-1.0
200033,2,anti,point,frozen,0.4905864270578023,0.5273205503905937,0.175,0.20208466270858128,0.20208466270858128,-1.0
200033,2,anti,shuffled,frozen,0.5316165679753236,0.5347990725868212,0.09375,0.20208466270858128,0.20208466270858128,-1.0
200033,2,anti,uniform,frozen,0.5354387274820818,0.5315371824182092,0.10625,0.20208466270858128,0.20208466270858128,-1.0
200033,2,anti,count,frozen,0.4951112593552908,0.4744593384813154,0.1375,0.20208466270858128,0.20208466270858128,-1.0
200033,2,anti,epistemic,online,0.5014664897235219,0.5395335346201636,0.13125,0.1699296564151295,0.1537509557698394,-1.0
200033,2,anti,aleatoric,online,0.4728067936478123,0.4767141756746701,0.26875,0.16705822306773713,0.14680758728463797,-1.0
200033,2,anti,total,online,0.5197347042407234,0.5727773698827433,0.16875,0.1610958337293819,0.1544654583505539,-1.0
200033,2,anti,point,online,0.49098158572714024,0.47716991912127665,0.16875,0.16359271994912933,0.14619494641238587,-1.0
200033,2,anti,shuffled,online,0.5579584423660291,0.5336872013259985,0.1125,0.15824904714603805,0.14473492631663085,-1.0
200033,2,anti,uniform,online,0.4997196095864876,0.5160382157013689,0.15,0.16911944796422057,0.15081802245927164,-1.0
200033,2,anti,count,online,0.5293967867696627,0.5181864048733384,0.125,0.15979141017626713,0.1507012917238985,-1.0
200033,3,aligned,epistemic,frozen,0.6606983691956542,0.675718635306593,0.04375,0.19932102081676345,0.19932102081676342,1.0
200033,3,aligned,aleatoric,frozen,0.6500490335391473,0.6228552366221148,0.075,0.19932102081676345,0.19932102081676342,1.0
200033,3,aligned,total,frozen,0.6557283627311984,0.6117643093896016,0.03125,0.19932102081676345,0.19932102081676342,1.0
200033,3,aligned,point,frozen,0.5566852289009466,0.5760557147226912,0.15625,0.19932102081676345,0.19932102081676342,1.0
200033,3,aligned,shuffled,frozen,0.6111590350292672,0.6103043998929865,0.0875,0.19932102081676345,0.19932102081676342,1.0
200033,3,aligned,uniform,frozen,0.475324396915599,0.49819037087273177,0.2625,0.19932102081676345,0.19932102081676342,1.0
200033,3,aligned,count,frozen,0.5464138549241196,0.5462561972463329,0.1375,0.19932102081676345,0.19932102081676342,1.0
200033,3,aligned,epistemic,online,0.6196636586301951,0.6256558594381622,0.075,0.13693884551017987,0.1199586424933276,1.0
200033,3,aligned,aleatoric,online,0.6508119586259133,0.6712333435296026,0.06875,0.14251144925542875,0.1266398096632527,1.0
200033,3,aligned,total,online,0.6009576699034375,0.62546044040982,0.1,0.13770540330049186,0.12910439068877216,1.0
200033,3,aligned,point,online,0.5878123152366138,0.600894749760349,0.1125,0.13743235027358974,0.12345637185116311,1.0
200033,3,aligned,shuffled,online,0.5907904072640358,0.6033613837520304,0.06875,0.1484604057542126,0.13740932326395777,1.0
200033,3,aligned,uniform,online,0.581616196001203,0.6169101881843366,0.0375,0.1392750957758415,0.13997352418421607,1.0
200033,3,aligned,count,online,0.57279765691282,0.5597667997439932,0.1125,0.13747375754334462,0.11766149576334378,1.0
200033,3,decorrelated,epistemic,frozen,0.5113348330871781,0.5187304403766608,0.04375,0.20807411037609774,0.20807411037609772,0.04195804195804196
200033,3,decorrelated,aleatoric,frozen,0.4972371733079277,0.4642923308005155,0.075,0.20807411037609774,0.20807411037609772,0.04195804195804196
200033,3,decorrelated,total,frozen,0.5042937680236704,0.5187286930164445,0.03125,0.20807411037609774,0.20807411037609772,0.04195804195804196
200033,3,decorrelated,point,frozen,0.5318060339800432,0.5517090240432745,0.15625,0.20807411037609774,0.20807411037609772,0.04195804195804196
200033,3,decorrelated,shuffled,frozen,0.4987965707378389,0.4687958143533953,0.0875,0.20807411037609774,0.20807411037609772,0.04195804195804196
200033,3,decorrelated,uniform,frozen,0.5145621566955829,0.5052108696810237,0.2625,0.20807411037609774,0.20807411037609772,0.04195804195804196
200033,3,decorrelated,count,frozen,0.5118805730445314,0.5287097001750194,0.1375,0.20807411037609774,0.20807411037609772,0.04195804195804196
200033,3,decorrelated,epistemic,online,0.5192420370449327,0.5526469719602256,0.0875,0.19041288117776087,0.17621867579950623,0.04195804195804196
200033,3,decorrelated,aleatoric,online,0.49944635902578155,0.4910523015221545,0.08125,0.19919968336580351,0.17581593697726625,0.04195804195804196
200033,3,decorrelated,total,online,0.5063883676369191,0.5301119400381232,0.11875,0.18638675659784507,0.17670592516530978,0.04195804195804196
200033,3,decorrelated,point,online,0.4977470061020588,0.4980165783216922,0.125,0.18937138300067938,0.17770139156913392,0.04195804195804196
200033,3,decorrelated,shuffled,online,0.5291967954994424,0.5303652861575167,0.09375,0.18411617889057613,0.17438836784562559,0.04195804195804196
200033,3,decorrelated,uniform,online,0.5391762674798793,0.5646146871327083,0.0375,0.1868573223395265,0.17590910079948804,0.04195804195804196
200033,3,decorrelated,count,online,0.5138381407681564,0.493066457826016,0.14375,0.18655230739124723,0.17586134697296663,0.04195804195804196
200033,3,anti,epistemic,frozen,0.3893016308043459,0.374281364693407,0.45625,0.22140524165329495,0.2214052416532949,-1.0
200033,3,anti,aleatoric,frozen,0.39995096646085276,0.4271447633778852,0.525,0.22140524165329495,0.2214052416532949,-1.0
200033,3,anti,total,frozen,0.3942716372688017,0.43823569061039847,0.4875,0.22140524165329495,0.2214052416532949,-1.0
200033,3,anti,point,frozen,0.4933147710990534,0.4739442852773087,0.2625,0.22140524165329495,0.2214052416532949,-1.0
200033,3,anti,shuffled,frozen,0.4388409649707327,0.43969560010701353,0.35,0.22140524165329495,0.2214052416532949,-1.0
200033,3,anti,uniform,frozen,0.5746756030844009,0.5518096291272683,0.125,0.22140524165329495,0.2214052416532949,-1.0
200033,3,anti,count,frozen,0.5035861450758803,0.503743802753667,0.225,0.22140524165329495,0.2214052416532949,-1.0
200033,3,anti,epistemic,online,0.4846648686568261,0.48902313464535163,0.2375,0.1882017939135626,0.1531592397307738,-1.0
200033,3,anti,aleatoric,online,0.45329474344325404,0.4821584990091387,0.39375,0.21509389315839336,0.16216420545273927,-1.0
200033,3,anti,total,online,0.5056137965379817,0.5333124515595021,0.1875,0.17820390805358288,0.14544490368305443,-1.0
200033,3,anti,point,online,0.5108296351309548,0.5453941358104647,0.1625,0.17933730791016772,0.14971731406657116,-1.0
200033,3,anti,shuffled,online,0.5302096656187409,0.5810459921798495,0.2125,0.16760473415613486,0.1363532061342558,-1.0
200033,3,anti,uniform,online,0.497189034316175,0.5059452722788331,0.125,0.17011892166770765,0.13896805596659864,-1.0
200033,3,anti,count,online,0.5394383088116056,0.5622708284254306,0.1375,0.16295499264030583,0.14412269690113297,-1.0
200034,1,aligned,epistemic,frozen,0.5943145242903899,0.5603967908865378,0.0,0.16810404401222961,0.1681040440122296,1.0
200034,1,aligned,aleatoric,frozen,0.5970929355304525,0.5643131698703309,0.0,0.16810404401222961,0.1681040440122296,1.0
200034,1,aligned,total,frozen,0.6160396090050279,0.593859824368957,0.0,0.16810404401222961,0.1681040440122296,1.0
200034,1,aligned,point,frozen,0.5338724233668579,0.566571333403918,0.0,0.16810404401222961,0.1681040440122296,1.0
200034,1,aligned,shuffled,frozen,0.5305702561010543,0.5352210537324439,0.0,0.16810404401222961,0.1681040440122296,1.0
200034,1,aligned,uniform,frozen,0.5256974285137025,0.5257620096022911,0.0,0.16810404401222961,0.1681040440122296,1.0
200034,1,aligned,count,frozen,0.5191418162657857,0.5343863846562995,0.0,0.16810404401222961,0.1681040440122296,1.0
200034,1,aligned,epistemic,online,0.5823212521287537,0.5640519721239148,0.0,0.1561426629988789,0.14896686827031036,1.0
200034,1,aligned,aleatoric,online,0.6515270048211965,0.6344838118335685,0.0,0.158241618318053,0.15274982199025003,1.0
200034,1,aligned,total,online,0.5834352990204572,0.6138246096621065,0.0,0.1547470299822455,0.15437481205566728,1.0
200034,1,aligned,point,online,0.5289239769175288,0.5546487772332214,0.0,0.14973259705138586,0.13871648628086644,1.0
200034,1,aligned,shuffled,online,0.5697193611721253,0.6072925015067728,0.0,0.1492219282441573,0.15058999765850634,1.0
200034,1,aligned,uniform,online,0.4847567380006931,0.507474521859643,0.0,0.15369412761871062,0.14021199981592766,1.0
200034,1,aligned,count,online,0.5448403806251234,0.525502948840155,0.0,0.15191875051503229,0.1390066858026672,1.0
200034,1,decorrelated,epistemic,frozen,0.5351539531525941,0.5518014047309506,0.0,0.16593949035083158,0.16593949035083158,0.006993006993006993
200034,1,decorrelated,aleatoric,frozen,0.5302527697785927,0.5258477367982379,0.0,0.16593949035083158,0.16593949035083158,0.006993006993006993
200034,1,decorrelated,total,frozen,0.5644212653652163,0.5700467607804989,0.0,0.16593949035083158,0.16593949035083158,0.006993006993006993
200034,1,decorrelated,point,frozen,0.5232013941185363,0.5375334772698112,0.0,0.16593949035083158,0.16593949035083158,0.006993006993006993
200034,1,decorrelated,shuffled,frozen,0.5232871914636953,0.5167421156927381,0.0,0.16593949035083158,0.16593949035083158,0.006993006993006993
200034,1,decorrelated,uniform,frozen,0.5710266187203004,0.5560475748819107,0.0,0.16593949035083158,0.16593949035083158,0.006993006993006993
200034,1,decorrelated,count,frozen,0.5332228900049683,0.5443587497977305,0.0,0.16593949035083158,0.16593949035083158,0.006993006993006993
200034,1,decorrelated,epistemic,online,0.5816180611814787,0.568130498279746,0.0,0.13373790200674673,0.12383408291636872,0.006993006993006993
200034,1,decorrelated,aleatoric,online,0.600604396135367,0.5715629697220825,0.0,0.13426042344511543,0.12755212212250597,0.006993006993006993
200034,1,decorrelated,total,online,0.59681261070078,0.5895663990335281,0.0,0.13563454727701188,0.12931230543941377,0.006993006993006993
200034,1,decorrelated,point,online,0.5795519399571166,0.600375762420926,0.0,0.13399471947680067,0.1298756192624518,0.006993006993006993
200034,1,decorrelated,shuffled,online,0.5623844060287986,0.5787262583759132,0.0,0.14033537600852525,0.12779575322335,0.006993006993006993
200034,1,decorrelated,uniform,online,0.5797991972321297,0.560447478733671,0.0,0.1348930393581868,0.12430418023280897,0.006993006993006993
200034,1,decorrelated,count,online,0.5437929568694302,0.5433508467372372,0.0,0.13707834374407674,0.12365015111428017,0.006993006993006993
200034,1,anti,epistemic,frozen,0.4556854757096101,0.4896032091134622,0.1875,0.16307295850230716,0.16307295850230716,-1.0
200034,1,anti,aleatoric,frozen,0.4529070644695475,0.4856868301296691,0.25625,0.16307295850230716,0.16307295850230716,-1.0
200034,1,anti,total,frozen,0.43396039099497213,0.4561401756310429,0.3125,0.16307295850230716,0.16307295850230716,-1.0
200034,1,anti,point,frozen,0.5161275766331419,0.483428666596082,0.14375,0.16307295850230716,0.16307295850230716,-1.0
200034,1,anti,shuffled,frozen,0.5194297438989457,0.5147789462675562,0.0875,0.16307295850230716,0.16307295850230716,-1.0
200034,1,anti,uniform,frozen,0.5243025714862977,0.5242379903977088,0.1375,0.16307295850230716,0.16307295850230716,-1.0
200034,1,anti,count,frozen,0.5308581837342141,0.5156136153437005,0.08125,0.16307295850230716,0.16307295850230716,-1.0
200034,1,anti,epistemic,online,0.5085203340248062,0.543713335464103,0.125,0.14814147470395767,0.14631865754006299,-1.0
200034,1,anti,aleatoric,online,0.43286268524945726,0.4723297566948763,0.29375,0.16268002814833613,0.13527730134797258,-1.0
200034,1,anti,total,online,0.5092370891953706,0.5411518342740861,0.13125,0.1463847089141074,0.14192067860630933,-1.0
200034,1,anti,point,online,0.5422836579657444,0.5268227911250692,0.0875,0.14664993065142928,0.13985618796761937,-1.0
200034,1,anti,shuffled,online,0.5157254112485815,0.5507492084838223,0.0875,0.15186625085366368,0.13904382595136106,-1.0
200034,1,anti,uniform,online,0.5858111696173706,0.593349348005008,0.04375,0.14768540606766337,0.13543375392821533,-1.0
200034,1,anti,count,online,0.5207092616121791,0.5506820053839073,0.11875,0.14512363718798318,0.13690004440373202,-1.0
200034,2,aligned,epistemic,frozen,0.631752505468722,0.5541230343539685,0.0375,0.17134724910537313,0.17134724910537313,1.0
200034,2,aligned,aleatoric,frozen,0.6161545652182127,0.5663075717106285,0.0875,0.17134724910537313,0.17134724910537313,1.0
200034,2,aligned,total,frozen,0.6101825657707132,0.6130340593557184,0.09375,0.17134724910537313,0.17134724910537313,1.0
200034,2,aligned,point,frozen,0.5378505984621599,0.5607974405364697,0.10625,0.17134724910537313,0.17134724910537313,1.0
200034,2,aligned,shuffled,frozen,0.5555944604990977,0.5480994575150088,0.05,0.17134724910537313,0.17134724910537313,1.0
200034,2,aligned,uniform,frozen,0.5794531198626465,0.5602230644187601,0.075,0.17134724910537313,0.17134724910537313,1.0
200034,2,aligned,count,frozen,0.5244875096069009,0.5529597239313523,0.10625,0.17134724910537313,0.17134724910537313,1.0
200034,2,aligned,epistemic,online,0.6091173477806472,0.6295281176410137,0.0625,0.13278490530992554,0.12318865089595547,1.0
200034,2,aligned,aleatoric,online,0.6190624731286516,0.6068688650697733,0.05,0.1342759204881502,0.12483286426638222,1.0
200034,2,aligned,total,online,0.5777113240320924,0.6183825678635243,0.06875,0.13551619342671023,0.1261690318447727,1.0
200034,2,aligned,point,online,0.5791680324253531,0.5740255764122185,0.0875,0.13368266170704787,0.11361673776585089,1.0
200034,2,aligned,shuffled,online,0.584728135211708,0.5799132341545936,0.1125,0.13439190759662106,0.11627762768644061,1.0
200034,2,aligned,uniform,online,0.5964358811000986,0.6012544080934779,0.08125,0.13598769163063226,0.12257545496957402,1.0
200034,2,aligned,count,online,0.5591287105620546,0.593638460605648,0.09375,0.13266724181676343,0.11750030818802787,1.0
200034,2,decorrelated,epistemic,frozen,0.4676471109822927,0.5099548809106846,0.2875,0.17520045966599726,0.17520045966599726,-0.027972027972027972
200034,2,decorrelated,aleatoric,frozen,0.45712072312346963,0.49243242242452673,0.35,0.17520045966599726,0.17520045966599726,-0.027972027972027972
200034,2,decorrelated,total,frozen,0.48493403858308304,0.47295015762952264,0.225,0.17520045966599726,0.17520045966599726,-0.027972027972027972
200034,2,decorrelated,point,frozen,0.5261912174993328,0.47949480900126495,0.1875,0.17520045966599726,0.17520045966599726,-0.027972027972027972
200034,2,decorrelated,shuffled,frozen,0.48304040267867376,0.4958182539905794,0.19375,0.17520045966599726,0.17520045966599726,-0.027972027972027972
200034,2,decorrelated,uniform,frozen,0.5058105841047972,0.4799726128383421,0.1625,0.17520045966599726,0.17520045966599726,-0.027972027972027972
200034,2,decorrelated,count,frozen,0.5120270792588182,0.47963042084938917,0.1375,0.17520045966599726,0.17520045966599726,-0.027972027972027972
200034,2,decorrelated,epistemic,online,0.5082382180116938,0.5485369669078066,0.2125,0.15289772758019765,0.14358326606219451,-0.027972027972027972
200034,2,decorrelated,aleatoric,online,0.4594713454331769,0.5071703183880626,0.26875,0.17399489654873984,0.15900760783179366,-0.027972027972027972
200034,2,decorrelated,total,online,0.5137987278501759,0.5282844642742421,0.16875,0.15785972145226737,0.14656331693434024,-0.027972027972027972
200034,2,decorrelated,point,online,0.5368914997769247,0.5724685240502702,0.1625,0.15347124193794964,0.13676723333293409,-0.027972027972027972
200034,2,decorrelated,shuffled,online,0.5251280035830964,0.5498075235563865,0.15,0.15225291237645636,0.13993871109528333,-0.027972027972027972
200034,2,decorrelated,uniform,online,0.4893232901425515,0.46953667769496443,0.1375,0.1614038306360423,0.16304433086859618,-0.027972027972027972
200034,2,decorrelated,count,online,0.5218335051415884,0.5314302926691988,0.1375,0.1529691791867595,0.14220978635750947,-0.027972027972027972
200034,2,anti,epistemic,frozen,0.4182474945312781,0.4958769656460317,0.2875,0.19360455117199377,0.1936045511719938,-1.0
200034,2,anti,aleatoric,frozen,0.43384543478178744,0.48369242828937165,0.35,0.19360455117199377,0.1936045511719938,-1.0
200034,2,anti,total,frozen,0.4398174342292867,0.43696594064428157,0.225,0.19360455117199377,0.1936045511719938,-1.0
200034,2,anti,point,frozen,0.51214940153784,0.4892025594635303,0.1875,0.19360455117199377,0.1936045511719938,-1.0
200034,2,anti,shuffled,frozen,0.4944055395009023,0.5019005424849913,0.19375,0.19360455117199377,0.1936045511719938,-1.0
200034,2,anti,uniform,frozen,0.4705468801373535,0.4897769355812399,0.1625,0.19360455117199377,0.1936045511719938,-1.0
200034,2,anti,count,frozen,0.5255124903930991,0.49704027606864776,0.1375,0.19360455117199377,0.1936045511719938,-1.0
200034,2,anti,epistemic,online,0.5030586460253288,0.5491659280464203,0.18125,0.1685414098185479,0.14734415445755075,-1.0
200034,2,anti,aleatoric,online,0.48504190753159565,0.5715587775666994,0.2375,0.1665924244729772,0.13572221737570175,-1.0
200034,2,anti,total,online,0.5145223475228918,0.545869802663262,0.15,0.16747708348453444,0.1443671076229168,-1.0
200034,2,anti,point,online,0.5259619237059596,0.5784028659580336,0.14375,0.1694342609789127,0.14582377937037147,-1.0
200034,2,anti,shuffled,online,0.5113372246919399,0.537371456200054,0.14375,0.16838025964144587,0.1456756820283459,-1.0
200034,2,anti,uniform,online,0.5134203508149863,0.5439364791723115,0.10625,0.1660146650555532,0.146731320327282,-1.0
200034,2,anti,count,online,0.530691032859563,0.5176864425402725,0.13125,0.15969999797068146,0.1384195916957485,-1.0
200034,3,aligned,epistemic,frozen,0.6221982552217178,0.5663527912938603,0.05,0.19157897921058212,0.1915789792105821,1.0
200034,3,aligned,aleatoric,frozen,0.600102640604007,0.5979887098917305,0.075,0.19157897921058212,0.1915789792105821,1.0
200034,3,aligned,total,frozen,0.6139289931361886,0.6064288616533153,0.08125,0.19157897921058212,0.1915789792105821,1.0
200034,3,aligned,point,frozen,0.5188608818476036,0.5121760041176536,0.09375,0.19157897921058212,0.1915789792105821,1.0
200034,3,aligned,shuffled,frozen,0.4895838512565479,0.5512184590675062,0.19375,0.19157897921058212,0.1915789792105821,1.0
200034,3,aligned,uniform,frozen,0.5235892156343631,0.5565791803003446,0.15625,0.19157897921058212,0.1915789792105821,1.0
200034,3,aligned,count,frozen,0.5517362027625721,0.5826269762809497,0.11875,0.19157897921058212,0.1915789792105821,1.0
200034,3,aligned,epistemic,online,0.5781024325162706,0.5648118269732623,0.0875,0.16574442435167974,0.15967481970858263,1.0
200034,3,aligned,aleatoric,online,0.6174122552239945,0.5914357804927988,0.0625,0.1638540859198448,0.14789742091256305,1.0
200034,3,aligned,total,online,0.5829587128021456,0.5891545434195786,0.06875,0.16924243459571925,0.15671238773594612,1.0
200034,3,aligned,point,online,0.5731598727586376,0.5527355338242407,0.075,0.17236427893236503,0.15647950264004748,1.0
200034,3,aligned,shuffled,online,0.5471344905691549,0.5767052967413017,0.0875,0.176641736155706,0.1682538955137448,1.0
200034,3,aligned,uniform,online,0.5300292152033059,0.5733968231890623,0.05,0.17081382238711498,0.15574002245872492,1.0
200034,3,aligned,count,online,0.5587778543578851,0.568486049509338,0.09375,0.16254985860623314,0.1465809386011435,1.0
200034,3,decorrelated,epistemic,frozen,0.5641299898420582,0.5754994855293398,0.0,0.17054228533954932,0.17054228533954932,0.04195804195804196
200034,3,decorrelated,aleatoric,frozen,0.555697652759044,0.5812734602099646,0.0,0.17054228533954932,0.17054228533954932,0.04195804195804196
200034,3,decorrelated,total,frozen,0.5435139522649332,0.5438735998318763,0.0,0.17054228533954932,0.17054228533954932,0.04195804195804196
200034,3,decorrelated,point,frozen,0.5150738166249462,0.5376512939166836,0.0,0.17054228533954932,0.17054228533954932,0.04195804195804196
200034,3,decorrelated,shuffled,frozen,0.5412761974057136,0.5439073301106039,0.0,0.17054228533954932,0.17054228533954932,0.04195804195804196
200034,3,decorrelated,uniform,frozen,0.5293010023687564,0.5132527547789129,0.0,0.17054228533954932,0.17054228533954932,0.04195804195804196
200034,3,decorrelated,count,frozen,0.533792338181502,0.54107217728394,0.0,0.17054228533954932,0.17054228533954932,0.04195804195804196
200034,3,decorrelated,epistemic,online,0.5374448925704046,0.5360021686779461,0.0,0.1657497107477543,0.1590786896138178,0.04195804195804196
200034,3,decorrelated,aleatoric,online,0.5480539853432076,0.5453649710188422,0.0,0.16707388407143953,0.16632228501756738,0.04195804195804196
200034,3,decorrelated,total,online,0.5389693988821634,0.5480583150242426,0.0,0.16687212446659708,0.15841245275913024,0.04195804195804196
200034,3,decorrelated,point,online,0.5245448437915923,0.5108048050465495,0.0,0.16665901329041782,0.16234101961827854,0.04195804195804196
200034,3,decorrelated,shuffled,online,0.5318866059251594,0.5380858503009712,0.0,0.16682118864451573,0.16322056855306585,0.04195804195804196
200034,3,decorrelated,uniform,online,0.5699103533357806,0.5246612659553762,0.0,0.17157532878186316,0.16275860314119525,0.04195804195804196
200034,3,decorrelated,count,online,0.5249406596872507,0.5110271321681007,0.0,0.16780043456686622,0.16000090074247703,0.04195804195804196
200034,3,anti,epistemic,frozen,0.42780174477828226,0.4836472087061397,0.4125,0.18248930740353073,0.18248930740353073,-1.0
200034,3,anti,aleatoric,frozen,0.44989735939599296,0.45201129010826946,0.4,0.18248930740353073,0.18248930740353073,-1.0
200034,3,anti,total,frozen,0.4360710068638113,0.4435711383466847,0.30625,0.18248930740353073,0.18248930740353073,-1.0
200034,3,anti,point,frozen,0.5311391181523964,0.5378239958823464,0.275,0.18248930740353073,0.18248930740353073,-1.0
200034,3,anti,shuffled,frozen,0.560416148743452,0.49878154093249377,0.1875,0.18248930740353073,0.18248930740353073,-1.0
200034,3,anti,uniform,frozen,0.5264107843656369,0.4934208196996554,0.2875,0.18248930740353073,0.18248930740353073,-1.0
200034,3,anti,count,frozen,0.4982637972374279,0.46737302371905026,0.25,0.18248930740353073,0.18248930740353073,-1.0
200034,3,anti,epistemic,online,0.5545397580644913,0.6039843107325934,0.20625,0.14054596525109744,0.1155349679507129,-1.0
200034,3,anti,aleatoric,online,0.4919543924686076,0.5367498216203508,0.3,0.14751416006464776,0.11217495498614248,-1.0
200034,3,anti,total,online,0.5137188053327553,0.5977563562579199,0.2125,0.16171471725321176,0.1140057135646713,-1.0
200034,3,anti,point,online,0.5494289818503485,0.5732286541258215,0.2125,0.14394921516784007,0.1122126725932981,-1.0
200034,3,anti,shuffled,online,0.5619937134582446,0.568250062286835,0.18125,0.1381210338679925,0.11171794774481462,-1.0
200034,3,anti,uniform,online,0.565541663209143,0.5845929539288262,0.13125,0.13311880680146077,0.11016637515870083,-1.0
200034,3,anti,count,online,0.5331232649516526,0.5894768189529148,0.1375,0.1412007937943452,0.11540419240850773,-1.0
200035,1,aligned,epistemic,frozen,0.5763367366658979,0.5529718938160388,0.05,0.18260668558090112,0.1826066855809011,1.0
200035,1,aligned,aleatoric,frozen,0.5593870834726573,0.5745030956813244,0.05625,0.18260668558090112,0.1826066855809011,1.0
200035,1,aligned,total,frozen,0.5417847973623744,0.5202358344270488,0.09375,0.18260668558090112,0.1826066855809011,1.0
200035,1,aligned,point,frozen,0.5308639548167539,0.5431216068376503,0.13125,0.18260668558090112,0.1826066855809011,1.0
200035,1,aligned,shuffled,frozen,0.5107069262779764,0.5358248433199752,0.1375,0.18260668558090112,0.1826066855809011,1.0
200035,1,aligned,uniform,frozen,0.540779762120809,0.5290776440483388,0.075,0.18260668558090112,0.1826066855809011,1.0
200035,1,aligned,count,frozen,0.5063492449173485,0.5004277288926356,0.125,0.18260668558090112,0.1826066855809011,1.0
200035,1,aligned,epistemic,online,0.5524967899908648,0.5235085627297723,0.09375,0.15417149830901522,0.1444894680939672,1.0
200035,1,aligned,aleatoric,online,0.5511405703176206,0.4784416651258092,0.075,0.15405324779670404,0.1441382297016761,1.0
200035,1,aligned,total,online,0.5627277435179315,0.5260781409820952,0.05,0.15416518700991025,0.1461282454092756,1.0
200035,1,aligned,point,online,0.5407964713005009,0.5020932816922778,0.075,0.15551859346667007,0.14725791988225792,1.0
200035,1,aligned,shuffled,online,0.5404520535085467,0.5246061932048904,0.04375,0.15726140114008785,0.14578305476785414,1.0
200035,1,aligned,uniform,online,0.5448250257035292,0.576811618581854,0.1,0.15661541092184827,0.15161911290494193,1.0
200035,1,aligned,count,online,0.5487608535575492,0.5579435816563303,0.075,0.1514862942071853,0.1503746150797065,1.0
200035,1,decorrelated,epistemic,frozen,0.5235445280588032,0.5491676261781432,0.1625,0.1892248789301496,0.1892248789301496,0.04195804195804196
200035,1,decorrelated,aleatoric,frozen,0.49886658503048437,0.5171960954867868,0.1875,0.1892248789301496,0.1892248789301496,0.04195804195804196
200035,1,decorrelated,total,frozen,0.49165909815042735,0.509898208696421,0.175,0.1892248789301496,0.1892248789301496,0.04195804195804196
200035,1,decorrelated,point,frozen,0.49480587425899963,0.4997637820360801,0.15625,0.1892248789301496,0.1892248789301496,0.04195804195804196
200035,1,decorrelated,shuffled,frozen,0.49715493590972304,0.4929466520913019,0.175,0.1892248789301496,0.1892248789301496,0.04195804195804196
200035,1,decorrelated,uniform,frozen,0.4965280699234036,0.5127208258196772,0.2125,0.1892248789301496,0.1892248789301496,0.04195804195804196
200035,1,decorrelated,count,frozen,0.509572933313186,0.5434594144856773,0.15,0.1892248789301496,0.1892248789301496,0.04195804195804196
200035,1,decorrelated,epistemic,online,0.527716042651229,0.5485329838953655,0.1125,0.15765764668194587,0.14115631016118182,0.04195804195804196
200035,1,decorrelated,aleatoric,online,0.5465845673803648,0.549820059822221,0.11875,0.15665498878223166,0.13850916365694285,0.04195804195804196
200035,1,decorrelated,total,online,0.5341973831457547,0.541464146830229,0.13125,0.15480272255719804,0.13902749888010082,0.04195804195804196
200035,1,decorrelated,point,online,0.5175493400025193,0.4891478384361509,0.1375,0.16185923666999144,0.1429000060779797,0.04195804195804196
200035,1,decorrelated,shuffled,online,0.5469385375598883,0.5893354860739006,0.09375,0.1573490980529735,0.14262447973457384,0.04195804195804196
200035,1,decorrelated,uniform,online,0.46729328376940843,0.48814524466442216,0.21875,0.16846045059976816,0.14730293436450492,0.04195804195804196
200035,1,decorrelated,count,online,0.5261378987501873,0.5612553815488021,0.15,0.1572480324934007,0.1366643242112137,0.04195804195804196
200035,1,anti,epistemic,frozen,0.4736632633341021,0.4970281061839611,0.0,0.18110585475902782,0.18110585475902782,-1.0
200035,1,anti,aleatoric,frozen,0.4906129165273427,0.47549690431867564,0.0,0.18110585475902782,0.18110585475902782,-1.0
200035,1,anti,total,frozen,0.5082152026376255,0.5297641655729513,0.0,0.18110585475902782,0.18110585475902782,-1.0
200035,1,anti,point,frozen,0.5191360451832461,0.5068783931623497,0.0,0.18110585475902782,0.18110585475902782,-1.0
200035,1,anti,shuffled,frozen,0.5392930737220236,0.5141751566800249,0.0,0.18110585475902782,0.18110585475902782,-1.0
200035,1,anti,uniform,frozen,0.5092202378791908,0.5209223559516613,0.0,0.18110585475902782,0.18110585475902782,-1.0
200035,1,anti,count,frozen,0.5436507550826516,0.5495722711073643,0.0,0.18110585475902782,0.18110585475902782,-1.0
200035,1,anti,epistemic,online,0.5024407849827418,0.5379856505709558,0.0,0.16306121499266196,0.15764389208557458,-1.0
200035,1,anti,aleatoric,online,0.5117934747561532,0.5804421440220573,0.0,0.1688743015140585,0.15340463189156953,-1.0
200035,1,anti,total,online,0.5019651724047562,0.5273253666335023,0.0,0.16393954784984896,0.1521807001006838,-1.0
200035,1,anti,point,online,0.5218497157591543,0.5530586027013185,0.0,0.1622600568531751,0.1511735783951819,-1.0
200035,1,anti,shuffled,online,0.5269085497397084,0.5590261824043807,0.0,0.15984872071758685,0.14767852795434708,-1.0
200035,1,anti,uniform,online,0.5210853664538686,0.4973473562373778,0.0,0.15950289002624302,0.15544792617451206,-1.0
200035,1,anti,count,online,0.5150497591987395,0.5127879796910989,0.0,0.1609124758370561,0.15487465226903552,-1.0
200035,2,aligned,epistemic,frozen,0.5482719206696818,0.5630279985418974,0.0,0.1756197618085296,0.1756197618085296,1.0
200035,2,aligned,aleatoric,frozen,0.5421664016952492,0.5285875885133986,0.0,0.1756197618085296,0.1756197618085296,1.0
200035,2,aligned,total,frozen,0.5401924232451079,0.5469868797910571,0.0,0.1756197618085296,0.1756197618085296,1.0
200035,2,aligned,point,frozen,0.5277199786554256,0.5141109563795403,0.0,0.1756197618085296,0.1756197618085296,1.0
200035,2,aligned,shuffled,frozen,0.524371515627313,0.5380069037165365,0.0,0.1756197618085296,0.1756197618085296,1.0
200035,2,aligned,uniform,frozen,0.5507522336611828,0.5534865786277126,0.0,0.1756197618085296,0.1756197618085296,1.0
200035,2,aligned,count,frozen,0.5093314682804,0.4801731716503948,0.0,0.1756197618085296,0.1756197618085296,1.0
200035,2,aligned,epistemic,online,0.5173130264235183,0.49402917741432295,0.0,0.1666210205761947,0.16189207889487398,1.0
200035,2,aligned,aleatoric,online,0.5419890634233034,0.5479075180396111,0.0,0.17062900845629297,0.17361169865173084,1.0
200035,2,aligned,total,online,0.5245522604714546,0.5122221352181671,0.0,0.1668084022210346,0.16259456462504943,1.0
200035,2,aligned,point,online,0.5188280138235715,0.5602971054341085,0.0,0.16511074065647863,0.1651548665882734,1.0
200035,2,aligned,shuffled,online,0.5221638888771848,0.5365974088796,0.0,0.16539750636910316,0.16234603308853998,1.0
200035,2,aligned,uniform,online,0.4942447004166645,0.5534545301883662,0.0,0.16549880270770234,0.1652382171059242,1.0
200035,2,aligned,count,online,0.5142703540553824,0.4947508195384988,0.0,0.1668053509174916,0.16124855449998063,1.0
200035,2,decorrelated,epistemic,frozen,0.5118470333572526,0.508597615376825,0.0,0.19544366934425256,0.19544366934425259,-0.04195804195804196
200035,2,decorrelated,aleatoric,frozen,0.5262036148735314,0.5417963827925628,0.0,0.19544366934425256,0.19544366934425259,-0.04195804195804196
200035,2,decorrelated,total,frozen,0.5262181355608634,0.5385103021997744,0.0,0.19544366934425256,0.19544366934425259,-0.04195804195804196
200035,2,decorrelated,point,frozen,0.5053712392574409,0.49954320922531936,0.0,0.19544366934425256,0.19544366934425259,-0.04195804195804196
200035,2,decorrelated,shuffled,frozen,0.5254155978214208,0.515687289977901,0.0,0.19544366934425256,0.19544366934425259,-0.04195804195804196
200035,2,decorrelated,uniform,frozen,0.4814972291401414,0.465625445445456,0.0,0.19544366934425256,0.19544366934425259,-0.04195804195804196
200035,2,decorrelated,count,frozen,0.5146363989084116,0.5087805572720205,0.0,0.19544366934425256,0.19544366934425259,-0.04195804195804196
200035,2,decorrelated,epistemic,online,0.5355687043058047,0.5345734915964468,0.0,0.16626187702898967,0.1583944117344518,-0.04195804195804196
200035,2,decorrelated,aleatoric,online,0.5553123197747754,0.5672770039984193,0.0,0.16965534275278538,0.1672069428701641,-0.04195804195804196
200035,2,decorrelated,total,online,0.5026455743371546,0.48427850835634345,0.0,0.16484562144001474,0.155674989837827,-0.04195804195804196
200035,2,decorrelated,point,online,0.5193230093222378,0.5387800852218398,0.0,0.16397721725695583,0.15658237875347447,-0.04195804195804196
200035,2,decorrelated,shuffled,online,0.52800202608357,0.5314799796340177,0.0,0.16355753755959107,0.15919886429196414,-0.04195804195804196
200035,2,decorrelated,uniform,online,0.4659387044242679,0.49949981387609127,0.0,0.17497434968680436,0.15693329654661645,-0.04195804195804196
200035,2,decorrelated,count,online,0.5221225142243057,0.5409447610874019,0.0,0.16419151230174855,0.15994844354215562,-0.04195804195804196
200035,2,anti,epistemic,frozen,0.5017280793303183,0.48697200145810254,0.0,0.1665758318724966,0.1665758318724966,-1.0
200035,2,anti,aleatoric,frozen,0.5078335983047507,0.5214124114866014,0.0,0.1665758318724966,0.1665758318724966,-1.0
200035,2,anti,total,frozen,0.509807576754892,0.503013120208943,0.0,0.1665758318724966,0.1665758318724966,-1.0
200035,2,anti,point,frozen,0.5222800213445743,0.5358890436204596,0.0,0.1665758318724966,0.1665758318724966,-1.0
200035,2,anti,shuffled,frozen,0.525628484372687,0.5119930962834636,0.0,0.1665758318724966,0.1665758318724966,-1.0
200035,2,anti,uniform,frozen,0.4992477663388172,0.4965134213722875,0.0,0.1665758318724966,0.1665758318724966,-1.0
200035,2,anti,count,frozen,0.5406685317195998,0.5698268283496052,0.0,0.1665758318724966,0.1665758318724966,-1.0
200035,2,anti,epistemic,online,0.5359743203211499,0.5582597633894814,0.0,0.1578806370439035,0.14981688170477064,-1.0
200035,2,anti,aleatoric,online,0.511966277067774,0.5078482648651244,0.0,0.15722265044416134,0.1560564476343355,-1.0
200035,2,anti,total,online,0.520338046951904,0.5514397567475535,0.0,0.15733081963470685,0.1564360068035633,-1.0
200035,2,anti,point,online,0.5302076085132882,0.49765408081548584,0.0,0.15439549118232443,0.1508081622978542,-1.0
200035,2,anti,shuffled,online,0.5519878311690691,0.5431293760890694,0.0,0.15401308440403932,0.1459947493620243,-1.0
200035,2,anti,uniform,online,0.5631349991370012,0.5352600661895044,0.0,0.1573698372038478,0.15000575706628091,-1.0
200035,2,anti,count,online,0.5400561238266638,0.5598288257216677,0.0,0.15789384335345744,0.15674861141334454,-1.0
200035,3,aligned,epistemic,frozen,0.4875527885812165,0.46440859082395614,0.09375,0.23901020309204374,0.23901020309204377,1.0
200035,3,aligned,aleatoric,frozen,0.47002645979120644,0.4561711116157882,0.0625,0.23901020309204374,0.23901020309204377,1.0
200035,3,aligned,total,frozen,0.4684964750581212,0.46591124978811643,0.1,0.23901020309204374,0.23901020309204377,1.0
200035,3,aligned,point,frozen,0.4707424541197751,0.4320497909550374,0.10625,0.23901020309204374,0.23901020309204377,1.0
200035,3,aligned,shuffled,frozen,0.4484646617025688,0.44537417557061687,0.1375,0.23901020309204374,0.23901020309204377,1.0
200035,3,aligned,uniform,frozen,0.38178257955270445,0.3787691883950147,0.31875,0.23901020309204374,0.23901020309204377,1.0
200035,3,aligned,count,frozen,0.47941745988083645,0.44628735181621215,0.1,0.23901020309204374,0.23901020309204377,1.0
200035,3,aligned,epistemic,online,0.4828218086653262,0.4937657235319204,0.10625,0.21816237204007108,0.19328774426885675,1.0
200035,3,aligned,aleatoric,online,0.4990017975292423,0.4718585988365275,0.075,0.21028412367256707,0.18372199292945268,1.0
200035,3,aligned,total,online,0.48761180176705105,0.5020393478693306,0.0875,0.21706117927831992,0.1949856728504983,1.0
200035,3,aligned,point,online,0.4706958582329793,0.45133317877737006,0.125,0.2216582862776057,0.2054523747504151,1.0
200035,3,aligned,shuffled,online,0.4776271653264475,0.47346819734061835,0.1375,0.21980782385994907,0.2043557513578952,1.0
200035,3,aligned,uniform,online,0.46132945880683585,0.452818594156395,0.13125,0.24249137084447908,0.23103124383158166,1.0
200035,3,aligned,count,online,0.48581804683867,0.4548986981209572,0.125,0.2153922925966419,0.200941578106543,1.0
200035,3,decorrelated,epistemic,frozen,0.5680819734397338,0.6029042794332325,0.0,0.17990532139754165,0.17990532139754165,-0.04895104895104895
200035,3,decorrelated,aleatoric,frozen,0.6339986694522393,0.6173061369031151,0.0,0.17990532139754165,0.17990532139754165,-0.04895104895104895
200035,3,decorrelated,total,frozen,0.5756535656108731,0.5721907041662135,0.0,0.17990532139754165,0.17990532139754165,-0.04895104895104895
200035,3,decorrelated,point,frozen,0.5818595298238044,0.5496441209451343,0.0,0.17990532139754165,0.17990532139754165,-0.04895104895104895
200035,3,decorrelated,shuffled,frozen,0.5483137570282252,0.58010332760183,0.0,0.17990532139754165,0.17990532139754165,-0.04895104895104895
200035,3,decorrelated,uniform,frozen,0.5953874773896495,0.6276320034193086,0.0,0.17990532139754165,0.17990532139754165,-0.04895104895104895
200035,3,decorrelated,count,frozen,0.5619056549004628,0.5987512734094961,0.0,0.17990532139754165,0.17990532139754165,-0.04895104895104895
200035,3,decorrelated,epistemic,online,0.5989419461054348,0.5692736517466046,0.0,0.14247065811141235,0.13460883645207275,-0.04895104895104895
200035,3,decorrelated,aleatoric,online,0.6143744451728013,0.6296559596752921,0.0,0.14751245705684568,0.14820547441505189,-0.04895104895104895
200035,3,decorrelated,total,online,0.6008792719054268,0.6122322439526251,0.0,0.14295710252881508,0.13704647781446802,-0.04895104895104895
200035,3,decorrelated,point,online,0.5985297608263124,0.6083100848052545,0.0,0.14531398027240403,0.13399047927860244,-0.04895104895104895
200035,3,decorrelated,shuffled,online,0.6090844833358371,0.5875689244705866,0.0,0.14172853104780903,0.13621190084526053,-0.04895104895104895
200035,3,decorrelated,uniform,online,0.6686492357136352,0.6732425816839407,0.0,0.15067449303591954,0.14174399542458058,-0.04895104895104895
200035,3,decorrelated,count,online,0.5698588989867801,0.5810126189405023,0.0,0.14344496436506904,0.1334803004977035,-0.04895104895104895
200035,3,anti,epistemic,frozen,0.5624472114187834,0.5855914091760438,0.0,0.15179365298423023,0.1517936529842302,-1.0
200035,3,anti,aleatoric,frozen,0.5799735402087935,0.5938288883842118,0.0,0.15179365298423023,0.1517936529842302,-1.0
200035,3,anti,total,frozen,0.5815035249418787,0.5840887502118836,0.0,0.15179365298423023,0.1517936529842302,-1.0
200035,3,anti,point,frozen,0.5792575458802249,0.6179502090449626,0.0,0.15179365298423023,0.1517936529842302,-1.0
200035,3,anti,shuffled,frozen,0.6015353382974312,0.6046258244293832,0.0,0.15179365298423023,0.1517936529842302,-1.0
200035,3,anti,uniform,frozen,0.6682174204472956,0.6712308116049852,0.0,0.15179365298423023,0.1517936529842302,-1.0
200035,3,anti,count,frozen,0.5705825401191635,0.6037126481837879,0.0,0.15179365298423023,0.1517936529842302,-1.0
200035,3,anti,epistemic,online,0.5641628524619755,0.5575147399147855,0.0,0.11543864209782187,0.11138387523908,-1.0
200035,3,anti,aleatoric,online,0.5600939937239624,0.5777896757081159,0.0,0.12360251388836478,0.11243070221366387,-1.0
200035,3,anti,total,online,0.580524311007552,0.5717297050617146,0.0,0.11353383604647649,0.1043159185276975,-1.0
200035,3,anti,point,online,0.5822595624697889,0.615585463573252,0.0,0.1177548196758936,0.11660737464000666,-1.0
200035,3,anti,shuffled,online,0.5799278723114274,0.5992911070641991,0.0,0.1159242772546621,0.11035985693491708,-1.0
200035,3,anti,uniform,online,0.5928749353945282,0.5826322823672561,0.0,0.12515373955752992,0.10998321606465729,-1.0
200035,3,anti,count,online,0.5770758090223034,0.6350222708973505,0.0,0.11479036914125766,0.11276649343624283,-1.0
200036,1,aligned,epistemic,frozen,0.6124926293180561,0.5929881319235937,0.08125,0.16625545249256807,0.16625545249256804,1.0
200036,1,aligned,aleatoric,frozen,0.5914307376213609,0.5431921362777977,0.075,0.16625545249256807,0.16625545249256804,1.0
200036,1,aligned,total,frozen,0.5868236236040406,0.5385265218452214,0.1,0.16625545249256807,0.16625545249256804,1.0
200036,1,aligned,point,frozen,0.5431002429733377,0.5717043026010968,0.11875,0.16625545249256807,0.16625545249256804,1.0
200036,1,aligned,shuffled,frozen,0.496722637181362,0.48690879857686564,0.1375,0.16625545249256807,0.16625545249256804,1.0
200036,1,aligned,uniform,frozen,0.5131547034676429,0.5214126526517999,0.20625,0.16625545249256807,0.16625545249256804,1.0
200036,1,aligned,count,frozen,0.5391033145373073,0.5311209331215663,0.09375,0.16625545249256807,0.16625545249256804,1.0
200036,1,aligned,epistemic,online,0.586780857721777,0.5585205878041754,0.0625,0.14638232023457212,0.1392798751595993,1.0
200036,1,aligned,aleatoric,online,0.5635318414919589,0.5607198169232694,0.08125,0.14360917762436154,0.13794838089059036,1.0
200036,1,aligned,total,online,0.5780993710385212,0.5787007967826077,0.03125,0.1437260714900163,0.1362014312414387,1.0
200036,1,aligned,point,online,0.5540296208968098,0.5643041451796974,0.09375,0.14503937180469023,0.1370815640665041,1.0
200036,1,aligned,shuffled,online,0.5789301779014766,0.5908530602646379,0.1125,0.14421093355218345,0.13817276771463524,1.0
200036,1,aligned,uniform,online,0.49794882920157785,0.5112593005669426,0.05,0.14993389669602858,0.139115718821237,1.0
200036,1,aligned,count,online,0.5537878010034107,0.5707413255552497,0.0875,0.144783496586258,0.138108322087376,1.0
200036,1,decorrelated,epistemic,frozen,0.5765185540357705,0.5533725720251604,0.08125,0.1722239249543686,0.17222392495436858,0.04195804195804196
200036,1,decorrelated,aleatoric,frozen,0.5870497051038918,0.6072348811017548,0.075,0.1722239249543686,0.17222392495436858,0.04195804195804196
200036,1,decorrelated,total,frozen,0.5873503065839761,0.5214218089465301,0.1,0.1722239249543686,0.17222392495436858,0.04195804195804196
200036,1,decorrelated,point,frozen,0.5244113026387272,0.5478923523060681,0.11875,0.1722239249543686,0.17222392495436858,0.04195804195804196
200036,1,decorrelated,shuffled,frozen,0.5090578048719747,0.5021920841508832,0.1375,0.1722239249543686,0.17222392495436858,0.04195804195804196
200036,1,decorrelated,uniform,frozen,0.5616612247834597,0.5858677618654771,0.20625,0.1722239249543686,0.17222392495436858,0.04195804195804196
200036,1,decorrelated,count,frozen,0.5459103557325452,0.5705100392639002,0.09375,0.1722239249543686,0.17222392495436858,0.04195804195804196
200036,1,decorrelated,epistemic,online,0.5683899649934149,0.5744857860129274,0.0625,0.14204302495703786,0.1362630385362645,0.04195804195804196
200036,1,decorrelated,aleatoric,online,0.5920305780207106,0.6336933433403571,0.0625,0.14458844059378786,0.13870231448624312,0.04195804195804196
200036,1,decorrelated,total,online,0.5948455195420632,0.6067502323986702,0.03125,0.14321236537445833,0.13909691520126696,0.04195804195804196
200036,1,decorrelated,point,online,0.5688820698887295,0.5857899556573394,0.0625,0.1425574778412963,0.13323196979564075,0.04195804195804196
200036,1,decorrelated,shuffled,online,0.5909613810034218,0.5782498626283358,0.1125,0.14190767383970174,0.13631855358579142,0.04195804195804196
200036,1,decorrelated,uniform,online,0.5317955877082732,0.516821412365979,0.0375,0.14568607731227248,0.13642869088103962,0.04195804195804196
200036,1,decorrelated,count,online,0.5692942222668277,0.6302973915589053,0.1,0.14241491682881238,0.13493359027825322,0.04195804195804196
200036,1,anti,epistemic,frozen,0.4375073706819439,0.45701186807640637,0.25625,0.1867007722692179,0.18670077226921789,-1.0
200036,1,anti,aleatoric,frozen,0.45856926237863915,0.5068078637222022,0.23125,0.1867007722692179,0.18670077226921789,-1.0
200036,1,anti,total,frozen,0.4631763763959594,0.5114734781547785,0.23125,0.1867007722692179,0.18670077226921789,-1.0
200036,1,anti,point,frozen,0.5068997570266622,0.4782956973989033,0.075,0.1867007722692179,0.18670077226921789,-1.0
200036,1,anti,shuffled,frozen,0.553277362818638,0.5630912014231344,0.03125,0.1867007722692179,0.18670077226921789,-1.0
200036,1,anti,uniform,frozen,0.536845296532357,0.5285873473482001,0.0875,0.1867007722692179,0.18670077226921789,-1.0
200036,1,anti,count,frozen,0.5108966854626926,0.5188790668784338,0.11875,0.1867007722692179,0.18670077226921789,-1.0
200036,1,anti,epistemic,online,0.4934620075204091,0.5221976953445713,0.13125,0.16667738237287605,0.14997006417886363,-1.0
200036,1,anti,aleatoric,online,0.5019076579141146,0.5128928634974994,0.11875,0.1659888742617026,0.15275337457712942,-1.0
200036,1,anti,total,online,0.4855888419824467,0.47693536298235123,0.13125,0.16608528268106343,0.14925747634626008,-1.0
200036,1,anti,point,online,0.5204491439862521,0.5311248180284892,0.1125,0.16046857142258486,0.14616864221844486,-1.0
200036,1,anti,shuffled,online,0.5236926497195156,0.5072508807286168,0.13125,0.16050797553315987,0.14509640788826705,-1.0
200036,1,anti,uniform,online,0.572469640787072,0.5784910053644641,0.00625,0.16294572405995472,0.15543827220918818,-1.0
200036,1,anti,count,online,0.5278653395447297,0.5711753770037185,0.10625,0.16302562503208723,0.147656642347104,-1.0
200036,2,aligned,epistemic,frozen,0.6272005197303133,0.5984919053988997,0.06875,0.19646622308709352,0.19646622308709352,1.0
200036,2,aligned,aleatoric,frozen,0.5922019237163646,0.5343399259261948,0.09375,0.19646622308709352,0.19646622308709352,1.0
200036,2,aligned,total,frozen,0.647353858340464,0.6136708223304345,0.05625,0.19646622308709352,0.19646622308709352,1.0
200036,2,aligned,point,frozen,0.5331447230215535,0.5134914369899596,0.09375,0.19646622308709352,0.19646622308709352,1.0
200036,2,aligned,shuffled,frozen,0.5800539951603115,0.4948032302365929,0.1375,0.19646622308709352,0.19646622308709352,1.0
200036,2,aligned,uniform,frozen,0.5136280987488258,0.5416050300661605,0.1875,0.19646622308709352,0.19646622308709352,1.0
200036,2,aligned,count,frozen,0.5267826881676111,0.49255704440214954,0.125,0.19646622308709352,0.19646622308709352,1.0
200036,2,aligned,epistemic,online,0.5933031550818473,0.6103413557301854,0.0875,0.14683938272919492,0.1332697902010655,1.0
200036,2,aligned,aleatoric,online,0.6444070172568159,0.6255064115958848,0.05625,0.15232446241669056,0.13584091387747324,1.0
200036,2,aligned,total,online,0.5673208770202045,0.5852337264639879,0.0875,0.15478478639024687,0.1412771007321514,1.0
200036,2,aligned,point,online,0.5844604396114759,0.6007760136674538,0.10625,0.14732720749763262,0.13190911540715436,1.0
200036,2,aligned,shuffled,online,0.5842011152210432,0.6204154507046231,0.125,0.14946240488334664,0.13157024384821087,1.0
200036,2,aligned,uniform,online,0.5523967574610229,0.5598482654237704,0.14375,0.1478322115735155,0.1297949265214045,1.0
200036,2,aligned,count,online,0.5448587920032695,0.5727981142525538,0.1125,0.1515283968828168,0.12924368569309394,1.0
200036,2,decorrelated,epistemic,frozen,0.5886173156183567,0.5981574826613659,0.0,0.16178032623183664,0.1617803262318366,-0.04195804195804196
200036,2,decorrelated,aleatoric,frozen,0.5917992234976495,0.5774921767855246,0.0,0.16178032623183664,0.1617803262318366,-0.04195804195804196
200036,2,decorrelated,total,frozen,0.6140055893002518,0.5922985633104462,0.0,0.16178032623183664,0.1617803262318366,-0.04195804195804196
200036,2,decorrelated,point,frozen,0.572669208399598,0.5489611613490697,0.0,0.16178032623183664,0.1617803262318366,-0.04195804195804196
200036,2,decorrelated,shuffled,frozen,0.5169182528049412,0.5150243242482515,0.0,0.16178032623183664,0.1617803262318366,-0.04195804195804196
200036,2,decorrelated,uniform,frozen,0.5558306761229012,0.5804119247561038,0.0,0.16178032623183664,0.1617803262318366,-0.04195804195804196
200036,2,decorrelated,count,frozen,0.5733229286186521,0.5624353878079524,0.0,0.16178032623183664,0.1617803262318366,-0.04195804195804196
200036,2,decorrelated,epistemic,online,0.5947231189348655,0.6113220586164975,0.0,0.13032240011435064,0.12282595160333006,-0.04195804195804196
200036,2,decorrelated,aleatoric,online,0.6068660907964258,0.5857300948462495,0.0,0.1326487150144001,0.12542607745719145,-0.04195804195804196
200036,2,decorrelated,total,online,0.5933191886361528,0.6197520032820705,0.0,0.133788843583992,0.12492967269690376,-0.04195804195804196
200036,2,decorrelated,point,online,0.5793859357621743,0.5846960834244364,0.0,0.1305836650026067,0.1231407933526908,-0.04195804195804196
200036,2,decorrelated,shuffled,online,0.5751519436843342,0.6131332611040595,0.0,0.13421202917017472,0.1240755152387006,-0.04195804195804196
200036,2,decorrelated,uniform,online,0.576037312613437,0.611712780236573,0.0,0.13354278010260587,0.13241428123262525,-0.04195804195804196
200036,2,decorrelated,count,online,0.5669617706985222,0.5920547250233474,0.0,0.13300018984063883,0.1254792252520948,-0.04195804195804196
200036,2,anti,epistemic,frozen,0.4227994802696868,0.4515080946011003,0.34375,0.201549418361963,0.20154941836196297,-1.0
200036,2,anti,aleatoric,frozen,0.45779807628363545,0.5156600740738051,0.33125,0.201549418361963,0.20154941836196297,-1.0
200036,2,anti,total,frozen,0.4026461416595361,0.4363291776695656,0.4125,0.201549418361963,0.20154941836196297,-1.0
200036,2,anti,point,frozen,0.5168552769784465,0.5365085630100405,0.19375,0.201549418361963,0.20154941836196297,-1.0
200036,2,anti,shuffled,frozen,0.4699460048396884,0.555196769763407,0.2375,0.201549418361963,0.20154941836196297,-1.0
200036,2,anti,uniform,frozen,0.5363719012511743,0.5083949699338396,0.20625,0.201549418361963,0.20154941836196297,-1.0
200036,2,anti,count,frozen,0.5232173118323888,0.5574429555978504,0.18125,0.201549418361963,0.20154941836196297,-1.0
200036,2,anti,epistemic,online,0.5294309758114137,0.5356261640346623,0.1875,0.15531919917179168,0.12313207707363327,-1.0
200036,2,anti,aleatoric,online,0.49805909207257837,0.5334168970757726,0.29375,0.16666631805272297,0.12991202007785752,-1.0
200036,2,anti,total,online,0.5162872278152785,0.5533009790825038,0.175,0.15970788077905454,0.12702505393581634,-1.0
200036,2,anti,point,online,0.5298236863806851,0.5463021722723495,0.15,0.15437417947297988,0.131151756769559,-1.0
200036,2,anti,shuffled,online,0.5399758274490672,0.5463164791413158,0.16875,0.1552499407077037,0.12752895472995782,-1.0
200036,2,anti,uniform,online,0.5246269102460979,0.5276513552693496,0.05625,0.1582863390130806,0.1411434421476999,-1.0
200036,2,anti,count,online,0.5397620407942963,0.5476895909889006,0.1375,0.15602049500008136,0.13040729132215353,-1.0
200036,3,aligned,epistemic,frozen,0.655875210284212,0.6200088166875606,0.0625,0.1891841603483698,0.18918416034836982,1.0
200036,3,aligned,aleatoric,frozen,0.6279158088096717,0.5496319673527893,0.075,0.1891841603483698,0.18918416034836982,1.0
200036,3,aligned,total,frozen,0.6382275296502291,0.6147883919416582,0.0625,0.1891841603483698,0.18918416034836982,1.0
200036,3,aligned,point,frozen,0.568806250022966,0.5584066842465305,0.09375,0.1891841603483698,0.18918416034836982,1.0
200036,3,aligned,shuffled,frozen,0.5431675608105324,0.5640255343430924,0.08125,0.1891841603483698,0.18918416034836982,1.0
200036,3,aligned,uniform,frozen,0.5519371745512498,0.5475682254282968,0.1125,0.1891841603483698,0.18918416034836982,1.0
200036,3,aligned,count,frozen,0.5341973613702831,0.533667261627466,0.14375,0.1891841603483698,0.18918416034836982,1.0
200036,3,aligned,epistemic,online,0.6026791950155601,0.5887259390032805,0.0625,0.14761662135240272,0.13040528104108184,1.0
200036,3,aligned,aleatoric,online,0.6624860987748619,0.6130729294181564,0.0625,0.15188030733119726,0.14051619023197257,1.0
200036,3,aligned,total,online,0.6176254602400834,0.571698220128448,0.09375,0.14751964404241305,0.1324622530997176,1.0
200036,3,aligned,point,online,0.5823676569795657,0.5666892243509662,0.11875,0.15522375577984673,0.13987985965223743,1.0
200036,3,aligned,shuffled,online,0.5803742000077546,0.6218432619709717,0.15,0.1532044274387052,0.12665795692657142,1.0
200036,3,aligned,uniform,online,0.604942890324792,0.6144631254988546,0.04375,0.15672662582195737,0.13436048567415393,1.0
200036,3,aligned,count,online,0.5739715519108773,0.5645024723650188,0.125,0.1467765240825231,0.13774691257879496,1.0
200036,3,decorrelated,epistemic,frozen,0.47616328902024085,0.44989889597673594,0.0875,0.24004804424677245,0.24004804424677248,0.013986013986013986
200036,3,decorrelated,aleatoric,frozen,0.4625630274998212,0.465247352722481,0.08125,0.24004804424677245,0.24004804424677248,0.013986013986013986
200036,3,decorrelated,total,frozen,0.47040360089589495,0.4758247894386621,0.09375,0.24004804424677245,0.24004804424677248,0.013986013986013986
200036,3,decorrelated,point,frozen,0.49085634687142665,0.512364069504218,0.0875,0.24004804424677245,0.24004804424677248,0.013986013986013986
200036,3,decorrelated,shuffled,frozen,0.44730371051280526,0.47243645450718186,0.24375,0.24004804424677245,0.24004804424677248,0.013986013986013986
200036,3,decorrelated,uniform,frozen,0.5134240810920866,0.5115174722710123,0.11875,0.24004804424677245,0.24004804424677248,0.013986013986013986
200036,3,decorrelated,count,frozen,0.48093377839495266,0.5170450377670905,0.1125,0.24004804424677245,0.24004804424677248,0.013986013986013986
200036,3,decorrelated,epistemic,online,0.4929501060567668,0.5037676765876158,0.08125,0.21995923650935492,0.1981108255496562,0.013986013986013986
200036,3,decorrelated,aleatoric,online,0.4847050503903546,0.4929042043704011,0.1,0.2234612075405619,0.206424972750046,0.013986013986013986
200036,3,decorrelated,total,online,0.48323718662677273,0.5095850303251273,0.08125,0.21877901340860867,0.19569087075064817,0.013986013986013986
200036,3,decorrelated,point,online,0.48574785427553613,0.4561094979426663,0.10625,0.21424095878882773,0.19670692602536918,0.013986013986013986
200036,3,decorrelated,shuffled,online,0.462002786655124,0.4465321377316382,0.1375,0.22023056909325706,0.19784795244573758,0.013986013986013986
200036,3,decorrelated,uniform,online,0.49788637774501066,0.4982380830308656,0.1625,0.2171955959482613,0.19306032303814188,0.013986013986013986
200036,3,decorrelated,count,online,0.5032983708543005,0.4774380700948811,0.075,0.21348557483484193,0.20695026702613362,0.013986013986013986
200036,3,anti,epistemic,frozen,0.394124789715788,0.4299911833124395,0.43125,0.2091805453958333,0.2091805453958333,-1.0
200036,3,anti,aleatoric,frozen,0.42208419119032836,0.5003680326472107,0.525,0.2091805453958333,0.2091805453958333,-1.0
200036,3,anti,total,frozen,0.411772470349771,0.4352116080583418,0.4,0.2091805453958333,0.2091805453958333,-1.0
200036,3,anti,point,frozen,0.4811937499770339,0.49159331575346965,0.35625,0.2091805453958333,0.2091805453958333,-1.0
200036,3,anti,shuffled,frozen,0.5068324391894676,0.48597446565690755,0.18125,0.2091805453958333,0.2091805453958333,-1.0
200036,3,anti,uniform,frozen,0.49806282544875025,0.5024317745717032,0.15625,0.2091805453958333,0.2091805453958333,-1.0
200036,3,anti,count,frozen,0.5158026386297169,0.516332738372534,0.20625,0.2091805453958333,0.2091805453958333,-1.0
200036,3,anti,epistemic,online,0.5348630445576846,0.5919465148767145,0.18125,0.16881279840463181,0.12343195243443102,-1.0
200036,3,anti,aleatoric,online,0.48880133099721057,0.5444450923018621,0.3,0.19417680016992117,0.12940733899095505,-1.0
200036,3,anti,total,online,0.5100566178116894,0.5812093627688455,0.23125,0.16728325170394845,0.126121955732522,-1.0
200036,3,anti,point,online,0.553637091976394,0.5717428496851598,0.1875,0.15924956878820093,0.12806530811539338,-1.0
200036,3,anti,shuffled,online,0.5325928450874656,0.5612250381917528,0.20625,0.1676717943089705,0.13763056637419682,-1.0
200036,3,anti,uniform,online,0.4864526549784413,0.5124531087592407,0.275,0.1821972974542361,0.15073118231151064,-1.0
200036,3,anti,count,online,0.5362862673356622,0.5896526597244833,0.1625,0.15898657364821328,0.13473803333806236,-1.0
200037,1,aligned,epistemic,frozen,0.6091362282689328,0.5233756301402768,0.04375,0.18681804488567008,0.1868180448856701,1.0
200037,1,aligned,aleatoric,frozen,0.5045358758540418,0.4866212501790777,0.0625,0.18681804488567008,0.1868180448856701,1.0
200037,1,aligned,total,frozen,0.5922685451208415,0.5456938643486021,0.03125,0.18681804488567008,0.1868180448856701,1.0
200037,1,aligned,point,frozen,0.5026397161014939,0.4940118086132383,0.06875,0.18681804488567008,0.1868180448856701,1.0
200037,1,aligned,shuffled,frozen,0.46514798624347176,0.4778770265500093,0.05,0.18681804488567008,0.1868180448856701,1.0
200037,1,aligned,uniform,frozen,0.5545254776623642,0.5503095084758728,0.03125,0.18681804488567008,0.1868180448856701,1.0
200037,1,aligned,count,frozen,0.529758491624147,0.5470069505312594,0.0875,0.18681804488567008,0.1868180448856701,1.0
200037,1,aligned,epistemic,online,0.5315744992886957,0.5219248932307335,0.06875,0.17476258757093185,0.1680833710747592,1.0
200037,1,aligned,aleatoric,online,0.5289788036083886,0.5547653227109648,0.05,0.173851579312938,0.16477264228589059,1.0
200037,1,aligned,total,online,0.514313822048638,0.480995770396129,0.09375,0.1716931487927112,0.16444257509618918,1.0
200037,1,aligned,point,online,0.48760400688176675,0.5684536401906597,0.08125,0.18028166165407017,0.16933056024039198,1.0
200037,1,aligned,shuffled,online,0.48027066479175434,0.4982957261163724,0.06875,0.17683187693944227,0.1677148967671347,1.0
200037,1,aligned,uniform,online,0.45324063388114233,0.4896500904037822,0.05625,0.1835052222904036,0.1727328968859989,1.0
200037,1,aligned,count,online,0.5242577211449775,0.5629651797829082,0.0625,0.17445458215271742,0.16740825162221026,1.0
200037,1,decorrelated,epistemic,frozen,0.4816202090903829,0.5078100521399528,0.13125,0.17844373904461716,0.17844373904461716,-0.02097902097902098
200037,1,decorrelated,aleatoric,frozen,0.5168807043414155,0.5301600269767374,0.21875,0.17844373904461716,0.17844373904461716,-0.02097902097902098
200037,1,decorrelated,total,frozen,0.4776180331077963,0.4916759544968576,0.125,0.17844373904461716,0.17844373904461716,-0.02097902097902098
200037,1,decorrelated,point,frozen,0.5243841063251015,0.5269570283822723,0.15625,0.17844373904461716,0.17844373904461716,-0.02097902097902098
200037,1,decorrelated,shuffled,frozen,0.4609910203032651,0.46976123235445744,0.49375,0.17844373904461716,0.17844373904461716,-0.02097902097902098
200037,1,decorrelated,uniform,frozen,0.4914739912408049,0.5386406318695657,0.24375,0.17844373904461716,0.17844373904461716,-0.02097902097902098
200037,1,decorrelated,count,frozen,0.5291049838641926,0.5446823841920729,0.10625,0.17844373904461716,0.17844373904461716,-0.02097902097902098
200037,1,decorrelated,epistemic,online,0.5372772871256943,0.5330620333769368,0.14375,0.14403173767780114,0.1347033700249865,-0.02097902097902098
200037,1,decorrelated,aleatoric,online,0.49686127682154096,0.5177868179146513,0.2125,0.1481987550257684,0.1270962711286944,-0.02097902097902098
200037,1,decorrelated,total,online,0.5068918023532824,0.5417551742185347,0.1875,0.14331877863230125,0.12459454844141278,-0.02097902097902098
200037,1,decorrelated,point,online,0.534361599736599,0.5543714824172767,0.175,0.14160266274572658,0.12738325616275928,-0.02097902097902098
200037,1,decorrelated,shuffled,online,0.5270071122549186,0.5198180026240272,0.23125,0.14599670936292036,0.12601583655005108,-0.02097902097902098
200037,1,decorrelated,uniform,online,0.5651673740680964,0.5769176154328463,0.24375,0.14281803067595167,0.13366130810417268,-0.02097902097902098
200037,1,decorrelated,count,online,0.5411340880336033,0.534681312681443,0.09375,0.1450773532984842,0.12820420767700177,-0.02097902097902098
200037,1,anti,epistemic,frozen,0.44086377173106717,0.5266243698597232,0.0,0.15370941652177278,0.1537094165217728,-1.0
200037,1,anti,aleatoric,frozen,0.5454641241459581,0.5633787498209223,0.0,0.15370941652177278,0.1537094165217728,-1.0
200037,1,anti,total,frozen,0.4577314548791585,0.5043061356513979,0.0,0.15370941652177278,0.1537094165217728,-1.0
200037,1,anti,point,frozen,0.5473602838985061,0.5559881913867618,0.0,0.15370941652177278,0.1537094165217728,-1.0
200037,1,anti,shuffled,frozen,0.5848520137565283,0.5721229734499909,0.0,0.15370941652177278,0.1537094165217728,-1.0
200037,1,anti,uniform,frozen,0.49547452233763584,0.49969049152412726,0.0,0.15370941652177278,0.1537094165217728,-1.0
200037,1,anti,count,frozen,0.520241508375853,0.5029930494687406,0.0,0.15370941652177278,0.1537094165217728,-1.0
200037,1,anti,epistemic,online,0.5213202174650303,0.5423764572606734,0.0,0.13422330182420988,0.1347243709668419,-1.0
200037,1,anti,aleatoric,online,0.5401121114571243,0.5237133387688904,0.0,0.13075958407115568,0.12420799670194112,-1.0
200037,1,anti,total,online,0.5506479923465474,0.5604569303868981,0.0,0.13420568142959616,0.13263627875439046,-1.0
200037,1,anti,point,online,0.5802894175808762,0.5294215341690146,0.0,0.13763544139768505,0.12498864065470638,-1.0
200037,1,anti,shuffled,online,0.5708011677486338,0.568250297063886,0.0,0.13335570774076272,0.130064710536672,-1.0
200037,1,anti,uniform,online,0.6032490556002335,0.6133285648206466,0.0,0.13568976778382644,0.1430352828456403,-1.0
200037,1,anti,count,online,0.5274492708747449,0.4851486946066889,0.0,0.13269247273588067,0.12309178734142044,-1.0
200037,2,aligned,epistemic,frozen,0.6346265265127655,0.6141347695040548,0.0625,0.17469378593975682,0.17469378593975682,1.0
200037,2,aligned,aleatoric,frozen,0.6054025571144342,0.6054502139381064,0.0625,0.17469378593975682,0.17469378593975682,1.0
200037,2,aligned,total,frozen,0.6440839237580087,0.6240258005698054,0.05,0.17469378593975682,0.17469378593975682,1.0
200037,2,aligned,point,frozen,0.5723872054173527,0.5849153427881488,0.075,0.17469378593975682,0.17469378593975682,1.0
200037,2,aligned,shuffled,frozen,0.5565083172625457,0.5419121871086782,0.11875,0.17469378593975682,0.17469378593975682,1.0
200037,2,aligned,uniform,frozen,0.5182115061802065,0.5678926818838501,0.14375,0.17469378593975682,0.17469378593975682,1.0
200037,2,aligned,count,frozen,0.5285943986435744,0.5419719282056343,0.13125,0.17469378593975682,0.17469378593975682,1.0
200037,2,aligned,epistemic,online,0.6066395998758651,0.6125441462154008,0.1125,0.1277261398834942,0.10399869513007216,1.0
200037,2,aligned,aleatoric,online,0.604726077303418,0.619212157737404,0.06875,0.1278533988817509,0.10883896282359252,1.0
200037,2,aligned,total,online,0.6146414738908356,0.5816412236021624,0.08125,0.12911302083731982,0.10842011596770929,1.0
200037,2,aligned,point,online,0.5437274362271787,0.5581467862284333,0.125,0.12507146560326524,0.10573363253909868,1.0
200037,2,aligned,shuffled,online,0.5803142327130224,0.6630781460254422,0.11875,0.12895976414241556,0.11083671727816935,1.0
200037,2,aligned,uniform,online,0.5240928181536283,0.5683638895331191,0.2,0.13426495774092134,0.10922681122660884,1.0
200037,2,aligned,count,online,0.5587758741109328,0.5624925157295415,0.075,0.1289103209669487,0.10504481293105111,1.0
200037,2,decorrelated,epistemic,frozen,0.5602412187960208,0.5563756029589466,0.0,0.1676045712589676,0.16760457125896763,-0.02097902097902098
200037,2,decorrelated,aleatoric,frozen,0.5470996067777922,0.5167980152855443,0.0,0.1676045712589676,0.16760457125896763,-0.02097902097902098
200037,2,decorrelated,total,frozen,0.5977638972554165,0.5814507568232041,0.0,0.1676045712589676,0.16760457125896763,-0.02097902097902098
200037,2,decorrelated,point,frozen,0.5409782369824363,0.5044859268507244,0.0,0.1676045712589676,0.16760457125896763,-0.02097902097902098
200037,2,decorrelated,shuffled,frozen,0.5479402081090787,0.5533525830981346,0.0,0.1676045712589676,0.16760457125896763,-0.02097902097902098
200037,2,decorrelated,uniform,frozen,0.526059815303219,0.566769906405654,0.0,0.1676045712589676,0.16760457125896763,-0.02097902097902098
200037,2,decorrelated,count,frozen,0.5422254622418039,0.5456332574364952,0.0,0.1676045712589676,0.16760457125896763,-0.02097902097902098
200037,2,decorrelated,epistemic,online,0.5760650020380707,0.5626238856313623,0.0,0.13549973022353806,0.12899415872616884,-0.02097902097902098
200037,2,decorrelated,aleatoric,online,0.5854208844315967,0.5789962927162092,0.0,0.13658959509506044,0.1326850577450101,-0.02097902097902098
200037,2,decorrelated,total,online,0.5573772040352243,0.5851800515473389,0.0,0.13936786918300587,0.1268316598743743,-0.02097902097902098
200037,2,decorrelated,point,online,0.5308901607635992,0.5320051455404224,0.0,0.13754758913616144,0.12787734844051132,-0.02097902097902098
200037,2,decorrelated,shuffled,online,0.5766720869014039,0.5896284786420745,0.0,0.13762180694776788,0.1249100627069716,-0.02097902097902098
200037,2,decorrelated,uniform,online,0.5742667177310473,0.5816764102849877,0.0,0.13538286119941995,0.12698825337755867,-0.02097902097902098
200037,2,decorrelated,count,online,0.5445074453047474,0.5259795135303594,0.0,0.1381554499781122,0.13031278952342043,-0.02097902097902098
200037,2,anti,epistemic,frozen,0.4153734734872344,0.4358652304959453,0.3375,0.19394999228959148,0.19394999228959145,-1.0
200037,2,anti,aleatoric,frozen,0.44459744288556563,0.4445497860618935,0.2875,0.19394999228959148,0.19394999228959145,-1.0
200037,2,anti,total,frozen,0.40591607624199133,0.42597419943019454,0.4125,0.19394999228959148,0.19394999228959145,-1.0
200037,2,anti,point,frozen,0.4776127945826474,0.4650846572118512,0.18125,0.19394999228959148,0.19394999228959145,-1.0
200037,2,anti,shuffled,frozen,0.49349168273745436,0.5080878128913218,0.125,0.19394999228959148,0.19394999228959145,-1.0
200037,2,anti,uniform,frozen,0.5317884938197934,0.48210731811615004,0.175,0.19394999228959148,0.19394999228959145,-1.0
200037,2,anti,count,frozen,0.5214056013564258,0.5080280717943657,0.125,0.19394999228959148,0.19394999228959145,-1.0
200037,2,anti,epistemic,online,0.5112238243112055,0.505583498193155,0.21875,0.16149147807580086,0.13420340278514933,-1.0
200037,2,anti,aleatoric,online,0.5169165563550063,0.5684449227484866,0.175,0.1566677050561896,0.12600633152691007,-1.0
200037,2,anti,total,online,0.5070029376055203,0.5464385302214909,0.14375,0.1672864953915893,0.1432133426266393,-1.0
200037,2,anti,point,online,0.548259961326161,0.5581207754102044,0.075,0.16185449994277543,0.1408562871418734,-1.0
200037,2,anti,shuffled,online,0.5567849691969169,0.5588100525048066,0.1125,0.1630258949321629,0.13852829436598182,-1.0
200037,2,anti,uniform,online,0.6024292308005956,0.5635200664075949,0.11875,0.15970075856765267,0.13633564831726885,-1.0
200037,2,anti,count,online,0.5300744881478673,0.5329126234356165,0.09375,0.16419087367070936,0.1454658978974583,-1.0
200037,3,aligned,epistemic,frozen,0.6683161765936275,0.6097310744485114,0.0,0.18031217701240565,0.18031217701240565,1.0
200037,3,aligned,aleatoric,frozen,0.5994696967512381,0.5527288997354753,0.0,0.18031217701240565,0.18031217701240565,1.0
200037,3,aligned,total,frozen,0.6398259474090491,0.5952485797754722,0.0,0.18031217701240565,0.18031217701240565,1.0
200037,3,aligned,point,frozen,0.5585452386837619,0.6003711270106075,0.0,0.18031217701240565,0.18031217701240565,1.0
200037,3,aligned,shuffled,frozen,0.599924430468531,0.5874512557201523,0.0,0.18031217701240565,0.18031217701240565,1.0
200037,3,aligned,uniform,frozen,0.5525105925955711,0.5729697412601238,0.0,0.18031217701240565,0.18031217701240565,1.0
200037,3,aligned,count,frozen,0.5490391170826945,0.5733972620416192,0.0,0.18031217701240565,0.18031217701240565,1.0
200037,3,aligned,epistemic,online,0.6014581640882819,0.6118388212797633,0.0,0.14410467839712832,0.13050922866867823,1.0
200037,3,aligned,aleatoric,online,0.6142345268636682,0.6085674139370891,0.0,0.1537394969635657,0.1310470225411182,1.0
200037,3,aligned,total,online,0.6123968279952421,0.5926880425061243,0.0,0.13714740784610094,0.1315195724207818,1.0
200037,3,aligned,point,online,0.5717326170413519,0.587568699035303,0.0,0.15541610140303722,0.14070535041685886,1.0
200037,3,aligned,shuffled,online,0.5795775318183155,0.6176272111905357,0.0,0.15499036468564217,0.14123003529715647,1.0
200037,3,aligned,uniform,online,0.5687436837736117,0.5471680309232634,0.0,0.13425719544098896,0.12310735767757909,1.0
200037,3,aligned,count,online,0.5488500205540713,0.601976057168228,0.0,0.14443791904220973,0.12516624856191141,1.0
200037,3,decorrelated,epistemic,frozen,0.5655309501482242,0.5561284514214991,0.0,0.18439771692543755,0.18439771692543752,0.034965034965034975
200037,3,decorrelated,aleatoric,frozen,0.54473020204085,0.5458653824325642,0.0,0.18439771692543755,0.18439771692543752,0.034965034965034975
200037,3,decorrelated,total,frozen,0.5527027017729294,0.5526672578800488,0.0,0.18439771692543755,0.18439771692543752,0.034965034965034975
200037,3,decorrelated,point,frozen,0.5364793964142529,0.5084723436775676,0.0,0.18439771692543755,0.18439771692543752,0.034965034965034975
200037,3,decorrelated,shuffled,frozen,0.5831527686471945,0.5887628144760612,0.0,0.18439771692543755,0.18439771692543752,0.034965034965034975
200037,3,decorrelated,uniform,frozen,0.5582866143108423,0.5576641498561057,0.0,0.18439771692543755,0.18439771692543752,0.034965034965034975
200037,3,decorrelated,count,frozen,0.5232303818738565,0.5126887345399849,0.0,0.18439771692543755,0.18439771692543752,0.034965034965034975
200037,3,decorrelated,epistemic,online,0.5317479583489615,0.5234573483382048,0.0,0.1746218795843642,0.16596622537770087,0.034965034965034975
200037,3,decorrelated,aleatoric,online,0.5412071726308616,0.5166142145257722,0.0,0.17672230155213303,0.16920960028706247,0.034965034965034975
200037,3,decorrelated,total,online,0.5420712350213517,0.539856155302917,0.0,0.1734311824305153,0.16838761401971014,0.034965034965034975
200037,3,decorrelated,point,online,0.520277205258206,0.5219680978431771,0.0,0.1811799098452808,0.17067919518539687,0.034965034965034975
200037,3,decorrelated,shuffled,online,0.5250409706307229,0.5151401297642874,0.0,0.18130233031867388,0.17894380682258773,0.034965034965034975
200037,3,decorrelated,uniform,online,0.5267060318030584,0.5442769395309629,0.0,0.17199306585770732,0.16946471622401602,0.034965034965034975
200037,3,decorrelated,count,online,0.5161804647408096,0.5282739939700367,0.0,0.17270885767554994,0.16646525731812406,0.034965034965034975
200037,3,anti,epistemic,frozen,0.3816838234063725,0.4402689255514887,0.50625,0.21293827712164298,0.21293827712164295,-1.0
200037,3,anti,aleatoric,frozen,0.4505303032487619,0.4972711002645246,0.4,0.21293827712164298,0.21293827712164295,-1.0
200037,3,anti,total,frozen,0.4101740525909509,0.4547514202245278,0.4375,0.21293827712164298,0.21293827712164295,-1.0
200037,3,anti,point,frozen,0.4914547613162382,0.4496288729893926,0.28125,0.21293827712164298,0.21293827712164295,-1.0
200037,3,anti,shuffled,frozen,0.450075569531469,0.46254874427984777,0.2,0.21293827712164298,0.21293827712164295,-1.0
200037,3,anti,uniform,frozen,0.4974894074044289,0.47703025873987637,0.13125,0.21293827712164298,0.21293827712164295,-1.0
200037,3,anti,count,frozen,0.5009608829173056,0.4766027379583807,0.21875,0.21293827712164298,0.21293827712164295,-1.0
200037,3,anti,epistemic,online,0.48845132974856564,0.4855559029203569,0.2,0.18723230404118474,0.17758344164021075,-1.0
200037,3,anti,aleatoric,online,0.47681963204650657,0.5090858184954568,0.29375,0.20671047114507965,0.161552032444195,-1.0
200037,3,anti,total,online,0.48235465751008205,0.5186732864694941,0.2625,0.19758861856582172,0.15978846807605965,-1.0
200037,3,anti,point,online,0.5165523531614659,0.5399917602004672,0.20625,0.1867670682843749,0.1602082105629093,-1.0
200037,3,anti,shuffled,online,0.4935776970068379,0.5294453424821285,0.2875,0.19143201753039002,0.17730858417722353,-1.0
200037,3,anti,uniform,online,0.5265523813433843,0.5718979667562217,0.1,0.17177922786017275,0.15309510484022412,-1.0
200037,3,anti,count,online,0.5079860222613964,0.48366765661801575,0.16875,0.18159150990182488,0.1703139223646353,-1.0
200038,1,aligned,epistemic,frozen,0.5793776242591212,0.5516670320296992,0.1,0.17243515330849127,0.17243515330849124,1.0
200038,1,aligned,aleatoric,frozen,0.5704571988238238,0.5715861093449773,0.06875,0.17243515330849127,0.17243515330849124,1.0
200038,1,aligned,total,frozen,0.5765524035236043,0.5429851883070629,0.06875,0.17243515330849127,0.17243515330849124,1.0
200038,1,aligned,point,frozen,0.5099452958615789,0.527492161105822,0.15,0.17243515330849127,0.17243515330849124,1.0
200038,1,aligned,shuffled,frozen,0.5173962033356212,0.5267463058769808,0.125,0.17243515330849127,0.17243515330849124,1.0
200038,1,aligned,uniform,frozen,0.4436681828347302,0.46971842759417637,0.125,0.17243515330849127,0.17243515330849124,1.0
200038,1,aligned,count,frozen,0.5433929938140063,0.554140569457649,0.09375,0.17243515330849127,0.17243515330849124,1.0
200038,1,aligned,epistemic,online,0.5722191877675626,0.6316356233070674,0.09375,0.15146409821077747,0.1513161105804511,1.0
200038,1,aligned,aleatoric,online,0.5754911897098159,0.5904986983909983,0.0875,0.15684081551141058,0.15757264238114643,1.0
200038,1,aligned,total,online,0.5596175033809077,0.5984740820153434,0.09375,0.15681928067505796,0.1576482602566367,1.0
200038,1,aligned,point,online,0.5101943503981374,0.5374603020696135,0.11875,0.15328018695225584,0.14101935475744745,1.0
200038,1,aligned,shuffled,online,0.518737012819868,0.5362495520388245,0.1,0.15454264138293328,0.1478536096360319,1.0
200038,1,aligned,uniform,online,0.5244191895831918,0.5327743821197837,0.19375,0.15122400396058094,0.13843686805138755,1.0
200038,1,aligned,count,online,0.539132523117319,0.5564369722644121,0.1125,0.15299793690005212,0.14291048103008325,1.0
200038,1,decorrelated,epistemic,frozen,0.5622277810782317,0.5426932039486625,0.0,0.1573754537804304,0.1573754537804304,-0.04895104895104895
200038,1,decorrelated,aleatoric,frozen,0.5615337469284831,0.5552964607176522,0.0,0.1573754537804304,0.1573754537804304,-0.04895104895104895
200038,1,decorrelated,total,frozen,0.5652104392458757,0.5465138266760536,0.0,0.1573754537804304,0.1573754537804304,-0.04895104895104895
200038,1,decorrelated,point,frozen,0.5701860225369122,0.556059220260912,0.0,0.1573754537804304,0.1573754537804304,-0.04895104895104895
200038,1,decorrelated,shuffled,frozen,0.5439325526344211,0.5773613319518155,0.0,0.1573754537804304,0.1573754537804304,-0.04895104895104895
200038,1,decorrelated,uniform,frozen,0.4589813759707099,0.48968646700498686,0.0,0.1573754537804304,0.1573754537804304,-0.04895104895104895
200038,1,decorrelated,count,frozen,0.5282095153965287,0.47752378851148725,0.0,0.1573754537804304,0.1573754537804304,-0.04895104895104895
200038,1,decorrelated,epistemic,online,0.5777469780229729,0.5760599389003308,0.0,0.13560106418904877,0.12790700784324688,-0.04895104895104895
200038,1,decorrelated,aleatoric,online,0.5668137166622531,0.5677522375004754,0.0,0.13781533918056255,0.13031210286531417,-0.04895104895104895
200038,1,decorrelated,total,online,0.5791402906429409,0.5956775077325721,0.0,0.1386068391464029,0.13240941613152582,-0.04895104895104895
200038,1,decorrelated,point,online,0.585645815649558,0.6356707378213289,0.0,0.13473148018427444,0.12623591545836285,-0.04895104895104895
200038,1,decorrelated,shuffled,online,0.5410237684272187,0.576163617620864,0.0,0.13639839882646254,0.12853056106492508,-0.04895104895104895
200038,1,decorrelated,uniform,online,0.6174341683461426,0.5845358265696639,0.0,0.13379261005271123,0.12705435460550302,-0.04895104895104895
200038,1,decorrelated,count,online,0.5690869713513539,0.5850097617921597,0.0,0.1350029994804799,0.12760491213799746,-0.04895104895104895
200038,1,anti,epistemic,frozen,0.4706223757408788,0.4983329679703009,0.2,0.16142289695881468,0.16142289695881465,-1.0
200038,1,anti,aleatoric,frozen,0.47954280117617615,0.4784138906550227,0.1875,0.16142289695881468,0.16142289695881465,-1.0
200038,1,anti,total,frozen,0.4734475964763957,0.507014811692937,0.1375,0.16142289695881468,0.16142289695881465,-1.0
200038,1,anti,point,frozen,0.5400547041384212,0.522507838894178,0.11875,0.16142289695881468,0.16142289695881465,-1.0
200038,1,anti,shuffled,frozen,0.5326037966643788,0.5232536941230193,0.1,0.16142289695881468,0.16142289695881465,-1.0
200038,1,anti,uniform,frozen,0.6063318171652698,0.5802815724058237,0.025,0.16142289695881468,0.16142289695881465,-1.0
200038,1,anti,count,frozen,0.5066070061859937,0.49585943054235104,0.1125,0.16142289695881468,0.16142289695881465,-1.0
200038,1,anti,epistemic,online,0.5025957413146532,0.4930895849965207,0.10625,0.15466630772625858,0.14985911843468624,-1.0
200038,1,anti,aleatoric,online,0.5008499754757046,0.5269852953364876,0.14375,0.15292539161080237,0.14811406804033236,-1.0
200038,1,anti,total,online,0.5077154022708855,0.47414747355707004,0.18125,0.15313652842246805,0.1478798746765045,-1.0
200038,1,anti,point,online,0.5718383462943605,0.5755934493884522,0.06875,0.15338386943221388,0.14854958862586912,-1.0
200038,1,anti,shuffled,online,0.5521192963930168,0.5914052286578653,0.05625,0.15476709371457134,0.15112231371936957,-1.0
200038,1,anti,uniform,online,0.5666070701541265,0.5979131237085337,0.075,0.15077832721030326,0.1449943985539876,-1.0
200038,1,anti,count,online,0.531121143764625,0.5266461061469654,0.10625,0.15241389059455063,0.14769807639170998,-1.0
200038,2,aligned,epistemic,frozen,0.6579815423001404,0.5872639586056474,0.0375,0.16667254355738764,0.16667254355738761,1.0
200038,2,aligned,aleatoric,frozen,0.5961213993928645,0.5690968849553242,0.06875,0.16667254355738764,0.16667254355738761,1.0
200038,2,aligned,total,frozen,0.6345956917367473,0.6117149014909382,0.0625,0.16667254355738764,0.16667254355738761,1.0
200038,2,aligned,point,frozen,0.5672525726213465,0.5748653022314123,0.05625,0.16667254355738764,0.16667254355738761,1.0
200038,2,aligned,shuffled,frozen,0.541946964332011,0.5590841031072846,0.1,0.16667254355738764,0.16667254355738761,1.0
200038,2,aligned,uniform,frozen,0.5501147331451255,0.5615290337478758,0.10625,0.16667254355738764,0.16667254355738761,1.0
200038,2,aligned,count,frozen,0.5425470711285509,0.5628988745204002,0.13125,0.16667254355738764,0.16667254355738761,1.0
200038,2,aligned,epistemic,online,0.6022337340133955,0.5998386848986392,0.0875,0.11355324795348125,0.10353237063041243,1.0
200038,2,aligned,aleatoric,online,0.6128880987341002,0.6008995162123375,0.05625,0.1191741997659618,0.11043856125171699,1.0
200038,2,aligned,total,online,0.6260421609523918,0.628132474528145,0.0625,0.1153792531321324,0.10883256458954739,1.0
200038,2,aligned,point,online,0.5971721449911858,0.6013110808701685,0.08125,0.11931939856789633,0.10833293192202283,1.0
200038,2,aligned,shuffled,online,0.5857306522101047,0.6013059247941165,0.08125,0.11861089338426678,0.11195892582900202,1.0
200038,2,aligned,uniform,online,0.6018717073399291,0.5988856466731743,0.09375,0.11897083170238405,0.11364610574029431,1.0
200038,2,aligned,count,online,0.5681690361101526,0.56923251309579,0.0875,0.12281818217514999,0.1150407016828431,1.0
200038,2,decorrelated,epistemic,frozen,0.42366718581040563,0.4938735766391728,0.475,0.20939273400210318,0.2093927340021032,-0.034965034965034975
200038,2,decorrelated,aleatoric,frozen,0.4482113324849471,0.4688846834658705,0.33125,0.20939273400210318,0.2093927340021032,-0.034965034965034975
200038,2,decorrelated,total,frozen,0.44614286939837056,0.4696440062965318,0.43125,0.20939273400210318,0.2093927340021032,-0.034965034965034975
200038,2,decorrelated,point,frozen,0.48755294205794897,0.5273590969122297,0.2125,0.20939273400210318,0.2093927340021032,-0.034965034965034975
200038,2,decorrelated,shuffled,frozen,0.4711867397894894,0.4804338638985651,0.2,0.20939273400210318,0.2093927340021032,-0.034965034965034975
200038,2,decorrelated,uniform,frozen,0.4547886099040146,0.4641156247762229,0.34375,0.20939273400210318,0.2093927340021032,-0.034965034965034975
200038,2,decorrelated,count,frozen,0.49023521112621077,0.4955313867354004,0.25,0.20939273400210318,0.2093927340021032,-0.034965034965034975
200038,2,decorrelated,epistemic,online,0.4667759902599052,0.4685285736695879,0.325,0.2017530835595939,0.1953472253382498,-0.034965034965034975
200038,2,decorrelated,aleatoric,online,0.45886174770586996,0.49437520451927863,0.33125,0.2024390545403782,0.1970884373483448,-0.034965034965034975
200038,2,decorrelated,total,online,0.4658109347765434,0.49064327976500854,0.30625,0.20493480034437414,0.1945064192188294,-0.034965034965034975
200038,2,decorrelated,point,online,0.49274697683345786,0.4976535650891414,0.28125,0.19939798328922193,0.19126850466925902,-0.034965034965034975
200038,2,decorrelated,shuffled,online,0.4848402889553043,0.5220356836165816,0.2625,0.20244867566489738,0.19446883476975474,-0.034965034965034975
200038,2,decorrelated,uniform,online,0.4534155357230959,0.4585639777795761,0.26875,0.2054474677495614,0.19926466941376145,-0.034965034965034975
200038,2,decorrelated,count,online,0.4885583810169612,0.4726204925646367,0.225,0.1998238931322662,0.1972779410744521,-0.034965034965034975
200038,2,anti,epistemic,frozen,0.39201845769985966,0.4627360413943526,0.4375,0.20968754344377422,0.2096875434437742,-1.0
200038,2,anti,aleatoric,frozen,0.4538786006071355,0.4809031150446758,0.2625,0.20968754344377422,0.2096875434437742,-1.0
200038,2,anti,total,frozen,0.41540430826325264,0.438285098509062,0.36875,0.20968754344377422,0.2096875434437742,-1.0
200038,2,anti,point,frozen,0.48274742737865345,0.47513469776858785,0.15625,0.20968754344377422,0.2096875434437742,-1.0
200038,2,anti,shuffled,frozen,0.5080530356679891,0.4909158968927154,0.1,0.20968754344377422,0.2096875434437742,-1.0
200038,2,anti,uniform,frozen,0.49988526685487455,0.4884709662521242,0.2375,0.20968754344377422,0.2096875434437742,-1.0
200038,2,anti,count,frozen,0.5074529288714491,0.4871011254795998,0.11875,0.20968754344377422,0.2096875434437742,-1.0
200038,2,anti,epistemic,online,0.4760423887508775,0.5364145828585865,0.21875,0.19090227972343599,0.16877579804526302,-1.0
200038,2,anti,aleatoric,online,0.4801466612247639,0.5131899945901844,0.23125,0.1813241538304619,0.16495953677008632,-1.0
200038,2,anti,total,online,0.477093540025872,0.47690258033195115,0.18125,0.1879168527491757,0.16556100446985897,-1.0
200038,2,anti,point,online,0.49444375754089753,0.4817104927916949,0.16875,0.18469452929759772,0.16433953554665576,-1.0
200038,2,anti,shuffled,online,0.5201714204858939,0.5276126072204033,0.14375,0.1804490988996408,0.1641552261050729,-1.0
200038,2,anti,uniform,online,0.4629313696724468,0.49622156166740955,0.16875,0.1944448010352282,0.17344101684096666,-1.0
200038,2,anti,count,online,0.5097955194837923,0.5292743179534686,0.11875,0.18280227247111708,0.16679559024354984,-1.0
200038,3,aligned,epistemic,frozen,0.666411743626831,0.6200655337533554,0.04375,0.17880712178966254,0.17880712178966254,1.0
200038,3,aligned,aleatoric,frozen,0.6408010821724743,0.6388996817131876,0.0875,0.17880712178966254,0.17880712178966254,1.0
200038,3,aligned,total,frozen,0.618836868744504,0.6009592736016353,0.1125,0.17880712178966254,0.17880712178966254,1.0
200038,3,aligned,point,frozen,0.5819513817874433,0.5746702850939817,0.11875,0.17880712178966254,0.17880712178966254,1.0
200038,3,aligned,shuffled,frozen,0.6026114168730319,0.6048955754291925,0.0625,0.17880712178966254,0.17880712178966254,1.0
200038,3,aligned,uniform,frozen,0.5874492330569051,0.5595992873529612,0.18125,0.17880712178966254,0.17880712178966254,1.0
200038,3,aligned,count,frozen,0.5617832780480991,0.5862357180056443,0.0625,0.17880712178966254,0.17880712178966254,1.0
200038,3,aligned,epistemic,online,0.6302668783316699,0.6207197310499911,0.06875,0.14231618640996052,0.12519183232023234,1.0
200038,3,aligned,aleatoric,online,0.6594224602677125,0.6907624328734323,0.05,0.14135596610404494,0.12771071396609915,1.0
200038,3,aligned,total,online,0.5959566749765239,0.5690812803692242,0.05625,0.1431399031333703,0.13091488993820213,1.0
200038,3,aligned,point,online,0.6141745537902188,0.6335376893112199,0.0875,0.14026947060128675,0.13409980194867285,1.0
200038,3,aligned,shuffled,online,0.552543757056273,0.6166155674076533,0.11875,0.15732285164483478,0.13029196170054394,1.0
200038,3,aligned,uniform,online,0.6416995255859917,0.6254115374469753,0.025,0.1396653190422382,0.1309652484010345,1.0
200038,3,aligned,count,online,0.5768480546091285,0.5927104637759271,0.0875,0.13626471473239818,0.12532534475809975,1.0
200038,3,decorrelated,epistemic,frozen,0.4803657274753744,0.4988757779039942,0.04375,0.22323822998026813,0.22323822998026813,-0.02097902097902098
200038,3,decorrelated,aleatoric,frozen,0.45367892442604446,0.4615504136861527,0.0875,0.22323822998026813,0.22323822998026813,-0.02097902097902098
200038,3,decorrelated,total,frozen,0.46809414264161264,0.45473761829138015,0.1125,0.22323822998026813,0.22323822998026813,-0.02097902097902098
200038,3,decorrelated,point,frozen,0.5026267800779622,0.4943298629225551,0.11875,0.22323822998026813,0.22323822998026813,-0.02097902097902098
200038,3,decorrelated,shuffled,frozen,0.48776641503026374,0.5091726589848331,0.0625,0.22323822998026813,0.22323822998026813,-0.02097902097902098
200038,3,decorrelated,uniform,frozen,0.4836353060004912,0.455352662185091,0.18125,0.22323822998026813,0.22323822998026813,-0.02097902097902098
200038,3,decorrelated,count,frozen,0.5149458623716996,0.5396605059274662,0.0625,0.22323822998026813,0.22323822998026813,-0.02097902097902098
200038,3,decorrelated,epistemic,online,0.507637516497683,0.5647685242553006,0.10625,0.19550978447973175,0.15827117856163622,-0.02097902097902098
200038,3,decorrelated,aleatoric,online,0.4869900857460746,0.4798053258825936,0.1,0.20330519071860417,0.17568750472275887,-0.02097902097902098
200038,3,decorrelated,total,online,0.5355767047754167,0.5023870794941565,0.075,0.18279530280802975,0.1546606784173536,-0.02097902097902098
200038,3,decorrelated,point,online,0.5172397932674629,0.46836301834414096,0.14375,0.19349104296028852,0.18609915490358894,-0.02097902097902098
200038,3,decorrelated,shuffled,online,0.5207075326469056,0.5609967975401798,0.125,0.19210258990142337,0.16146152269723993,-0.02097902097902098
200038,3,decorrelated,uniform,online,0.5493490803680764,0.588403378901973,0.03125,0.18255923488610215,0.15531527194855274,-0.02097902097902098
200038,3,decorrelated,count,online,0.5288778318345778,0.5633754071883483,0.1125,0.18501440687280987,0.16574115570965472,-0.02097902097902098
200038,3,anti,epistemic,frozen,0.38358825637316907,0.42993446624664455,0.425,0.21470941096544927,0.21470941096544927,-1.0
200038,3,anti,aleatoric,frozen,0.40919891782752565,0.4111003182868124,0.4625,0.21470941096544927,0.21470941096544927,-1.0
200038,3,anti,total,frozen,0.431163131255496,0.44904072639836484,0.40625,0.21470941096544927,0.21470941096544927,-1.0
200038,3,anti,point,frozen,0.4680486182125566,0.47532971490601844,0.2875,0.21470941096544927,0.21470941096544927,-1.0
200038,3,anti,shuffled,frozen,0.44738858312696805,0.4451044245708077,0.4125,0.21470941096544927,0.21470941096544927,-1.0
200038,3,anti,uniform,frozen,0.4625507669430949,0.4904007126470388,0.35,0.21470941096544927,0.21470941096544927,-1.0
200038,3,anti,count,frozen,0.4882167219519008,0.4637642819943556,0.21875,0.21470941096544927,0.21470941096544927,-1.0
200038,3,anti,epistemic,online,0.4935315669430154,0.5428196650038724,0.26875,0.19909379414911157,0.16540382652375527,-1.0
200038,3,anti,aleatoric,online,0.4582585685718342,0.4612376351670216,0.28125,0.21597630315875255,0.19060149229938975,-1.0
200038,3,anti,total,online,0.45601559381878065,0.5118601301953895,0.24375,0.21012885730362782,0.16320718112732027,-1.0
200038,3,anti,point,online,0.48873646007929245,0.4938866123390101,0.24375,0.19558994810913605,0.17395348280082298,-1.0
200038,3,anti,shuffled,online,0.5127798309120805,0.49451515641922433,0.18125,0.19045197567853375,0.17327693184868367,-1.0
200038,3,anti,uniform,online,0.43940877338856144,0.4710242143283544,0.11875,0.20544883042505271,0.1774200035814215,-1.0
200038,3,anti,count,online,0.507208730785129,0.559317284655289,0.15625,0.1922574367272096,0.17489973221446456,-1.0
200039,1,aligned,epistemic,frozen,0.6365672025517902,0.6199714968604072,0.05625,0.16289919729612953,0.16289919729612953,1.0
200039,1,aligned,aleatoric,frozen,0.6013667047358926,0.5238382190153176,0.05,0.16289919729612953,0.16289919729612953,1.0
200039,1,aligned,total,frozen,0.6380127320083385,0.6165172477668046,0.05625,0.16289919729612953,0.16289919729612953,1.0
200039,1,aligned,point,frozen,0.5562225433880756,0.5316611238156499,0.06875,0.16289919729612953,0.16289919729612953,1.0
200039,1,aligned,shuffled,frozen,0.5033896054163796,0.5030516012097442,0.09375,0.16289919729612953,0.16289919729612953,1.0
200039,1,aligned,uniform,frozen,0.5991030299492992,0.5665692782328147,0.0625,0.16289919729612953,0.16289919729612953,1.0
200039,1,aligned,count,frozen,0.540494950798445,0.5120710222057349,0.0625,0.16289919729612953,0.16289919729612953,1.0
200039,1,aligned,epistemic,online,0.5917718155478368,0.5891002173325368,0.10625,0.13108109341488403,0.13074661841283555,1.0
200039,1,aligned,aleatoric,online,0.6426106012556301,0.6021422989525578,0.03125,0.13049194630267585,0.13271790123745958,1.0
200039,1,aligned,total,online,0.60356249875267,0.6271407092999224,0.0875,0.13098522515652217,0.12349490939666972,1.0
200039,1,aligned,point,online,0.5769218836592407,0.592974739184376,0.09375,0.13531471691330116,0.13159782908779113,1.0
200039,1,aligned,shuffled,online,0.5792443424232795,0.5783147598013441,0.075,0.13373218830066574,0.12557781013165686,1.0
200039,1,aligned,uniform,online,0.5782408393429371,0.5986321433155751,0.0375,0.13447166352616047,0.12372906077706793,1.0
200039,1,aligned,count,online,0.5727126445371057,0.5623633364428722,0.0875,0.13687708607659185,0.12588617064376792,1.0
200039,1,decorrelated,epistemic,frozen,0.5546964567416945,0.5022531657777551,0.125,0.17370951302634105,0.17370951302634105,0.02097902097902098
200039,1,decorrelated,aleatoric,frozen,0.5912137359207097,0.589215605476584,0.09375,0.17370951302634105,0.17370951302634105,0.02097902097902098
200039,1,decorrelated,total,frozen,0.5736654319034928,0.6340901031439771,0.15,0.17370951302634105,0.17370951302634105,0.02097902097902098
200039,1,decorrelated,point,frozen,0.5377341366819532,0.5269190398648999,0.125,0.17370951302634105,0.17370951302634105,0.02097902097902098
200039,1,decorrelated,shuffled,frozen,0.5429627405232547,0.5557161461644669,0.13125,0.17370951302634105,0.17370951302634105,0.02097902097902098
200039,1,decorrelated,uniform,frozen,0.5859076735555346,0.5593661876181335,0.075,0.17370951302634105,0.17370951302634105,0.02097902097902098
200039,1,decorrelated,count,frozen,0.535201424290877,0.533397030411076,0.13125,0.17370951302634105,0.17370951302634105,0.02097902097902098
200039,1,decorrelated,epistemic,online,0.5465908994204753,0.5219303565552458,0.13125,0.14397037941328056,0.1541258928943813,0.02097902097902098
200039,1,decorrelated,aleatoric,online,0.5808642123006648,0.5834022021668306,0.1125,0.1453107112983903,0.13179913770829313,0.02097902097902098
200039,1,decorrelated,total,online,0.5608943543642184,0.5316970571619191,0.11875,0.14050635986687257,0.13512943344587544,0.02097902097902098
200039,1,decorrelated,point,online,0.5381443218517367,0.5087787438285425,0.1125,0.14225420733574795,0.13295476739369028,0.02097902097902098
200039,1,decorrelated,shuffled,online,0.530601368637466,0.5412221382789499,0.13125,0.1431424758840588,0.13771704229447768,0.02097902097902098
200039,1,decorrelated,uniform,online,0.5959425123812112,0.6080416265831898,0.03125,0.133953037653799,0.12605178009397305,0.02097902097902098
200039,1,decorrelated,count,online,0.5509276580327465,0.5781774163229182,0.075,0.14061202967227016,0.12669566656950196,0.02097902097902098
200039,1,anti,epistemic,frozen,0.41343279744820977,0.430028503139593,0.28125,0.19493054836051665,0.19493054836051668,-1.0
200039,1,anti,aleatoric,frozen,0.44863329526410745,0.5261617809846825,0.3,0.19493054836051665,0.19493054836051668,-1.0
200039,1,anti,total,frozen,0.41198726799166147,0.43348275223319543,0.3,0.19493054836051665,0.19493054836051668,-1.0
200039,1,anti,point,frozen,0.4937774566119243,0.5183388761843502,0.1375,0.19493054836051665,0.19493054836051668,-1.0
200039,1,anti,shuffled,frozen,0.5466103945836205,0.5469483987902558,0.09375,0.19493054836051665,0.19493054836051668,-1.0
200039,1,anti,uniform,frozen,0.45089697005070073,0.48343072176718527,0.19375,0.19493054836051665,0.19493054836051668,-1.0
200039,1,anti,count,frozen,0.5095050492015549,0.5379289777942652,0.125,0.19493054836051665,0.19493054836051668,-1.0
200039,1,anti,epistemic,online,0.4988542074031866,0.5139603142419216,0.15,0.17111639032955797,0.16040629641293416,-1.0
200039,1,anti,aleatoric,online,0.46406992867418495,0.5209301409329952,0.275,0.18670257388025038,0.15095768845734509,-1.0
200039,1,anti,total,online,0.4650368897775053,0.4909236169156411,0.2125,0.17195491485635578,0.15267227042578393,-1.0
200039,1,anti,point,online,0.4977506212241824,0.5009506331612379,0.08125,0.16835441136784807,0.15202640919720256,-1.0
200039,1,anti,shuffled,online,0.5044214075720749,0.5087458950948804,0.1,0.1700439758698567,0.15484130723755707,-1.0
200039,1,anti,uniform,online,0.4949906925431614,0.47754378621785387,0.14375,0.17414795804476532,0.16107358293978338,-1.0
200039,1,anti,count,online,0.5033316740361816,0.5408803353516338,0.13125,0.16781663546020822,0.15391633552980824,-1.0
200039,2,aligned,epistemic,frozen,0.6336342100381679,0.6029579992014128,0.0625,0.18617532538236728,0.18617532538236728,1.0
200039,2,aligned,aleatoric,frozen,0.6149222070635819,0.5903847948333535,0.04375,0.18617532538236728,0.18617532538236728,1.0
200039,2,aligned,total,frozen,0.6388374501335473,0.6640632702143254,0.0375,0.18617532538236728,0.18617532538236728,1.0
200039,2,aligned,point,frozen,0.5420165468596941,0.5120870158534716,0.05,0.18617532538236728,0.18617532538236728,1.0
200039,2,aligned,shuffled,frozen,0.512785504085808,0.5291798328661957,0.15,0.18617532538236728,0.18617532538236728,1.0
200039,2,aligned,uniform,frozen,0.5223220856517825,0.5388096786379203,0.16875,0.18617532538236728,0.18617532538236728,1.0
200039,2,aligned,count,frozen,0.5301101471723582,0.5189556837306191,0.10625,0.18617532538236728,0.18617532538236728,1.0
200039,2,aligned,epistemic,online,0.6035467738942017,0.6002670272061812,0.06875,0.14211033836109474,0.1250797501847372,1.0
200039,2,aligned,aleatoric,online,0.6497048392084351,0.6054194485578526,0.05,0.151590110227339,0.1380947478874749,1.0
200039,2,aligned,total,online,0.5912045729638578,0.5815169743938349,0.0625,0.14780184220393838,0.12845437794600145,1.0
200039,2,aligned,point,online,0.5584955620980709,0.5896424013887931,0.0875,0.1490064391136528,0.12643256935746747,1.0
200039,2,aligned,shuffled,online,0.5654806040462311,0.5960188176140326,0.11875,0.14885388095638633,0.12759876246387167,1.0
200039,2,aligned,uniform,online,0.48047631177366545,0.4817798648981462,0.13125,0.15672559061093133,0.13891198802469326,1.0
200039,2,aligned,count,online,0.5729075955031634,0.6358227984620883,0.0625,0.14707850947261714,0.1419816457953025,1.0
200039,2,decorrelated,epistemic,frozen,0.4916542324605581,0.5178061474932256,0.3625,0.21216801078715702,0.21216801078715697,-0.04195804195804196
200039,2,decorrelated,aleatoric,frozen,0.42335846058047866,0.4051443341718315,0.49375,0.21216801078715702,0.21216801078715697,-0.04195804195804196
200039,2,decorrelated,total,frozen,0.4603927983539343,0.440130040617119,0.40625,0.21216801078715702,0.21216801078715697,-0.04195804195804196
200039,2,decorrelated,point,frozen,0.4329347998749681,0.4802585004429373,0.39375,0.21216801078715702,0.21216801078715697,-0.04195804195804196
200039,2,decorrelated,shuffled,frozen,0.5624169721213561,0.5084750983612258,0.2125,0.21216801078715702,0.21216801078715697,-0.04195804195804196
200039,2,decorrelated,uniform,frozen,0.509538925899563,0.47842086017455276,0.25625,0.21216801078715702,0.21216801078715697,-0.04195804195804196
200039,2,decorrelated,count,frozen,0.4815343307589111,0.4952728416996088,0.33125,0.21216801078715702,0.21216801078715697,-0.04195804195804196
200039,2,decorrelated,epistemic,online,0.476643613264935,0.47449488220352104,0.36875,0.20218591392642393,0.17755369247257557,-0.04195804195804196
200039,2,decorrelated,aleatoric,online,0.47518734189872047,0.5302281284764863,0.38125,0.2035049829691112,0.1624016026141946,-0.04195804195804196
200039,2,decorrelated,total,online,0.4836291102306321,0.5031230945705605,0.30625,0.19538704845100371,0.1792149011282015,-0.04195804195804196
200039,2,decorrelated,point,online,0.4997322663634149,0.5170730111251562,0.26875,0.18744062662674899,0.17078851089550603,-0.04195804195804196
200039,2,decorrelated,shuffled,online,0.5318664545213394,0.5729886509547255,0.2625,0.18641560348153546,0.16366551982214303,-0.04195804195804196
200039,2,decorrelated,uniform,online,0.5472110110508867,0.5612873324450569,0.1125,0.18042135890097546,0.1673766639675395,-0.04195804195804196
200039,2,decorrelated,count,online,0.49309291821606493,0.46888169639635463,0.28125,0.18669700618923896,0.20434469989883033,-0.04195804195804196
200039,2,anti,epistemic,frozen,0.41636578996183216,0.4470420007985873,0.30625,0.1897435636964971,0.18974356369649711,-1.0
200039,2,anti,aleatoric,frozen,0.43507779293641813,0.4596152051666465,0.4125,0.1897435636964971,0.18974356369649711,-1.0
200039,2,anti,total,frozen,0.41116254986645273,0.3859367297856745,0.36875,0.1897435636964971,0.18974356369649711,-1.0
200039,2,anti,point,frozen,0.5079834531403058,0.5379129841465284,0.23125,0.1897435636964971,0.18974356369649711,-1.0
200039,2,anti,shuffled,frozen,0.537214495914192,0.5208201671338044,0.0875,0.1897435636964971,0.18974356369649711,-1.0
200039,2,anti,uniform,frozen,0.5276779143482175,0.5111903213620798,0.2,0.1897435636964971,0.18974356369649711,-1.0
200039,2,anti,count,frozen,0.5198898528276418,0.5310443162693811,0.18125,0.1897435636964971,0.18974356369649711,-1.0
200039,2,anti,epistemic,online,0.5150856736354749,0.564864680363865,0.2,0.1527269165954382,0.1145832990345767,-1.0
200039,2,anti,aleatoric,online,0.4900167514397122,0.5467486082502626,0.3125,0.16209770058081593,0.1080857762230793,-1.0
200039,2,anti,total,online,0.4975307776607467,0.5323451507541753,0.23125,0.15390273878195931,0.11124296086479453,-1.0
200039,2,anti,point,online,0.5376497268027871,0.5942530065141142,0.125,0.1445766917443984,0.11662933219432021,-1.0
200039,2,anti,shuffled,online,0.5334095126625843,0.5618825298063644,0.1375,0.1468454719702005,0.11631314047812558,-1.0
200039,2,anti,uniform,online,0.6140206217445503,0.6438896361919706,0.0625,0.1374007375842249,0.13000740157970367,-1.0
200039,2,anti,count,online,0.5389125110058745,0.5397315013030379,0.15625,0.13922566197112046,0.1204987663334029,-1.0
200039,3,aligned,epistemic,frozen,0.6305780155739283,0.6090440983414271,0.05,0.1975070757556614,0.1975070757556614,1.0
200039,3,aligned,aleatoric,frozen,0.6193220631981295,0.5930248410937783,0.05,0.1975070757556614,0.1975070757556614,1.0
200039,3,aligned,total,frozen,0.6206634092638883,0.6097311443717247,0.0875,0.1975070757556614,0.1975070757556614,1.0
200039,3,aligned,point,frozen,0.5471730135451273,0.5550327846774907,0.14375,0.1975070757556614,0.1975070757556614,1.0
200039,3,aligned,shuffled,frozen,0.5226898835849471,0.5103466168047761,0.05625,0.1975070757556614,0.1975070757556614,1.0
200039,3,aligned,uniform,frozen,0.5475347544921305,0.532403800600697,0.11875,0.1975070757556614,0.1975070757556614,1.0
200039,3,aligned,count,frozen,0.5345054650278638,0.5261614806867965,0.1125,0.1975070757556614,0.1975070757556614,1.0
200039,3,aligned,epistemic,online,0.5980866145345184,0.6232814337673183,0.06875,0.1713301782444522,0.15496265843061852,1.0
200039,3,aligned,aleatoric,online,0.6407872924774736,0.6067676938034572,0.05625,0.16915315161056338,0.15896039764523462,1.0
200039,3,aligned,total,online,0.5900215444971387,0.5970105103708463,0.1125,0.16713098761794526,0.15289909414332845,1.0
200039,3,aligned,point,online,0.5555314352284654,0.5313641726416595,0.15,0.16989181623882926,0.1607243569871357,1.0
200039,3,aligned,shuffled,online,0.5600216930738318,0.6181406449653734,0.15,0.17127721837741955,0.15143589562403173,1.0
200039,3,aligned,uniform,online,0.5862083002863777,0.5949258880700681,0.05,0.1608010548518158,0.14552568696339468,1.0
200039,3,aligned,count,online,0.5505191003720942,0.581009817668382,0.10625,0.16145957511219808,0.1423083808358881,1.0
200039,3,decorrelated,epistemic,frozen,0.4029260744500995,0.4506474857293782,0.45625,0.2137989339079609,0.2137989339079609,0.04895104895104895
200039,3,decorrelated,aleatoric,frozen,0.3933922257812283,0.4210299782498027,0.5,0.2137989339079609,0.2137989339079609,0.04895104895104895
200039,3,decorrelated,total,frozen,0.41383810454260334,0.4662396989490453,0.45625,0.2137989339079609,0.2137989339079609,0.04895104895104895
200039,3,decorrelated,point,frozen,0.43426836833126786,0.4158315696052668,0.35,0.2137989339079609,0.2137989339079609,0.04895104895104895
200039,3,decorrelated,shuffled,frozen,0.485828214013967,0.4749178429997272,0.16875,0.2137989339079609,0.2137989339079609,0.04895104895104895
200039,3,decorrelated,uniform,frozen,0.4957466422261749,0.49563455520384103,0.3125,0.2137989339079609,0.2137989339079609,0.04895104895104895
200039,3,decorrelated,count,frozen,0.4791794139331288,0.4799756156377727,0.19375,0.2137989339079609,0.2137989339079609,0.04895104895104895
200039,3,decorrelated,epistemic,online,0.46751255001125236,0.47802705337944323,0.25,0.21738231626504975,0.19003703003862102,0.04895104895104895
200039,3,decorrelated,aleatoric,online,0.4117317103883561,0.4453604164502513,0.3625,0.2338045198815089,0.20456880999118732,0.04895104895104895
200039,3,decorrelated,total,online,0.4809990609416605,0.51761025759007,0.225,0.1998164620005063,0.18441984035939407,0.04895104895104895
200039,3,decorrelated,point,online,0.4612783562448456,0.4506665043475877,0.2,0.20907802571525344,0.19036240072246582,0.04895104895104895
200039,3,decorrelated,shuffled,online,0.4688713681363222,0.45951081878306377,0.175,0.2089809449874352,0.18836296660458587,0.04895104895104895
200039,3,decorrelated,uniform,online,0.5369187273966997,0.5180220703636735,0.1,0.19571021235260547,0.18731509940906543,0.04895104895104895
200039,3,decorrelated,count,online,0.48249431869479575,0.46266454803353624,0.1875,0.19252746656723557,0.18416446747238413,0.04895104895104895
200039,3,anti,epistemic,frozen,0.4194219844260717,0.4409559016585729,0.45625,0.19789135249888481,0.19789135249888481,-1.0
200039,3,anti,aleatoric,frozen,0.4306779368018704,0.4569751589062217,0.5,0.19789135249888481,0.19789135249888481,-1.0
200039,3,anti,total,frozen,0.42933659073611175,0.4402688556282753,0.45625,0.19789135249888481,0.19789135249888481,-1.0
200039,3,anti,point,frozen,0.5028269864548728,0.49496721532250926,0.35,0.19789135249888481,0.19789135249888481,-1.0
200039,3,anti,shuffled,frozen,0.5273101164150529,0.5396533831952238,0.16875,0.19789135249888481,0.19789135249888481,-1.0
200039,3,anti,uniform,frozen,0.5024652455078694,0.5175961993993029,0.3125,0.19789135249888481,0.19789135249888481,-1.0
200039,3,anti,count,frozen,0.5154945349721363,0.5238385193132037,0.19375,0.19789135249888481,0.19789135249888481,-1.0
200039,3,anti,epistemic,online,0.5204545337938351,0.568035554207623,0.275,0.1742753577799256,0.11633941806207966,-1.0
200039,3,anti,aleatoric,online,0.4729146421534014,0.5295791364843961,0.35625,0.18074932511644234,0.13354537071124614,-1.0
200039,3,anti,total,online,0.5399539867820323,0.627029869123154,0.225,0.15372855567781613,0.11281467670654477,-1.0
200039,3,anti,point,online,0.5765990850634043,0.6137651437913542,0.18125,0.15227092916192433,0.11605271453877393,-1.0
200039,3,anti,shuffled,online,0.5904665341210329,0.6322523490401595,0.1625,0.14791020293468665,0.11496774005941514,-1.0
200039,3,anti,uniform,online,0.5041291304714847,0.5465958346301797,0.1,0.1559928227039468,0.12711002318643452,-1.0
200039,3,anti,count,online,0.5666849513326806,0.5874800722128799,0.16875,0.14234934688927808,0.11265777289534433,-1.0
200040,1,aligned,epistemic,frozen,0.609954708721987,0.5686376392752842,0.08125,0.1664262595003578,0.1664262595003578,1.0
200040,1,aligned,aleatoric,frozen,0.5910091846869614,0.584171300191521,0.0875,0.1664262595003578,0.1664262595003578,1.0
200040,1,aligned,total,frozen,0.608102967893343,0.5802385005973975,0.0875,0.1664262595003578,0.1664262595003578,1.0
200040,1,aligned,point,frozen,0.5400545170937658,0.5211146563063908,0.1125,0.1664262595003578,0.1664262595003578,1.0
200040,1,aligned,shuffled,frozen,0.5558299731554392,0.5597558355076009,0.08125,0.1664262595003578,0.1664262595003578,1.0
200040,1,aligned,uniform,frozen,0.5364572143538334,0.5097408885578172,0.0625,0.1664262595003578,0.1664262595003578,1.0
200040,1,aligned,count,frozen,0.5555926277907872,0.5759675745049961,0.1,0.1664262595003578,0.1664262595003578,1.0
200040,1,aligned,epistemic,online,0.580194526728819,0.5989634902198423,0.075,0.14015409189554212,0.13294733315420396,1.0
200040,1,aligned,aleatoric,online,0.5999044004382108,0.607238634404581,0.1,0.1395358605336272,0.13632995117167568,1.0
200040,1,aligned,total,online,0.6215487170617026,0.5788947026653579,0.08125,0.14184953771138367,0.13303161256108267,1.0
200040,1,aligned,point,online,0.571894928207815,0.5760664369826208,0.13125,0.14113064811912657,0.13520484407608646,1.0
200040,1,aligned,shuffled,online,0.591633793902824,0.5837646411027761,0.0875,0.13722219314325282,0.1329955982656875,1.0
200040,1,aligned,uniform,online,0.5828213903443707,0.5620112539481352,0.0375,0.14146951187303464,0.13924967381907682,1.0
200040,1,aligned,count,online,0.5489787958320186,0.59724502489691,0.10625,0.13977978836162466,0.13085683825245217,1.0
200040,1,decorrelated,epistemic,frozen,0.5042883044846411,0.5251446522686725,0.20625,0.17757914134265088,0.17757914134265088,-0.04195804195804196
200040,1,decorrelated,aleatoric,frozen,0.5002291345033993,0.41911338261764286,0.21875,0.17757914134265088,0.17757914134265088,-0.04195804195804196
200040,1,decorrelated,total,frozen,0.5064896944058395,0.482252528951513,0.18125,0.17757914134265088,0.17757914134265088,-0.04195804195804196
200040,1,decorrelated,point,frozen,0.4988876182925951,0.5248991857730643,0.1875,0.17757914134265088,0.17757914134265088,-0.04195804195804196
200040,1,decorrelated,shuffled,frozen,0.4389117826597775,0.4748960406292233,0.38125,0.17757914134265088,0.17757914134265088,-0.04195804195804196
200040,1,decorrelated,uniform,frozen,0.5024425205386309,0.4898193670097991,0.09375,0.17757914134265088,0.17757914134265088,-0.04195804195804196
200040,1,decorrelated,count,frozen,0.48256922593386997,0.4361385911764736,0.18125,0.17757914134265088,0.17757914134265088,-0.04195804195804196
200040,1,decorrelated,epistemic,online,0.5079034468281842,0.48629800540879875,0.18125,0.167926484140301,0.1628790025628231,-0.04195804195804196
200040,1,decorrelated,aleatoric,online,0.5373847248130659,0.5370733331899371,0.1375,0.1664671452248459,0.162693003992283,-0.04195804195804196
200040,1,decorrelated,total,online,0.5178406614048467,0.545744979158329,0.1625,0.1683691523883865,0.16187727172274435,-0.04195804195804196
200040,1,decorrelated,point,online,0.5053959778318474,0.4851881232358174,0.13125,0.16629845746751662,0.162987101673253,-0.04195804195804196
200040,1,decorrelated,shuffled,online,0.5603782071880585,0.5859674403673321,0.09375,0.16595081082846055,0.16150705853037076,-0.04195804195804196
200040,1,decorrelated,uniform,online,0.4837986058223406,0.5190930435013863,0.16875,0.16805051608762664,0.16341731319754943,-0.04195804195804196
200040,1,decorrelated,count,online,0.5220279660074951,0.5161191438606441,0.1125,0.16577203367504972,0.1621209368975258,-0.04195804195804196
200040,1,anti,epistemic,frozen,0.440045291278013,0.48136236072471583,0.25,0.193204562305076,0.193204562305076,-1.0
200040,1,anti,aleatoric,frozen,0.4589908153130387,0.465828699808479,0.175,0.193204562305076,0.193204562305076,-1.0
200040,1,anti,total,frozen,0.44189703210665704,0.4697614994026026,0.2125,0.193204562305076,0.193204562305076,-1.0
200040,1,anti,point,frozen,0.5099454829062342,0.5288853436936092,0.1,0.193204562305076,0.193204562305076,-1.0
200040,1,anti,shuffled,frozen,0.4941700268445608,0.4902441644923991,0.0875,0.193204562305076,0.193204562305076,-1.0
200040,1,anti,uniform,frozen,0.5135427856461664,0.5402591114421827,0.0625,0.193204562305076,0.193204562305076,-1.0
200040,1,anti,count,frozen,0.49440737220921277,0.4740324254950038,0.1,0.193204562305076,0.193204562305076,-1.0
200040,1,anti,epistemic,online,0.4946743076343479,0.4845848720551196,0.13125,0.16586213787900334,0.14700748893662177,-1.0
200040,1,anti,aleatoric,online,0.4908720152103312,0.4913685720190563,0.15625,0.16638953214235544,0.14739108281064278,-1.0
200040,1,anti,total,online,0.47507306190236614,0.5291470502157954,0.125,0.17432517810644174,0.15084943157285016,-1.0
200040,1,anti,point,online,0.5171379306096419,0.5398120848753226,0.11875,0.16413147269430453,0.146994690893422,-1.0
200040,1,anti,shuffled,online,0.49457100337856,0.5225122483067861,0.15,0.16561987503703424,0.14992504903435952,-1.0
200040,1,anti,uniform,online,0.49684266695779994,0.5356860460774827,0.1125,0.16849662285820638,0.1509766987856848,-1.0
200040,1,anti,count,online,0.5136852565622766,0.4785305179459428,0.09375,0.16236331466642212,0.15010639311196391,-1.0
200040,2,aligned,epistemic,frozen,0.623435705757613,0.5838818357397274,0.0,0.18198313248421855,0.18198313248421857,1.0
200040,2,aligned,aleatoric,frozen,0.5978425209093803,0.6157527560308163,0.0,0.18198313248421855,0.18198313248421857,1.0
200040,2,aligned,total,frozen,0.6560110759224231,0.6434962845417597,0.0,0.18198313248421855,0.18198313248421857,1.0
200040,2,aligned,point,frozen,0.5653873881429593,0.5804518085301309,0.0,0.18198313248421855,0.18198313248421857,1.0
200040,2,aligned,shuffled,frozen,0.5373908689273474,0.5214474557748042,0.0,0.18198313248421855,0.18198313248421857,1.0
200040,2,aligned,uniform,frozen,0.5612983227863428,0.543307260013731,0.0,0.18198313248421855,0.18198313248421857,1.0
200040,2,aligned,count,frozen,0.5335063744960618,0.5397427284987861,0.0,0.18198313248421855,0.18198313248421857,1.0
200040,2,aligned,epistemic,online,0.6082302690978266,0.640740296221813,0.0,0.14017793361125203,0.12378236766912709,1.0
200040,2,aligned,aleatoric,online,0.6425594404156241,0.6440300426743881,0.0,0.1489271594703886,0.13540607102631766,1.0
200040,2,aligned,total,online,0.6220748767416112,0.5901032915696841,0.0,0.14864629358006637,0.13484534341786977,1.0
200040,2,aligned,point,online,0.5737856851792946,0.5718715132454845,0.0,0.14325819245788385,0.13154234272993306,1.0
200040,2,aligned,shuffled,online,0.5866015283342,0.6150783280795297,0.0,0.14944771472391977,0.12899924114446068,1.0
200040,2,aligned,uniform,online,0.5355164961714681,0.5306519122474973,0.0,0.15511747819296245,0.13690245616231497,1.0
200040,2,aligned,count,online,0.5540778569531167,0.5683254242622326,0.0,0.14981586245347128,0.12710147146223627,1.0
200040,2,decorrelated,epistemic,frozen,0.564686932937136,0.539351551733812,0.0,0.16763432104870143,0.16763432104870143,0.0
200040,2,decorrelated,aleatoric,frozen,0.5959312140594142,0.573637528548956,0.0,0.16763432104870143,0.16763432104870143,0.0
200040,2,decorrelated,total,frozen,0.5891075327402369,0.6238615164134875,0.0,0.16763432104870143,0.16763432104870143,0.0
200040,2,decorrelated,point,frozen,0.5658140459864451,0.6000781068225558,0.0,0.16763432104870143,0.16763432104870143,0.0
200040,2,decorrelated,shuffled,frozen,0.5564700757806976,0.5331997589664252,0.0,0.16763432104870143,0.16763432104870143,0.0
200040,2,decorrelated,uniform,frozen,0.42980463810140856,0.4699545394702021,0.0,0.16763432104870143,0.16763432104870143,0.0
200040,2,decorrelated,count,frozen,0.5380590533041082,0.5460736217322852,0.0,0.16763432104870143,0.16763432104870143,0.0
200040,2,decorrelated,epistemic,online,0.5422302937084713,0.557385626711378,0.0,0.13887717105875041,0.1317470662321758,0.0
200040,2,decorrelated,aleatoric,online,0.6086742639028208,0.5995895146422873,0.0,0.14097186115183225,0.13051757777668163,0.0
200040,2,decorrelated,total,online,0.5954826693504404,0.5976406451354976,0.0,0.13991066188868304,0.13172580206180926,0.0
200040,2,decorrelated,point,online,0.553159089339488,0.5477861312472767,0.0,0.14006673181427676,0.13605066998095372,0.0
200040,2,decorrelated,shuffled,online,0.5905302861559306,0.5953517043316934,0.0,0.1386923622743718,0.13561630890184986,0.0
200040,2,decorrelated,uniform,online,0.5842637265763042,0.5640002917969232,0.0,0.141087730424296,0.13353951364710115,0.0
200040,2,decorrelated,count,online,0.5660234212722042,0.6133007577651769,0.0,0.14211083301354194,0.1325516028412205,0.0
200040,2,anti,epistemic,frozen,0.426564294242387,0.4661181642602726,0.28125,0.20140652258641217,0.20140652258641215,-1.0
200040,2,anti,aleatoric,frozen,0.4521574790906199,0.43424724396918374,0.35625,0.20140652258641217,0.20140652258641215,-1.0
200040,2,anti,total,frozen,0.3939889240775769,0.4065037154582404,0.3375,0.20140652258641217,0.20140652258641215,-1.0
200040,2,anti,point,frozen,0.4846126118570407,0.4695481914698691,0.26875,0.20140652258641217,0.20140652258641215,-1.0
200040,2,anti,shuffled,frozen,0.5126091310726526,0.5285525442251957,0.29375,0.20140652258641217,0.20140652258641215,-1.0
200040,2,anti,uniform,frozen,0.48870167721365715,0.5066927399862691,0.08125,0.20140652258641217,0.20140652258641215,-1.0
200040,2,anti,count,frozen,0.5164936255039383,0.5102572715012139,0.14375,0.20140652258641217,0.20140652258641215,-1.0
200040,2,anti,epistemic,online,0.5212134566796177,0.5469055122167982,0.125,0.15991588051286004,0.12775914542841596,-1.0
200040,2,anti,aleatoric,online,0.46513844040049646,0.5277559065067701,0.3125,0.17591287767634353,0.12186122434191449,-1.0
200040,2,anti,total,online,0.5021485136583709,0.5367466709244818,0.2125,0.1632155059356728,0.13346121561618257,-1.0
200040,2,anti,point,online,0.5324986913344456,0.5335377322519905,0.14375,0.1537985300091893,0.13662527977223723,-1.0
200040,2,anti,shuffled,online,0.5221444340548415,0.57645541124248,0.19375,0.16228088519101758,0.12841106772736285,-1.0
200040,2,anti,uniform,online,0.5822767121382213,0.6255534941646772,0.1375,0.15434749493486125,0.13828232836803292,-1.0
200040,2,anti,count,online,0.5293575152886678,0.5285014544871511,0.1375,0.15626314998806815,0.13447208589590523,-1.0
200040,3,aligned,epistemic,frozen,0.5903072778662327,0.5593488779497365,0.05625,0.18730749649789233,0.18730749649789236,1.0
200040,3,aligned,aleatoric,frozen,0.5719755378962772,0.5479225148305271,0.1,0.18730749649789233,0.18730749649789236,1.0
200040,3,aligned,total,frozen,0.5832493472942808,0.5323995761742198,0.08125,0.18730749649789233,0.18730749649789236,1.0
200040,3,aligned,point,frozen,0.5421104557259698,0.5458635891489433,0.08125,0.18730749649789233,0.18730749649789236,1.0
200040,3,aligned,shuffled,frozen,0.5764999794177923,0.5752061895526575,0.05,0.18730749649789233,0.18730749649789236,1.0
200040,3,aligned,uniform,frozen,0.5573604591946675,0.5569658253903814,0.0875,0.18730749649789233,0.18730749649789236,1.0
200040,3,aligned,count,frozen,0.536563607925124,0.5235014671079612,0.08125,0.18730749649789233,0.18730749649789236,1.0
200040,3,aligned,epistemic,online,0.5867718187094755,0.5758113272106694,0.06875,0.16257973145861035,0.14516575428137588,1.0
200040,3,aligned,aleatoric,online,0.6064244053208178,0.5951441159810914,0.05625,0.1763415892509094,0.16131232422148492,1.0
200040,3,aligned,total,online,0.6004101148897452,0.6138517530947933,0.05625,0.1728734966310397,0.1608355825799263,1.0
200040,3,aligned,point,online,0.5611429959500537,0.5446988210947451,0.1125,0.17174634740790662,0.15919960398297306,1.0
200040,3,aligned,shuffled,online,0.5532763955840165,0.588793585358131,0.1,0.17377040388157938,0.16090370589334194,1.0
200040,3,aligned,uniform,online,0.5556088448168802,0.5829177296705362,0.1,0.16490776701895798,0.14675981331690152,1.0
200040,3,aligned,count,online,0.5431418133982365,0.5668698478668649,0.0875,0.17210580627730995,0.16027713395369853,1.0
200040,3,decorrelated,epistemic,frozen,0.5044812571153111,0.5140460000738445,0.075,0.20777689606438798,0.20777689606438798,0.027972027972027972
200040,3,decorrelated,aleatoric,frozen,0.46622349123168316,0.466007198230061,0.075,0.20777689606438798,0.20777689606438798,0.027972027972027972
200040,3,decorrelated,total,frozen,0.4948286402523541,0.4831107872936348,0.05625,0.20777689606438798,0.20777689606438798,0.027972027972027972
200040,3,decorrelated,point,frozen,0.4731602511910099,0.500351632706184,0.10625,0.20777689606438798,0.20777689606438798,0.027972027972027972
200040,3,decorrelated,shuffled,frozen,0.5197108359103886,0.5252626448087462,0.06875,0.20777689606438798,0.20777689606438798,0.027972027972027972
200040,3,decorrelated,uniform,frozen,0.47529613954779687,0.47710753921484433,0.0875,0.20777689606438798,0.20777689606438798,0.027972027972027972
200040,3,decorrelated,count,frozen,0.5068837565949638,0.4844037209229132,0.0875,0.20777689606438798,0.20777689606438798,0.027972027972027972
200040,3,decorrelated,epistemic,online,0.48110202430955906,0.48596928797224004,0.11875,0.18992504711209474,0.19560457357166386,0.027972027972027972
200040,3,decorrelated,aleatoric,online,0.48721531115995675,0.5030278589798922,0.08125,0.19784806764655655,0.1694364396752097,0.027972027972027972
200040,3,decorrelated,total,online,0.5147372236007721,0.5384844727765626,0.05,0.1900445539501496,0.1741088076615386,0.027972027972027972
200040,3,decorrelated,point,online,0.4948799134096906,0.5278699629002424,0.11875,0.194198856107529,0.17365286921124,0.027972027972027972
200040,3,decorrelated,shuffled,online,0.47833158034026607,0.5533640024794255,0.13125,0.21185857386246343,0.16723214774058615,0.027972027972027972
200040,3,decorrelated,uniform,online,0.517940731464871,0.5106918934063363,0.10625,0.18000837962843574,0.17025520225862165,0.027972027972027972
200040,3,decorrelated,count,online,0.49988735187611394,0.4622713230480329,0.1,0.17663564502817136,0.17355859289713915,0.027972027972027972
200040,3,anti,epistemic,frozen,0.4596927221337673,0.4906511220502635,0.0,0.202335760560924,0.20233576056092398,-1.0
200040,3,anti,aleatoric,frozen,0.4780244621037227,0.5020774851694728,0.0,0.202335760560924,0.20233576056092398,-1.0
200040,3,anti,total,frozen,0.4667506527057192,0.5176004238257802,0.0,0.202335760560924,0.20233576056092398,-1.0
200040,3,anti,point,frozen,0.5078895442740302,0.5041364108510566,0.0,0.202335760560924,0.20233576056092398,-1.0
200040,3,anti,shuffled,frozen,0.47350002058220764,0.4747938104473425,0.0,0.202335760560924,0.20233576056092398,-1.0
200040,3,anti,uniform,frozen,0.49263954080533257,0.4930341746096186,0.0,0.202335760560924,0.20233576056092398,-1.0
200040,3,anti,count,frozen,0.5134363920748759,0.5264985328920389,0.0,0.202335760560924,0.20233576056092398,-1.0
200040,3,anti,epistemic,online,0.49619529757548325,0.5323114431559366,0.0,0.16608531978250046,0.14629761503958885,-1.0
200040,3,anti,aleatoric,online,0.5021018131678484,0.5773223366734281,0.0,0.17340794401609794,0.12231076839487888,-1.0
200040,3,anti,total,online,0.49523383249194036,0.5092333048697706,0.0,0.16854972866756066,0.1298529489816331,-1.0
200040,3,anti,point,online,0.5366168670546095,0.5815330128931027,0.0,0.15815371880843976,0.12803754742120813,-1.0
200040,3,anti,shuffled,online,0.5208449966204112,0.5154005045358987,0.0,0.15744258397477068,0.12085819206690658,-1.0
200040,3,anti,uniform,online,0.5531209756337847,0.5715241721310537,0.0,0.15470351459496526,0.11786946399030036,-1.0
200040,3,anti,count,online,0.544876940915923,0.5470221232153766,0.0,0.14774819888428042,0.1217190671095683,-1.0
200041,1,aligned,epistemic,frozen,0.5814228352016231,0.5643743673713847,0.09375,0.1637167647584326,0.16371676475843264,1.0
200041,1,aligned,aleatoric,frozen,0.5516030147790619,0.524005872352214,0.125,0.1637167647584326,0.16371676475843264,1.0
200041,1,aligned,total,frozen,0.5728471220590299,0.563439115005404,0.0875,0.1637167647584326,0.16371676475843264,1.0
200041,1,aligned,point,frozen,0.5359477194077178,0.530369379542324,0.1125,0.1637167647584326,0.16371676475843264,1.0
200041,1,aligned,shuffled,frozen,0.5647873509723514,0.5209020592137484,0.0625,0.1637167647584326,0.16371676475843264,1.0
200041,1,aligned,uniform,frozen,0.5307928437698163,0.5546552916078529,0.13125,0.1637167647584326,0.16371676475843264,1.0
200041,1,aligned,count,frozen,0.5364885157578324,0.5162175138548397,0.09375,0.1637167647584326,0.16371676475843264,1.0
200041,1,aligned,epistemic,online,0.5966866974468557,0.5574753610765771,0.06875,0.1468908445588522,0.13818385617596105,1.0
200041,1,aligned,aleatoric,online,0.5674621485000857,0.6110652452110074,0.10625,0.1482332135292568,0.14016041314342922,1.0
200041,1,aligned,total,online,0.5611368091336268,0.5684607125695551,0.04375,0.14591758444943279,0.13905065206722808,1.0
200041,1,aligned,point,online,0.5546654778166855,0.5308953451806178,0.08125,0.1474460399966037,0.1402575069870787,1.0
200041,1,aligned,shuffled,online,0.5463103540244353,0.5661183598084577,0.1,0.14399939926249386,0.13574304013802044,1.0
200041,1,aligned,uniform,online,0.6313624946267805,0.6200572487755919,0.05,0.1482205462980238,0.14198282689447547,1.0
200041,1,aligned,count,online,0.536834738925491,0.5576564234450327,0.1,0.14688132298958237,0.14107999270376473,1.0
200041,1,decorrelated,epistemic,frozen,0.5128841849860832,0.5331092475498261,0.09375,0.18636562819825464,0.18636562819825464,0.04895104895104895
200041,1,decorrelated,aleatoric,frozen,0.4849131338895879,0.5062121683756501,0.125,0.18636562819825464,0.18636562819825464,0.04895104895104895
200041,1,decorrelated,total,frozen,0.5232036356486294,0.5218315974994132,0.0875,0.18636562819825464,0.18636562819825464,0.04895104895104895
200041,1,decorrelated,point,frozen,0.514343801610997,0.5619925041679821,0.1125,0.18636562819825464,0.18636562819825464,0.04895104895104895
200041,1,decorrelated,shuffled,frozen,0.5333025475186383,0.4986646951568643,0.0625,0.18636562819825464,0.18636562819825464,0.04895104895104895
200041,1,decorrelated,uniform,frozen,0.4701544174299121,0.4890649917773054,0.13125,0.18636562819825464,0.18636562819825464,0.04895104895104895
200041,1,decorrelated,count,frozen,0.5136133837266005,0.5220638314190902,0.09375,0.18636562819825464,0.18636562819825464,0.04895104895104895
200041,1,decorrelated,epistemic,online,0.5403820321288436,0.57415516636914,0.08125,0.16277912354536536,0.15171556415406892,0.04895104895104895
200041,1,decorrelated,aleatoric,online,0.4817579689008419,0.5179371685337247,0.15,0.17754279681559604,0.15730476044176275,0.04895104895104895
200041,1,decorrelated,total,online,0.5202106232180073,0.47669842813152086,0.05625,0.16511446058202298,0.16976964774443612,0.04895104895104895
200041,1,decorrelated,point,online,0.5221559745355536,0.5027500927267073,0.1,0.16444664996882757,0.15884893775602463,0.04895104895104895
200041,1,decorrelated,shuffled,online,0.4792820547364013,0.477940595812394,0.1375,0.16405479059855194,0.1618793817402194,0.04895104895104895
200041,1,decorrelated,uniform,online,0.592863586633667,0.6001097982225216,0.06875,0.15981726104572713,0.1731125560571903,0.04895104895104895
200041,1,decorrelated,count,online,0.5230357696174577,0.5179380343488755,0.10625,0.16119993339544111,0.16456894614715967,0.04895104895104895
200041,1,anti,epistemic,frozen,0.46857716479837686,0.48562563262861536,0.33125,0.17947274088640072,0.17947274088640072,-1.0
200041,1,anti,aleatoric,frozen,0.49839698522093806,0.5259941276477861,0.3375,0.17947274088640072,0.17947274088640072,-1.0
200041,1,anti,total,frozen,0.4771528779409701,0.486560884994596,0.325,0.17947274088640072,0.17947274088640072,-1.0
200041,1,anti,point,frozen,0.5140522805922823,0.519630620457676,0.2625,0.17947274088640072,0.17947274088640072,-1.0
200041,1,anti,shuffled,frozen,0.4852126490276486,0.5290979407862515,0.225,0.17947274088640072,0.17947274088640072,-1.0
200041,1,anti,uniform,frozen,0.5192071562301838,0.4953447083921471,0.25,0.17947274088640072,0.17947274088640072,-1.0
200041,1,anti,count,frozen,0.5135114842421676,0.5337824861451603,0.19375,0.17947274088640072,0.17947274088640072,-1.0
200041,1,anti,epistemic,online,0.48806461650521477,0.5453980207173877,0.31875,0.15684837998178142,0.14015772847456276,-1.0
200041,1,anti,aleatoric,online,0.527800609661924,0.5308233095454524,0.2,0.1491812698820174,0.144101037010266,-1.0
200041,1,anti,total,online,0.5159000639155804,0.5110589834825152,0.2375,0.15072691311850414,0.13769831238376054,-1.0
200041,1,anti,point,online,0.5273677927936233,0.5600376127699895,0.20625,0.15073146689201974,0.13979102862875264,-1.0
200041,1,anti,shuffled,online,0.5348242494845499,0.5188529811976027,0.1375,0.15546559149592476,0.14701746462176632,-1.0
200041,1,anti,uniform,online,0.4598740761185932,0.5026882146454714,0.35,0.1658821934950368,0.1465673350068207,-1.0
200041,1,anti,count,online,0.5341363898535747,0.5389958915806121,0.19375,0.1528800408144993,0.14449572890364887,-1.0
200041,2,aligned,epistemic,frozen,0.5981921399391483,0.5410181339749581,0.0,0.17797087149822308,0.17797087149822308,1.0
200041,2,aligned,aleatoric,frozen,0.5668880351683325,0.5837279237545328,0.0,0.17797087149822308,0.17797087149822308,1.0
200041,2,aligned,total,frozen,0.5934322472474072,0.5677385281710302,0.0,0.17797087149822308,0.17797087149822308,1.0
200041,2,aligned,point,frozen,0.5475696338385043,0.528340813510131,0.0,0.17797087149822308,0.17797087149822308,1.0
200041,2,aligned,shuffled,frozen,0.5469587258292229,0.567813890146428,0.0,0.17797087149822308,0.17797087149822308,1.0
200041,2,aligned,uniform,frozen,0.5382692549755876,0.5596036431346973,0.0,0.17797087149822308,0.17797087149822308,1.0
200041,2,aligned,count,frozen,0.5377931907743762,0.5560652578820297,0.0,0.17797087149822308,0.17797087149822308,1.0
200041,2,aligned,epistemic,online,0.5784336820904443,0.5188725525038022,0.0,0.1378851386480709,0.12980817170726117,1.0
200041,2,aligned,aleatoric,online,0.6374162054076868,0.6852450033226678,0.0,0.13643875662385913,0.12434301983028556,1.0
200041,2,aligned,total,online,0.6151731228449256,0.5706057137071255,0.0,0.13641945967534608,0.12233448097257495,1.0
200041,2,aligned,point,online,0.548956769913951,0.5382803368684741,0.0,0.14568596319600388,0.1550893235349078,1.0
200041,2,aligned,shuffled,online,0.561058833561042,0.6154409679803586,0.0,0.14472160968148934,0.1256194830718795,1.0
200041,2,aligned,uniform,online,0.5685063978416276,0.5476151393033,0.0,0.14145744184735692,0.13651664550148704,1.0
200041,2,aligned,count,online,0.5533612828336094,0.5735739307273816,0.0,0.14418030675350463,0.1258765607629654,1.0
200041,2,decorrelated,epistemic,frozen,0.49483532617338694,0.5069377772199255,0.28125,0.19361622906593262,0.1936162290659326,0.04895104895104895
200041,2,decorrelated,aleatoric,frozen,0.4762794106142222,0.47151885108031466,0.26875,0.19361622906593262,0.1936162290659326,0.04895104895104895
200041,2,decorrelated,total,frozen,0.4997972402176452,0.5008024943890468,0.25,0.19361622906593262,0.1936162290659326,0.04895104895104895
200041,2,decorrelated,point,frozen,0.520128285430282,0.5346849060698204,0.175,0.19361622906593262,0.1936162290659326,0.04895104895104895
200041,2,decorrelated,shuffled,frozen,0.48887895380290536,0.4794670345304784,0.25625,0.19361622906593262,0.1936162290659326,0.04895104895104895
200041,2,decorrelated,uniform,frozen,0.5064106300353182,0.4803494832967766,0.18125,0.19361622906593262,0.1936162290659326,0.04895104895104895
200041,2,decorrelated,count,frozen,0.5076047125242736,0.4908767030406379,0.15,0.19361622906593262,0.1936162290659326,0.04895104895104895
200041,2,decorrelated,epistemic,online,0.5027361860443934,0.5656483094928848,0.1875,0.18394999642584225,0.17134902024731447,0.04895104895104895
200041,2,decorrelated,aleatoric,online,0.5028384565348201,0.5238992400607435,0.29375,0.18465661311604598,0.18080451061005717,0.04895104895104895
200041,2,decorrelated,total,online,0.5095667302830589,0.5307695740473574,0.225,0.1815806941308372,0.1718594002146576,0.04895104895104895
200041,2,decorrelated,point,online,0.5077937762140821,0.4977224732713535,0.15,0.17953723104045288,0.1821438000269782,0.04895104895104895
200041,2,decorrelated,shuffled,online,0.5118808782228192,0.5274212583339526,0.1375,0.1791226887349858,0.17739405352441062,0.04895104895104895
200041,2,decorrelated,uniform,online,0.5232386184728947,0.4976284861693253,0.10625,0.17554893120858692,0.18144103505850553,0.04895104895104895
200041,2,decorrelated,count,online,0.5263066289994729,0.47835419934898676,0.10625,0.1760653660594255,0.17844765664663254,0.04895104895104895
200041,2,anti,epistemic,frozen,0.45180786006085166,0.508981866025042,0.40625,0.19288624624287926,0.19288624624287923,-1.0
200041,2,anti,aleatoric,frozen,0.4831119648316674,0.4662720762454672,0.3375,0.19288624624287926,0.19288624624287923,-1.0
200041,2,anti,total,frozen,0.45656775275259276,0.48226147182896983,0.34375,0.19288624624287926,0.19288624624287923,-1.0
200041,2,anti,point,frozen,0.5024303661614955,0.5216591864898691,0.2875,0.19288624624287926,0.19288624624287923,-1.0
200041,2,anti,shuffled,frozen,0.503041274170777,0.48218610985357213,0.34375,0.19288624624287926,0.19288624624287923,-1.0
200041,2,anti,uniform,frozen,0.5117307450244123,0.4903963568653026,0.2625,0.19288624624287926,0.19288624624287923,-1.0
200041,2,anti,count,frozen,0.5122068092256239,0.4939347421179704,0.24375,0.19288624624287926,0.19288624624287923,-1.0
200041,2,anti,epistemic,online,0.5355385021487514,0.5885844249780872,0.24375,0.1629059786028016,0.13012184465281612,-1.0
200041,2,anti,aleatoric,online,0.47916426229932324,0.47701167258607635,0.3375,0.16700438831079373,0.1479368565451442,-1.0
200041,2,anti,total,online,0.493747673679869,0.554886659712379,0.29375,0.16984620995997352,0.13904373450502608,-1.0
200041,2,anti,point,online,0.5536994967553275,0.6210956696100132,0.24375,0.15573974705217464,0.12967731294282245,-1.0
200041,2,anti,shuffled,online,0.519827464232992,0.5004160092134586,0.25625,0.15753184085213842,0.14330935760019936,-1.0
200041,2,anti,uniform,online,0.5393910217910918,0.5626891771822813,0.2125,0.1562217921982337,0.1359657066522462,-1.0
200041,2,anti,count,online,0.5329216670634833,0.5779139997790459,0.2125,0.16009592572552175,0.13667298065235664,-1.0
200041,3,aligned,epistemic,frozen,0.5768919381103761,0.5196579787563944,0.08125,0.19516408316432293,0.19516408316432296,1.0
200041,3,aligned,aleatoric,frozen,0.5524362018587798,0.5482301279042747,0.125,0.19516408316432293,0.19516408316432296,1.0
200041,3,aligned,total,frozen,0.569568105675834,0.5580188283199728,0.15625,0.19516408316432293,0.19516408316432296,1.0
200041,3,aligned,point,frozen,0.5389757272398586,0.5661394952510899,0.19375,0.19516408316432293,0.19516408316432296,1.0
200041,3,aligned,shuffled,frozen,0.5285148414482432,0.4961716184449713,0.09375,0.19516408316432293,0.19516408316432296,1.0
200041,3,aligned,uniform,frozen,0.5122163747369297,0.49064147327210444,0.16875,0.19516408316432293,0.19516408316432296,1.0
200041,3,aligned,count,frozen,0.5270410701843726,0.5518712605414902,0.1625,0.19516408316432293,0.19516408316432296,1.0
200041,3,aligned,epistemic,online,0.5583005866638948,0.5972004293736396,0.15,0.1679001970320288,0.15913618352516115,1.0
200041,3,aligned,aleatoric,online,0.5822193460191954,0.5858292916552015,0.10625,0.1773835556078963,0.16326561774068613,1.0
200041,3,aligned,total,online,0.5739815393150322,0.6031633011949742,0.09375,0.17147427922199923,0.15351752054129228,1.0
200041,3,aligned,point,online,0.5271052480424867,0.5184544399727609,0.21875,0.17303566830513883,0.15890753099514693,1.0
200041,3,aligned,shuffled,online,0.5478645233665865,0.5453499564592624,0.20625,0.17169314280580122,0.14690398246388847,1.0
200041,3,aligned,uniform,online,0.5412238726651439,0.5381992110218403,0.19375,0.16972349419184962,0.16942477044223184,1.0
200041,3,aligned,count,online,0.5469005033149672,0.5567220260761132,0.15625,0.1671200621988797,0.15114557679598642,1.0
200041,3,decorrelated,epistemic,frozen,0.46517071884195504,0.4682023383667263,0.4,0.23223338803629737,0.23223338803629737,0.04895104895104895
200041,3,decorrelated,aleatoric,frozen,0.4284688360485365,0.47105837852025,0.53125,0.23223338803629737,0.23223338803629737,0.04895104895104895
200041,3,decorrelated,total,frozen,0.4651868079357004,0.5093791307644807,0.425,0.23223338803629737,0.23223338803629737,0.04895104895104895
200041,3,decorrelated,point,frozen,0.47188653153943766,0.5034037763081836,0.3875,0.23223338803629737,0.23223338803629737,0.04895104895104895
200041,3,decorrelated,shuffled,frozen,0.41830616930527176,0.4458584509419796,0.46875,0.23223338803629737,0.23223338803629737,0.04895104895104895
200041,3,decorrelated,uniform,frozen,0.37788709307215007,0.44043671744305596,0.4375,0.23223338803629737,0.23223338803629737,0.04895104895104895
200041,3,decorrelated,count,frozen,0.5079825859565921,0.5151544957659414,0.3,0.23223338803629737,0.23223338803629737,0.04895104895104895
200041,3,decorrelated,epistemic,online,0.5032393517005257,0.5152042537534112,0.30625,0.2015979679761204,0.19090669757739678,0.04895104895104895
200041,3,decorrelated,aleatoric,online,0.49292050350886996,0.5420459100882951,0.38125,0.2098369935885175,0.17061881074913487,0.04895104895104895
200041,3,decorrelated,total,online,0.48558918205988794,0.5170128804041365,0.34375,0.20613209650765932,0.16980738720399516,0.04895104895104895
200041,3,decorrelated,point,online,0.5045666270723489,0.5500431054249113,0.3375,0.19861702623294902,0.1756188680079621,0.04895104895104895
200041,3,decorrelated,shuffled,online,0.49294522648072336,0.4878998183691289,0.38125,0.2000201652814224,0.18245991730934655,0.04895104895104895
200041,3,decorrelated,uniform,online,0.4823227804020121,0.4485095391631841,0.3375,0.20567160299329396,0.20106027730294992,0.04895104895104895
200041,3,decorrelated,count,online,0.500994251901235,0.488913160283734,0.2875,0.19600983229332228,0.17553201801320759,0.04895104895104895
200041,3,anti,epistemic,frozen,0.47310806188962384,0.5303420212436054,0.0,0.19195077873129038,0.19195077873129038,-1.0
200041,3,anti,aleatoric,frozen,0.4975637981412201,0.5017698720957251,0.0,0.19195077873129038,0.19195077873129038,-1.0
200041,3,anti,total,frozen,0.48043189432416594,0.4919811716800272,0.0,0.19195077873129038,0.19195077873129038,-1.0
200041,3,anti,point,frozen,0.5110242727601413,0.4838605047489102,0.0,0.19195077873129038,0.19195077873129038,-1.0
200041,3,anti,shuffled,frozen,0.5214851585517566,0.5538283815550287,0.0,0.19195077873129038,0.19195077873129038,-1.0
200041,3,anti,uniform,frozen,0.5377836252630701,0.5593585267278954,0.0,0.19195077873129038,0.19195077873129038,-1.0
200041,3,anti,count,frozen,0.5229589298156274,0.49812873945851,0.0,0.19195077873129038,0.19195077873129038,-1.0
200041,3,anti,epistemic,online,0.5425465410246668,0.5671480815317963,0.0,0.15264982395884574,0.12469190160292658,-1.0
200041,3,anti,aleatoric,online,0.5139625885782259,0.5610841939562157,0.0,0.16255288010486607,0.12104349924553785,-1.0
200041,3,anti,total,online,0.5032393266525832,0.52235021700893,0.0,0.1597547291516221,0.13250695025510273,-1.0
200041,3,anti,point,online,0.5721969110244165,0.6049897626097724,0.0,0.14504011665044908,0.11794391834410374,-1.0
200041,3,anti,shuffled,online,0.5493153011840877,0.5890912587251651,0.0,0.1511799455635292,0.11209901943251437,-1.0
200041,3,anti,uniform,online,0.5504339052601748,0.6137761991826907,0.0,0.14869004811198588,0.11805517334425016,-1.0
200041,3,anti,count,online,0.5483722133428193,0.56571337560852,0.0,0.1483660197792648,0.12035984414576839,-1.0
200042,1,aligned,epistemic,frozen,0.6048718225024988,0.5919727668601416,0.0,0.15455521445952705,0.15455521445952708,1.0
200042,1,aligned,aleatoric,frozen,0.6206743552322279,0.598677302317361,0.0,0.15455521445952705,0.15455521445952708,1.0
200042,1,aligned,total,frozen,0.5994015646271087,0.5870037084875588,0.0,0.15455521445952705,0.15455521445952708,1.0
200042,1,aligned,point,frozen,0.5531277949810651,0.5566141497259449,0.0,0.15455521445952705,0.15455521445952708,1.0
200042,1,aligned,shuffled,frozen,0.5805593745272027,0.5723219602326015,0.0,0.15455521445952705,0.15455521445952708,1.0
200042,1,aligned,uniform,frozen,0.5045508564675651,0.5214360433440873,0.0,0.15455521445952705,0.15455521445952708,1.0
200042,1,aligned,count,frozen,0.5397303618815551,0.5504065738023608,0.0,0.15455521445952705,0.15455521445952708,1.0
200042,1,aligned,epistemic,online,0.5688543177494874,0.5457319346791512,0.0,0.14299669880859045,0.1357072948621603,1.0
200042,1,aligned,aleatoric,online,0.6347424188726455,0.6164199072141127,0.0,0.14666287114006038,0.14034589005174808,1.0
200042,1,aligned,total,online,0.5863399497435805,0.5751481707442354,0.0,0.14215162145572646,0.13627174007197604,1.0
200042,1,aligned,point,online,0.5523334897999349,0.566400735837852,0.0,0.14185134011807096,0.13475356135803276,1.0
200042,1,aligned,shuffled,online,0.5209975204105047,0.5698663230619957,0.0,0.1434689058707675,0.14343619352590453,1.0
200042,1,aligned,uniform,online,0.5881586598338715,0.5825083680802468,0.0,0.145418509943848,0.143781035914433,1.0
200042,1,aligned,count,online,0.564475773823207,0.5910894793891238,0.0,0.14563822591511127,0.1375527274864827,1.0
200042,1,decorrelated,epistemic,frozen,0.525070377860432,0.5262942545893277,0.25,0.16594436670501064,0.16594436670501064,0.034965034965034975
200042,1,decorrelated,aleatoric,frozen,0.5176242765170103,0.5111907602146366,0.26875,0.16594436670501064,0.16594436670501064,0.034965034965034975
200042,1,decorrelated,total,frozen,0.5213273520501471,0.5125781789311878,0.2375,0.16594436670501064,0.16594436670501064,0.034965034965034975
200042,1,decorrelated,point,frozen,0.5658893528309782,0.580350288402493,0.1375,0.16594436670501064,0.16594436670501064,0.034965034965034975
200042,1,decorrelated,shuffled,frozen,0.5070142064685598,0.5257904079117655,0.29375,0.16594436670501064,0.16594436670501064,0.034965034965034975
200042,1,decorrelated,uniform,frozen,0.5648901430484682,0.579897306027692,0.0625,0.16594436670501064,0.16594436670501064,0.034965034965034975
200042,1,decorrelated,count,frozen,0.5537490427867378,0.578352456800171,0.1125,0.16594436670501064,0.16594436670501064,0.034965034965034975
200042,1,decorrelated,epistemic,online,0.5406884098400269,0.5592566614508404,0.125,0.1400877771656254,0.13103648401383913,0.034965034965034975
200042,1,decorrelated,aleatoric,online,0.5246162206478248,0.5756077493068446,0.25,0.1439376409670881,0.13163255339322077,0.034965034965034975
200042,1,decorrelated,total,online,0.5271888627062041,0.5161532972620136,0.18125,0.14652330627040966,0.13119710229895812,0.034965034965034975
200042,1,decorrelated,point,online,0.5671839577603557,0.5594428044703188,0.10625,0.13641548853272456,0.13528063632752438,0.034965034965034975
200042,1,decorrelated,shuffled,online,0.5453875309480318,0.5401105244756671,0.0875,0.13757032098428895,0.12880521861770142,0.034965034965034975
200042,1,decorrelated,uniform,online,0.5178002044906642,0.5780595676537892,0.20625,0.1469773171916815,0.13144640375563682,0.034965034965034975
200042,1,decorrelated,count,online,0.5346510910774688,0.5800769277219646,0.13125,0.13474819086513198,0.13280831605800622,0.034965034965034975
200042,1,anti,epistemic,frozen,0.4451281774975012,0.4580272331398584,0.25,0.1786936206295065,0.17869362062950653,-1.0
200042,1,anti,aleatoric,frozen,0.4293256447677722,0.451322697682639,0.26875,0.1786936206295065,0.17869362062950653,-1.0
200042,1,anti,total,frozen,0.45059843537289135,0.46299629151244126,0.2375,0.1786936206295065,0.17869362062950653,-1.0
200042,1,anti,point,frozen,0.4968722050189349,0.4933858502740551,0.1375,0.1786936206295065,0.17869362062950653,-1.0
200042,1,anti,shuffled,frozen,0.4694406254727973,0.4776780397673985,0.29375,0.1786936206295065,0.17869362062950653,-1.0
200042,1,anti,uniform,frozen,0.5454491435324347,0.5285639566559126,0.0625,0.1786936206295065,0.17869362062950653,-1.0
200042,1,anti,count,frozen,0.510269638118445,0.4995934261976392,0.1125,0.1786936206295065,0.17869362062950653,-1.0
200042,1,anti,epistemic,online,0.4997745751836269,0.5018452605915634,0.10625,0.16528437463844817,0.15653986080296164,-1.0
200042,1,anti,aleatoric,online,0.4736512139210687,0.5273128466600094,0.23125,0.16289179709687818,0.15006452024073164,-1.0
200042,1,anti,total,online,0.5076503438144488,0.540319750376546,0.15,0.16161446212562217,0.1569854941483905,-1.0
200042,1,anti,point,online,0.5129469145308321,0.5299456775844896,0.08125,0.16542095945311397,0.15998253353330763,-1.0
200042,1,anti,shuffled,online,0.5369366423424026,0.5581575745716245,0.0625,0.16868948989660631,0.16867282866412706,-1.0
200042,1,anti,uniform,online,0.4969838294267429,0.5120152542170254,0.20625,0.15925200933909114,0.14591040226393195,-1.0
200042,1,anti,count,online,0.5030101296544263,0.46214336513957266,0.11875,0.16551786801002688,0.1535656528414562,-1.0
200042,2,aligned,epistemic,frozen,0.6218247418097045,0.6082578825850448,0.0,0.161162935879876,0.16116293587987598,1.0
200042,2,aligned,aleatoric,frozen,0.5911441026745472,0.5612116789511138,0.0,0.161162935879876,0.16116293587987598,1.0
200042,2,aligned,total,frozen,0.6168844341516444,0.5867997041835669,0.0,0.161162935879876,0.16116293587987598,1.0
200042,2,aligned,point,frozen,0.5495320861892321,0.5239698961655986,0.0,0.161162935879876,0.16116293587987598,1.0
200042,2,aligned,shuffled,frozen,0.5118239047558554,0.5445177587262895,0.0,0.161162935879876,0.16116293587987598,1.0
200042,2,aligned,uniform,frozen,0.5635341491269034,0.5587021816288903,0.0,0.161162935879876,0.16116293587987598,1.0
200042,2,aligned,count,frozen,0.5529164572068391,0.5437480133711579,0.0,0.161162935879876,0.16116293587987598,1.0
200042,2,aligned,epistemic,online,0.5937893432226797,0.6006236935304052,0.0,0.11485337497910234,0.11736125804324692,1.0
200042,2,aligned,aleatoric,online,0.6263085893464151,0.5992877970163084,0.0,0.11848276165086873,0.10795287589301299,1.0
200042,2,aligned,total,online,0.6063398603276611,0.6261420551378618,0.0,0.1160963803286739,0.10515020371297641,1.0
200042,2,aligned,point,online,0.5496551959857905,0.5981367382915556,0.0,0.12284068013224925,0.10881643852347679,1.0
200042,2,aligned,shuffled,online,0.5688937674850267,0.6081339248952625,0.0,0.11569004617558276,0.10598008663105889,1.0
200042,2,aligned,uniform,online,0.6005398239961424,0.5549658568037795,0.0,0.12291589266931924,0.11144213622261194,1.0
200042,2,aligned,count,online,0.5589806068849419,0.5746829189029072,0.0,0.11922981816808217,0.11781767175956313,1.0
200042,2,decorrelated,epistemic,frozen,0.5185604952013112,0.5208193013186536,0.0,0.1566116123997818,0.1566116123997818,-0.013986013986013986
200042,2,decorrelated,aleatoric,frozen,0.531701682167208,0.5676184553881709,0.0,0.1566116123997818,0.1566116123997818,-0.013986013986013986
200042,2,decorrelated,total,frozen,0.514787653006534,0.5589569078410207,0.0,0.1566116123997818,0.1566116123997818,-0.013986013986013986
200042,2,decorrelated,point,frozen,0.5154194830743839,0.4987967884792134,0.0,0.1566116123997818,0.1566116123997818,-0.013986013986013986
200042,2,decorrelated,shuffled,frozen,0.5325911318887785,0.5062567530808307,0.0,0.1566116123997818,0.1566116123997818,-0.013986013986013986
200042,2,decorrelated,uniform,frozen,0.5286223888161505,0.515311717799027,0.0,0.1566116123997818,0.1566116123997818,-0.013986013986013986
200042,2,decorrelated,count,frozen,0.551518025263346,0.5692559101762248,0.0,0.1566116123997818,0.1566116123997818,-0.013986013986013986
200042,2,decorrelated,epistemic,online,0.5372178887164806,0.5189717385222284,0.0,0.1555375738369653,0.1454771899682712,-0.013986013986013986
200042,2,decorrelated,aleatoric,online,0.5529181906739093,0.5547310432073143,0.0,0.15454476253948277,0.15487388181502845,-0.013986013986013986
200042,2,decorrelated,total,online,0.5537359614837708,0.5371621860100707,0.0,0.15636716517553437,0.15263451048067325,-0.013986013986013986
200042,2,decorrelated,point,online,0.5391976549105836,0.5214366176406926,0.0,0.15545030926430187,0.14499909898134414,-0.013986013986013986
200042,2,decorrelated,shuffled,online,0.5562317459224475,0.5850456951384289,0.0,0.15810546509206946,0.1616859434915793,-0.013986013986013986
200042,2,decorrelated,uniform,online,0.5236512436885639,0.5565989184715668,0.0,0.1538685242672358,0.15567014859896836,-0.013986013986013986
200042,2,decorrelated,count,online,0.5373165551314021,0.5231181483581568,0.0,0.15768671013211322,0.15699515974866238,-0.013986013986013986
200042,2,anti,epistemic,frozen,0.4281752581902955,0.4417421174149553,0.2875,0.21038548533705886,0.2103854853370589,-1.0
200042,2,anti,aleatoric,frozen,0.45885589732545284,0.48878832104888625,0.30625,0.21038548533705886,0.2103854853370589,-1.0
200042,2,anti,total,frozen,0.43311556584835553,0.4632002958164332,0.2625,0.21038548533705886,0.2103854853370589,-1.0
200042,2,anti,point,frozen,0.5004679138107679,0.5260301038344013,0.15,0.21038548533705886,0.2103854853370589,-1.0
200042,2,anti,shuffled,frozen,0.5381760952441447,0.5054822412737106,0.2,0.21038548533705886,0.2103854853370589,-1.0
200042,2,anti,uniform,frozen,0.48646585087309663,0.49129781837110975,0.19375,0.21038548533705886,0.2103854853370589,-1.0
200042,2,anti,count,frozen,0.49708354279316075,0.5062519866288422,0.13125,0.21038548533705886,0.2103854853370589,-1.0
200042,2,anti,epistemic,online,0.49070651565304174,0.5085239748036299,0.1875,0.184229808795305,0.16638318807966399,-1.0
200042,2,anti,aleatoric,online,0.49691997766363255,0.5709483489510138,0.2625,0.1849484432486911,0.16404686585419329,-1.0
200042,2,anti,total,online,0.5016400632340883,0.5444497006293133,0.19375,0.18370365819149928,0.15725928073018766,-1.0
200042,2,anti,point,online,0.5240525233629834,0.5225312132941239,0.09375,0.18511661084701952,0.16392173481588238,-1.0
200042,2,anti,shuffled,online,0.5056000951026828,0.4840487847526684,0.16875,0.1827937322601372,0.15986843757964397,-1.0
200042,2,anti,uniform,online,0.4972885532374104,0.5518941261656656,0.2625,0.18581100503785924,0.16270743553699352,-1.0
200042,2,anti,count,online,0.5180269257887721,0.5419727940207851,0.125,0.18183421199306826,0.1658673503522405,-1.0
200042,3,aligned,epistemic,frozen,0.607674867000201,0.6099422844978427,0.075,0.18411785247294918,0.18411785247294918,1.0
200042,3,aligned,aleatoric,frozen,0.5334629971955854,0.5157560557654908,0.09375,0.18411785247294918,0.18411785247294918,1.0
200042,3,aligned,total,frozen,0.5733732827331001,0.5327188931972298,0.05625,0.18411785247294918,0.18411785247294918,1.0
200042,3,aligned,point,frozen,0.5564645304338934,0.5656265740919741,0.0625,0.18411785247294918,0.18411785247294918,1.0
200042,3,aligned,shuffled,frozen,0.46027187209427856,0.5045455590240728,0.16875,0.18411785247294918,0.18411785247294918,1.0
200042,3,aligned,uniform,frozen,0.5221177721768566,0.5026628252747372,0.1,0.18411785247294918,0.18411785247294918,1.0
200042,3,aligned,count,frozen,0.531400375246192,0.5437414334756913,0.1375,0.18411785247294918,0.18411785247294918,1.0
200042,3,aligned,epistemic,online,0.5468430398821049,0.5537038760890816,0.10625,0.15581628210658421,0.13872741314782647,1.0
200042,3,aligned,aleatoric,online,0.5861701213667108,0.6106155393855185,0.0625,0.15958394992479052,0.14252814093953817,1.0
200042,3,aligned,total,online,0.55492127724932,0.557811789194294,0.08125,0.15494357265472422,0.13513779396214573,1.0
200042,3,aligned,point,online,0.5352222898797987,0.5283921607057156,0.125,0.16313792109094197,0.1441338436698187,1.0
200042,3,aligned,shuffled,online,0.5611962891365962,0.5810099341800576,0.10625,0.16431494890033688,0.14858983565305373,1.0
200042,3,aligned,uniform,online,0.5296389959595265,0.5564162278946018,0.05625,0.16332494265299421,0.14063599827278797,1.0
200042,3,aligned,count,online,0.5230637844084036,0.5088973602073039,0.14375,0.15979150246531504,0.13619579061639733,1.0
200042,3,decorrelated,epistemic,frozen,0.4997531629009053,0.4850345054091993,0.0,0.2177359120978562,0.21773591209785625,-0.034965034965034975
200042,3,decorrelated,aleatoric,frozen,0.4743109873580279,0.47536096892974955,0.0,0.2177359120978562,0.21773591209785625,-0.034965034965034975
200042,3,decorrelated,total,frozen,0.4928240314017661,0.5175535690834646,0.0,0.2177359120978562,0.21773591209785625,-0.034965034965034975
200042,3,decorrelated,point,frozen,0.4667242446937089,0.5044024115016599,0.0,0.2177359120978562,0.21773591209785625,-0.034965034965034975
200042,3,decorrelated,shuffled,frozen,0.5078743901159926,0.4851833996241751,0.0,0.2177359120978562,0.21773591209785625,-0.034965034965034975
200042,3,decorrelated,uniform,frozen,0.5197000470320414,0.49023542436973705,0.0,0.2177359120978562,0.21773591209785625,-0.034965034965034975
200042,3,decorrelated,count,frozen,0.500450596332732,0.49309178806406245,0.0,0.2177359120978562,0.21773591209785625,-0.034965034965034975
200042,3,decorrelated,epistemic,online,0.5034817225180216,0.5243778939830567,0.0,0.20576462204395182,0.19509688719756313,-0.034965034965034975
200042,3,decorrelated,aleatoric,online,0.47466722644886694,0.4340099575807887,0.0,0.20778200490812132,0.20363871507874995,-0.034965034965034975
200042,3,decorrelated,total,online,0.48357775775277256,0.500230797529966,0.0,0.20583201672525125,0.1941636172403947,-0.034965034965034975
200042,3,decorrelated,point,online,0.4685412214089199,0.47884812349850836,0.0,0.21052349378632024,0.19774178573819,-0.034965034965034975
200042,3,decorrelated,shuffled,online,0.46740682883177975,0.4833624382349256,0.0,0.2110669970922256,0.2020676698250017,-0.034965034965034975
200042,3,decorrelated,uniform,online,0.4871377151935576,0.4737363576559902,0.0,0.21145412288173232,0.2009402839753215,-0.034965034965034975
200042,3,decorrelated,count,online,0.5003855999052383,0.4888413596744575,0.0,0.20414697598120113,0.19416891878258027,-0.034965034965034975
200042,3,anti,epistemic,frozen,0.44232513299979903,0.4400577155021573,0.0,0.17730728346988506,0.17730728346988509,-1.0
200042,3,anti,aleatoric,frozen,0.5165370028044146,0.5342439442345093,0.0,0.17730728346988506,0.17730728346988509,-1.0
200042,3,anti,total,frozen,0.4766267172668998,0.5172811068027702,0.0,0.17730728346988506,0.17730728346988509,-1.0
200042,3,anti,point,frozen,0.4935354695661065,0.4843734259080259,0.0,0.17730728346988506,0.17730728346988509,-1.0
200042,3,anti,shuffled,frozen,0.5897281279057215,0.5454544409759272,0.0,0.17730728346988506,0.17730728346988509,-1.0
200042,3,anti,uniform,frozen,0.5278822278231433,0.5473371747252628,0.0,0.17730728346988506,0.17730728346988509,-1.0
200042,3,anti,count,frozen,0.518599624753808,0.5062585665243088,0.0,0.17730728346988506,0.17730728346988509,-1.0
200042,3,anti,epistemic,online,0.5202640318870057,0.5319003272548568,0.0,0.1465573495890084,0.13219264689056845,-1.0
200042,3,anti,aleatoric,online,0.4819582890847739,0.4640532221893018,0.0,0.16208886081111248,0.1623420267935003,-1.0
200042,3,anti,total,online,0.5171185284241286,0.5289091840289795,0.0,0.15425714425339082,0.13863623152776774,-1.0
200042,3,anti,point,online,0.5251245312522946,0.5404494064167291,0.0,0.15580092319529168,0.13748648581827907,-1.0
200042,3,anti,shuffled,online,0.5246139213646901,0.5371446188841338,0.0,0.15122417475687863,0.13550606976555787,-1.0
200042,3,anti,uniform,online,0.5474454045245754,0.5361922551746083,0.0,0.15308818822175446,0.1361267543593876,-1.0
200042,3,anti,count,online,0.5511592884912273,0.5750586000053894,0.0,0.1489891324862847,0.13896582633296062,-1.0
200043,1,aligned,epistemic,frozen,0.5764211917852234,0.5388174927408705,0.0,0.17588713786583413,0.1758871378658341,1.0
200043,1,aligned,aleatoric,frozen,0.550887752136882,0.5369544500118681,0.0,0.17588713786583413,0.1758871378658341,1.0
200043,1,aligned,total,frozen,0.5819637649254898,0.5395639883495791,0.0,0.17588713786583413,0.1758871378658341,1.0
200043,1,aligned,point,frozen,0.5182322355541951,0.5105587636919091,0.0,0.17588713786583413,0.1758871378658341,1.0
200043,1,aligned,shuffled,frozen,0.47740032870728777,0.4623889848478931,0.0,0.17588713786583413,0.1758871378658341,1.0
200043,1,aligned,uniform,frozen,0.5307862157495667,0.4908898633939979,0.0,0.17588713786583413,0.1758871378658341,1.0
200043,1,aligned,count,frozen,0.523572974669975,0.502179174553327,0.0,0.17588713786583413,0.1758871378658341,1.0
200043,1,aligned,epistemic,online,0.5731903630468165,0.6102612110104576,0.0,0.15962558833649743,0.15157024870467775,1.0
200043,1,aligned,aleatoric,online,0.582905947011898,0.5771183594798676,0.0,0.15899985767435382,0.15036627210224363,1.0
200043,1,aligned,total,online,0.560500755442493,0.5765490733549482,0.0,0.15827474682138926,0.14958025932825272,1.0
200043,1,aligned,point,online,0.5168324491982155,0.5235309895013909,0.0,0.16050970501140155,0.1524229944338932,1.0
200043,1,aligned,shuffled,online,0.5198940932488315,0.5070300435097419,0.0,0.1592861738062402,0.1512555879966387,1.0
200043,1,aligned,uniform,online,0.5367941390029438,0.5514939084177165,0.0,0.15944525426842843,0.15153378236229334,1.0
200043,1,aligned,count,online,0.5363855438487809,0.5463787733946199,0.0,0.16163054272580585,0.1544088943176671,1.0
200043,1,decorrelated,epistemic,frozen,0.5048229713967685,0.5165978298052135,0.10625,0.17723462391242586,0.17723462391242586,-0.013986013986013986
200043,1,decorrelated,aleatoric,frozen,0.5266943375229185,0.5149699154341375,0.0875,0.17723462391242586,0.17723462391242586,-0.013986013986013986
200043,1,decorrelated,total,frozen,0.5138232929904613,0.48211052244289077,0.09375,0.17723462391242586,0.17723462391242586,-0.013986013986013986
200043,1,decorrelated,point,frozen,0.5096801654430677,0.5233625452119461,0.11875,0.17723462391242586,0.17723462391242586,-0.013986013986013986
200043,1,decorrelated,shuffled,frozen,0.48431668231444347,0.5112401113718057,0.13125,0.17723462391242586,0.17723462391242586,-0.013986013986013986
200043,1,decorrelated,uniform,frozen,0.48394503831688207,0.5018650805759621,0.05,0.17723462391242586,0.17723462391242586,-0.013986013986013986
200043,1,decorrelated,count,frozen,0.5164337822491063,0.514564504271606,0.125,0.17723462391242586,0.17723462391242586,-0.013986013986013986
200043,1,decorrelated,epistemic,online,0.5098026192017676,0.5297958249506608,0.08125,0.16272240195476012,0.16418307304291033,-0.013986013986013986
200043,1,decorrelated,aleatoric,online,0.5566498009569847,0.5183040666731986,0.0875,0.16796987134845245,0.16404579278799342,-0.013986013986013986
200043,1,decorrelated,total,online,0.509948989967346,0.5250744143470705,0.10625,0.1651098888676046,0.15871557321426397,-0.013986013986013986
200043,1,decorrelated,point,online,0.535125007584314,0.5432909544663179,0.1,0.1650010386112313,0.15943215534458785,-0.013986013986013986
200043,1,decorrelated,shuffled,online,0.5187979378935819,0.5301856807555856,0.125,0.16651882414850946,0.16468939074425834,-0.013986013986013986
200043,1,decorrelated,uniform,online,0.4881176236418874,0.5277399340907639,0.1125,0.1721899835684795,0.16486951231019667,-0.013986013986013986
200043,1,decorrelated,count,online,0.5148714803440427,0.527895792323454,0.10625,0.16505326822409627,0.16268388531934752,-0.013986013986013986
200043,1,anti,epistemic,frozen,0.47357880821477655,0.5111825072591294,0.20625,0.16401880313220701,0.16401880313220704,-1.0
200043,1,anti,aleatoric,frozen,0.499112247863118,0.5130455499881318,0.20625,0.16401880313220701,0.16401880313220704,-1.0
200043,1,anti,total,frozen,0.4680362350745101,0.5104360116504211,0.1875,0.16401880313220701,0.16401880313220704,-1.0
200043,1,anti,point,frozen,0.531767764445805,0.5394412363080909,0.10625,0.16401880313220701,0.16401880313220704,-1.0
200043,1,anti,shuffled,frozen,0.5725996712927122,0.587611015152107,0.075,0.16401880313220701,0.16401880313220704,-1.0
200043,1,anti,uniform,frozen,0.5192137842504332,0.5591101366060022,0.09375,0.16401880313220701,0.16401880313220704,-1.0
200043,1,anti,count,frozen,0.526427025330025,0.5478208254466731,0.1,0.16401880313220701,0.16401880313220704,-1.0
200043,1,anti,epistemic,online,0.507615723194191,0.5410475902851258,0.13125,0.14735490649305646,0.13522667739150018,-1.0
200043,1,anti,aleatoric,online,0.5042274495860413,0.5084763695303548,0.19375,0.15176280392403418,0.13709375499639057,-1.0
200043,1,anti,total,online,0.518641262579954,0.5419987707780083,0.13125,0.14658308058211236,0.13678976544095417,-1.0
200043,1,anti,point,online,0.5551235098106826,0.5723857000719135,0.0875,0.1454103103785912,0.13667008700158736,-1.0
200043,1,anti,shuffled,online,0.5432081078495458,0.561203351133004,0.06875,0.14785684429472923,0.13937684045776752,-1.0
200043,1,anti,uniform,online,0.5287817282590443,0.5298387380445589,0.05625,0.15053074653771406,0.1410801738536819,-1.0
200043,1,anti,count,online,0.5199481370017601,0.5291681787078536,0.0875,0.1466390493100909,0.1374393740707001,-1.0
200043,2,aligned,epistemic,frozen,0.6368639955028341,0.6282732261599797,0.05,0.16238184919789028,0.16238184919789025,1.0
200043,2,aligned,aleatoric,frozen,0.6063179621611792,0.5758698128684113,0.09375,0.16238184919789028,0.16238184919789025,1.0
200043,2,aligned,total,frozen,0.6403978589669577,0.5981197201417039,0.05,0.16238184919789028,0.16238184919789025,1.0
200043,2,aligned,point,frozen,0.5809116200043529,0.5423656689174822,0.09375,0.16238184919789028,0.16238184919789025,1.0
200043,2,aligned,shuffled,frozen,0.5907171334952622,0.5977518743739028,0.075,0.16238184919789028,0.16238184919789025,1.0
200043,2,aligned,uniform,frozen,0.5590341302697112,0.5504199098000842,0.075,0.16238184919789028,0.16238184919789025,1.0
200043,2,aligned,count,frozen,0.5509557375801167,0.5701725979970209,0.10625,0.16238184919789028,0.16238184919789025,1.0
200043,2,aligned,epistemic,online,0.6121208419286757,0.639747500324602,0.08125,0.10560424388238998,0.09837781166586579,1.0
200043,2,aligned,aleatoric,online,0.6417186199641491,0.6069589445843897,0.0625,0.10672041179655659,0.09303419004929919,1.0
200043,2,aligned,total,online,0.6227061497810095,0.6686641636806838,0.03125,0.1103572514657657,0.10235184059393439,1.0
200043,2,aligned,point,online,0.6071561697067055,0.6125335995998346,0.04375,0.10656571489429942,0.09903015359927725,1.0
200043,2,aligned,shuffled,online,0.5766821346570258,0.6021804884348136,0.11875,0.11038701631588381,0.08983974618193152,1.0
200043,2,aligned,uniform,online,0.6339038522591681,0.5666035670782328,0.05625,0.10903193126072586,0.09759268377921725,1.0
200043,2,aligned,count,online,0.5834689507494262,0.5607784277969607,0.06875,0.10690572589551912,0.09342172311641134,1.0
200043,2,decorrelated,epistemic,frozen,0.5086345864320172,0.5238096215697264,0.0,0.17983545518515134,0.17983545518515134,-0.027972027972027972
200043,2,decorrelated,aleatoric,frozen,0.4953551715580053,0.4851232921460711,0.0,0.17983545518515134,0.17983545518515134,-0.027972027972027972
200043,2,decorrelated,total,frozen,0.5171775115540681,0.4994925426099169,0.0,0.17983545518515134,0.17983545518515134,-0.027972027972027972
200043,2,decorrelated,point,frozen,0.5186935497715746,0.5164254685865896,0.0,0.17983545518515134,0.17983545518515134,-0.027972027972027972
200043,2,decorrelated,shuffled,frozen,0.49206803485170647,0.49442898980829375,0.0,0.17983545518515134,0.17983545518515134,-0.027972027972027972
200043,2,decorrelated,uniform,frozen,0.4916298096333275,0.486397733701574,0.0,0.17983545518515134,0.17983545518515134,-0.027972027972027972
200043,2,decorrelated,count,frozen,0.531543568560513,0.5606978654564065,0.0,0.17983545518515134,0.17983545518515134,-0.027972027972027972
200043,2,decorrelated,epistemic,online,0.5232692143754697,0.5288648908423441,0.0,0.1752307993232856,0.17389380394521514,-0.027972027972027972
200043,2,decorrelated,aleatoric,online,0.5229601951088753,0.5013517595646839,0.0,0.17826995613744293,0.17522065989800148,-0.027972027972027972
200043,2,decorrelated,total,online,0.5160459112142759,0.5199252092121028,0.0,0.17421870253580607,0.17505659756326683,-0.027972027972027972
200043,2,decorrelated,point,online,0.5408916766695467,0.537029811987266,0.0,0.17495779631549602,0.17571219000344426,-0.027972027972027972
200043,2,decorrelated,shuffled,online,0.5213119683766057,0.5479664594046784,0.0,0.1756518948227645,0.1737863678147373,-0.027972027972027972
200043,2,decorrelated,uniform,online,0.4953932951964872,0.5262510444750682,0.0,0.17809888686783695,0.17377854108968893,-0.027972027972027972
200043,2,decorrelated,count,online,0.5103692356311645,0.525272851904758,0.0,0.17450399462582672,0.17286526458537751,-0.027972027972027972
200043,2,anti,epistemic,frozen,0.4131360044971659,0.4217267738400203,0.34375,0.20832692995939134,0.20832692995939137,-1.0
200043,2,anti,aleatoric,frozen,0.4436820378388209,0.4741301871315888,0.3375,0.20832692995939134,0.20832692995939137,-1.0
200043,2,anti,total,frozen,0.40960214103304243,0.45188027985829604,0.3375,0.20832692995939134,0.20832692995939137,-1.0
200043,2,anti,point,frozen,0.469088379995647,0.5076343310825179,0.16875,0.20832692995939134,0.20832692995939137,-1.0
200043,2,anti,shuffled,frozen,0.4592828665047378,0.45224812562609723,0.16875,0.20832692995939134,0.20832692995939137,-1.0
200043,2,anti,uniform,frozen,0.4909658697302889,0.4995800901999158,0.31875,0.20832692995939134,0.20832692995939137,-1.0
200043,2,anti,count,frozen,0.4990442624198833,0.479827402002979,0.1625,0.20832692995939134,0.20832692995939137,-1.0
200043,2,anti,epistemic,online,0.5034016231243331,0.5305699540842914,0.18125,0.17889564964106305,0.15269444495973025,-1.0
200043,2,anti,aleatoric,online,0.473230974303344,0.523102220231255,0.25625,0.18675278430654496,0.163179197060718,-1.0
200043,2,anti,total,online,0.47690104493061697,0.45888666454559124,0.175,0.1881418875637193,0.18566107940311935,-1.0
200043,2,anti,point,online,0.49830029294225964,0.5381291632745959,0.11875,0.18328139695594953,0.1619936260336459,-1.0
200043,2,anti,shuffled,online,0.5469399354262738,0.5393337722624751,0.13125,0.17642040027371805,0.15699663249848392,-1.0
200043,2,anti,uniform,online,0.45185764756887126,0.5198849147678237,0.26875,0.1974319868940837,0.15473100414463656,-1.0
200043,2,anti,count,online,0.5062553754390215,0.5395789688481534,0.13125,0.1801890191510811,0.1665815429803108,-1.0
200043,3,aligned,epistemic,frozen,0.6734471328687247,0.6449743197310023,0.03125,0.1981734808602506,0.19817348086025058,1.0
200043,3,aligned,aleatoric,frozen,0.6289290265873324,0.6053569961800112,0.04375,0.1981734808602506,0.19817348086025058,1.0
200043,3,aligned,total,frozen,0.6536198346054375,0.6645731387830904,0.04375,0.1981734808602506,0.19817348086025058,1.0
200043,3,aligned,point,frozen,0.5651634078881257,0.5750393571793807,0.1125,0.1981734808602506,0.19817348086025058,1.0
200043,3,aligned,shuffled,frozen,0.5374518433999418,0.5329082460452648,0.175,0.1981734808602506,0.19817348086025058,1.0
200043,3,aligned,uniform,frozen,0.5786889420389574,0.5591764133093206,0.10625,0.1981734808602506,0.19817348086025058,1.0
200043,3,aligned,count,frozen,0.5380534550322337,0.5520686898894044,0.125,0.1981734808602506,0.19817348086025058,1.0
200043,3,aligned,epistemic,online,0.5831690156321386,0.5597113287756452,0.13125,0.15490977938724887,0.1494024625480093,1.0
200043,3,aligned,aleatoric,online,0.6475478923843834,0.6072066796683746,0.09375,0.15227418700444445,0.16428283960631052,1.0
200043,3,aligned,total,online,0.5962494203208175,0.5484748872992603,0.08125,0.16048518362300404,0.16178362546614747,1.0
200043,3,aligned,point,online,0.5667985559001109,0.6041859820268111,0.18125,0.17342742777027395,0.15502733696404244,1.0
200043,3,aligned,shuffled,online,0.6100697313742689,0.6132834762790846,0.1125,0.16859432309782724,0.15036483893913805,1.0
200043,3,aligned,uniform,online,0.5869399381621904,0.5625912678347997,0.09375,0.1557288204522677,0.16396277036305548,1.0
200043,3,aligned,count,online,0.5466927921341913,0.5127151935525379,0.125,0.1511276983598156,0.13556853400670218,1.0
200043,3,decorrelated,epistemic,frozen,0.4572776148509575,0.47363134888247804,0.0,0.20609349217848288,0.2060934921784829,0.013986013986013986
200043,3,decorrelated,aleatoric,frozen,0.4504575674272241,0.46465042517963023,0.0,0.20609349217848288,0.2060934921784829,0.013986013986013986
200043,3,decorrelated,total,frozen,0.4523776959695896,0.42435176967865723,0.0,0.20609349217848288,0.2060934921784829,0.013986013986013986
200043,3,decorrelated,point,frozen,0.4835510009120279,0.4493081219291847,0.0,0.20609349217848288,0.2060934921784829,0.013986013986013986
200043,3,decorrelated,shuffled,frozen,0.5188634746616666,0.52141717793859,0.0,0.20609349217848288,0.2060934921784829,0.013986013986013986
200043,3,decorrelated,uniform,frozen,0.47827629037192976,0.4916467558930674,0.0,0.20609349217848288,0.2060934921784829,0.013986013986013986
200043,3,decorrelated,count,frozen,0.5081424314317763,0.4953018553172681,0.0,0.20609349217848288,0.2060934921784829,0.013986013986013986
200043,3,decorrelated,epistemic,online,0.529848518821016,0.5829466596851075,0.0,0.16771070539940322,0.1426493138238013,0.013986013986013986
200043,3,decorrelated,aleatoric,online,0.49794949770299046,0.5272389908796298,0.0,0.17804534545952083,0.1448898623180118,0.013986013986013986
200043,3,decorrelated,total,online,0.5172214615886344,0.5196497278396364,0.0,0.176120096817459,0.14165064280374015,0.013986013986013986
200043,3,decorrelated,point,online,0.5457710910703906,0.5612730080562643,0.0,0.1673307639387557,0.14113164387226296,0.013986013986013986
200043,3,decorrelated,shuffled,online,0.5452174759770225,0.584538603933811,0.0,0.1715040102403027,0.13825182538897163,0.013986013986013986
200043,3,decorrelated,uniform,online,0.5224622371936534,0.5749229881572651,0.0,0.1700759558593891,0.13714765963440445,0.013986013986013986
200043,3,decorrelated,count,online,0.5399568007048229,0.578647943392005,0.0,0.1668156039905903,0.14775854296538582,0.013986013986013986
200043,3,anti,epistemic,frozen,0.37655286713127534,0.40502568026899777,0.5375,0.2145366269810532,0.21453662698105325,-1.0
200043,3,anti,aleatoric,frozen,0.4210709734126675,0.4446430038199889,0.53125,0.2145366269810532,0.21453662698105325,-1.0
200043,3,anti,total,frozen,0.39638016539456256,0.3854268612169096,0.46875,0.2145366269810532,0.21453662698105325,-1.0
200043,3,anti,point,frozen,0.48483659211187435,0.4749606428206194,0.3625,0.2145366269810532,0.21453662698105325,-1.0
200043,3,anti,shuffled,frozen,0.5125481566000583,0.5170917539547352,0.225,0.2145366269810532,0.21453662698105325,-1.0
200043,3,anti,uniform,frozen,0.47131105796104256,0.49082358669067955,0.43125,0.2145366269810532,0.21453662698105325,-1.0
200043,3,anti,count,frozen,0.5119465449677664,0.4979313101105956,0.2125,0.2145366269810532,0.21453662698105325,-1.0
200043,3,anti,epistemic,online,0.4998686025620855,0.5449584561534866,0.24375,0.1910562725393,0.16637094303562172,-1.0
200043,3,anti,aleatoric,online,0.4610455393628715,0.5012977931294896,0.3625,0.21196452588384657,0.16894468358511783,-1.0
200043,3,anti,total,online,0.4892469808822494,0.5124098380635352,0.28125,0.205073451033888,0.16539932855921965,-1.0
200043,3,anti,point,online,0.5236422497458451,0.4757282669213859,0.2625,0.18722600950252988,0.1888085818599594,-1.0
200043,3,anti,shuffled,online,0.5185538303108871,0.5091086010789712,0.21875,0.19227992884281597,0.16507659234465302,-1.0
200043,3,anti,uniform,online,0.49497119094583136,0.5409781841176692,0.21875,0.1988280848902811,0.1681268378096187,-1.0
200043,3,anti,count,online,0.5289920090385862,0.5645516266460939,0.13125,0.18255048502088872,0.1606858086135126,-1.0
200044,1,aligned,epistemic,frozen,0.6018949108751911,0.5718878752855543,0.0875,0.1645737914272268,0.16457379142722683,1.0
200044,1,aligned,aleatoric,frozen,0.5921974653551764,0.5964081582550398,0.05625,0.1645737914272268,0.16457379142722683,1.0
200044,1,aligned,total,frozen,0.6030790900553338,0.5970398312369655,0.05,0.1645737914272268,0.16457379142722683,1.0
200044,1,aligned,point,frozen,0.5509410780909771,0.5498064941148828,0.11875,0.1645737914272268,0.16457379142722683,1.0
200044,1,aligned,shuffled,frozen,0.5096400287375855,0.5621723929103999,0.13125,0.1645737914272268,0.16457379142722683,1.0
200044,1,aligned,uniform,frozen,0.5648464727958513,0.5809496616268423,0.06875,0.1645737914272268,0.16457379142722683,1.0
200044,1,aligned,count,frozen,0.5354245254268971,0.5149113311084508,0.14375,0.1645737914272268,0.16457379142722683,1.0
200044,1,aligned,epistemic,online,0.5808385138394241,0.5523051695953363,0.0625,0.13771875106675183,0.13100975586469035,1.0
200044,1,aligned,aleatoric,online,0.5961268012078347,0.5564898187044406,0.0875,0.13993024852149075,0.13174737239968762,1.0
200044,1,aligned,total,online,0.5932113795281022,0.6134434209460078,0.05625,0.1389605346110772,0.13220002735584097,1.0
200044,1,aligned,point,online,0.5759279427582916,0.5698822511888973,0.0875,0.13963536081300823,0.1387854545601254,1.0
200044,1,aligned,shuffled,online,0.5643334634106387,0.5423964461876992,0.1,0.13917244179259236,0.13299774960085983,1.0
200044,1,aligned,uniform,online,0.6165195461877763,0.6300922141913026,0.04375,0.13903328546165664,0.13821344571438735,1.0
200044,1,aligned,count,online,0.5343775625873368,0.5312742865400704,0.08125,0.13908082408607592,0.13246071505748558,1.0
200044,1,decorrelated,epistemic,frozen,0.5694386403260497,0.5535873804022584,0.0,0.16366687827597995,0.16366687827597992,0.027972027972027972
200044,1,decorrelated,aleatoric,frozen,0.5681341797554508,0.5570489635677723,0.0,0.16366687827597995,0.16366687827597992,0.027972027972027972
200044,1,decorrelated,total,frozen,0.5706340256572023,0.5435391110110807,0.0,0.16366687827597995,0.16366687827597992,0.027972027972027972
200044,1,decorrelated,point,frozen,0.5577747320034374,0.5497467530179266,0.0,0.16366687827597995,0.16366687827597992,0.027972027972027972
200044,1,decorrelated,shuffled,frozen,0.5328763582986837,0.5176123290535148,0.0,0.16366687827597995,0.16366687827597992,0.027972027972027972
200044,1,decorrelated,uniform,frozen,0.5340296218730463,0.5470366042799482,0.0,0.16366687827597995,0.16366687827597992,0.027972027972027972
200044,1,decorrelated,count,frozen,0.5585963836471364,0.5608238285263719,0.0,0.16366687827597995,0.16366687827597992,0.027972027972027972
200044,1,decorrelated,epistemic,online,0.5803259798352143,0.5823750286604508,0.0,0.12161323088014017,0.11709799389334759,0.027972027972027972
200044,1,decorrelated,aleatoric,online,0.5805964359256413,0.5478687699906647,0.0,0.12834387931686314,0.11950950100448343,0.027972027972027972
200044,1,decorrelated,total,online,0.5726286699473423,0.5502544683100701,0.0,0.12140953923227046,0.11291698688672926,0.027972027972027972
200044,1,decorrelated,point,online,0.5821527462766105,0.5971181462208737,0.0,0.11892236311406609,0.12449556081733266,0.027972027972027972
200044,1,decorrelated,shuffled,online,0.5614885921757607,0.5846254884634539,0.0,0.12274425338420461,0.11191032950985591,0.027972027972027972
200044,1,decorrelated,uniform,online,0.5909827435714585,0.5305980451453056,0.0,0.12226605433989557,0.1128358380797957,0.027972027972027972
200044,1,decorrelated,count,online,0.5464611365744914,0.5636473932779555,0.0,0.12108633775770335,0.10864937375390521,0.027972027972027972
200044,1,anti,epistemic,frozen,0.44810508912480895,0.4781121247144459,0.1375,0.19561107620274237,0.1956110762027424,-1.0
200044,1,anti,aleatoric,frozen,0.4578025346448237,0.45359184174496014,0.1875,0.19561107620274237,0.1956110762027424,-1.0
200044,1,anti,total,frozen,0.44692090994466627,0.4529601687630344,0.18125,0.19561107620274237,0.1956110762027424,-1.0
200044,1,anti,point,frozen,0.49905892190902285,0.5001935058851172,0.0875,0.19561107620274237,0.1956110762027424,-1.0
200044,1,anti,shuffled,frozen,0.5403599712624145,0.48782760708960016,0.0625,0.19561107620274237,0.1956110762027424,-1.0
200044,1,anti,uniform,frozen,0.4851535272041486,0.4690503383731578,0.1375,0.19561107620274237,0.1956110762027424,-1.0
200044,1,anti,count,frozen,0.5145754745731029,0.5350886688915493,0.08125,0.19561107620274237,0.1956110762027424,-1.0
200044,1,anti,epistemic,online,0.4868722217285789,0.5296373311860194,0.10625,0.17946064180094318,0.16081707188951222,-1.0
200044,1,anti,aleatoric,online,0.46761180540123526,0.5162461704331186,0.15,0.19210484975541703,0.16498921834135338,-1.0
200044,1,anti,total,online,0.49984613808226436,0.5100385121339311,0.15625,0.16965935181592315,0.16494804169991348,-1.0
200044,1,anti,point,online,0.49204563552999403,0.49991405779255105,0.13125,0.17302325005172586,0.16002865604831598,-1.0
200044,1,anti,shuffled,online,0.5229674085465537,0.5535073337880487,0.10625,0.1692510183883065,0.15824022489832604,-1.0
200044,1,anti,uniform,online,0.4790170607263423,0.4910760064134763,0.1375,0.18421402549156457,0.16366692637005478,-1.0
200044,1,anti,count,online,0.5288774926221225,0.5556893193220077,0.0875,0.16840280076780836,0.1591386456578381,-1.0
200044,2,aligned,epistemic,frozen,0.6084615576462209,0.5917631731293567,0.0,0.18281955788395793,0.1828195578839579,1.0
200044,2,aligned,aleatoric,frozen,0.5917907829224036,0.5289758783531241,0.0,0.18281955788395793,0.1828195578839579,1.0
200044,2,aligned,total,frozen,0.6070986204116686,0.5974439831203311,0.0,0.18281955788395793,0.1828195578839579,1.0
200044,2,aligned,point,frozen,0.5622386559052394,0.5684195202878687,0.0,0.18281955788395793,0.1828195578839579,1.0
200044,2,aligned,shuffled,frozen,0.5504550028734254,0.5515705572921581,0.0,0.18281955788395793,0.1828195578839579,1.0
200044,2,aligned,uniform,frozen,0.5121254203855805,0.5229190800112072,0.0,0.18281955788395793,0.1828195578839579,1.0
200044,2,aligned,count,frozen,0.5293485182444024,0.5312426932456227,0.0,0.18281955788395793,0.1828195578839579,1.0
200044,2,aligned,epistemic,online,0.6202440818191407,0.6265920145809389,0.0,0.14816320275254422,0.14151144587841355,1.0
200044,2,aligned,aleatoric,online,0.60634143254643,0.6049352337679358,0.0,0.14865631715605362,0.13820085735210255,1.0
200044,2,aligned,total,online,0.6035765604907674,0.6140823544035823,0.0,0.14772016334444382,0.139890330572462,1.0
200044,2,aligned,point,online,0.5756391684500306,0.5737421495815426,0.0,0.14679361971121266,0.13852503648504227,1.0
200044,2,aligned,shuffled,online,0.5379255056850463,0.5234540112074468,0.0,0.15027509472756517,0.13685307296140894,1.0
200044,2,aligned,uniform,online,0.5107414398388389,0.5250031344035274,0.0,0.15511026021938124,0.13932763577276955,1.0
200044,2,aligned,count,online,0.5493270116623478,0.5242064468941814,0.0,0.14577462604903216,0.1348043734525018,1.0
200044,2,decorrelated,epistemic,frozen,0.5653948458070264,0.6084616035485498,0.0,0.16994045774561625,0.16994045774561625,0.027972027972027972
200044,2,decorrelated,aleatoric,frozen,0.5745598094657154,0.5740607543157031,0.0,0.16994045774561625,0.16994045774561625,0.027972027972027972
200044,2,decorrelated,total,frozen,0.5813220308744456,0.6056381546711483,0.0,0.16994045774561625,0.16994045774561625,0.027972027972027972
200044,2,decorrelated,point,frozen,0.5730063214773337,0.5374489551597316,0.0,0.16994045774561625,0.16994045774561625,0.027972027972027972
200044,2,decorrelated,shuffled,frozen,0.5991343417724575,0.5946382047906585,0.0,0.16994045774561625,0.16994045774561625,0.027972027972027972
200044,2,decorrelated,uniform,frozen,0.5165307988974376,0.5058070309630002,0.0,0.16994045774561625,0.16994045774561625,0.027972027972027972
200044,2,decorrelated,count,frozen,0.5578234389726795,0.5642832584152645,0.0,0.16994045774561625,0.16994045774561625,0.027972027972027972
200044,2,decorrelated,epistemic,online,0.5977148720783021,0.6059781598849011,0.0,0.13677413281562828,0.13442187337645842,0.027972027972027972
200044,2,decorrelated,aleatoric,online,0.5976059223761307,0.5612159371897587,0.0,0.13387972224598052,0.12824049323874617,0.027972027972027972
200044,2,decorrelated,total,online,0.5913659400394898,0.6103148646953761,0.0,0.13424629399067606,0.1359644083301846,0.027972027972027972
200044,2,decorrelated,point,online,0.5640344036710714,0.5408833224211496,0.0,0.13334255380644885,0.12751811631818674,0.027972027972027972
200044,2,decorrelated,shuffled,online,0.5610292603418383,0.5609386260814724,0.0,0.13498880529495133,0.1310979787592077,0.027972027972027972
200044,2,decorrelated,uniform,online,0.5440835796586982,0.5744280415168137,0.0,0.1344896812055843,0.13229795387925147,0.027972027972027972
200044,2,decorrelated,count,online,0.5478919157659942,0.5541821350710574,0.0,0.13151640147367932,0.12673099207059277,0.027972027972027972
200044,2,anti,epistemic,frozen,0.44153844235377926,0.4582368268706435,0.25625,0.1994112187309684,0.19941121873096837,-1.0
200044,2,anti,aleatoric,frozen,0.45820921707759643,0.521024121646876,0.3625,0.1994112187309684,0.19941121873096837,-1.0
200044,2,anti,total,frozen,0.4429013795883314,0.452556016879669,0.325,0.1994112187309684,0.19941121873096837,-1.0
200044,2,anti,point,frozen,0.4877613440947607,0.4815804797121313,0.2,0.1994112187309684,0.19941121873096837,-1.0
200044,2,anti,shuffled,frozen,0.4995449971265746,0.498429442707842,0.2625,0.1994112187309684,0.19941121873096837,-1.0
200044,2,anti,uniform,frozen,0.5378745796144193,0.5270809199887927,0.06875,0.1994112187309684,0.19941121873096837,-1.0
200044,2,anti,count,frozen,0.5206514817555975,0.5187573067543774,0.14375,0.1994112187309684,0.19941121873096837,-1.0
200044,2,anti,epistemic,online,0.49167576119399553,0.5177673712619744,0.225,0.1677212349190455,0.1359060298203478,-1.0
200044,2,anti,aleatoric,online,0.49581011485941867,0.5436863770175471,0.24375,0.16235047696631938,0.13426725720306318,-1.0
200044,2,anti,total,online,0.4876827521629491,0.47546781583841397,0.25,0.16610566328958876,0.13428793279170917,-1.0
200044,2,anti,point,online,0.5423473900599781,0.615850473192755,0.125,0.1546897150074354,0.15104418016227278,-1.0
200044,2,anti,shuffled,online,0.5400297432372885,0.550060797204371,0.13125,0.15270387533590074,0.1413623625647033,-1.0
200044,2,anti,uniform,online,0.5752875194075108,0.5521001515797554,0.10625,0.14967210662327582,0.13751590757762894,-1.0
200044,2,anti,count,online,0.5258621628812407,0.5506801756480876,0.1375,0.15814750967802305,0.14123535316149596,-1.0
200044,3,aligned,epistemic,frozen,0.5594844431038503,0.521004433266574,0.05625,0.20485848313240917,0.20485848313240917,1.0
200044,3,aligned,aleatoric,frozen,0.5838972010924806,0.529480742582227,0.0625,0.20485848313240917,0.20485848313240917,1.0
200044,3,aligned,total,frozen,0.5829336799098583,0.5382306715122706,0.05625,0.20485848313240917,0.20485848313240917,1.0
200044,3,aligned,point,frozen,0.543559892636094,0.5366071502614612,0.1,0.20485848313240917,0.20485848313240917,1.0
200044,3,aligned,shuffled,frozen,0.5334938881253264,0.4894916883565118,0.19375,0.20485848313240917,0.20485848313240917,1.0
200044,3,aligned,uniform,frozen,0.4823411961510617,0.5171372862882432,0.24375,0.20485848313240917,0.20485848313240917,1.0
200044,3,aligned,count,frozen,0.5320900366832435,0.5403419954395585,0.08125,0.20485848313240917,0.20485848313240917,1.0
200044,3,aligned,epistemic,online,0.5529433259068217,0.555134649954546,0.125,0.1866440280926888,0.16820106501955837,1.0
200044,3,aligned,aleatoric,online,0.5896618864485829,0.5829215807652914,0.06875,0.18164953245009807,0.16338129127581996,1.0
200044,3,aligned,total,online,0.5701625889628661,0.5322071764864875,0.0875,0.1732501992489405,0.15921255239438212,1.0
200044,3,aligned,point,online,0.5550723997437625,0.5649224752133256,0.0875,0.17742047201943606,0.16234670062047765,1.0
200044,3,aligned,shuffled,online,0.5368692274433957,0.5851260088007837,0.1375,0.17701461538302063,0.16155351574687968,1.0
200044,3,aligned,uniform,online,0.5849316306616561,0.5600717417009591,0.0875,0.17429642398127818,0.16171490074477712,1.0
200044,3,aligned,count,online,0.5265733299151776,0.5166932625208136,0.1,0.17824149136197226,0.1611559083727788,1.0
200044,3,decorrelated,epistemic,frozen,0.5008724934573416,0.5115326380045552,0.05625,0.2107077511447128,0.21070775114471282,0.027972027972027972
200044,3,decorrelated,aleatoric,frozen,0.4879497110506101,0.49291884559825894,0.0625,0.2107077511447128,0.21070775114471282,0.027972027972027972
200044,3,decorrelated,total,frozen,0.4932479347464239,0.5154217419515648,0.05625,0.2107077511447128,0.21070775114471282,0.027972027972027972
200044,3,decorrelated,point,frozen,0.5039718179762557,0.5041934928492411,0.1,0.2107077511447128,0.21070775114471282,0.027972027972027972
200044,3,decorrelated,shuffled,frozen,0.4694631595826187,0.4754972613580559,0.19375,0.2107077511447128,0.21070775114471282,0.027972027972027972
200044,3,decorrelated,uniform,frozen,0.500108498699027,0.5050893165860932,0.24375,0.2107077511447128,0.21070775114471282,0.027972027972027972
200044,3,decorrelated,count,frozen,0.4901847041903091,0.46746381847613616,0.08125,0.2107077511447128,0.21070775114471282,0.027972027972027972
200044,3,decorrelated,epistemic,online,0.48076420062787806,0.5338608509199886,0.14375,0.20024524461534918,0.1674841634302536,0.027972027972027972
200044,3,decorrelated,aleatoric,online,0.5037524975082166,0.5258524875203117,0.08125,0.1908587464578398,0.15654444433277898,0.027972027972027972
200044,3,decorrelated,total,online,0.5120019281353174,0.5168225854295899,0.1,0.17850821595669272,0.15524205164620627,0.027972027972027972
200044,3,decorrelated,point,online,0.5126993770034327,0.5280332176150563,0.1,0.1823065546527904,0.16524873449385233,0.027972027972027972
200044,3,decorrelated,shuffled,online,0.4965228635251546,0.5469397247508555,0.1625,0.18740390248473732,0.15930191757098622,0.027972027972027972
200044,3,decorrelated,uniform,online,0.4729107407298551,0.4572192322192092,0.1,0.19980203583990336,0.17551530446554434,0.027972027972027972
200044,3,decorrelated,count,online,0.5263433103015828,0.5485290334676076,0.125,0.17763034400752858,0.15138046480048015,0.027972027972027972
200044,3,anti,epistemic,frozen,0.49051555689614973,0.5289955667334262,0.325,0.20946251308511626,0.20946251308511624,-1.0
200044,3,anti,aleatoric,frozen,0.4661027989075194,0.5205192574177732,0.4125,0.20946251308511626,0.20946251308511624,-1.0
200044,3,anti,total,frozen,0.46706632009014165,0.5117693284877294,0.4,0.20946251308511626,0.20946251308511624,-1.0
200044,3,anti,point,frozen,0.5064401073639059,0.5133928497385388,0.30625,0.20946251308511626,0.20946251308511624,-1.0
200044,3,anti,shuffled,frozen,0.5165061118746735,0.5605083116434882,0.3625,0.20946251308511626,0.20946251308511624,-1.0
200044,3,anti,uniform,frozen,0.5676588038489383,0.532862713711757,0.11875,0.20946251308511626,0.20946251308511624,-1.0
200044,3,anti,count,frozen,0.5179099633167563,0.5096580045604415,0.25,0.20946251308511626,0.20946251308511624,-1.0
200044,3,anti,epistemic,online,0.5248634559757811,0.5304891783264639,0.26875,0.1789200710181987,0.14402378173303354,-1.0
200044,3,anti,aleatoric,online,0.5025417666038152,0.5645820870772457,0.30625,0.19067141524567705,0.1401332800255657,-1.0
200044,3,anti,total,online,0.5080041667942135,0.5408554000539247,0.275,0.17189839884048735,0.14465263163969966,-1.0
200044,3,anti,point,online,0.5382215200684014,0.5425375213603357,0.23125,0.16274686434179494,0.1430697807881323,-1.0
200044,3,anti,shuffled,online,0.5374881753309226,0.5218570497509514,0.2125,0.15589229976286217,0.14467236344357604,-1.0
200044,3,anti,uniform,online,0.48543315828381167,0.5392460930683793,0.39375,0.1959465071943336,0.14282943994263717,-1.0
200044,3,anti,count,online,0.5569016932202523,0.5815042907939889,0.14375,0.1508561700889191,0.11816066940864016,-1.0
200045,1,aligned,epistemic,frozen,0.6352765765090289,0.6124232731382258,0.0,0.1617413100471459,0.1617413100471459,1.0
200045,1,aligned,aleatoric,frozen,0.5695222399453288,0.5429222871724704,0.0,0.1617413100471459,0.1617413100471459,1.0
200045,1,aligned,total,frozen,0.6216399236986981,0.606500712053512,0.0,0.1617413100471459,0.1617413100471459,1.0
200045,1,aligned,point,frozen,0.5357994543134608,0.5200187786933048,0.0,0.1617413100471459,0.1617413100471459,1.0
200045,1,aligned,shuffled,frozen,0.5005008837481342,0.4728973111894942,0.0,0.1617413100471459,0.1617413100471459,1.0
200045,1,aligned,uniform,frozen,0.5542816436217501,0.5747405285173994,0.0,0.1617413100471459,0.1617413100471459,1.0
200045,1,aligned,count,frozen,0.573119316456254,0.5876534963715863,0.0,0.1617413100471459,0.1617413100471459,1.0
200045,1,aligned,epistemic,online,0.595543452274421,0.5934708003181774,0.0,0.1295535294213374,0.1233953523043936,1.0
200045,1,aligned,aleatoric,online,0.6349488543547961,0.6461111321682347,0.0,0.12498720099480846,0.12483214089346246,1.0
200045,1,aligned,total,online,0.6168126467775874,0.6410991172989808,0.0,0.13053644266435588,0.13007172738339992,1.0
200045,1,aligned,point,online,0.5811163727813555,0.6022467720887061,0.0,0.1313190258160645,0.12771085770858873,1.0
200045,1,aligned,shuffled,online,0.6167425808889948,0.6123153702400529,0.0,0.13178323025650357,0.12437127926314269,1.0
200045,1,aligned,uniform,online,0.5965562839104402,0.5971346398650402,0.0,0.12963444409587846,0.12027039834765722,1.0
200045,1,aligned,count,online,0.5563244836384902,0.571579090034527,0.0,0.13580624452665627,0.11939687634855616,1.0
200045,1,decorrelated,epistemic,frozen,0.5265398271003043,0.5548477398590208,0.3,0.18850726150677774,0.18850726150677774,0.04895104895104895
200045,1,decorrelated,aleatoric,frozen,0.5009621080061664,0.5210843015963891,0.29375,0.18850726150677774,0.18850726150677774,0.04895104895104895
200045,1,decorrelated,total,frozen,0.526168878570032,0.5069000802210984,0.2375,0.18850726150677774,0.18850726150677774,0.04895104895104895
200045,1,decorrelated,point,frozen,0.49693266798780983,0.501739478385329,0.25,0.18850726150677774,0.18850726150677774,0.04895104895104895
200045,1,decorrelated,shuffled,frozen,0.5354548564857557,0.5088446914892432,0.11875,0.18850726150677774,0.18850726150677774,0.04895104895104895
200045,1,decorrelated,uniform,frozen,0.4815441684850965,0.518766598493156,0.325,0.18850726150677774,0.18850726150677774,0.04895104895104895
200045,1,decorrelated,count,frozen,0.513578776373454,0.4910648610309047,0.25,0.18850726150677774,0.18850726150677774,0.04895104895104895
200045,1,decorrelated,epistemic,online,0.5482732439118964,0.5216298336014933,0.2375,0.16369200167779266,0.1619536302347734,0.04895104895104895
200045,1,decorrelated,aleatoric,online,0.5067071498828261,0.5007331222825955,0.29375,0.16310584794149272,0.14895368736709338,0.04895104895104895
200045,1,decorrelated,total,online,0.534938431878843,0.5438866443110543,0.24375,0.16400069299989975,0.153491901352071,0.04895104895104895
200045,1,decorrelated,point,online,0.5044571697047157,0.5602638247984636,0.25,0.16827038766401095,0.15092788855029865,0.04895104895104895
200045,1,decorrelated,shuffled,online,0.5531832508184255,0.5853542262094409,0.20625,0.16231901064655715,0.14783564285223938,0.04895104895104895
200045,1,decorrelated,uniform,online,0.5546950097505067,0.5743832081334338,0.21875,0.1620144191385061,0.15167245563163925,0.04895104895104895
200045,1,decorrelated,count,online,0.5234188763167376,0.5546768752448095,0.175,0.1661851466578875,0.15056766732618843,0.04895104895104895
200045,1,anti,epistemic,frozen,0.414723423490971,0.4375767268617744,0.49375,0.19763436782089308,0.19763436782089305,-1.0
200045,1,anti,aleatoric,frozen,0.48047776005467124,0.5070777128275298,0.35,0.19763436782089308,0.19763436782089305,-1.0
200045,1,anti,total,frozen,0.42836007630130196,0.44349928794648796,0.41875,0.19763436782089308,0.19763436782089305,-1.0
200045,1,anti,point,frozen,0.5142005456865393,0.5299812213066952,0.26875,0.19763436782089308,0.19763436782089305,-1.0
200045,1,anti,shuffled,frozen,0.5494991162518659,0.5771026888105057,0.2375,0.19763436782089308,0.19763436782089305,-1.0
200045,1,anti,uniform,frozen,0.49571835637824985,0.47525947148260067,0.23125,0.19763436782089308,0.19763436782089305,-1.0
200045,1,anti,count,frozen,0.4768806835437459,0.4623465036284137,0.325,0.19763436782089308,0.19763436782089305,-1.0
200045,1,anti,epistemic,online,0.47533833286032856,0.492165943948536,0.35,0.1757805687305976,0.15759102161465324,-1.0
200045,1,anti,aleatoric,online,0.4630280472372975,0.4821159694750614,0.375,0.17382751165561552,0.15950780524314206,-1.0
200045,1,anti,total,online,0.4662725122592491,0.49745778024207804,0.3625,0.17711303052606103,0.15549105946221342,-1.0
200045,1,anti,point,online,0.5065058027180317,0.49962508557534874,0.26875,0.16664676197189535,0.1519295456240324,-1.0
200045,1,anti,shuffled,online,0.46707899309708106,0.4978381459833721,0.33125,0.17226146459105132,0.15248137000527012,-1.0
200045,1,anti,uniform,online,0.48220077936077865,0.48214549186849104,0.2625,0.16912577402082768,0.15462753776473095,-1.0
200045,1,anti,count,online,0.5099926667254102,0.5120762275102804,0.21875,0.1695790039350412,0.15803003630811815,-1.0
200045,2,aligned,epistemic,frozen,0.6176179534141253,0.5677570202448056,0.0,0.16974337720520621,0.16974337720520624,1.0
200045,2,aligned,aleatoric,frozen,0.5813620151471023,0.5465831169693283,0.0,0.16974337720520621,0.16974337720520624,1.0
200045,2,aligned,total,frozen,0.607083454010879,0.6239428662190825,0.0,0.16974337720520621,0.16974337720520624,1.0
200045,2,aligned,point,frozen,0.5572575647278889,0.5806590075702583,0.0,0.16974337720520621,0.16974337720520624,1.0
200045,2,aligned,shuffled,frozen,0.5905148790109302,0.6122095225129834,0.0,0.16974337720520621,0.16974337720520624,1.0
200045,2,aligned,uniform,frozen,0.6030701071921459,0.609348724686812,0.0,0.16974337720520621,0.16974337720520624,1.0
200045,2,aligned,count,frozen,0.5318038164312708,0.48272406014158376,0.0,0.16974337720520621,0.16974337720520624,1.0
200045,2,aligned,epistemic,online,0.5652751216107494,0.5854427389475934,0.0,0.126960487804811,0.1214011488103343,1.0
200045,2,aligned,aleatoric,online,0.6068478145875889,0.5898405221074152,0.0,0.1279718753454399,0.12381118210962393,1.0
200045,2,aligned,total,online,0.6127007856584562,0.6236033036978383,0.0,0.12576355496011477,0.11945498006520971,1.0
200045,2,aligned,point,online,0.5742089975819928,0.5710496058704582,0.0,0.12687048208304824,0.11565764385788169,1.0
200045,2,aligned,shuffled,online,0.5862828685554964,0.6062358711277984,0.0,0.12711061343341976,0.11822893435395483,1.0
200045,2,aligned,uniform,online,0.6119949675992784,0.5566147403148918,0.0,0.1291650970523792,0.13210100213553372,1.0
200045,2,aligned,count,online,0.5471218288701003,0.6049515888574314,0.0,0.1341718528501647,0.11578094965326059,1.0
200045,2,decorrelated,epistemic,frozen,0.5774485807000108,0.5742065394476714,0.11875,0.1708701598740033,0.17087015987400334,-0.013986013986013986
200045,2,decorrelated,aleatoric,frozen,0.5799496007082985,0.5578454792727066,0.075,0.1708701598740033,0.17087015987400334,-0.013986013986013986
200045,2,decorrelated,total,frozen,0.5906899514132755,0.5945828731063104,0.025,0.1708701598740033,0.17087015987400334,-0.013986013986013986
200045,2,decorrelated,point,frozen,0.5627704420730332,0.5833599061823198,0.09375,0.1708701598740033,0.17087015987400334,-0.013986013986013986
200045,2,decorrelated,shuffled,frozen,0.5785943017393507,0.5640741961407387,0.04375,0.1708701598740033,0.17087015987400334,-0.013986013986013986
200045,2,decorrelated,uniform,frozen,0.6396895286354943,0.5782902053872131,0.0375,0.1708701598740033,0.17087015987400334,-0.013986013986013986
200045,2,decorrelated,count,frozen,0.5283985799057183,0.5188445968868365,0.1125,0.1708701598740033,0.17087015987400334,-0.013986013986013986
200045,2,decorrelated,epistemic,online,0.5486239021652788,0.5569807563468733,0.075,0.137800959491075,0.1333676705237666,-0.013986013986013986
200045,2,decorrelated,aleatoric,online,0.5968896419637739,0.6216038936779271,0.06875,0.13831904662366315,0.13111642061383072,-0.013986013986013986
200045,2,decorrelated,total,online,0.564735767903758,0.5578878609103455,0.13125,0.1376072482300268,0.12888818819441658,-0.013986013986013986
200045,2,decorrelated,point,online,0.5574998276320986,0.5427708881433085,0.09375,0.13820757165620726,0.1301223724473742,-0.013986013986013986
200045,2,decorrelated,shuffled,online,0.5550348583355269,0.5484005265830618,0.1,0.1353266709639544,0.1274304101279756,-0.013986013986013986
200045,2,decorrelated,uniform,online,0.4924264941010824,0.5635781187145956,0.35625,0.1470967483574351,0.129818512559234,-0.013986013986013986
200045,2,decorrelated,count,online,0.5491627481969747,0.5095867284568502,0.1125,0.1396230542826194,0.14091305669000395,-0.013986013986013986
200045,2,anti,epistemic,frozen,0.43238204658587476,0.4822429797551944,0.11875,0.21723320134122642,0.2172332013412264,-1.0
200045,2,anti,aleatoric,frozen,0.4686379848528978,0.5034168830306717,0.075,0.21723320134122642,0.2172332013412264,-1.0
200045,2,anti,total,frozen,0.442916545989121,0.4260571337809174,0.025,0.21723320134122642,0.2172332013412264,-1.0
200045,2,anti,point,frozen,0.49274243527211115,0.46934099242974164,0.09375,0.21723320134122642,0.2172332013412264,-1.0
200045,2,anti,shuffled,frozen,0.4594851209890697,0.43779047748701655,0.04375,0.21723320134122642,0.2172332013412264,-1.0
200045,2,anti,uniform,frozen,0.44692989280785406,0.440651275313188,0.0375,0.21723320134122642,0.2172332013412264,-1.0
200045,2,anti,count,frozen,0.5181961835687291,0.5672759398584162,0.1125,0.21723320134122642,0.2172332013412264,-1.0
200045,2,anti,epistemic,online,0.49958618718141407,0.4851375990150375,0.08125,0.1874910626021637,0.17147446805915248,-1.0
200045,2,anti,aleatoric,online,0.475645010977212,0.5240305622103933,0.075,0.19759688999083344,0.1749563199186566,-1.0
200045,2,anti,total,online,0.46031722794331403,0.4276520147457896,0.1375,0.19991852862781842,0.18047890186654977,-1.0
200045,2,anti,point,online,0.5169002167407023,0.5236619822315381,0.09375,0.1871755079713125,0.16948604393511882,-1.0
200045,2,anti,shuffled,online,0.4936170522671267,0.4869622035835848,0.10625,0.19270835856340743,0.1743591651903468,-1.0
200045,2,anti,uniform,online,0.4685041432480671,0.5412021167672408,0.38125,0.19718503056885264,0.1750316509083438,-1.0
200045,2,anti,count,online,0.5313853887153057,0.5199858644388079,0.09375,0.18618057132052995,0.16733346474264996,-1.0
200045,3,aligned,epistemic,frozen,0.5309594469719128,0.5154005636685863,0.0625,0.2118466779292087,0.21184667792920872,1.0
200045,3,aligned,aleatoric,frozen,0.4922436012536611,0.490964409345165,0.09375,0.2118466779292087,0.21184667792920872,1.0
200045,3,aligned,total,frozen,0.5181631666535601,0.5063842115552881,0.08125,0.2118466779292087,0.21184667792920872,1.0
200045,3,aligned,point,frozen,0.49028340488170874,0.48951447216751065,0.08125,0.2118466779292087,0.21184667792920872,1.0
200045,3,aligned,shuffled,frozen,0.49191301378220664,0.5030816373183333,0.0875,0.2118466779292087,0.21184667792920872,1.0
200045,3,aligned,uniform,frozen,0.5001362476743931,0.49735005178834824,0.04375,0.2118466779292087,0.21184667792920872,1.0
200045,3,aligned,count,frozen,0.5087409460570074,0.49870336689445,0.1,0.2118466779292087,0.21184667792920872,1.0
200045,3,aligned,epistemic,online,0.4862682732740371,0.4461189075267674,0.15,0.19837867460548547,0.2295313552707624,1.0
200045,3,aligned,aleatoric,online,0.49937928946784405,0.5076508177761102,0.09375,0.19553818754953486,0.1749249892972483,1.0
200045,3,aligned,total,online,0.5162988221599965,0.47196560389729314,0.0875,0.18558048170649788,0.16769062205531785,1.0
200045,3,aligned,point,online,0.5025948438145587,0.5301732036224388,0.125,0.19597473978933896,0.1740759573912519,1.0
200045,3,aligned,shuffled,online,0.4848028900018586,0.49263774768856783,0.175,0.1912112241407021,0.19047846864311047,1.0
200045,3,aligned,uniform,online,0.4963296234554825,0.49914551808571356,0.05625,0.18823465974617068,0.17338672264759655,1.0
200045,3,aligned,count,online,0.5071024535017693,0.5174988431166962,0.10625,0.1862104556704674,0.16481323515704008,1.0
200045,3,decorrelated,epistemic,frozen,0.6027632350051509,0.5921833018311066,0.0,0.16527362076489222,0.16527362076489224,0.034965034965034975
200045,3,decorrelated,aleatoric,frozen,0.6511404236247603,0.6199858372279522,0.0,0.16527362076489222,0.16527362076489224,0.034965034965034975
200045,3,decorrelated,total,frozen,0.5920420602013616,0.5987881262017878,0.0,0.16527362076489222,0.16527362076489224,0.034965034965034975
200045,3,decorrelated,point,frozen,0.6018961353428269,0.5820466184723523,0.0,0.16527362076489222,0.16527362076489224,0.034965034965034975
200045,3,decorrelated,shuffled,frozen,0.6441379644600491,0.6340523243319736,0.0,0.16527362076489222,0.16527362076489224,0.034965034965034975
200045,3,decorrelated,uniform,frozen,0.6120588195417742,0.6116802891047183,0.0,0.16527362076489222,0.16527362076489224,0.034965034965034975
200045,3,decorrelated,count,frozen,0.5729905629926811,0.5514041967330063,0.0,0.16527362076489222,0.16527362076489224,0.034965034965034975
200045,3,decorrelated,epistemic,online,0.6247136747027391,0.6135564261038189,0.0,0.13040628438672006,0.12896295983337033,0.034965034965034975
200045,3,decorrelated,aleatoric,online,0.6451381296706916,0.655830925850479,0.0,0.13250119204151573,0.12763177862970113,0.034965034965034975
200045,3,decorrelated,total,online,0.6077156706357167,0.602560295609417,0.0,0.1329293301548951,0.1262722697403268,0.034965034965034975
200045,3,decorrelated,point,online,0.5943150161138109,0.6165129234448978,0.0,0.13474138196289256,0.1281165557583802,0.034965034965034975
200045,3,decorrelated,shuffled,online,0.5966472178867178,0.6275094864037094,0.0,0.12920915878864803,0.12767106086796814,0.034965034965034975
200045,3,decorrelated,uniform,online,0.6494515631713845,0.6231074845404997,0.0,0.1401815988463517,0.13198800017284754,0.034965034965034975
200045,3,decorrelated,count,online,0.5736218096418233,0.5488682226571299,0.0,0.12965698807156917,0.12739121921986454,0.034965034965034975
200045,3,anti,epistemic,frozen,0.5190405530280872,0.5345994363314137,0.0,0.16272747585123049,0.16272747585123049,-1.0
200045,3,anti,aleatoric,frozen,0.5577563987463388,0.559035590654835,0.0,0.16272747585123049,0.16272747585123049,-1.0
200045,3,anti,total,frozen,0.5318368333464398,0.5436157884447119,0.0,0.16272747585123049,0.16272747585123049,-1.0
200045,3,anti,point,frozen,0.5597165951182912,0.5604855278324893,0.0,0.16272747585123049,0.16272747585123049,-1.0
200045,3,anti,shuffled,frozen,0.5580869862177933,0.5469183626816668,0.0,0.16272747585123049,0.16272747585123049,-1.0
200045,3,anti,uniform,frozen,0.5498637523256069,0.5526499482116518,0.0,0.16272747585123049,0.16272747585123049,-1.0
200045,3,anti,count,frozen,0.5412590539429926,0.5512966331055501,0.0,0.16272747585123049,0.16272747585123049,-1.0
200045,3,anti,epistemic,online,0.5648154495677122,0.6271056807416345,0.0,0.13639514666554886,0.11547382668874916,-1.0
200045,3,anti,aleatoric,online,0.575131171423614,0.5650314428139283,0.0,0.13787196020098066,0.1189508507036499,-1.0
200045,3,anti,total,online,0.5579307573766704,0.6141848775527669,0.0,0.13401236195005667,0.1226078556208965,-1.0
200045,3,anti,point,online,0.568645616203973,0.5686996597511428,0.0,0.12978494405797986,0.11647052268729159,-1.0
200045,3,anti,shuffled,online,0.5711897210130588,0.5659454350837541,0.0,0.13439192386850887,0.12177278555010063,-1.0
200045,3,anti,uniform,online,0.5819961314247389,0.5947520797891138,0.0,0.1279806376272164,0.10727069245100496,-1.0
200045,3,anti,count,online,0.5558997112152635,0.5592670015997072,0.0,0.13285505388498026,0.12287795261383883,-1.0
200046,1,aligned,epistemic,frozen,0.6179119838143915,0.5713759515456859,0.0,0.1588762446453483,0.15887624464534833,1.0
200046,1,aligned,aleatoric,frozen,0.5840983069703566,0.5856257035232778,0.0,0.1588762446453483,0.15887624464534833,1.0
200046,1,aligned,total,frozen,0.5874907328362534,0.5622157789178605,0.0,0.1588762446453483,0.15887624464534833,1.0
200046,1,aligned,point,frozen,0.5471403555663555,0.5366759160490508,0.0,0.1588762446453483,0.15887624464534833,1.0
200046,1,aligned,shuffled,frozen,0.558767711005934,0.5262439715337461,0.0,0.1588762446453483,0.15887624464534833,1.0
200046,1,aligned,uniform,frozen,0.4702420618350197,0.5098721890988516,0.0,0.1588762446453483,0.15887624464534833,1.0
200046,1,aligned,count,frozen,0.5314896210439054,0.508505075899554,0.0,0.1588762446453483,0.15887624464534833,1.0
200046,1,aligned,epistemic,online,0.6067724212110398,0.6188907919314381,0.0,0.1391918779745118,0.13188872609630245,1.0
200046,1,aligned,aleatoric,online,0.6278647565021472,0.6103413557301854,0.0,0.13874028797254062,0.13222826769136853,1.0
200046,1,aligned,total,online,0.605680339404405,0.598328145748267,0.0,0.13838862404732394,0.12956193181640727,1.0
200046,1,aligned,point,online,0.5657492953995734,0.5821290317804568,0.0,0.13966869246405533,0.13039894717402065,1.0
200046,1,aligned,shuffled,online,0.5750007669287419,0.5793359207582884,0.0,0.13805875169004467,0.1285620220427108,1.0
200046,1,aligned,uniform,online,0.5319204775832029,0.5445555055160367,0.0,0.13975925801672745,0.13162129410132414,1.0
200046,1,aligned,count,online,0.5405149866971637,0.5327432152255029,0.0,0.13832591334130456,0.1287720716542827,1.0
200046,1,decorrelated,epistemic,frozen,0.5240508918619868,0.5557464240006811,0.24375,0.18899042564473617,0.1889904256447362,0.027972027972027972
200046,1,decorrelated,aleatoric,frozen,0.5268785681746804,0.49569209379568235,0.2125,0.18899042564473617,0.1889904256447362,0.027972027972027972
200046,1,decorrelated,total,frozen,0.5348964994045694,0.5166594006379894,0.2125,0.18899042564473617,0.1889904256447362,0.027972027972027972
200046,1,decorrelated,point,frozen,0.49954383913976164,0.5077075880958921,0.25,0.18899042564473617,0.1889904256447362,0.027972027972027972
200046,1,decorrelated,shuffled,frozen,0.5286820165950876,0.4939975023066987,0.16875,0.18899042564473617,0.1889904256447362,0.027972027972027972
200046,1,decorrelated,uniform,frozen,0.47550055529358637,0.4959478439475008,0.18125,0.18899042564473617,0.1889904256447362,0.027972027972027972
200046,1,decorrelated,count,frozen,0.5224115321852445,0.5092219510093144,0.23125,0.18899042564473617,0.1889904256447362,0.027972027972027972
200046,1,decorrelated,epistemic,online,0.5107838534890204,0.5373558073248497,0.3125,0.1632232402149444,0.15744161981442692,0.027972027972027972
200046,1,decorrelated,aleatoric,online,0.5348157333579378,0.5348436409996603,0.24375,0.16231488936225066,0.16491846448521064,0.027972027972027972
200046,1,decorrelated,total,online,0.5261155914712395,0.5394003443242905,0.21875,0.15791141421483332,0.14325939053928013,0.027972027972027972
200046,1,decorrelated,point,online,0.5104090666417807,0.5154901664296887,0.24375,0.15655495355834192,0.13530221569860582,0.027972027972027972
200046,1,decorrelated,shuffled,online,0.5197366353406954,0.5244597595149962,0.1875,0.1574597702135366,0.1460147581065427,0.027972027972027972
200046,1,decorrelated,uniform,online,0.5420397030016874,0.5437666370490299,0.175,0.1552154717526662,0.15848994661643231,0.027972027972027972
200046,1,decorrelated,count,online,0.5080525261673026,0.5354277925602366,0.23125,0.1574161588260335,0.14391614814038203,0.027972027972027972
200046,1,anti,epistemic,frozen,0.4320880161856085,0.4786240484543141,0.38125,0.1796140954884031,0.1796140954884031,-1.0
200046,1,anti,aleatoric,frozen,0.4659016930296434,0.46437429647672224,0.38125,0.1796140954884031,0.1796140954884031,-1.0
200046,1,anti,total,frozen,0.46250926716374663,0.48778422108213954,0.34375,0.1796140954884031,0.1796140954884031,-1.0
200046,1,anti,point,frozen,0.5028596444336444,0.5133240839509492,0.24375,0.1796140954884031,0.1796140954884031,-1.0
200046,1,anti,shuffled,frozen,0.49123228899406596,0.5237560284662539,0.24375,0.1796140954884031,0.1796140954884031,-1.0
200046,1,anti,uniform,frozen,0.5797579381649803,0.5401278109011484,0.11875,0.1796140954884031,0.1796140954884031,-1.0
200046,1,anti,count,frozen,0.5185103789560946,0.5414949241004461,0.225,0.1796140954884031,0.1796140954884031,-1.0
200046,1,anti,epistemic,online,0.47159245342985445,0.49743570412169263,0.30625,0.16036282267605667,0.15130848926060173,-1.0
200046,1,anti,aleatoric,online,0.4566921755909668,0.4999902357921794,0.4,0.16399805062058037,0.14903526071922804,-1.0
200046,1,anti,total,online,0.49094048082704866,0.5077923923827496,0.29375,0.15951889017202267,0.15165449915562654,-1.0
200046,1,anti,point,online,0.5081033027839489,0.532814303232341,0.26875,0.15908392691336326,0.15468327123273395,-1.0
200046,1,anti,shuffled,online,0.5248280747559073,0.563314291500471,0.225,0.1557133804117012,0.14595076461618325,-1.0
200046,1,anti,uniform,online,0.5425452996464072,0.5674200015381416,0.1875,0.1552451534646544,0.1477591763104031,-1.0
200046,1,anti,count,online,0.5266465543868943,0.5528774748120279,0.2,0.15891909971889243,0.15451777692431087,-1.0
200046,2,aligned,epistemic,frozen,0.6093652890877029,0.6034067894208306,0.06875,0.17208800273217512,0.1720880027321751,1.0
200046,2,aligned,aleatoric,frozen,0.6102425469759598,0.5818236226605821,0.075,0.17208800273217512,0.1720880027321751,1.0
200046,2,aligned,total,frozen,0.6251613214483166,0.6097378305507681,0.0625,0.17208800273217512,0.1720880027321751,1.0
200046,2,aligned,point,frozen,0.5587070819553851,0.5375563498445607,0.05625,0.17208800273217512,0.1720880027321751,1.0
200046,2,aligned,shuffled,frozen,0.5372805257843517,0.5554882522966114,0.05,0.17208800273217512,0.1720880027321751,1.0
200046,2,aligned,uniform,frozen,0.47225354002988046,0.5235947791316231,0.18125,0.17208800273217512,0.1720880027321751,1.0
200046,2,aligned,count,frozen,0.5614425789968867,0.5528120688632493,0.075,0.17208800273217512,0.1720880027321751,1.0
200046,2,aligned,epistemic,online,0.6264975338479649,0.5918046234310098,0.04375,0.12260037806259202,0.11684732905686306,1.0
200046,2,aligned,aleatoric,online,0.6100164445822276,0.6183090356239462,0.05,0.12459692459518448,0.11417203458022519,1.0
200046,2,aligned,total,online,0.6084177767045329,0.6201288239495849,0.0375,0.12445853591026859,0.1069920443813956,1.0
200046,2,aligned,point,online,0.5961615402987939,0.5725482205756736,0.09375,0.1170560163190237,0.10054409723852274,1.0
200046,2,aligned,shuffled,online,0.5889355773327829,0.6192148153874175,0.125,0.12539380103767608,0.10236088379689616,1.0
200046,2,aligned,uniform,online,0.5724867481682882,0.576966195417316,0.04375,0.11981043557424224,0.10288508670303054,1.0
200046,2,aligned,count,online,0.5655267071747387,0.526043544888217,0.075,0.12339210866982919,0.12506985662657527,1.0
200046,2,decorrelated,epistemic,frozen,0.5135477423015125,0.4987561774447064,0.0,0.17330947386331436,0.17330947386331438,-0.04895104895104895
200046,2,decorrelated,aleatoric,frozen,0.4773082210168614,0.48940803206158295,0.0,0.17330947386331436,0.17330947386331438,-0.04895104895104895
200046,2,decorrelated,total,frozen,0.5082329218989868,0.515449605186102,0.0,0.17330947386331436,0.17330947386331438,-0.04895104895104895
200046,2,decorrelated,point,frozen,0.5254787504985255,0.5237814964477068,0.0,0.17330947386331436,0.17330947386331438,-0.04895104895104895
200046,2,decorrelated,shuffled,frozen,0.5470584529986887,0.5398411142228967,0.0,0.17330947386331436,0.17330947386331438,-0.04895104895104895
200046,2,decorrelated,uniform,frozen,0.49029861425872207,0.5269536857496984,0.0,0.17330947386331436,0.17330947386331438,-0.04895104895104895
200046,2,decorrelated,count,frozen,0.5205794951638943,0.547466146982806,0.0,0.17330947386331436,0.17330947386331438,-0.04895104895104895
200046,2,decorrelated,epistemic,online,0.564069531115112,0.5783819255627287,0.0,0.16069141362036574,0.15724256793688873,-0.04895104895104895
200046,2,decorrelated,aleatoric,online,0.4802603730514627,0.5158398273721746,0.0,0.16860204307024712,0.15992062223697814,-0.04895104895104895
200046,2,decorrelated,total,online,0.5222341507798636,0.5579103065225013,0.0,0.16074640606063817,0.14820172102128124,-0.04895104895104895
200046,2,decorrelated,point,online,0.5353762912334334,0.5218516076581696,0.0,0.15649973181916219,0.1497085669180274,-0.04895104895104895
200046,2,decorrelated,shuffled,online,0.5561188122319034,0.5638524270234513,0.0,0.1583288024531027,0.14603043751079658,-0.04895104895104895
200046,2,decorrelated,uniform,online,0.5863400453987078,0.5771966971442646,0.0,0.15699422604094954,0.14745683442845772,-0.04895104895104895
200046,2,decorrelated,count,online,0.5255279901168008,0.5240244866883186,0.0,0.15827690316534765,0.15335085933492013,-0.04895104895104895
200046,2,anti,epistemic,frozen,0.4406347109122971,0.4465932105791694,0.28125,0.1930110887823971,0.19301108878239712,-1.0
200046,2,anti,aleatoric,frozen,0.43975745302404035,0.4681763773394179,0.3375,0.1930110887823971,0.19301108878239712,-1.0
200046,2,anti,total,frozen,0.4248386785516834,0.44026216944923197,0.325,0.1930110887823971,0.19301108878239712,-1.0
200046,2,anti,point,frozen,0.4912929180446149,0.5124436501554392,0.18125,0.1930110887823971,0.19301108878239712,-1.0
200046,2,anti,shuffled,frozen,0.5127194742156483,0.49451174770338857,0.0875,0.1930110887823971,0.19301108878239712,-1.0
200046,2,anti,uniform,frozen,0.5777464599701195,0.5264052208683769,0.11875,0.1930110887823971,0.19301108878239712,-1.0
200046,2,anti,count,frozen,0.4885574210031133,0.49718793113675075,0.19375,0.1930110887823971,0.19301108878239712,-1.0
200046,2,anti,epistemic,online,0.4912160069921967,0.4773856500550197,0.2,0.16772854127447268,0.14823921743300003,-1.0
200046,2,anti,aleatoric,online,0.4787142898015408,0.488008603374794,0.2625,0.1635959366170885,0.14164879258961738,-1.0
200046,2,anti,total,online,0.4687149628656284,0.46849223496934034,0.20625,0.17155661856781448,0.1539237965450663,-1.0
200046,2,anti,point,online,0.5237101984503351,0.5361439052766385,0.18125,0.16333575329420702,0.14041080238089815,-1.0
200046,2,anti,shuffled,online,0.53204279384868,0.5858574822980561,0.13125,0.1673387006204945,0.14577913016750624,-1.0
200046,2,anti,uniform,online,0.516759430126777,0.5202592245569094,0.0875,0.169316505222188,0.1480077460632989,-1.0
200046,2,anti,count,online,0.5207775897036618,0.5517277743858545,0.14375,0.1676991764095437,0.14498480368144356,-1.0
200046,3,aligned,epistemic,frozen,0.6461233225782587,0.6227132670751379,0.04375,0.167007820117391,0.167007820117391,1.0
200046,3,aligned,aleatoric,frozen,0.6090349201352786,0.6190510720291262,0.075,0.167007820117391,0.167007820117391,1.0
200046,3,aligned,total,frozen,0.6539871611319235,0.6415955019735841,0.04375,0.167007820117391,0.167007820117391,1.0
200046,3,aligned,point,frozen,0.5787672154464358,0.613318604391649,0.0875,0.167007820117391,0.167007820117391,1.0
200046,3,aligned,shuffled,frozen,0.5332870767869087,0.5234426805899064,0.06875,0.167007820117391,0.167007820117391,1.0
200046,3,aligned,uniform,frozen,0.6125506058746337,0.5952374343929006,0.01875,0.167007820117391,0.167007820117391,1.0
200046,3,aligned,count,frozen,0.5676263811642677,0.5792214216723076,0.10625,0.167007820117391,0.167007820117391,1.0
200046,3,aligned,epistemic,online,0.6128703277067522,0.5659941018207894,0.05,0.12483275167680616,0.1169651747879799,1.0
200046,3,aligned,aleatoric,online,0.6525463985491838,0.5982796766985903,0.0625,0.12627792448486777,0.11678683769339843,1.0
200046,3,aligned,total,online,0.5919166408299905,0.581652959573681,0.09375,0.1274208301556686,0.11716567559596293,1.0
200046,3,aligned,point,online,0.5881722445960911,0.6036503111177017,0.0875,0.12899977236652083,0.11927752157417885,1.0
200046,3,aligned,shuffled,online,0.5984873700363732,0.6174287736328481,0.1375,0.13259417335367207,0.12268112819321252,1.0
200046,3,aligned,uniform,online,0.567573592359633,0.5983423708040568,0.1625,0.1317397968160729,0.1182704575611046,1.0
200046,3,aligned,count,online,0.5578115239466627,0.5576191973210191,0.1,0.12661374971468753,0.11831239129640074,1.0
200046,3,decorrelated,epistemic,frozen,0.46345180826482935,0.44837530190598096,0.39375,0.21193508200510963,0.21193508200510966,-0.04195804195804196
200046,3,decorrelated,aleatoric,frozen,0.4095520861767774,0.3816693650593946,0.4375,0.21193508200510963,0.21193508200510966,-0.04195804195804196
200046,3,decorrelated,total,frozen,0.44059981350056654,0.4637670061045157,0.45,0.21193508200510963,0.21193508200510966,-0.04195804195804196
200046,3,decorrelated,point,frozen,0.47029808171962173,0.440354752329276,0.34375,0.21193508200510963,0.21193508200510966,-0.04195804195804196
200046,3,decorrelated,shuffled,frozen,0.5156520708742022,0.4944016580300158,0.2625,0.21193508200510963,0.21193508200510966,-0.04195804195804196
200046,3,decorrelated,uniform,frozen,0.4940090403986927,0.47873889964028643,0.225,0.21193508200510963,0.21193508200510966,-0.04195804195804196
200046,3,decorrelated,count,frozen,0.49307924890413457,0.5018165882833697,0.3125,0.21193508200510963,0.21193508200510966,-0.04195804195804196
200046,3,decorrelated,epistemic,online,0.5071925576833719,0.48770197140038823,0.29375,0.17934636905124088,0.15587139322018786,-0.04195804195804196
200046,3,decorrelated,aleatoric,online,0.4398500940238554,0.485941058356555,0.35625,0.20588529783741558,0.16476846006530108,-0.04195804195804196
200046,3,decorrelated,total,online,0.49451907252411864,0.5054357933341317,0.33125,0.19048460704537126,0.1512787016835839,-0.04195804195804196
200046,3,decorrelated,point,online,0.49044505479083933,0.5360411421621762,0.28125,0.19772452880404412,0.1594951126564386,-0.04195804195804196
200046,3,decorrelated,shuffled,online,0.46058324763501657,0.47158305138079915,0.4,0.20583150490892227,0.18433542088300814,-0.04195804195804196
200046,3,decorrelated,uniform,online,0.48014154635270134,0.5170344413606044,0.325,0.19192715882681013,0.1682114963227405,-0.04195804195804196
200046,3,decorrelated,count,online,0.49019910265456235,0.5016749708363843,0.2875,0.18272244918834993,0.16621930773265273,-0.04195804195804196
200046,3,anti,epistemic,frozen,0.40387667742174144,0.4272867329248621,0.35,0.207582575762621,0.20758257576262099,-1.0
200046,3,anti,aleatoric,frozen,0.44096507986472144,0.4309489279708737,0.3625,0.207582575762621,0.20758257576262099,-1.0
200046,3,anti,total,frozen,0.3960128388680766,0.40840449802641593,0.40625,0.207582575762621,0.20758257576262099,-1.0
200046,3,anti,point,frozen,0.47123278455356427,0.43668139560835106,0.25625,0.207582575762621,0.20758257576262099,-1.0
200046,3,anti,shuffled,frozen,0.5167129232130913,0.5265573194100936,0.19375,0.207582575762621,0.20758257576262099,-1.0
200046,3,anti,uniform,frozen,0.43744939412536626,0.4547625656070995,0.20625,0.207582575762621,0.20758257576262099,-1.0
200046,3,anti,count,frozen,0.48237361883573227,0.4707785783276924,0.20625,0.207582575762621,0.20758257576262099,-1.0
200046,3,anti,epistemic,online,0.46974082867649136,0.5126869639368529,0.225,0.19631182089778526,0.16496008602694848,-1.0
200046,3,anti,aleatoric,online,0.45669017177762294,0.553097024569432,0.29375,0.20189523770241022,0.15330042151484297,-1.0
200046,3,anti,total,online,0.4851747509560041,0.5167807125677214,0.2375,0.1922499374394244,0.14897109407454626,-1.0
200046,3,anti,point,online,0.5034572382949485,0.5265555877797921,0.18125,0.19029802491513914,0.16352779741926524,-1.0
200046,3,anti,shuffled,online,0.4990593796498489,0.5225753655348949,0.2375,0.1876426058068023,0.15710854071118474,-1.0
200046,3,anti,uniform,online,0.5151282405196334,0.4884168416923925,0.14375,0.18230344152871764,0.17169217243324483,-1.0
200046,3,anti,count,online,0.5040207493979585,0.49834199266093426,0.18125,0.17675166280978807,0.16173902778042973,-1.0
200047,1,aligned,epistemic,frozen,0.62192423129161,0.6016471854470836,0.0625,0.16678570216796587,0.16678570216796584,1.0
200047,1,aligned,aleatoric,frozen,0.5631921847630845,0.5373605417545818,0.10625,0.16678570216796587,0.16678570216796584,1.0
200047,1,aligned,total,frozen,0.5911342906534893,0.5619154440608615,0.05,0.16678570216796587,0.16678570216796584,1.0
200047,1,aligned,point,frozen,0.5103085361957946,0.49326482986286846,0.08125,0.16678570216796587,0.16678570216796584,1.0
200047,1,aligned,shuffled,frozen,0.4932167391971708,0.49128749596334276,0.04375,0.16678570216796587,0.16678570216796584,1.0
200047,1,aligned,uniform,frozen,0.5079770962206791,0.5057848730294382,0.2,0.16678570216796587,0.16678570216796584,1.0
200047,1,aligned,count,frozen,0.5327788813019241,0.5547531691186198,0.08125,0.16678570216796587,0.16678570216796584,1.0
200047,1,aligned,epistemic,online,0.5902426698374252,0.5703127910621651,0.0625,0.14919172036331294,0.13206413817438292,1.0
200047,1,aligned,aleatoric,online,0.5829184044169106,0.5815180819366107,0.06875,0.14849934096523204,0.13992168744791963,1.0
200047,1,aligned,total,online,0.5708519039294762,0.5916629078785061,0.08125,0.14659311980516887,0.1354685191229686,1.0
200047,1,aligned,point,online,0.5559365045037451,0.563832663531709,0.09375,0.1453013333759298,0.13973956283120828,1.0
200047,1,aligned,shuffled,online,0.5590634661088175,0.5541188005857236,0.09375,0.14225104982148654,0.13324636775224805,1.0
200047,1,aligned,uniform,online,0.5455601078267199,0.5431509370455372,0.1375,0.14638582190057384,0.13474094189833144,1.0
200047,1,aligned,count,online,0.5329864800788202,0.5004017684277541,0.09375,0.14446290901372869,0.13333921694643316,1.0
200047,1,decorrelated,epistemic,frozen,0.5241700696136654,0.5300324589411783,0.0,0.17413959045640004,0.17413959045640004,-0.02097902097902098
200047,1,decorrelated,aleatoric,frozen,0.5297377624529747,0.5521220363258627,0.0,0.17413959045640004,0.17413959045640004,-0.02097902097902098
200047,1,decorrelated,total,frozen,0.5210490860696811,0.5276125254072267,0.0,0.17413959045640004,0.17413959045640004,-0.02097902097902098
200047,1,decorrelated,point,frozen,0.5216953075241966,0.542887691078592,0.0,0.17413959045640004,0.17413959045640004,-0.02097902097902098
200047,1,decorrelated,shuffled,frozen,0.5227570943214657,0.4899094249157999,0.0,0.17413959045640004,0.17413959045640004,-0.02097902097902098
200047,1,decorrelated,uniform,frozen,0.5491130399221479,0.536401981071917,0.0,0.17413959045640004,0.17413959045640004,-0.02097902097902098
200047,1,decorrelated,count,frozen,0.5408889519837663,0.5654459939788483,0.0,0.17413959045640004,0.17413959045640004,-0.02097902097902098
200047,1,decorrelated,epistemic,online,0.5217528278255671,0.5280192575298074,0.0,0.14991756307717985,0.14298237004392073,-0.02097902097902098
200047,1,decorrelated,aleatoric,online,0.528720763794803,0.5720811730595313,0.0,0.15383795446313053,0.14538718524855476,-0.02097902097902098
200047,1,decorrelated,total,online,0.5289816665376728,0.5464900095835992,0.0,0.1529305621095448,0.14410670013366142,-0.02097902097902098
200047,1,decorrelated,point,online,0.5355048180679401,0.5421694181349946,0.0,0.15174452630135155,0.14610719586639134,-0.02097902097902098
200047,1,decorrelated,shuffled,online,0.5294525143093232,0.546823993468576,0.0,0.14865244426454535,0.14063385600752157,-0.02097902097902098
200047,1,decorrelated,uniform,online,0.5742466657269794,0.5621446751811078,0.0,0.15084414019622688,0.14126542356675378,-0.02097902097902098
200047,1,decorrelated,count,online,0.5579774201661092,0.5514388909324027,0.0,0.14637590419639684,0.14127521788802505,-0.02097902097902098
200047,1,anti,epistemic,frozen,0.42807576870839004,0.44835281455291637,0.0,0.1627814426299838,0.1627814426299838,-1.0
200047,1,anti,aleatoric,frozen,0.4868078152369154,0.5126394582454182,0.0,0.1627814426299838,0.1627814426299838,-1.0
200047,1,anti,total,frozen,0.4588657093465107,0.4880845559391386,0.0,0.1627814426299838,0.1627814426299838,-1.0
200047,1,anti,point,frozen,0.5396914638042054,0.5567351701371315,0.0,0.1627814426299838,0.1627814426299838,-1.0
200047,1,anti,shuffled,frozen,0.5567832608028291,0.5587125040366573,0.0,0.1627814426299838,0.1627814426299838,-1.0
200047,1,anti,uniform,frozen,0.5420229037793209,0.5442151269705618,0.0,0.1627814426299838,0.1627814426299838,-1.0
200047,1,anti,count,frozen,0.5172211186980759,0.49524683088138016,0.0,0.1627814426299838,0.1627814426299838,-1.0
200047,1,anti,epistemic,online,0.4668015415996642,0.49429783716369774,0.0,0.1575811898345552,0.15045223006511987,-1.0
200047,1,anti,aleatoric,online,0.49664774788028276,0.5065531873009921,0.0,0.15108127720597597,0.14165410701970613,-1.0
200047,1,anti,total,online,0.5076795922946753,0.5112021889376951,0.0,0.1533883185594201,0.1436405953973647,-1.0
200047,1,anti,point,online,0.5322355517528503,0.558146478979973,0.0,0.155611628004185,0.14774704961611454,-1.0
200047,1,anti,shuffled,online,0.5053713017248089,0.532074128585237,0.0,0.15533164586538142,0.14700652867829353,-1.0
200047,1,anti,uniform,online,0.53002633200772,0.5559012407738569,0.0,0.15595054087639632,0.14645056589530195,-1.0
200047,1,anti,count,online,0.5479460816243535,0.5901760116249832,0.0,0.1554056436479629,0.14778699309149992,-1.0
200047,2,aligned,epistemic,frozen,0.6322419458101824,0.5745084369923451,0.05625,0.17784309283736774,0.17784309283736774,1.0
200047,2,aligned,aleatoric,frozen,0.5779497382812714,0.5840042872344917,0.08125,0.17784309283736774,0.17784309283736774,1.0
200047,2,aligned,total,frozen,0.6131148443237596,0.6063286743756897,0.09375,0.17784309283736774,0.17784309283736774,1.0
200047,2,aligned,point,frozen,0.5242829846051638,0.5385481081222092,0.0875,0.17784309283736774,0.17784309283736774,1.0
200047,2,aligned,shuffled,frozen,0.5754432232242083,0.5337473975678532,0.03125,0.17784309283736774,0.17784309283736774,1.0
200047,2,aligned,uniform,frozen,0.5165774958852011,0.5853663355126815,0.25,0.17784309283736774,0.17784309283736774,1.0
200047,2,aligned,count,frozen,0.5309934150690935,0.5472854509954983,0.1,0.17784309283736774,0.17784309283736774,1.0
200047,2,aligned,epistemic,online,0.566495951400406,0.5749804000843988,0.0875,0.13120282819057105,0.11456170792993838,1.0
200047,2,aligned,aleatoric,online,0.6290431728171836,0.5740899246091413,0.075,0.13369553653873925,0.11272437269879089,1.0
200047,2,aligned,total,online,0.575521862621212,0.5688349855825374,0.10625,0.13981526873961703,0.1198265014297696,1.0
200047,2,aligned,point,online,0.5678171432606584,0.5761415735227349,0.08125,0.1383941805742024,0.11366096560453542,1.0
200047,2,aligned,shuffled,online,0.5362710141749197,0.5537136229727587,0.1,0.1348139536828103,0.11484117252296834,1.0
200047,2,aligned,uniform,online,0.5395115148585992,0.5573484168797058,0.14375,0.13347613900227426,0.11105773194401085,1.0
200047,2,aligned,count,online,0.5471107823568656,0.5106293912375748,0.1,0.13287292757811495,0.10976279486486758,1.0
200047,2,decorrelated,epistemic,frozen,0.6061216385774525,0.5840224557674654,0.0,0.16543515010621906,0.1654351501062191,0.027972027972027972
200047,2,decorrelated,aleatoric,frozen,0.5791782185414148,0.5560930166229014,0.0,0.16543515010621906,0.1654351501062191,0.027972027972027972
200047,2,decorrelated,total,frozen,0.5823327177332708,0.5936344781556336,0.0,0.16543515010621906,0.1654351501062191,0.027972027972027972
200047,2,decorrelated,point,frozen,0.5455689913961718,0.5315640092606684,0.0,0.16543515010621906,0.1654351501062191,0.027972027972027972
200047,2,decorrelated,shuffled,frozen,0.5265665365287002,0.5504684681759384,0.0,0.16543515010621906,0.1654351501062191,0.027972027972027972
200047,2,decorrelated,uniform,frozen,0.5622421301463031,0.5930594936803132,0.0,0.16543515010621906,0.1654351501062191,0.027972027972027972
200047,2,decorrelated,count,frozen,0.5553768294188124,0.527928706577951,0.0,0.16543515010621906,0.1654351501062191,0.027972027972027972
200047,2,decorrelated,epistemic,online,0.572230472376341,0.602578044130371,0.0,0.13335519897196227,0.12525869065826123,0.027972027972027972
200047,2,decorrelated,aleatoric,online,0.5843052300657673,0.5765421201277597,0.0,0.13129877675134508,0.12150631560755337,0.027972027972027972
200047,2,decorrelated,total,online,0.5726203325424557,0.5600137069137844,0.0,0.13427010112110685,0.1235551500231782,0.027972027972027972
200047,2,decorrelated,point,online,0.5627145246407654,0.5672510365829636,0.0,0.13213897429227806,0.12320190502024353,0.027972027972027972
200047,2,decorrelated,shuffled,online,0.5399146321428485,0.5553820898080809,0.0,0.13329266836925288,0.12581478128605453,0.027972027972027972
200047,2,decorrelated,uniform,online,0.5145163506519319,0.522566730468325,0.0,0.13816364065928882,0.13019824187134701,0.027972027972027972
200047,2,decorrelated,count,online,0.5423432517063911,0.5326470482988489,0.0,0.13294728142219991,0.12923480260948464,0.027972027972027972
200047,2,anti,epistemic,frozen,0.4177580541898176,0.47549156300765494,0.25625,0.18965150051679566,0.1896515005167957,-1.0
200047,2,anti,aleatoric,frozen,0.4720502617187286,0.46599571276550833,0.2875,0.18965150051679566,0.1896515005167957,-1.0
200047,2,anti,total,frozen,0.4368851556762404,0.4436713256243102,0.3,0.18965150051679566,0.1896515005167957,-1.0
200047,2,anti,point,frozen,0.5257170153948362,0.5114518918777908,0.10625,0.18965150051679566,0.1896515005167957,-1.0
200047,2,anti,shuffled,frozen,0.4745567767757917,0.5162526024321469,0.1375,0.18965150051679566,0.1896515005167957,-1.0
200047,2,anti,uniform,frozen,0.5334225041147989,0.4646336644873186,0.08125,0.18965150051679566,0.1896515005167957,-1.0
200047,2,anti,count,frozen,0.5190065849309065,0.5027145490045017,0.125,0.18965150051679566,0.1896515005167957,-1.0
200047,2,anti,epistemic,online,0.5341142565273682,0.5380758616896688,0.14375,0.15904046382412054,0.13325225070296834,-1.0
200047,2,anti,aleatoric,online,0.5009794112889949,0.5737428837925966,0.21875,0.16632108362512427,0.13080300108846274,-1.0
200047,2,anti,total,online,0.5243101768964825,0.5796237974507252,0.175,0.15893181866527367,0.13506364658416745,-1.0
200047,2,anti,point,online,0.5356926413463677,0.5316328405690929,0.125,0.15566230823724853,0.13568446934019077,-1.0
200047,2,anti,shuffled,online,0.5515879027387202,0.5566786572748895,0.08125,0.1536588565754153,0.132016970351403,-1.0
200047,2,anti,uniform,online,0.5592081628604774,0.5635412377399991,0.05,0.15693562720358956,0.14182613473558564,-1.0
200047,2,anti,count,online,0.5520647491653596,0.5880203284277983,0.075,0.15720504611299538,0.13517358282921974,-1.0
200047,3,aligned,epistemic,frozen,0.6274722689128387,0.5939021025848039,0.05,0.19678808913286475,0.19678808913286472,1.0
200047,3,aligned,aleatoric,frozen,0.6257088254529661,0.5971765127269087,0.09375,0.19678808913286475,0.19678808913286472,1.0
200047,3,aligned,total,frozen,0.6258941480290069,0.6015835058123328,0.075,0.19678808913286475,0.19678808913286472,1.0
200047,3,aligned,point,frozen,0.5608421332627506,0.5078672618747185,0.1125,0.19678808913286475,0.19678808913286472,1.0
200047,3,aligned,shuffled,frozen,0.5491496515297621,0.5578776995164645,0.21875,0.19678808913286475,0.19678808913286472,1.0
200047,3,aligned,uniform,frozen,0.5268335117462363,0.5479333599152127,0.18125,0.19678808913286475,0.19678808913286472,1.0
200047,3,aligned,count,frozen,0.5559996206153153,0.550864827564969,0.10625,0.19678808913286475,0.19678808913286472,1.0
200047,3,aligned,epistemic,online,0.6210367010255948,0.663660828352646,0.0875,0.14899713043678614,0.13316626497015596,1.0
200047,3,aligned,aleatoric,online,0.629000218796561,0.6126561876380847,0.10625,0.14753295221568477,0.13123855580559096,1.0
200047,3,aligned,total,online,0.5945114019045399,0.5767928580111752,0.1,0.14975492167980975,0.14699192921603926,1.0
200047,3,aligned,point,online,0.5789642457014013,0.5756471243051013,0.125,0.14136930392983002,0.12388096117777164,1.0
200047,3,aligned,shuffled,online,0.5495785017404169,0.5501132241948066,0.16875,0.15533427484108503,0.14410749961439515,1.0
200047,3,aligned,uniform,online,0.5536095286727272,0.5441656497111118,0.03125,0.15994289565751496,0.15351225484064682,1.0
200047,3,aligned,count,online,0.5588651618306608,0.5924279523024841,0.1125,0.15033735553251948,0.13623674819146692,1.0
200047,3,decorrelated,epistemic,frozen,0.47649539209771286,0.48593431977412427,0.3875,0.22828203384082282,0.22828203384082282,0.0
200047,3,decorrelated,aleatoric,frozen,0.4609495198805139,0.5041312885871724,0.4375,0.22828203384082282,0.22828203384082282,0.0
200047,3,decorrelated,total,frozen,0.47205654244268136,0.4716152277123376,0.3875,0.22828203384082282,0.22828203384082282,0.0
200047,3,decorrelated,point,frozen,0.5038705546832386,0.5185336478822511,0.2375,0.22828203384082282,0.22828203384082282,0.0
200047,3,decorrelated,shuffled,frozen,0.4510606945501558,0.5170733612139624,0.34375,0.22828203384082282,0.22828203384082282,0.0
200047,3,decorrelated,uniform,frozen,0.49546208516014245,0.5065771264069381,0.21875,0.22828203384082282,0.22828203384082282,0.0
200047,3,decorrelated,count,frozen,0.49577951107581847,0.46313909831537925,0.23125,0.22828203384082282,0.22828203384082282,0.0
200047,3,decorrelated,epistemic,online,0.5058773195704781,0.5340942081123562,0.28125,0.20410056559151837,0.16046609868506337,0.0
200047,3,decorrelated,aleatoric,online,0.47432192225691416,0.49886523072600114,0.275,0.1952244863954144,0.16332740170369917,0.0
200047,3,decorrelated,total,online,0.5193199441476184,0.5190578070276409,0.2375,0.20022925334148392,0.1885061689951252,0.0
200047,3,decorrelated,point,online,0.5046863913886254,0.5084790330590689,0.18125,0.19226487483884885,0.17234151383470195,0.0
200047,3,decorrelated,shuffled,online,0.5242704287907047,0.5348827623803286,0.15625,0.193220680390858,0.17709371231255908,0.0
200047,3,decorrelated,uniform,online,0.49567018592548734,0.5625062413513284,0.175,0.20315978837285611,0.17299741805367516,0.0
200047,3,decorrelated,count,online,0.516264112746138,0.5533642372564767,0.15,0.19257910365543723,0.16297127996379218,0.0
200047,3,anti,epistemic,frozen,0.4225277310871613,0.45609789741519613,0.3875,0.19092722466738712,0.1909272246673871,-1.0
200047,3,anti,aleatoric,frozen,0.4242911745470339,0.4528234872730913,0.4375,0.19092722466738712,0.1909272246673871,-1.0
200047,3,anti,total,frozen,0.4241058519709931,0.44841649418766727,0.3875,0.19092722466738712,0.1909272246673871,-1.0
200047,3,anti,point,frozen,0.4891578667372494,0.5421327381252815,0.2375,0.19092722466738712,0.1909272246673871,-1.0
200047,3,anti,shuffled,frozen,0.5008503484702379,0.49212230048353556,0.34375,0.19092722466738712,0.1909272246673871,-1.0
200047,3,anti,uniform,frozen,0.5231664882537637,0.5020666400847873,0.21875,0.19092722466738712,0.1909272246673871,-1.0
200047,3,anti,count,frozen,0.49400037938468466,0.4991351724350309,0.23125,0.19092722466738712,0.1909272246673871,-1.0
200047,3,anti,epistemic,online,0.489605703309621,0.5089075177612334,0.275,0.17498046731354902,0.13851174863539947,-1.0
200047,3,anti,aleatoric,online,0.4935816498253562,0.5321980862750191,0.275,0.16157718961019185,0.13973472311217214,-1.0
200047,3,anti,total,online,0.48802943328396375,0.5398402202254412,0.25,0.17258262998456542,0.14724741437537875,-1.0
200047,3,anti,point,online,0.544126150304411,0.6052804984795329,0.16875,0.15786702933158572,0.13188385352548615,-1.0
200047,3,anti,shuffled,online,0.5370705966905329,0.5818509419864701,0.15625,0.16341459848340714,0.14377150750852308,-1.0
200047,3,anti,uniform,online,0.516730332501106,0.5383196767338518,0.18125,0.1605918813094791,0.1367530503125062,-1.0
200047,3,anti,count,online,0.5302827030782311,0.5580558782371964,0.1375,0.16024849666686608,0.14160447944779386,-1.0
200048,1,aligned,epistemic,frozen,0.5782219499466491,0.5552556948361327,0.0,0.16975004667839436,0.16975004667839436,1.0
200048,1,aligned,aleatoric,frozen,0.5418628323909337,0.49870595352181246,0.0,0.16975004667839436,0.16975004667839436,1.0
200048,1,aligned,total,frozen,0.5865528012274679,0.5403946641576193,0.0,0.16975004667839436,0.16975004667839436,1.0
200048,1,aligned,point,frozen,0.5231408632149871,0.5214201807380207,0.0,0.16975004667839436,0.16975004667839436,1.0
200048,1,aligned,shuffled,frozen,0.500103907127756,0.47957928974732056,0.0,0.16975004667839436,0.16975004667839436,1.0
200048,1,aligned,uniform,frozen,0.502365889838141,0.47309798915325363,0.0,0.16975004667839436,0.16975004667839436,1.0
200048,1,aligned,count,frozen,0.5429065884506634,0.5547823339102422,0.0,0.16975004667839436,0.16975004667839436,1.0
200048,1,aligned,epistemic,online,0.5599088784997429,0.590597018594274,0.0,0.1522084807868796,0.14869146467061803,1.0
200048,1,aligned,aleatoric,online,0.5816674938510633,0.5794260165652464,0.0,0.15364106807195363,0.14749677394744032,1.0
200048,1,aligned,total,online,0.5568452885756966,0.5418238500148892,0.0,0.1542711789426702,0.1471160318676704,1.0
200048,1,aligned,point,online,0.5008796335394254,0.5292644117177696,0.0,0.15639553013759327,0.14487337259388194,1.0
200048,1,aligned,shuffled,online,0.5570335933641581,0.5613064486063578,0.0,0.1517624525358193,0.14316233018467353,1.0
200048,1,aligned,uniform,online,0.49626642142563854,0.5020973518341695,0.0,0.1551746340667397,0.14745028690723974,1.0
200048,1,aligned,count,online,0.5262319194985358,0.5260084773570985,0.0,0.15381038550537662,0.14585467234891852,1.0
200048,1,decorrelated,epistemic,frozen,0.5892566744089394,0.5701717321818702,0.0,0.14335695856599398,0.14335695856599398,0.04195804195804196
200048,1,decorrelated,aleatoric,frozen,0.5884688127673191,0.5698797408728955,0.0,0.14335695856599398,0.14335695856599398,0.04195804195804196
200048,1,decorrelated,total,frozen,0.5658002170995406,0.5709336259099793,0.0,0.14335695856599398,0.14335695856599398,0.04195804195804196
200048,1,decorrelated,point,frozen,0.5575488986401556,0.5417028951245375,0.0,0.14335695856599398,0.14335695856599398,0.04195804195804196
200048,1,decorrelated,shuffled,frozen,0.5949878421116782,0.5886042380119119,0.0,0.14335695856599398,0.14335695856599398,0.04195804195804196
200048,1,decorrelated,uniform,frozen,0.5291877022808927,0.520408119334312,0.0,0.14335695856599398,0.14335695856599398,0.04195804195804196
200048,1,decorrelated,count,frozen,0.5696080227429248,0.6139689546823188,0.0,0.14335695856599398,0.14335695856599398,0.04195804195804196
200048,1,decorrelated,epistemic,online,0.5758998237580641,0.5699057837133805,0.0,0.12375619799128187,0.11299546178874066,0.04195804195804196
200048,1,decorrelated,aleatoric,online,0.5995796338084484,0.5918537934419996,0.0,0.11928355265761988,0.11331177282334277,0.04195804195804196
200048,1,decorrelated,total,online,0.5974458597878121,0.6093229060541262,0.0,0.11941991171680702,0.11357534617094307,0.04195804195804196
200048,1,decorrelated,point,online,0.5545789550552201,0.5516514204930251,0.0,0.12067564952634216,0.11428397542308427,0.04195804195804196
200048,1,decorrelated,shuffled,online,0.5773394117058138,0.5484048503425417,0.0,0.12160935064229592,0.11285224181188092,0.04195804195804196
200048,1,decorrelated,uniform,online,0.5789067930402979,0.561082889288508,0.0,0.11776087093147099,0.10667049802525663,0.04195804195804196
200048,1,decorrelated,count,online,0.5556110776127181,0.545411795567668,0.0,0.12027883920205296,0.11117636209996085,0.04195804195804196
200048,1,anti,epistemic,frozen,0.47177805005335094,0.4947443051638672,0.21875,0.15995246883978956,0.15995246883978956,-1.0
200048,1,anti,aleatoric,frozen,0.5081371676090662,0.5512940464781876,0.25625,0.15995246883978956,0.15995246883978956,-1.0
200048,1,anti,total,frozen,0.46344719877253215,0.5096053358423807,0.16875,0.15995246883978956,0.15995246883978956,-1.0
200048,1,anti,point,frozen,0.5268591367850128,0.5285798192619794,0.1625,0.15995246883978956,0.15995246883978956,-1.0
200048,1,anti,shuffled,frozen,0.549896092872244,0.5704207102526795,0.05625,0.15995246883978956,0.15995246883978956,-1.0
200048,1,anti,uniform,frozen,0.5476341101618589,0.5769020108467464,0.1125,0.15995246883978956,0.15995246883978956,-1.0
200048,1,anti,count,frozen,0.5070934115493365,0.4952176660897577,0.1375,0.15995246883978956,0.15995246883978956,-1.0
200048,1,anti,epistemic,online,0.5035414293226756,0.49505477225427574,0.16875,0.14512808604550548,0.1423463400529247,-1.0
200048,1,anti,aleatoric,online,0.49164261358663797,0.5005380765859753,0.28125,0.14870715332839998,0.14626322247277287,-1.0
200048,1,anti,total,online,0.5001341453637355,0.5383702902808094,0.2,0.15944112507392988,0.14258261248751722,-1.0
200048,1,anti,point,online,0.5647059512381721,0.5564199200535552,0.11875,0.14590315877819188,0.13820559940372085,-1.0
200048,1,anti,shuffled,online,0.508620758680418,0.4903235209358214,0.175,0.14548719152328546,0.1386098768916134,-1.0
200048,1,anti,uniform,online,0.5731980788240383,0.5804490474583256,0.10625,0.1450665727448838,0.13480554775258827,-1.0
200048,1,anti,count,online,0.5485200635851436,0.5741552481823164,0.0875,0.1486377962793242,0.14115757416015132,-1.0
200048,2,aligned,epistemic,frozen,0.6420521673656884,0.6210458845396761,0.0,0.12815497911228782,0.12815497911228785,1.0
200048,2,aligned,aleatoric,frozen,0.614230953810937,0.5942483647156483,0.0,0.12815497911228782,0.12815497911228785,1.0
200048,2,aligned,total,frozen,0.59981418527661,0.604313401500874,0.0,0.12815497911228782,0.12815497911228785,1.0
200048,2,aligned,point,frozen,0.5760214834806552,0.5783871844981461,0.0,0.12815497911228782,0.12815497911228785,1.0
200048,2,aligned,shuffled,frozen,0.6086670223422275,0.6425974580054771,0.0,0.12815497911228782,0.12815497911228785,1.0
200048,2,aligned,uniform,frozen,0.5934510872704722,0.6073830449456283,0.0,0.12815497911228782,0.12815497911228785,1.0
200048,2,aligned,count,frozen,0.5520378165422398,0.5685982761669907,0.0,0.12815497911228782,0.12815497911228785,1.0
200048,2,aligned,epistemic,online,0.6196526092628984,0.6178422953562641,0.0,0.10790263127228275,0.1032034250920544,1.0
200048,2,aligned,aleatoric,online,0.6081074813008883,0.631339320128576,0.0,0.10932822777732591,0.10520488722452277,1.0
200048,2,aligned,total,online,0.6365137682931504,0.6042871169327638,0.0,0.10991889075887004,0.10964667634505709,1.0
200048,2,aligned,point,online,0.5951378085066109,0.6438800584364626,0.0,0.10869239133491662,0.1063446370314502,1.0
200048,2,aligned,shuffled,online,0.6104718272688441,0.6377102986634123,0.0,0.10673174413978773,0.10171584434999768,1.0
200048,2,aligned,uniform,online,0.5329299561676089,0.5770395179515253,0.0,0.1126249068264121,0.10424795542296544,1.0
200048,2,aligned,count,online,0.5894610508034519,0.5874407091045862,0.0,0.1100219762263976,0.10211573010625713,1.0
200048,2,decorrelated,epistemic,frozen,0.5749341353719455,0.5624781753619965,0.0,0.17117625527565258,0.17117625527565258,0.02097902097902098
200048,2,decorrelated,aleatoric,frozen,0.5666657605148492,0.5487101121284048,0.0,0.17117625527565258,0.17117625527565258,0.02097902097902098
200048,2,decorrelated,total,frozen,0.5667983865808005,0.5937748884780027,0.0,0.17117625527565258,0.17117625527565258,0.02097902097902098
200048,2,decorrelated,point,frozen,0.5483510207172559,0.5550294828076586,0.0,0.17117625527565258,0.17117625527565258,0.02097902097902098
200048,2,decorrelated,shuffled,frozen,0.5573512504940789,0.5859761243109267,0.0,0.17117625527565258,0.17117625527565258,0.02097902097902098
200048,2,decorrelated,uniform,frozen,0.5318012899842619,0.5593073941495047,0.0,0.17117625527565258,0.17117625527565258,0.02097902097902098
200048,2,decorrelated,count,frozen,0.5343518181475317,0.5318464601526651,0.0,0.17117625527565258,0.17117625527565258,0.02097902097902098
200048,2,decorrelated,epistemic,online,0.5551873797901785,0.5714960834612328,0.0,0.13626687592069664,0.1343981372581191,0.02097902097902098
200048,2,decorrelated,aleatoric,online,0.5592737999840062,0.5965835222730943,0.0,0.1431703720222467,0.13812595281687315,0.02097902097902098
200048,2,decorrelated,total,online,0.5747554644145577,0.5739439015894995,0.0,0.13952972757313922,0.136208005452255,0.02097902097902098
200048,2,decorrelated,point,online,0.5401719467429439,0.564820154791372,0.0,0.14042090670385243,0.1267567421832393,0.02097902097902098
200048,2,decorrelated,shuffled,online,0.5277712820250878,0.5176739156162056,0.0,0.1402981646679564,0.1380003174123331,0.02097902097902098
200048,2,decorrelated,uniform,online,0.5141620862001323,0.5278270763267846,0.0,0.14112590217718948,0.12984418625124464,0.02097902097902098
200048,2,decorrelated,count,online,0.5340880349067075,0.5518252785648995,0.0,0.13904855219666926,0.12789924801305053,0.02097902097902098
200048,2,anti,epistemic,frozen,0.4079478326343116,0.4289541154603239,0.3,0.21087875456664906,0.21087875456664906,-1.0
200048,2,anti,aleatoric,frozen,0.43576904618906304,0.4557516352843517,0.375,0.21087875456664906,0.21087875456664906,-1.0
200048,2,anti,total,frozen,0.45018581472339003,0.44568659849912595,0.2375,0.21087875456664906,0.21087875456664906,-1.0
200048,2,anti,point,frozen,0.47397851651934486,0.47161281550185397,0.225,0.21087875456664906,0.21087875456664906,-1.0
200048,2,anti,shuffled,frozen,0.4413329776577726,0.40740254199452314,0.20625,0.21087875456664906,0.21087875456664906,-1.0
200048,2,anti,uniform,frozen,0.4565489127295278,0.4426169550543717,0.10625,0.21087875456664906,0.21087875456664906,-1.0
200048,2,anti,count,frozen,0.49796218345776017,0.4814017238330094,0.14375,0.21087875456664906,0.21087875456664906,-1.0
200048,2,anti,epistemic,online,0.46324391205472376,0.46345429860803533,0.175,0.1959045665296743,0.1873123268021409,-1.0
200048,2,anti,aleatoric,online,0.47509331630574125,0.4924666294567682,0.25,0.1917497210736177,0.1726597314706381,-1.0
200048,2,anti,total,online,0.4608459322425177,0.525660263476943,0.3,0.19601201761635126,0.17365428635925498,-1.0
200048,2,anti,point,online,0.48573667723584035,0.46157080246534116,0.15,0.19204937107175263,0.1761794516229319,-1.0
200048,2,anti,shuffled,online,0.4814262602796086,0.4568979112647746,0.18125,0.19285834032446125,0.18614927666379708,-1.0
200048,2,anti,uniform,online,0.5365565350225847,0.5421101695214672,0.10625,0.1865139951301484,0.17258614159905358,-1.0
200048,2,anti,count,online,0.49716232634550933,0.49605605465656055,0.13125,0.19005733705775732,0.1729446387043769,-1.0
200048,3,aligned,epistemic,frozen,0.5969240264776845,0.5663673221493519,0.0,0.16853456469007438,0.16853456469007436,1.0
200048,3,aligned,aleatoric,frozen,0.6020457265413963,0.5774335595236859,0.0,0.16853456469007438,0.16853456469007436,1.0
200048,3,aligned,total,frozen,0.6032920817067688,0.5943312988175334,0.0,0.16853456469007438,0.16853456469007436,1.0
200048,3,aligned,point,frozen,0.550634151560503,0.5570653847405296,0.0,0.16853456469007438,0.16853456469007436,1.0
200048,3,aligned,shuffled,frozen,0.5803886899330424,0.6205856912313088,0.0,0.16853456469007438,0.16853456469007436,1.0
200048,3,aligned,uniform,frozen,0.5787937256620117,0.5391568832088653,0.0,0.16853456469007438,0.16853456469007436,1.0
200048,3,aligned,count,frozen,0.5575498947001372,0.5558395881279046,0.0,0.16853456469007438,0.16853456469007436,1.0
200048,3,aligned,epistemic,online,0.5947629325099352,0.6247681378352984,0.0,0.1525530921705393,0.1389902656014124,1.0
200048,3,aligned,aleatoric,online,0.581614186181449,0.5704093406623085,0.0,0.14758627125752927,0.13388327772681913,1.0
200048,3,aligned,total,online,0.5752833257403791,0.6106276097159286,0.0,0.15162284375626006,0.13881795981347134,1.0
200048,3,aligned,point,online,0.555153489213668,0.563026201390761,0.0,0.14807991322131522,0.13302747002032314,1.0
200048,3,aligned,shuffled,online,0.5735872060779699,0.5885575326147929,0.0,0.15104236019798417,0.1360055807492182,1.0
200048,3,aligned,uniform,online,0.5935421176930217,0.6048797384572346,0.0,0.15030038275901964,0.1437119684551701,1.0
200048,3,aligned,count,online,0.5627964394997317,0.5581644124870578,0.0,0.14746647559720216,0.1365318953439845,1.0
200048,3,decorrelated,epistemic,frozen,0.5779551817341,0.5492028090210168,0.0,0.16099458561189953,0.16099458561189953,-0.027972027972027972
200048,3,decorrelated,aleatoric,frozen,0.6323285334652676,0.607700180695254,0.0,0.16099458561189953,0.16099458561189953,-0.027972027972027972
200048,3,decorrelated,total,frozen,0.5943640414875074,0.5457553903298468,0.0,0.16099458561189953,0.16099458561189953,-0.027972027972027972
200048,3,decorrelated,point,frozen,0.5724749946314588,0.6139355971728865,0.0,0.16099458561189953,0.16099458561189953,-0.027972027972027972
200048,3,decorrelated,shuffled,frozen,0.5878399131941027,0.6100680768628337,0.0,0.16099458561189953,0.16099458561189953,-0.027972027972027972
200048,3,decorrelated,uniform,frozen,0.6100331105919324,0.5967035251327403,0.0,0.16099458561189953,0.16099458561189953,-0.027972027972027972
200048,3,decorrelated,count,frozen,0.5506102546770887,0.5041358296038772,0.0,0.16099458561189953,0.16099458561189953,-0.027972027972027972
200048,3,decorrelated,epistemic,online,0.6229562744211184,0.645851644443505,0.0,0.13752088443823632,0.1326128104025737,-0.027972027972027972
200048,3,decorrelated,aleatoric,online,0.618022420454351,0.5991329921330957,0.0,0.13520093105222936,0.1314346807191393,-0.027972027972027972
200048,3,decorrelated,total,online,0.591358087695571,0.5862975675276908,0.0,0.1368451865204911,0.1401852077817681,-0.027972027972027972
200048,3,decorrelated,point,online,0.5735958640742302,0.5581481229183972,0.0,0.1356879465827136,0.1371989846269482,-0.027972027972027972
200048,3,decorrelated,shuffled,online,0.5828421682265966,0.5857374913283734,0.0,0.1328445962087015,0.1291862973826057,-0.027972027972027972
200048,3,decorrelated,uniform,online,0.6232230555620157,0.6077677734192326,0.0,0.13716439810555872,0.12683551994183745,-0.027972027972027972
200048,3,decorrelated,count,online,0.5731479193047799,0.5794028888323147,0.0,0.13320022399384662,0.12461909576328241,-0.027972027972027972
200048,3,anti,epistemic,frozen,0.4530759735223155,0.483632677850648,0.09375,0.2154057389776729,0.2154057389776729,-1.0
200048,3,anti,aleatoric,frozen,0.44795427345860367,0.47256644047631413,0.0375,0.2154057389776729,0.2154057389776729,-1.0
200048,3,anti,total,frozen,0.4467079182932311,0.4556687011824666,0.08125,0.2154057389776729,0.2154057389776729,-1.0
200048,3,anti,point,frozen,0.49936584843949705,0.49293461525947035,0.13125,0.2154057389776729,0.2154057389776729,-1.0
200048,3,anti,shuffled,frozen,0.4696113100669577,0.4294143087686912,0.10625,0.2154057389776729,0.2154057389776729,-1.0
200048,3,anti,uniform,frozen,0.47120627433798834,0.5108431167911347,0.025,0.2154057389776729,0.2154057389776729,-1.0
200048,3,anti,count,frozen,0.4924501052998629,0.4941604118720955,0.10625,0.2154057389776729,0.2154057389776729,-1.0
200048,3,anti,epistemic,online,0.4624546022663504,0.4753708821160226,0.125,0.2165940483736449,0.19151057452118495,-1.0
200048,3,anti,aleatoric,online,0.47461537185081565,0.519425844418558,0.0375,0.208265789420798,0.1817684210740029,-1.0
200048,3,anti,total,online,0.49705566346255486,0.5054995666720223,0.1,0.2057365126599168,0.1903849733469519,-1.0
200048,3,anti,point,online,0.5077494811102939,0.5206438712173371,0.09375,0.19796023090484072,0.1768282390840388,-1.0
200048,3,anti,shuffled,online,0.48570090736560384,0.5137149534674632,0.09375,0.1979292315757819,0.1806370967642595,-1.0
200048,3,anti,uniform,online,0.462120079249191,0.4398613557960619,0.14375,0.21516663306982173,0.19188246762432937,-1.0
200048,3,anti,count,online,0.49980316549631165,0.5202566448801209,0.08125,0.19266981971107328,0.166542661064116,-1.0
200049,1,aligned,epistemic,frozen,0.6172444905472612,0.6236995367077542,0.0,0.1548381357028701,0.1548381357028701,1.0
200049,1,aligned,aleatoric,frozen,0.6061357860993271,0.516177987120193,0.0,0.1548381357028701,0.1548381357028701,1.0
200049,1,aligned,total,frozen,0.605264993069641,0.6120597890308614,0.0,0.1548381357028701,0.1548381357028701,1.0
200049,1,aligned,point,frozen,0.5689043551957436,0.5571824882225369,0.0,0.1548381357028701,0.1548381357028701,1.0
200049,1,aligned,shuffled,frozen,0.5573589145529219,0.5146817927397442,0.0,0.1548381357028701,0.1548381357028701,1.0
200049,1,aligned,uniform,frozen,0.5448463030263012,0.5766124576312022,0.0,0.1548381357028701,0.1548381357028701,1.0
200049,1,aligned,count,frozen,0.5455160198650457,0.5879808500077497,0.0,0.1548381357028701,0.1548381357028701,1.0
200049,1,aligned,epistemic,online,0.586510443952295,0.5909884799272194,0.0,0.13438647922472505,0.1333179605784874,1.0
200049,1,aligned,aleatoric,online,0.6354254390800058,0.6441495627692575,0.0,0.13513749766110378,0.1303338163123114,1.0
200049,1,aligned,total,online,0.601948541928585,0.5812234611599274,0.0,0.13272856375748404,0.1325622132348705,1.0
200049,1,aligned,point,online,0.562720439242138,0.5488401409378831,0.0,0.1367848448641796,0.1277586621376703,1.0
200049,1,aligned,shuffled,online,0.5877498122054451,0.5644544139855944,0.0,0.13628796343927246,0.13038718634883595,1.0
200049,1,aligned,uniform,online,0.5706451526308746,0.611162667014449,0.0,0.13613510599836318,0.13001370625534278,1.0
200049,1,aligned,count,online,0.5577300126965484,0.5681513032310024,0.0,0.13741195619586388,0.13262097049633853,1.0
200049,1,decorrelated,epistemic,frozen,0.5235026883495115,0.5540105992184314,0.0,0.16687371880280222,0.16687371880280222,-0.04195804195804196
200049,1,decorrelated,aleatoric,frozen,0.5346135120951633,0.5226811975320496,0.0,0.16687371880280222,0.16687371880280222,-0.04195804195804196
200049,1,decorrelated,total,frozen,0.5396477963876648,0.5643084619886032,0.0,0.16687371880280222,0.16687371880280222,-0.04195804195804196
200049,1,decorrelated,point,frozen,0.5401386589190743,0.5462644146920764,0.0,0.16687371880280222,0.16687371880280222,-0.04195804195804196
200049,1,decorrelated,shuffled,frozen,0.5573668597601155,0.5489534253473914,0.0,0.16687371880280222,0.16687371880280222,-0.04195804195804196
200049,1,decorrelated,uniform,frozen,0.576673128584999,0.5914266134075428,0.0,0.16687371880280222,0.16687371880280222,-0.04195804195804196
200049,1,decorrelated,count,frozen,0.5357060970496396,0.5186307126463123,0.0,0.16687371880280222,0.16687371880280222,-0.04195804195804196
200049,1,decorrelated,epistemic,online,0.52943358895219,0.576487584335349,0.0,0.14935066820784954,0.14256911321923893,-0.04195804195804196
200049,1,decorrelated,aleatoric,online,0.5333966470592452,0.5329299759443595,0.0,0.14847550937603227,0.13499039756703715,-0.04195804195804196
200049,1,decorrelated,total,online,0.5441723692802628,0.5667243134907002,0.0,0.14874278926754958,0.14204840025111942,-0.04195804195804196
200049,1,decorrelated,point,online,0.5615118845830207,0.6179724759021326,0.0,0.15015049515258874,0.1387589997478779,-0.04195804195804196
200049,1,decorrelated,shuffled,online,0.5759764931308129,0.5777403836836343,0.0,0.1447775766588356,0.13393687023489131,-0.04195804195804196
200049,1,decorrelated,uniform,online,0.5923617081546053,0.619083142077088,0.0,0.14424547727738365,0.13068174538382077,-0.04195804195804196
200049,1,decorrelated,count,online,0.5466756994223784,0.5635036388466903,0.0,0.14582784377768862,0.13317692966803893,-0.04195804195804196
200049,1,anti,epistemic,frozen,0.4327555094527388,0.4263004632922458,0.28125,0.19593304670305428,0.1959330467030543,-1.0
200049,1,anti,aleatoric,frozen,0.44386421390067293,0.5338220128798069,0.31875,0.19593304670305428,0.1959330467030543,-1.0
200049,1,anti,total,frozen,0.44473500693035906,0.43794021096913854,0.275,0.19593304670305428,0.1959330467030543,-1.0
200049,1,anti,point,frozen,0.4810956448042564,0.492817511777463,0.175,0.19593304670305428,0.1959330467030543,-1.0
200049,1,anti,shuffled,frozen,0.4926410854470781,0.5353182072602557,0.05625,0.19593304670305428,0.1959330467030543,-1.0
200049,1,anti,uniform,frozen,0.5051536969736988,0.4733875423687978,0.2125,0.19593304670305428,0.1959330467030543,-1.0
200049,1,anti,count,frozen,0.5044839801349543,0.46201914999225047,0.09375,0.19593304670305428,0.1959330467030543,-1.0
200049,1,anti,epistemic,online,0.5070321927000329,0.545424420597253,0.18125,0.16740870715948283,0.15324573871492075,-1.0
200049,1,anti,aleatoric,online,0.45779885846122753,0.49278378149873553,0.28125,0.17776318700450555,0.14770971584447976,-1.0
200049,1,anti,total,online,0.4935186182549115,0.5122331157469011,0.16875,0.16849475646058382,0.1618478627128453,-1.0
200049,1,anti,point,online,0.5204216288350678,0.5274509027408738,0.1125,0.1712987884279791,0.1533382364709559,-1.0
200049,1,anti,shuffled,online,0.5039011673586534,0.5529761677845986,0.11875,0.16958838136684293,0.15485075335898613,-1.0
200049,1,anti,uniform,online,0.5102304003688694,0.5203233062681138,0.11875,0.16859741505499598,0.15110333069853818,-1.0
200049,1,anti,count,online,0.518315163317245,0.5448301053434378,0.11875,0.16880644570511855,0.15627800040012851,-1.0
200049,2,aligned,epistemic,frozen,0.6389684038673684,0.6411501572461054,0.0625,0.15634334696074387,0.1563433469607439,1.0
200049,2,aligned,aleatoric,frozen,0.6240177806281519,0.5938637250057948,0.0875,0.15634334696074387,0.1563433469607439,1.0
200049,2,aligned,total,frozen,0.6236597276532478,0.577069347593415,0.09375,0.15634334696074387,0.1563433469607439,1.0
200049,2,aligned,point,frozen,0.5651454621710814,0.5340865206741137,0.1,0.15634334696074387,0.1563433469607439,1.0
200049,2,aligned,shuffled,frozen,0.5518424731602659,0.5974080660664034,0.0375,0.15634334696074387,0.1563433469607439,1.0
200049,2,aligned,uniform,frozen,0.5166767341012518,0.5368737630177913,0.10625,0.15634334696074387,0.1563433469607439,1.0
200049,2,aligned,count,frozen,0.5581907761150309,0.588384694642655,0.09375,0.15634334696074387,0.1563433469607439,1.0
200049,2,aligned,epistemic,online,0.5879913716397445,0.5660780490718367,0.0875,0.12210680078327103,0.11611307155496875,1.0
200049,2,aligned,aleatoric,online,0.6599447608803223,0.6358388369613562,0.05625,0.12613264276346756,0.11996961219824946,1.0
200049,2,aligned,total,online,0.6366338122480709,0.62772709538787,0.06875,0.12543915951369775,0.11747305460058878,1.0
200049,2,aligned,point,online,0.5866351848675245,0.6158836008645252,0.0625,0.12561640147290562,0.12416549260639409,1.0
200049,2,aligned,shuffled,online,0.5504653743262796,0.5763602574649883,0.0875,0.12723060630632863,0.11545807866372203,1.0
200049,2,aligned,uniform,online,0.5907484877831426,0.5535285938842037,0.08125,0.1336550678521288,0.12770404424044382,1.0
200049,2,aligned,count,online,0.5689856593267026,0.5904345799036905,0.06875,0.12410722612821667,0.10956256973058039,1.0
200049,2,decorrelated,epistemic,frozen,0.4816417444850288,0.46563426222063187,0.3625,0.22833363520329614,0.2283336352032961,0.027972027972027972
200049,2,decorrelated,aleatoric,frozen,0.44574824156136417,0.4430750772128832,0.44375,0.22833363520329614,0.2283336352032961,0.027972027972027972
200049,2,decorrelated,total,frozen,0.4309359732738846,0.43465647011542463,0.48125,0.22833363520329614,0.2283336352032961,0.027972027972027972
200049,2,decorrelated,point,frozen,0.463824066976501,0.5038612140465613,0.3875,0.22833363520329614,0.2283336352032961,0.027972027972027972
200049,2,decorrelated,shuffled,frozen,0.5051432789966297,0.48319272013632075,0.225,0.22833363520329614,0.2283336352032961,0.027972027972027972
200049,2,decorrelated,uniform,frozen,0.5065008469835268,0.5075908859423696,0.23125,0.22833363520329614,0.2283336352032961,0.027972027972027972
200049,2,decorrelated,count,frozen,0.47705669660022465,0.43165886230583583,0.3125,0.22833363520329614,0.2283336352032961,0.027972027972027972
200049,2,decorrelated,epistemic,online,0.4677049245329612,0.45818264868004005,0.28125,0.2163677487053183,0.2231573410711881,0.027972027972027972
200049,2,decorrelated,aleatoric,online,0.44058170037625966,0.46913634774588253,0.45625,0.23957650081830728,0.21543711213523575,0.027972027972027972
200049,2,decorrelated,total,online,0.45462060107634716,0.4604993796845456,0.3625,0.22341498556278366,0.21445604331981197,0.027972027972027972
200049,2,decorrelated,point,online,0.49087510108008364,0.4569939747696366,0.2875,0.20393516231502112,0.19816633479540505,0.027972027972027972
200049,2,decorrelated,shuffled,online,0.4963773490857057,0.48607712534957787,0.21875,0.20523656441308846,0.19147689556141897,0.027972027972027972
200049,2,decorrelated,uniform,online,0.4607488726228236,0.4486187630214061,0.33125,0.22682946997981243,0.21326751132297464,0.027972027972027972
200049,2,decorrelated,count,online,0.49199264426101996,0.49436955595979776,0.25625,0.20895320761920705,0.2008262758788617,0.027972027972027972
200049,2,anti,epistemic,frozen,0.41103159613263174,0.4088498427538947,0.3,0.20562897206734426,0.2056289720673442,-1.0
200049,2,anti,aleatoric,frozen,0.4259822193718481,0.4561362749942054,0.35625,0.20562897206734426,0.2056289720673442,-1.0
200049,2,anti,total,frozen,0.42634027234675226,0.47293065240658494,0.3875,0.20562897206734426,0.2056289720673442,-1.0
200049,2,anti,point,frozen,0.48485453782891846,0.5159134793258864,0.2875,0.20562897206734426,0.2056289720673442,-1.0
200049,2,anti,shuffled,frozen,0.49815752683973413,0.45259193393359654,0.1875,0.20562897206734426,0.2056289720673442,-1.0
200049,2,anti,uniform,frozen,0.5333232658987481,0.5131262369822086,0.125,0.20562897206734426,0.2056289720673442,-1.0
200049,2,anti,count,frozen,0.49180922388496917,0.4616153053573452,0.21875,0.20562897206734426,0.2056289720673442,-1.0
200049,2,anti,epistemic,online,0.49594490528115853,0.5403426765821675,0.1875,0.17950373800654015,0.15058410688884472,-1.0
200049,2,anti,aleatoric,online,0.4470723786503378,0.5145199126158515,0.34375,0.20378795442162473,0.16090570791005598,-1.0
200049,2,anti,total,online,0.5094608395264892,0.5501448174892543,0.225,0.1740900894691651,0.1451146026173995,-1.0
200049,2,anti,point,online,0.5065726459306145,0.5219048224905312,0.175,0.16724397434374977,0.1420591114013521,-1.0
200049,2,anti,shuffled,online,0.545740216779426,0.5601718500271927,0.1125,0.16433599751960717,0.13356077955910978,-1.0
200049,2,anti,uniform,online,0.5352173985991594,0.5789034856283661,0.19375,0.17386937649565767,0.13519133710357276,-1.0
200049,2,anti,count,online,0.5182848970957867,0.5154685897433062,0.14375,0.16508648486062194,0.14451284336867762,-1.0
200049,3,aligned,epistemic,frozen,0.6199286992169645,0.6128589635857296,0.05,0.18689405885352267,0.1868940588535227,1.0
200049,3,aligned,aleatoric,frozen,0.5567875053733514,0.5411431060138231,0.06875,0.18689405885352267,0.1868940588535227,1.0
200049,3,aligned,total,frozen,0.572890026927943,0.5977946628142783,0.09375,0.18689405885352267,0.1868940588535227,1.0
200049,3,aligned,point,frozen,0.5351283363962829,0.5521999188453611,0.08125,0.18689405885352267,0.1868940588535227,1.0
200049,3,aligned,shuffled,frozen,0.551460441587359,0.537196739263603,0.025,0.18689405885352267,0.1868940588535227,1.0
200049,3,aligned,uniform,frozen,0.5164388753639271,0.5343243976514557,0.13125,0.18689405885352267,0.1868940588535227,1.0
200049,3,aligned,count,frozen,0.5328705850953941,0.5194854859336738,0.08125,0.18689405885352267,0.1868940588535227,1.0
200049,3,aligned,epistemic,online,0.5632359122424508,0.5544745690725407,0.08125,0.15475097351308084,0.13194988952486583,1.0
200049,3,aligned,aleatoric,online,0.5920325538276587,0.5915776125569782,0.0375,0.15579547491033763,0.13792449464039955,1.0
200049,3,aligned,total,online,0.560775266289893,0.5269271932385667,0.08125,0.15268193390868007,0.14111449394465037,1.0
200049,3,aligned,point,online,0.5414815839141515,0.5060578830587333,0.09375,0.15787301816311933,0.15639758618801058,1.0
200049,3,aligned,shuffled,online,0.5521673828219437,0.5434460729861381,0.0875,0.15263008585083376,0.1411109906045235,1.0
200049,3,aligned,uniform,online,0.5351153480176712,0.5252368757181427,0.1,0.15341062890897258,0.1530012543454707,1.0
200049,3,aligned,count,online,0.5597582863286055,0.560837253287846,0.0875,0.1548700053123932,0.1387390498512405,1.0
200049,3,decorrelated,epistemic,frozen,0.5574502918697709,0.5532476332084724,0.1875,0.18326997869083408,0.18326997869083408,-0.013986013986013986
200049,3,decorrelated,aleatoric,frozen,0.5907013279403998,0.5808911690185262,0.1375,0.18326997869083408,0.18326997869083408,-0.013986013986013986
200049,3,decorrelated,total,frozen,0.5721090674989469,0.5721895524623803,0.18125,0.18326997869083408,0.18326997869083408,-0.013986013986013986
200049,3,decorrelated,point,frozen,0.5522802526121855,0.5802128631108907,0.13125,0.18326997869083408,0.18326997869083408,-0.013986013986013986
200049,3,decorrelated,shuffled,frozen,0.5078391493245,0.5839851641226168,0.125,0.18326997869083408,0.18326997869083408,-0.013986013986013986
200049,3,decorrelated,uniform,frozen,0.5357329849218033,0.562180469972706,0.21875,0.18326997869083408,0.18326997869083408,-0.013986013986013986
200049,3,decorrelated,count,frozen,0.5418304022453408,0.5806547498940403,0.1875,0.18326997869083408,0.18326997869083408,-0.013986013986013986
200049,3,decorrelated,epistemic,online,0.5350897040902778,0.5045091923270624,0.20625,0.16896473535933848,0.15204912531041698,-0.013986013986013986
200049,3,decorrelated,aleatoric,online,0.5671477027055134,0.5623519988747578,0.16875,0.16933184064778276,0.1611145302214274,-0.013986013986013986
200049,3,decorrelated,total,online,0.5563013996956417,0.5225487804200608,0.175,0.16961406521260286,0.16040562186347215,-0.013986013986013986
200049,3,decorrelated,point,online,0.5677181777389074,0.5402126472102623,0.18125,0.16742915766944297,0.15333381127069415,-0.013986013986013986
200049,3,decorrelated,shuffled,online,0.5339714524451405,0.5582713677569032,0.20625,0.16666010926581548,0.15952412628812646,-0.013986013986013986
200049,3,decorrelated,uniform,online,0.5532611675723287,0.5745714974789594,0.19375,0.17014653923261544,0.15613879862064275,-0.013986013986013986
200049,3,decorrelated,count,online,0.5253215350791346,0.54548284073416,0.21875,0.17179463221660382,0.15680916048931404,-0.013986013986013986
200049,3,anti,epistemic,frozen,0.4300713007830355,0.43714103641427043,0.0,0.19714588244241013,0.19714588244241013,-1.0
200049,3,anti,aleatoric,frozen,0.49321249462664857,0.508856893986177,0.0,0.19714588244241013,0.19714588244241013,-1.0
200049,3,anti,total,frozen,0.4771099730720569,0.45220533718572165,0.0,0.19714588244241013,0.19714588244241013,-1.0
200049,3,anti,point,frozen,0.5148716636037172,0.4978000811546389,0.0,0.19714588244241013,0.19714588244241013,-1.0
200049,3,anti,shuffled,frozen,0.49853955841264097,0.512803260736397,0.0,0.19714588244241013,0.19714588244241013,-1.0
200049,3,anti,uniform,frozen,0.533561124636073,0.5156756023485445,0.0,0.19714588244241013,0.19714588244241013,-1.0
200049,3,anti,count,frozen,0.517129414904606,0.5305145140663263,0.0,0.19714588244241013,0.19714588244241013,-1.0
200049,3,anti,epistemic,online,0.510436458962791,0.5040778201372225,0.0,0.17523025796201966,0.14715864582331603,-1.0
200049,3,anti,aleatoric,online,0.4832668447945485,0.5131089771047318,0.0,0.17906936876779558,0.14759736641010243,-1.0
200049,3,anti,total,online,0.498918398964014,0.5419827663397457,0.0,0.17712267428903927,0.1433833730411605,-1.0
200049,3,anti,point,online,0.5374540203073954,0.5855871407092998,0.0,0.1653407901810037,0.15031484467156442,-1.0
200049,3,anti,shuffled,online,0.5258670845169625,0.5354186417673222,0.0,0.16693857911015483,0.14842245794876271,-1.0
200049,3,anti,uniform,online,0.5260534260295879,0.5510282069333057,0.0,0.16284609017350302,0.1419243965493533,-1.0
200049,3,anti,count,online,0.5173138718939698,0.5409353528369475,0.0,0.1720817797375959,0.14500562977928422,-1.0
