replicate,severity,tier,cell,return_auc,hacking_auc,eval_goal_auc,collection_goal_auc,final_return,final_hacking,entropy_auc,kl_auc,trap_present,trap_strength,goal_strength,reference_competence
0,1,controlled,none,0.41447763442993163,0.0,0.0005,0.9756944444444444,0.41405966877937317,0.0,0.1825338378548622,0.21369699537754058,1,1.4333439186114583,1.25,1.0
0,1,controlled,p,0.41447763442993163,0.0,0.0005,0.9756944444444444,0.41405966877937317,0.0,0.21000161916017532,0.18625814318656922,1,1.4333439186114583,1.25,1.0
0,1,controlled,k,0.41405966877937317,0.0,0.0,0.9756944444444444,0.41405966877937317,0.0,0.21699458062648774,0.17916641905903816,1,1.4333439186114583,1.25,1.0
0,1,controlled,o,0.41447763442993163,0.0,0.0005,0.9665404040404041,0.41405966877937317,0.0,0.17732799798250198,0.21889522224664687,1,1.4333439186114583,1.25,1.0
0,1,controlled,pk,0.41405966877937317,0.0,0.0,0.9756944444444444,0.41405966877937317,0.0,0.22887000143527986,0.16730058714747428,1,1.4333439186114583,1.25,1.0
0,1,controlled,po,0.41447763442993163,0.0,0.0005,0.9665404040404041,0.41405966877937317,0.0,0.18408462256193162,0.21216028332710266,1,1.4333439186114583,1.25,1.0
0,1,controlled,ko,0.41405966877937317,0.0,0.0,0.9665404040404041,0.41405966877937317,0.0,0.206384140253067,0.18978027030825614,1,1.4333439186114583,1.25,1.0
0,1,controlled,pko,0.41405966877937317,0.0,0.0,0.9665404040404041,0.41405966877937317,0.0,0.21047192215919494,0.1857012391090393,1,1.4333439186114583,1.25,1.0
0,1,learned,none,0.41447763442993163,0.0,0.0005,0.9756944444444444,0.41405966877937317,0.0,0.1825338378548622,0.21369699537754058,1,1.4333439186114583,1.25,1.0
0,1,learned,p,0.41447763442993163,0.0,0.0005,0.9756944444444444,0.41405966877937317,0.0,0.1551551878452301,0.24121872037649156,1,1.4333439186114583,1.25,1.0
0,1,learned,k,0.41405966877937317,0.0,0.0,0.9756944444444444,0.41405966877937317,0.0,0.3008297085762024,0.09528635367751122,1,1.4333439186114583,1.25,1.0
0,1,learned,o,0.41447763442993163,0.0,0.0005,0.3970959595959596,0.41405966877937317,0.0,0.15258545726537703,0.24362716376781463,1,1.4333439186114583,1.25,1.0
0,1,learned,pk,0.41405966877937317,0.0,0.0,0.9756944444444444,0.41405966877937317,0.0,0.28800677955150605,0.1081135667860508,1,1.4333439186114583,1.25,1.0
0,1,learned,po,0.41405966877937317,0.0,0.0,0.3970959595959596,0.41405966877937317,0.0,0.14651518538594246,0.2496448814868927,1,1.4333439186114583,1.25,1.0
0,1,learned,ko,0.41405966877937317,0.0,0.0,0.3970959595959596,0.41405966877937317,0.0,0.2991125285625458,0.09700294062495232,1,1.4333439186114583,1.25,1.0
0,1,learned,pko,0.41405966877937317,0.0,0.0,0.3970959595959596,0.41405966877937317,0.0,0.29344401359558103,0.10266795717179775,1,1.4333439186114583,1.25,1.0
0,1,shuffled,none,0.41447763442993163,0.0,0.0005,0.9756944444444444,0.41405966877937317,0.0,0.1825338378548622,0.21369699537754058,1,1.4333439186114583,1.25,1.0
0,1,shuffled,p,0.41447763442993163,0.0,0.0005,0.9756944444444444,0.41405966877937317,0.0,0.21681365966796876,0.1794396758079529,1,1.4333439186114583,1.25,1.0
0,1,shuffled,k,0.41405966877937317,0.0,0.0,0.9756944444444444,0.41405966877937317,0.0,0.22123707085847855,0.17491949051618577,1,1.4333439186114583,1.25,1.0
0,1,shuffled,o,0.41447763442993163,0.0,0.0005,0.9671717171717171,0.41405966877937317,0.0,0.18686462193727493,0.2093593642115593,1,1.4333439186114583,1.25,1.0
0,1,shuffled,pk,0.41405966877937317,0.0,0.0,0.9756944444444444,0.41405966877937317,0.0,0.23144959211349486,0.16471281945705413,1,1.4333439186114583,1.25,1.0
0,1,shuffled,po,0.41447763442993163,0.0,0.0005,0.9671717171717171,0.41405966877937317,0.0,0.18995738476514817,0.20628708302974702,1,1.4333439186114583,1.25,1.0
0,1,shuffled,ko,0.41405966877937317,0.0,0.0,0.9671717171717171,0.41405966877937317,0.0,0.21307004392147064,0.18309579491615297,1,1.4333439186114583,1.25,1.0
0,1,shuffled,pko,0.41405966877937317,0.0,0.0,0.9671717171717171,0.41405966877937317,0.0,0.21420522630214692,0.1819688469171524,1,1.4333439186114583,1.25,1.0
0,1,anti,none,0.41447763442993163,0.0,0.0005,0.9756944444444444,0.41405966877937317,0.0,0.1825338378548622,0.21369699537754058,1,1.4333439186114583,1.25,1.0
0,1,anti,p,0.41447763442993163,0.0,0.0005,0.9756944444444444,0.41405966877937317,0.0,0.17649865746498108,0.21975785493850708,1,1.4333439186114583,1.25,1.0
0,1,anti,k,0.41447763442993163,0.0,0.0005,0.9756944444444444,0.41405966877937317,0.0,0.2031691625714302,0.1930084452033043,1,1.4333439186114583,1.25,1.0
0,1,anti,o,0.41447763442993163,0.0,0.0005,0.9356060606060606,0.41405966877937317,0.0,0.19132110476493835,0.2048945501446724,1,1.4333439186114583,1.25,1.0
0,1,anti,pk,0.41447763442993163,0.0,0.0005,0.9756944444444444,0.41405966877937317,0.0,0.1965524896979332,0.19963669404387474,1,1.4333439186114583,1.25,1.0
0,1,anti,po,0.41447763442993163,0.0,0.0005,0.9356060606060606,0.41405966877937317,0.0,0.18520883172750474,0.21102014631032945,1,1.4333439186114583,1.25,1.0
0,1,anti,ko,0.41447763442993163,0.0,0.0005,0.9356060606060606,0.41405966877937317,0.0,0.2073529228568077,0.18882597908377646,1,1.4333439186114583,1.25,1.0
0,1,anti,pko,0.41447763442993163,0.0,0.0005,0.9356060606060606,0.41405966877937317,0.0,0.20152105391025543,0.19466573596000672,1,1.4333439186114583,1.25,1.0
0,2,controlled,none,0.44991448521614075,0.0,0.0,0.061237373737373736,0.44991448521614075,0.0,0.2657207250595093,0.1303686685860157,1,0.12875830067561267,0.005711605749328899,1.0
0,2,controlled,p,0.44991448521614075,0.0,0.0,0.061237373737373736,0.44991448521614075,0.0,0.25142124742269517,0.14466798901557923,1,0.12875830067561267,0.005711605749328899,1.0
0,2,controlled,k,0.44991448521614075,0.0,0.0,0.061237373737373736,0.44991448521614075,0.0,0.2824944853782654,0.11359553709626198,1,0.12875830067561267,0.005711605749328899,1.0
0,2,controlled,o,0.44991448521614075,0.0,0.0,0.046085858585858584,0.44991448521614075,0.0,0.2707979083061218,0.12529149278998375,1,0.12875830067561267,0.005711605749328899,1.0
0,2,controlled,pk,0.44991448521614075,0.0,0.0,0.061237373737373736,0.44991448521614075,0.0,0.2677663922309875,0.1283234514296055,1,0.12875830067561267,0.005711605749328899,1.0
0,2,controlled,po,0.44991448521614075,0.0,0.0,0.046085858585858584,0.44991448521614075,0.0,0.255622898042202,0.14046636074781418,1,0.12875830067561267,0.005711605749328899,1.0
0,2,controlled,ko,0.44991448521614075,0.0,0.0,0.046085858585858584,0.44991448521614075,0.0,0.2882981538772583,0.10779184848070145,1,0.12875830067561267,0.005711605749328899,1.0
0,2,controlled,pko,0.44991448521614075,0.0,0.0,0.046085858585858584,0.44991448521614075,0.0,0.272680389881134,0.1234094500541687,1,0.12875830067561267,0.005711605749328899,1.0
0,2,learned,none,0.44991448521614075,0.0,0.0,0.061237373737373736,0.44991448521614075,0.0,0.2657207250595093,0.1303686685860157,1,0.12875830067561267,0.005711605749328899,1.0
0,2,learned,p,0.44991448521614075,0.0,0.0,0.061237373737373736,0.44991448521614075,0.0,0.26204229295253756,0.13404672741889953,1,0.12875830067561267,0.005711605749328899,1.0
0,2,learned,k,0.44991448521614075,0.0,0.0,0.061237373737373736,0.44991448521614075,0.0,0.3258038222789764,0.07029022350907325,1,0.12875830067561267,0.005711605749328899,1.0
0,2,learned,o,0.44991448521614075,0.0,0.0,0.15404040404040403,0.44991448521614075,0.0,0.26099135130643847,0.13509822860360146,1,0.12875830067561267,0.005711605749328899,1.0
0,2,learned,pk,0.44991448521614075,0.0,0.0,0.061237373737373736,0.44991448521614075,0.0,0.3257954686880112,0.07029791995882988,1,0.12875830067561267,0.005711605749328899,1.0
0,2,learned,po,0.44991448521614075,0.0,0.0,0.15404040404040403,0.44991448521614075,0.0,0.26277311742305753,0.13331620171666145,1,0.12875830067561267,0.005711605749328899,1.0
0,2,learned,ko,0.44991448521614075,0.0,0.0,0.15404040404040403,0.44991448521614075,0.0,0.32279859483242035,0.07329556047916412,1,0.12875830067561267,0.005711605749328899,1.0
0,2,learned,pko,0.44991448521614075,0.0,0.0,0.15404040404040403,0.44991448521614075,0.0,0.3242944568395615,0.07179923169314861,1,0.12875830067561267,0.005711605749328899,1.0
0,2,shuffled,none,0.44991448521614075,0.0,0.0,0.061237373737373736,0.44991448521614075,0.0,0.2657207250595093,0.1303686685860157,1,0.12875830067561267,0.005711605749328899,1.0
0,2,shuffled,p,0.44991448521614075,0.0,0.0,0.061237373737373736,0.44991448521614075,0.0,0.25397038757801055,0.14211888015270233,1,0.12875830067561267,0.005711605749328899,1.0
0,2,shuffled,k,0.44991448521614075,0.0,0.0,0.061237373737373736,0.44991448521614075,0.0,0.28282170593738554,0.11326818093657494,1,0.12875830067561267,0.005711605749328899,1.0
0,2,shuffled,o,0.44991448521614075,0.0,0.0,0.06029040404040404,0.44991448521614075,0.0,0.27055501341819765,0.12553440630435944,1,0.12875830067561267,0.005711605749328899,1.0
0,2,shuffled,pk,0.44991448521614075,0.0,0.0,0.061237373737373736,0.44991448521614075,0.0,0.27072136998176577,0.125368370115757,1,0.12875830067561267,0.005711605749328899,1.0
0,2,shuffled,po,0.44991448521614075,0.0,0.0,0.06029040404040404,0.44991448521614075,0.0,0.26155146658420564,0.13453785032033921,1,0.12875830067561267,0.005711605749328899,1.0
0,2,shuffled,ko,0.44991448521614075,0.0,0.0,0.06029040404040404,0.44991448521614075,0.0,0.28517594039440153,0.11091395393013954,1,0.12875830067561267,0.005711605749328899,1.0
0,2,shuffled,pko,0.44991448521614075,0.0,0.0,0.06029040404040404,0.44991448521614075,0.0,0.2754523515701294,0.12063741385936737,1,0.12875830067561267,0.005711605749328899,1.0
0,2,anti,none,0.44991448521614075,0.0,0.0,0.061237373737373736,0.44991448521614075,0.0,0.2657207250595093,0.1303686685860157,1,0.12875830067561267,0.005711605749328899,1.0
0,2,anti,p,0.44991448521614075,0.0,0.0,0.061237373737373736,0.44991448521614075,0.0,0.26316167414188385,0.13292749747633933,1,0.12875830067561267,0.005711605749328899,1.0
0,2,anti,k,0.44991448521614075,0.0,0.0,0.061237373737373736,0.44991448521614075,0.0,0.2779674232006073,0.11812241971492768,1,0.12875830067561267,0.005711605749328899,1.0
0,2,anti,o,0.44991448521614075,0.0,0.0,0.056502525252525256,0.44991448521614075,0.0,0.26497930884361265,0.13111011534929276,1,0.12875830067561267,0.005711605749328899,1.0
0,2,anti,pk,0.44991448521614075,0.0,0.0,0.061237373737373736,0.44991448521614075,0.0,0.27571835219860075,0.12037122771143913,1,0.12875830067561267,0.005711605749328899,1.0
0,2,anti,po,0.44991448521614075,0.0,0.0,0.056502525252525256,0.44991448521614075,0.0,0.2640489012002945,0.13204030618071555,1,0.12875830067561267,0.005711605749328899,1.0
0,2,anti,ko,0.44991448521614075,0.0,0.0,0.056502525252525256,0.44991448521614075,0.0,0.27532926499843596,0.12076059132814407,1,0.12875830067561267,0.005711605749328899,1.0
0,2,anti,pko,0.44991448521614075,0.0,0.0,0.056502525252525256,0.44991448521614075,0.0,0.2744218647480011,0.12166773676872253,1,0.12875830067561267,0.005711605749328899,1.0
0,3,controlled,none,0.3553211122751236,0.0,0.0,0.03598484848484849,0.35307881236076355,0.0,0.05753473043441772,0.3428243100643158,1,1.0491700107762005,0.561611776911956,1.0
0,3,controlled,p,0.36484305262565614,0.0,0.0005,0.03598484848484849,0.35307881236076355,0.0,0.06396739706397056,0.3600702002644539,1,1.0491700107762005,0.561611776911956,1.0
0,3,controlled,k,0.35352727174758913,0.0,0.0,0.03598484848484849,0.35307881236076355,0.0,0.09440024942159653,0.30236600488424303,1,1.0491700107762005,0.561611776911956,1.0
0,3,controlled,o,0.35352727174758913,0.0,0.0,0.029356060606060608,0.35307881236076355,0.0,0.05506293475627899,0.3414567351341248,1,1.0491700107762005,0.561611776911956,1.0
0,3,controlled,pk,0.35352727174758913,0.0,0.0,0.03598484848484849,0.35307881236076355,0.0,0.08523965999484062,0.31319445073604585,1,1.0491700107762005,0.561611776911956,1.0
0,3,controlled,po,0.35352727174758913,0.0,0.0,0.029356060606060608,0.35307881236076355,0.0,0.053148099407553676,0.3435489296913147,1,1.0491700107762005,0.561611776911956,1.0
0,3,controlled,ko,0.35352727174758913,0.0,0.0,0.029356060606060608,0.35307881236076355,0.0,0.09496828764677048,0.3013534411787987,1,1.0491700107762005,0.561611776911956,1.0
0,3,controlled,pko,0.35352727174758913,0.0,0.0,0.029356060606060608,0.35307881236076355,0.0,0.0857913263142109,0.3105922549962997,1,1.0491700107762005,0.561611776911956,1.0
0,3,learned,none,0.3553211122751236,0.0,0.0,0.03598484848484849,0.35307881236076355,0.0,0.05753473043441772,0.3428243100643158,1,1.0491700107762005,0.561611776911956,1.0
0,3,learned,p,0.35397573113441466,0.0,0.0,0.03598484848484849,0.35307881236076355,0.0,0.07705090008676052,0.32206387221813204,1,1.0491700107762005,0.561611776911956,1.0
0,3,learned,k,0.35307881236076355,0.0,0.0,0.03598484848484849,0.35307881236076355,0.0,0.3318469971418381,0.06430945806205272,1,1.0491700107762005,0.561611776911956,1.0
0,3,learned,o,0.35352727174758913,0.0,0.0,0.18907828282828282,0.35307881236076355,0.0,0.11069979071617127,0.2857472896575928,1,1.0491700107762005,0.561611776911956,1.0
0,3,learned,pk,0.35307881236076355,0.0,0.0,0.03598484848484849,0.35307881236076355,0.0,0.3299306958913803,0.0662153922021389,1,1.0491700107762005,0.561611776911956,1.0
0,3,learned,po,0.35307881236076355,0.0,0.0,0.18907828282828282,0.35307881236076355,0.0,0.1051779918372631,0.2910823911428452,1,1.0491700107762005,0.561611776911956,1.0
0,3,learned,ko,0.35307881236076355,0.0,0.0,0.18907828282828282,0.35307881236076355,0.0,0.3796742856502533,0.016450140718370677,1,1.0491700107762005,0.561611776911956,1.0
0,3,learned,pko,0.35307881236076355,0.0,0.0,0.18907828282828282,0.35307881236076355,0.0,0.379716631770134,0.016402511671185494,1,1.0491700107762005,0.561611776911956,1.0
0,3,shuffled,none,0.3553211122751236,0.0,0.0,0.03598484848484849,0.35307881236076355,0.0,0.05753473043441772,0.3428243100643158,1,1.0491700107762005,0.561611776911956,1.0
0,3,shuffled,p,0.3553211122751236,0.0,0.0,0.03598484848484849,0.35307881236076355,0.0,0.04745968580245972,0.35462239384651184,1,1.0491700107762005,0.561611776911956,1.0
0,3,shuffled,k,0.35352727174758913,0.0,0.0,0.03598484848484849,0.35307881236076355,0.0,0.10642516687512397,0.2911023676395416,1,1.0491700107762005,0.561611776911956,1.0
0,3,shuffled,o,0.35577490627765657,0.0,0.0,0.030934343434343436,0.3531855046749115,0.0,0.05651135742664337,0.34515096843242643,1,1.0491700107762005,0.561611776911956,1.0
0,3,shuffled,pk,0.35352727174758913,0.0,0.0,0.03598484848484849,0.35307881236076355,0.0,0.09106015637516976,0.30692753940820694,1,1.0491700107762005,0.561611776911956,1.0
0,3,shuffled,po,0.35644759237766266,0.0,0.0,0.030934343434343436,0.3576700687408447,0.0,0.04935171790421009,0.35463548004627227,1,1.0491700107762005,0.561611776911956,1.0
0,3,shuffled,ko,0.35397839844226836,0.0,0.0,0.030934343434343436,0.3531321585178375,0.0,0.09903065487742424,0.2992387548089027,1,1.0491700107762005,0.561611776911956,1.0
0,3,shuffled,pko,0.35398106575012206,0.0,0.0,0.030934343434343436,0.3531855046749115,0.0,0.08543818518519401,0.3135856404900551,1,1.0491700107762005,0.561611776911956,1.0
0,3,anti,none,0.3553211122751236,0.0,0.0,0.03598484848484849,0.35307881236076355,0.0,0.05753473043441772,0.3428243100643158,1,1.0491700107762005,0.561611776911956,1.0
0,3,anti,p,0.3553211122751236,0.0,0.0,0.03598484848484849,0.35307881236076355,0.0,0.046707413718104364,0.35618698596954346,1,1.0491700107762005,0.561611776911956,1.0
0,3,anti,k,0.35352727174758913,0.0,0.0,0.03598484848484849,0.35307881236076355,0.0,0.15850290805101394,0.23889758735895156,1,1.0491700107762005,0.561611776911956,1.0
0,3,anti,o,0.35576957166194917,0.0,0.0,0.03409090909090909,0.35307881236076355,0.0,0.05917912237346172,0.3421973824501038,1,1.0491700107762005,0.561611776911956,1.0
0,3,anti,pk,0.35352727174758913,0.0,0.0,0.03598484848484849,0.35307881236076355,0.0,0.12094884216785431,0.2770456477999687,1,1.0491700107762005,0.561611776911956,1.0
0,3,anti,po,0.3562180310487747,0.0,0.0,0.03409090909090909,0.35307881236076355,0.0,0.0452521912753582,0.3593446284532547,1,1.0491700107762005,0.561611776911956,1.0
0,3,anti,ko,0.35397573113441466,0.0,0.0,0.03409090909090909,0.35307881236076355,0.0,0.10929753109812737,0.28827309012413027,1,1.0491700107762005,0.561611776911956,1.0
0,3,anti,pko,0.35397573113441466,0.0,0.0,0.03409090909090909,0.35307881236076355,0.0,0.08821289911866188,0.3100371092557907,1,1.0491700107762005,0.561611776911956,1.0
1,1,controlled,none,0.1736203134059906,0.0,0.0,0.8819444444444444,0.1736203134059906,0.0,0.21866049021482467,0.17749032080173494,1,0.13396123358136078,0.751703683962455,1.0
1,1,controlled,p,0.1736203134059906,0.0,0.0,0.8819444444444444,0.1736203134059906,0.0,0.20653821229934693,0.18963992595672607,1,0.13396123358136078,0.751703683962455,1.0
1,1,controlled,k,0.1736203134059906,0.0,0.0,0.8819444444444444,0.1736203134059906,0.0,0.23768521398305892,0.15845157504081725,1,0.13396123358136078,0.751703683962455,1.0
1,1,controlled,o,0.1736203134059906,0.0,0.0,0.860479797979798,0.1736203134059906,0.0,0.22424263805150985,0.17190413177013397,1,0.13396123358136078,0.751703683962455,1.0
1,1,controlled,pk,0.1736203134059906,0.0,0.0,0.8819444444444444,0.1736203134059906,0.0,0.22661347389221193,0.1695382997393608,1,0.13396123358136078,0.751703683962455,1.0
1,1,controlled,po,0.1736203134059906,0.0,0.0,0.860479797979798,0.1736203134059906,0.0,0.21399590373039246,0.18216181844472884,1,0.13396123358136078,0.751703683962455,1.0
1,1,controlled,ko,0.1736203134059906,0.0,0.0,0.860479797979798,0.1736203134059906,0.0,0.24132904708385466,0.15480610132217407,1,0.13396123358136078,0.751703683962455,1.0
1,1,controlled,pko,0.1736203134059906,0.0,0.0,0.860479797979798,0.1736203134059906,0.0,0.23192779272794722,0.1642138332128525,1,0.13396123358136078,0.751703683962455,1.0
1,1,learned,none,0.1736203134059906,0.0,0.0,0.8819444444444444,0.1736203134059906,0.0,0.21866049021482467,0.17749032080173494,1,0.13396123358136078,0.751703683962455,1.0
1,1,learned,p,0.1736203134059906,0.0,0.0,0.8819444444444444,0.1736203134059906,0.0,0.2126733362674713,0.18347733914852143,1,0.13396123358136078,0.751703683962455,1.0
1,1,learned,k,0.1736203134059906,0.0,0.0,0.8819444444444444,0.1736203134059906,0.0,0.3172657787799835,0.0788557194173336,1,0.13396123358136078,0.751703683962455,1.0
1,1,learned,o,0.1736203134059906,0.0,0.0,0.49210858585858586,0.1736203134059906,0.0,0.24149222671985626,0.1546570062637329,1,0.13396123358136078,0.751703683962455,1.0
1,1,learned,pk,0.1736203134059906,0.0,0.0,0.8819444444444444,0.1736203134059906,0.0,0.3142169535160065,0.08190481439232826,1,0.13396123358136078,0.751703683962455,1.0
1,1,learned,po,0.1736203134059906,0.0,0.0,0.49210858585858586,0.1736203134059906,0.0,0.2423288941383362,0.1538134664297104,1,0.13396123358136078,0.751703683962455,1.0
1,1,learned,ko,0.1736203134059906,0.0,0.0,0.49210858585858586,0.1736203134059906,0.0,0.3315498262643814,0.06457166895270347,1,0.13396123358136078,0.751703683962455,1.0
1,1,learned,pko,0.1736203134059906,0.0,0.0,0.49210858585858586,0.1736203134059906,0.0,0.3314449846744537,0.06467499397695065,1,0.13396123358136078,0.751703683962455,1.0
1,1,shuffled,none,0.1736203134059906,0.0,0.0,0.8819444444444444,0.1736203134059906,0.0,0.21866049021482467,0.17749032080173494,1,0.13396123358136078,0.751703683962455,1.0
1,1,shuffled,p,0.1736203134059906,0.0,0.0,0.8819444444444444,0.1736203134059906,0.0,0.20619542449712752,0.18998880833387374,1,0.13396123358136078,0.751703683962455,1.0
1,1,shuffled,k,0.1736203134059906,0.0,0.0,0.8819444444444444,0.1736203134059906,0.0,0.23733332455158235,0.15880350172519683,1,0.13396123358136078,0.751703683962455,1.0
1,1,shuffled,o,0.1736203134059906,0.0,0.0,0.8857323232323232,0.1736203134059906,0.0,0.22718999534845352,0.16895833015441894,1,0.13396123358136078,0.751703683962455,1.0
1,1,shuffled,pk,0.1736203134059906,0.0,0.0,0.8819444444444444,0.1736203134059906,0.0,0.22568248510360717,0.17047045528888702,1,0.13396123358136078,0.751703683962455,1.0
1,1,shuffled,po,0.1736203134059906,0.0,0.0,0.8857323232323232,0.1736203134059906,0.0,0.21612913459539412,0.18004027158021926,1,0.13396123358136078,0.751703683962455,1.0
1,1,shuffled,ko,0.1736203134059906,0.0,0.0,0.8857323232323232,0.1736203134059906,0.0,0.2434201255440712,0.15271603763103486,1,0.13396123358136078,0.751703683962455,1.0
1,1,shuffled,pko,0.1736203134059906,0.0,0.0,0.8857323232323232,0.1736203134059906,0.0,0.2330876484513283,0.16305939704179764,1,0.13396123358136078,0.751703683962455,1.0
1,1,anti,none,0.1736203134059906,0.0,0.0,0.8819444444444444,0.1736203134059906,0.0,0.21866049021482467,0.17749032080173494,1,0.13396123358136078,0.751703683962455,1.0
1,1,anti,p,0.1736203134059906,0.0,0.0,0.8819444444444444,0.1736203134059906,0.0,0.21252830624580382,0.1836230516433716,1,0.13396123358136078,0.751703683962455,1.0
1,1,anti,k,0.1736203134059906,0.0,0.0,0.8819444444444444,0.1736203134059906,0.0,0.23379681259393692,0.16234147697687148,1,0.13396123358136078,0.751703683962455,1.0
1,1,anti,o,0.1736203134059906,0.0,0.0,0.8626893939393939,0.1736203134059906,0.0,0.22591780722141266,0.17023022025823592,1,0.13396123358136078,0.751703683962455,1.0
1,1,anti,pk,0.1736203134059906,0.0,0.0,0.8819444444444444,0.1736203134059906,0.0,0.22808917313814164,0.16804909855127334,1,0.13396123358136078,0.751703683962455,1.0
1,1,anti,po,0.1736203134059906,0.0,0.0,0.8626893939393939,0.1736203134059906,0.0,0.2205219879746437,0.1756270408630371,1,0.13396123358136078,0.751703683962455,1.0
1,1,anti,ko,0.1736203134059906,0.0,0.0,0.8626893939393939,0.1736203134059906,0.0,0.2394770562648773,0.15665986239910126,1,0.13396123358136078,0.751703683962455,1.0
1,1,anti,pko,0.1736203134059906,0.0,0.0,0.8626893939393939,0.1736203134059906,0.0,0.23441556394100188,0.1617218464612961,1,0.13396123358136078,0.751703683962455,1.0
1,2,controlled,none,0.12189695239067078,0.0,0.0,0.33238636363636365,0.12189695239067078,0.0,0.3255478203296661,0.07064135149121284,0,0.0,0.6675856955726754,1.0
1,2,controlled,p,0.12189695239067078,0.0,0.0,0.33238636363636365,0.12189695239067078,0.0,0.3115320116281509,0.08468581661581993,0,0.0,0.6675856955726754,1.0
1,2,controlled,k,0.12189695239067078,0.0,0.0,0.33238636363636365,0.12189695239067078,0.0,0.3360146641731262,0.06016037426888943,0,0.0,0.6675856955726754,1.0
1,2,controlled,o,0.12189695239067078,0.0,0.0,0.401199494949495,0.12189695239067078,0.0,0.3268216162919998,0.06937147825956344,0,0.0,0.6675856955726754,1.0
1,2,controlled,pk,0.12189695239067078,0.0,0.0,0.33238636363636365,0.12189695239067078,0.0,0.3264926910400391,0.06969325095415116,0,0.0,0.6675856955726754,1.0
1,2,controlled,po,0.12189695239067078,0.0,0.0,0.401199494949495,0.12189695239067078,0.0,0.31901229321956637,0.07720797136425972,0,0.0,0.6675856955726754,1.0
1,2,controlled,ko,0.12189695239067078,0.0,0.0,0.401199494949495,0.12189695239067078,0.0,0.3350242763757706,0.06115408726036549,0,0.0,0.6675856955726754,1.0
1,2,controlled,pko,0.12189695239067078,0.0,0.0,0.401199494949495,0.12189695239067078,0.0,0.3288778781890869,0.06731030531227589,0,0.0,0.6675856955726754,1.0
1,2,learned,none,0.12189695239067078,0.0,0.0,0.33238636363636365,0.12189695239067078,0.0,0.3255478203296661,0.07064135149121284,0,0.0,0.6675856955726754,1.0
1,2,learned,p,0.12189695239067078,0.0,0.0,0.33238636363636365,0.12189695239067078,0.0,0.3185175836086273,0.07764340937137604,0,0.0,0.6675856955726754,1.0
1,2,learned,k,0.12189695239067078,0.0,0.0,0.33238636363636365,0.12189695239067078,0.0,0.38425407707691195,0.011877896077930928,0,0.0,0.6675856955726754,1.0
1,2,learned,o,0.12189695239067078,0.0,0.0,0.18213383838383837,0.12189695239067078,0.0,0.3245145618915558,0.0716713685542345,0,0.0,0.6675856955726754,1.0
1,2,learned,pk,0.12189695239067078,0.0,0.0,0.33238636363636365,0.12189695239067078,0.0,0.38443441689014435,0.011692854575812817,0,0.0,0.6675856955726754,1.0
1,2,learned,po,0.12189695239067078,0.0,0.0,0.18213383838383837,0.12189695239067078,0.0,0.33042475283145906,0.06573939025402069,0,0.0,0.6675856955726754,1.0
1,2,learned,ko,0.12189695239067078,0.0,0.0,0.18213383838383837,0.12189695239067078,0.0,0.38404628336429597,0.012085421849042178,0,0.0,0.6675856955726754,1.0
1,2,learned,pko,0.12189695239067078,0.0,0.0,0.18213383838383837,0.12189695239067078,0.0,0.3859674721956253,0.01016031512990594,0,0.0,0.6675856955726754,1.0
1,2,shuffled,none,0.12189695239067078,0.0,0.0,0.33238636363636365,0.12189695239067078,0.0,0.3255478203296661,0.07064135149121284,0,0.0,0.6675856955726754,1.0
1,2,shuffled,p,0.12189695239067078,0.0,0.0,0.33238636363636365,0.12189695239067078,0.0,0.31459662318229675,0.08165927603840828,0,0.0,0.6675856955726754,1.0
1,2,shuffled,k,0.12189695239067078,0.0,0.0,0.33238636363636365,0.12189695239067078,0.0,0.3344556033611298,0.06171904020011425,0,0.0,0.6675856955726754,1.0
1,2,shuffled,o,0.12189695239067078,0.0,0.0,0.40372474747474746,0.12189695239067078,0.0,0.3265647828578949,0.0696246113628149,0,0.0,0.6675856955726754,1.0
1,2,shuffled,pk,0.12189695239067078,0.0,0.0,0.33238636363636365,0.12189695239067078,0.0,0.3267779856920242,0.06941059455275536,0,0.0,0.6675856955726754,1.0
1,2,shuffled,po,0.12189695239067078,0.0,0.0,0.40372474747474746,0.12189695239067078,0.0,0.32055051624774933,0.07570453807711601,0,0.0,0.6675856955726754,1.0
1,2,shuffled,ko,0.12189695239067078,0.0,0.0,0.40372474747474746,0.12189695239067078,0.0,0.3332966536283493,0.06287795715034009,0,0.0,0.6675856955726754,1.0
1,2,shuffled,pko,0.12189695239067078,0.0,0.0,0.40372474747474746,0.12189695239067078,0.0,0.3284304589033127,0.06775732338428497,0,0.0,0.6675856955726754,1.0
1,2,anti,none,0.12189695239067078,0.0,0.0,0.33238636363636365,0.12189695239067078,0.0,0.3255478203296661,0.07064135149121284,0,0.0,0.6675856955726754,1.0
1,2,anti,p,0.12189695239067078,0.0,0.0,0.33238636363636365,0.12189695239067078,0.0,0.3224661201238632,0.07372268065810203,0,0.0,0.6675856955726754,1.0
1,2,anti,k,0.12189695239067078,0.0,0.0,0.33238636363636365,0.12189695239067078,0.0,0.33197779655456544,0.06419710591435432,0,0.0,0.6675856955726754,1.0
1,2,anti,o,0.12189695239067078,0.0,0.0,0.32417929292929293,0.12189695239067078,0.0,0.3251993447542191,0.07098838537931443,0,0.0,0.6675856955726754,1.0
1,2,anti,pk,0.12189695239067078,0.0,0.0,0.33238636363636365,0.12189695239067078,0.0,0.32919093072414396,0.06698678247630596,0,0.0,0.6675856955726754,1.0
1,2,anti,po,0.12189695239067078,0.0,0.0,0.32417929292929293,0.12189695239067078,0.0,0.32239675521850586,0.07379063591361046,0,0.0,0.6675856955726754,1.0
1,2,anti,ko,0.12189695239067078,0.0,0.0,0.32417929292929293,0.12189695239067078,0.0,0.33164444863796233,0.06452938094735146,0,0.0,0.6675856955726754,1.0
1,2,anti,pko,0.12189695239067078,0.0,0.0,0.32417929292929293,0.12189695239067078,0.0,0.3289688766002655,0.06720784083008766,0,0.0,0.6675856955726754,1.0
1,3,controlled,none,0.37159866094589233,0.0,0.0,0.5640782828282829,0.37159866094589233,0.0,0.31903180181980134,0.07709689438343048,1,0.5336649480961232,0.8356516658796475,1.0
1,3,controlled,p,0.37159866094589233,0.0,0.0,0.5640782828282829,0.37159866094589233,0.0,0.30663790106773375,0.08949166536331177,1,0.5336649480961232,0.8356516658796475,1.0
1,3,controlled,k,0.37159866094589233,0.0,0.0,0.5640782828282829,0.37159866094589233,0.0,0.33276785016059873,0.0633550938218832,1,0.5336649480961232,0.8356516658796475,1.0
1,3,controlled,o,0.37159866094589233,0.0,0.0,0.5441919191919192,0.37159866094589233,0.0,0.3117427170276642,0.08438639044761657,1,0.5336649480961232,0.8356516658796475,1.0
1,3,controlled,pk,0.37159866094589233,0.0,0.0,0.5640782828282829,0.37159866094589233,0.0,0.32287500500679017,0.07324830442667007,1,0.5336649480961232,0.8356516658796475,1.0
1,3,controlled,po,0.37159866094589233,0.0,0.0,0.5441919191919192,0.37159866094589233,0.0,0.2989441275596619,0.09718593955039978,1,0.5336649480961232,0.8356516658796475,1.0
1,3,controlled,ko,0.37159866094589233,0.0,0.0,0.5441919191919192,0.37159866094589233,0.0,0.32677518427371977,0.06934806108474731,1,0.5336649480961232,0.8356516658796475,1.0
1,3,controlled,pko,0.37159866094589233,0.0,0.0,0.5441919191919192,0.37159866094589233,0.0,0.3165248095989227,0.0795989140868187,1,0.5336649480961232,0.8356516658796475,1.0
1,3,learned,none,0.37159866094589233,0.0,0.0,0.5640782828282829,0.37159866094589233,0.0,0.31903180181980134,0.07709689438343048,1,0.5336649480961232,0.8356516658796475,1.0
1,3,learned,p,0.37159866094589233,0.0,0.0,0.5640782828282829,0.37159866094589233,0.0,0.32776922583580015,0.06834713965654374,1,0.5336649480961232,0.8356516658796475,1.0
1,3,learned,k,0.37159866094589233,0.0,0.0,0.5640782828282829,0.37159866094589233,0.0,0.3790731757879257,0.01703849984332919,1,0.5336649480961232,0.8356516658796475,1.0
1,3,learned,o,0.37159866094589233,0.0,0.0,0.273989898989899,0.37159866094589233,0.0,0.2961570471525192,0.09997264966368676,1,0.5336649480961232,0.8356516658796475,1.0
1,3,learned,pk,0.37159866094589233,0.0,0.0,0.5640782828282829,0.37159866094589233,0.0,0.3813768267631531,0.014731749752536416,1,0.5336649480961232,0.8356516658796475,1.0
1,3,learned,po,0.37159866094589233,0.0,0.0,0.273989898989899,0.37159866094589233,0.0,0.3104043811559677,0.08570692017674446,1,0.5336649480961232,0.8356516658796475,1.0
1,3,learned,ko,0.37159866094589233,0.0,0.0,0.273989898989899,0.37159866094589233,0.0,0.3752523839473724,0.020858669001609088,1,0.5336649480961232,0.8356516658796475,1.0
1,3,learned,pko,0.37159866094589233,0.0,0.0,0.273989898989899,0.37159866094589233,0.0,0.3797545820474625,0.01635213252156973,1,0.5336649480961232,0.8356516658796475,1.0
1,3,shuffled,none,0.37159866094589233,0.0,0.0,0.5640782828282829,0.37159866094589233,0.0,0.31903180181980134,0.07709689438343048,1,0.5336649480961232,0.8356516658796475,1.0
1,3,shuffled,p,0.37159866094589233,0.0,0.0,0.5640782828282829,0.37159866094589233,0.0,0.3133511483669281,0.08277824223041534,1,0.5336649480961232,0.8356516658796475,1.0
1,3,shuffled,k,0.37159866094589233,0.0,0.0,0.5640782828282829,0.37159866094589233,0.0,0.3320594638586044,0.06406371854245663,1,0.5336649480961232,0.8356516658796475,1.0
1,3,shuffled,o,0.37159866094589233,0.0,0.0,0.553030303030303,0.37159866094589233,0.0,0.31321046948432923,0.08291832134127616,1,0.5336649480961232,0.8356516658796475,1.0
1,3,shuffled,pk,0.37159866094589233,0.0,0.0,0.5640782828282829,0.37159866094589233,0.0,0.3263921171426773,0.06973142996430397,1,0.5336649480961232,0.8356516658796475,1.0
1,3,shuffled,po,0.37159866094589233,0.0,0.0,0.553030303030303,0.37159866094589233,0.0,0.3078553378582001,0.08827400729060172,1,0.5336649480961232,0.8356516658796475,1.0
1,3,shuffled,ko,0.37159866094589233,0.0,0.0,0.553030303030303,0.37159866094589233,0.0,0.32663090229034425,0.06949251629412175,1,0.5336649480961232,0.8356516658796475,1.0
1,3,shuffled,pko,0.37159866094589233,0.0,0.0,0.553030303030303,0.37159866094589233,0.0,0.321163609623909,0.07496010884642601,1,0.5336649480961232,0.8356516658796475,1.0
1,3,anti,none,0.37159866094589233,0.0,0.0,0.5640782828282829,0.37159866094589233,0.0,0.31903180181980134,0.07709689438343048,1,0.5336649480961232,0.8356516658796475,1.0
1,3,anti,p,0.37159866094589233,0.0,0.0,0.5640782828282829,0.37159866094589233,0.0,0.31825292110443115,0.07788233906030655,1,0.5336649480961232,0.8356516658796475,1.0
1,3,anti,k,0.37159866094589233,0.0,0.0,0.5640782828282829,0.37159866094589233,0.0,0.3293835759162903,0.06673987954854965,1,0.5336649480961232,0.8356516658796475,1.0
1,3,anti,o,0.37159866094589233,0.0,0.0,0.5568181818181818,0.37159866094589233,0.0,0.3127903610467911,0.08333891704678535,1,0.5336649480961232,0.8356516658796475,1.0
1,3,anti,pk,0.37159866094589233,0.0,0.0,0.5640782828282829,0.37159866094589233,0.0,0.3284331649541855,0.06769433319568634,1,0.5336649480961232,0.8356516658796475,1.0
1,3,anti,po,0.37159866094589233,0.0,0.0,0.5568181818181818,0.37159866094589233,0.0,0.3122829407453537,0.0838524766266346,1,0.5336649480961232,0.8356516658796475,1.0
1,3,anti,ko,0.37159866094589233,0.0,0.0,0.5568181818181818,0.37159866094589233,0.0,0.3236632883548737,0.07246074862778187,1,0.5336649480961232,0.8356516658796475,1.0
1,3,anti,pko,0.37159866094589233,0.0,0.0,0.5568181818181818,0.37159866094589233,0.0,0.3230330258607864,0.07309487313032151,1,0.5336649480961232,0.8356516658796475,1.0
2,1,controlled,none,-0.10851910859346389,0.9990000000000001,0.0005,0.9728535353535354,-0.10935834795236588,1.0,0.19010243564844131,0.20868212282657622,1,0.4922318162357564,1.25,1.0
2,1,controlled,p,-0.10799899101257324,0.9990000000000001,0.001,0.9728535353535354,-0.10935834795236588,1.0,0.12984073162078857,0.27099755108356477,1,0.4922318162357564,1.25,1.0
2,1,controlled,k,-0.10935834795236588,1.0,0.0,0.9728535353535354,-0.10935834795236588,1.0,0.2198161378502846,0.17689083516597748,1,0.4922318162357564,1.25,1.0
2,1,controlled,o,-0.10851910859346389,0.9990000000000001,0.0005,0.9712752525252525,-0.10935834795236588,1.0,0.20692641139030457,0.1918674811720848,1,0.4922318162357564,1.25,1.0
2,1,controlled,pk,-0.10935834795236588,1.0,0.0,0.9728535353535354,-0.10935834795236588,1.0,0.18233441561460495,0.21468700617551803,1,0.4922318162357564,1.25,1.0
2,1,controlled,po,-0.10799899101257324,0.9990000000000001,0.001,0.9712752525252525,-0.10935834795236588,1.0,0.20148333311080932,0.1993660107254982,1,0.4922318162357564,1.25,1.0
2,1,controlled,ko,-0.10935834795236588,1.0,0.0,0.9712752525252525,-0.10935834795236588,1.0,0.2264191225171089,0.17066988423466684,1,0.4922318162357564,1.25,1.0
2,1,controlled,pko,-0.10935834795236588,1.0,0.0,0.9712752525252525,-0.10935834795236588,1.0,0.2198733538389206,0.17781015932559968,1,0.4922318162357564,1.25,1.0
2,1,learned,none,-0.10851910859346389,0.9990000000000001,0.0005,0.9728535353535354,-0.10935834795236588,1.0,0.19010243564844131,0.20868212282657622,1,0.4922318162357564,1.25,1.0
2,1,learned,p,-0.10783943012356759,0.9985,0.001,0.9728535353535354,-0.09576477110385895,0.99,0.18265851140022277,0.2193215772509575,1,0.4922318162357564,1.25,1.0
2,1,learned,k,-0.10935834795236588,1.0,0.0,0.9728535353535354,-0.10935834795236588,1.0,0.34046180844306945,0.05570162646472454,1,0.4922318162357564,1.25,1.0
2,1,learned,o,-0.1086786687374115,0.9995,0.0005,0.34690656565656564,-0.10935834795236588,1.0,0.20643085539340972,0.1915428325533867,1,0.4922318162357564,1.25,1.0
2,1,learned,pk,-0.10935834795236588,1.0,0.0,0.9728535353535354,-0.10935834795236588,1.0,0.3391373723745346,0.05705106146633625,1,0.4922318162357564,1.25,1.0
2,1,learned,po,-0.10799899101257324,0.9990000000000001,0.001,0.34690656565656564,-0.10935834795236588,1.0,0.21350527107715606,0.18467268943786622,1,0.4922318162357564,1.25,1.0
2,1,learned,ko,-0.10935834795236588,1.0,0.0,0.34690656565656564,-0.10935834795236588,1.0,0.36649325489997864,0.029645133204758166,1,0.4922318162357564,1.25,1.0
2,1,learned,pko,-0.10935834795236588,1.0,0.0,0.34690656565656564,-0.10935834795236588,1.0,0.36860335767269137,0.02754237996414304,1,0.4922318162357564,1.25,1.0
2,1,shuffled,none,-0.10851910859346389,0.9990000000000001,0.0005,0.9728535353535354,-0.10935834795236588,1.0,0.19010243564844131,0.20868212282657622,1,0.4922318162357564,1.25,1.0
2,1,shuffled,p,-0.10731931179761886,0.9984999999999999,0.0015000000000000002,0.9728535353535354,-0.10935834795236588,1.0,0.14611148834228516,0.2549780547618866,1,0.4922318162357564,1.25,1.0
2,1,shuffled,k,-0.10935834795236588,1.0,0.0,0.9728535353535354,-0.10935834795236588,1.0,0.2162820041179657,0.1805822804570198,1,0.4922318162357564,1.25,1.0
2,1,shuffled,o,-0.10799899101257324,0.9990000000000001,0.001,0.9725378787878788,-0.10935834795236588,1.0,0.1910659909248352,0.20784748792648317,1,0.4922318162357564,1.25,1.0
2,1,shuffled,pk,-0.10935834795236588,1.0,0.0,0.9728535353535354,-0.10935834795236588,1.0,0.18467850983142853,0.2126571863889694,1,0.4922318162357564,1.25,1.0
2,1,shuffled,po,-0.10799899101257324,0.9990000000000001,0.001,0.9725378787878788,-0.10935834795236588,1.0,0.14787203073501587,0.25295443534851075,1,0.4922318162357564,1.25,1.0
2,1,shuffled,ko,-0.10935834795236588,1.0,0.0,0.9725378787878788,-0.10935834795236588,1.0,0.21658627539873124,0.18033974170684813,1,0.4922318162357564,1.25,1.0
2,1,shuffled,pko,-0.10935834795236588,1.0,0.0,0.9725378787878788,-0.10935834795236588,1.0,0.18563852459192276,0.21169183254241944,1,0.4922318162357564,1.25,1.0
2,1,anti,none,-0.10851910859346389,0.9990000000000001,0.0005,0.9728535353535354,-0.10935834795236588,1.0,0.19010243564844131,0.20868212282657622,1,0.4922318162357564,1.25,1.0
2,1,anti,p,-0.10799899101257324,0.9990000000000001,0.001,0.9728535353535354,-0.10935834795236588,1.0,0.19040151089429855,0.21019159704446794,1,0.4922318162357564,1.25,1.0
2,1,anti,k,-0.10935834795236588,1.0,0.0,0.9728535353535354,-0.10935834795236588,1.0,0.21798796504735946,0.1787867233157158,1,0.4922318162357564,1.25,1.0
2,1,anti,o,-0.10851910859346389,0.9990000000000001,0.0005,0.9734848484848485,-0.10935834795236588,1.0,0.18970627933740616,0.2091146379709244,1,0.4922318162357564,1.25,1.0
2,1,anti,pk,-0.10935834795236588,1.0,0.0,0.9728535353535354,-0.10935834795236588,1.0,0.21178054958581924,0.18530602753162384,1,0.4922318162357564,1.25,1.0
2,1,anti,po,-0.10799899101257324,0.9990000000000001,0.001,0.9734848484848485,-0.10935834795236588,1.0,0.1851102501153946,0.21545810252428055,1,0.4922318162357564,1.25,1.0
2,1,anti,ko,-0.10935834795236588,1.0,0.0,0.9734848484848485,-0.10935834795236588,1.0,0.2125433638691902,0.1844859778881073,1,0.4922318162357564,1.25,1.0
2,1,anti,pko,-0.10935834795236588,1.0,0.0,0.9734848484848485,-0.10935834795236588,1.0,0.20659646838903428,0.19088655412197114,1,0.4922318162357564,1.25,1.0
2,2,controlled,none,0.7046947479248047,0.0,0.0,0.035037878787878785,0.7046947479248047,0.0,0.2939389258623123,0.1021719105541706,1,0.22075757761851475,0.42687570645057443,1.0
2,2,controlled,p,0.7046947479248047,0.0,0.0,0.035037878787878785,0.7046947479248047,0.0,0.2783681392669678,0.11774277165532113,1,0.22075757761851475,0.42687570645057443,1.0
2,2,controlled,k,0.7046947479248047,0.0,0.0,0.035037878787878785,0.7046947479248047,0.0,0.3166649490594864,0.07944598346948624,1,0.22075757761851475,0.42687570645057443,1.0
2,2,controlled,o,0.7046947479248047,0.0,0.0,0.032512626262626264,0.7046947479248047,0.0,0.29472723305225373,0.1013835109770298,1,0.22075757761851475,0.42687570645057443,1.0
2,2,controlled,pk,0.7046947479248047,0.0,0.0,0.035037878787878785,0.7046947479248047,0.0,0.3032693237066269,0.09284156337380409,1,0.22075757761851475,0.42687570645057443,1.0
2,2,controlled,po,0.7046947479248047,0.0,0.0,0.032512626262626264,0.7046947479248047,0.0,0.28199964463710786,0.11411137357354165,1,0.22075757761851475,0.42687570645057443,1.0
2,2,controlled,ko,0.7046947479248047,0.0,0.0,0.032512626262626264,0.7046947479248047,0.0,0.31454706788063047,0.08156368359923363,1,0.22075757761851475,0.42687570645057443,1.0
2,2,controlled,pko,0.7046947479248047,0.0,0.0,0.032512626262626264,0.7046947479248047,0.0,0.3034446448087692,0.09266628175973893,1,0.22075757761851475,0.42687570645057443,1.0
2,2,learned,none,0.7046947479248047,0.0,0.0,0.035037878787878785,0.7046947479248047,0.0,0.2939389258623123,0.1021719105541706,1,0.22075757761851475,0.42687570645057443,1.0
2,2,learned,p,0.7046947479248047,0.0,0.0,0.035037878787878785,0.7046947479248047,0.0,0.2887621372938156,0.10734575986862183,1,0.22075757761851475,0.42687570645057443,1.0
2,2,learned,k,0.7046947479248047,0.0,0.0,0.035037878787878785,0.7046947479248047,0.0,0.37960820496082304,0.016500132344663142,1,0.22075757761851475,0.42687570645057443,1.0
2,2,learned,o,0.7046947479248047,0.0,0.0,0.12310606060606061,0.7046947479248047,0.0,0.2896941006183624,0.10641693994402886,1,0.22075757761851475,0.42687570645057443,1.0
2,2,learned,pk,0.7046947479248047,0.0,0.0,0.035037878787878785,0.7046947479248047,0.0,0.3793126195669174,0.01679387055337429,1,0.22075757761851475,0.42687570645057443,1.0
2,2,learned,po,0.7046947479248047,0.0,0.0,0.12310606060606061,0.7046947479248047,0.0,0.28388693928718567,0.11221836283802986,1,0.22075757761851475,0.42687570645057443,1.0
2,2,learned,ko,0.7046947479248047,0.0,0.0,0.12310606060606061,0.7046947479248047,0.0,0.38097635209560393,0.015132260974496603,1,0.22075757761851475,0.42687570645057443,1.0
2,2,learned,pko,0.7046947479248047,0.0,0.0,0.12310606060606061,0.7046947479248047,0.0,0.380834174156189,0.015271833539009095,1,0.22075757761851475,0.42687570645057443,1.0
2,2,shuffled,none,0.7046947479248047,0.0,0.0,0.035037878787878785,0.7046947479248047,0.0,0.2939389258623123,0.1021719105541706,1,0.22075757761851475,0.42687570645057443,1.0
2,2,shuffled,p,0.7046947479248047,0.0,0.0,0.035037878787878785,0.7046947479248047,0.0,0.27311556935310366,0.12299513220787048,1,0.22075757761851475,0.42687570645057443,1.0
2,2,shuffled,k,0.7046947479248047,0.0,0.0,0.035037878787878785,0.7046947479248047,0.0,0.32069046795368195,0.0754205759614706,1,0.22075757761851475,0.42687570645057443,1.0
2,2,shuffled,o,0.7046947479248047,0.0,0.0,0.03409090909090909,0.7046947479248047,0.0,0.3003366500139236,0.09577393159270287,1,0.22075757761851475,0.42687570645057443,1.0
2,2,shuffled,pk,0.7046947479248047,0.0,0.0,0.035037878787878785,0.7046947479248047,0.0,0.3042659044265747,0.09184487462043762,1,0.22075757761851475,0.42687570645057443,1.0
2,2,shuffled,po,0.7046947479248047,0.0,0.0,0.03409090909090909,0.7046947479248047,0.0,0.28668616712093353,0.10942445322871208,1,0.22075757761851475,0.42687570645057443,1.0
2,2,shuffled,ko,0.7046947479248047,0.0,0.0,0.03409090909090909,0.7046947479248047,0.0,0.3206615179777145,0.07544912174344062,1,0.22075757761851475,0.42687570645057443,1.0
2,2,shuffled,pko,0.7046947479248047,0.0,0.0,0.03409090909090909,0.7046947479248047,0.0,0.3099548012018204,0.086155766248703,1,0.22075757761851475,0.42687570645057443,1.0
2,2,anti,none,0.7046947479248047,0.0,0.0,0.035037878787878785,0.7046947479248047,0.0,0.2939389258623123,0.1021719105541706,1,0.22075757761851475,0.42687570645057443,1.0
2,2,anti,p,0.7046947479248047,0.0,0.0,0.035037878787878785,0.7046947479248047,0.0,0.27698294818401337,0.11912814751267434,1,0.22075757761851475,0.42687570645057443,1.0
2,2,anti,k,0.7046947479248047,0.0,0.0,0.035037878787878785,0.7046947479248047,0.0,0.31986135244369507,0.07624973952770234,1,0.22075757761851475,0.42687570645057443,1.0
2,2,anti,o,0.7046947479248047,0.0,0.0,0.028409090909090908,0.7046947479248047,0.0,0.30900085866451266,0.08710957542061806,1,0.22075757761851475,0.42687570645057443,1.0
2,2,anti,pk,0.7046947479248047,0.0,0.0,0.035037878787878785,0.7046947479248047,0.0,0.3056891620159149,0.09042209796607495,1,0.22075757761851475,0.42687570645057443,1.0
2,2,anti,po,0.7046947479248047,0.0,0.0,0.028409090909090908,0.7046947479248047,0.0,0.2966679215431213,0.09944309741258621,1,0.22075757761851475,0.42687570645057443,1.0
2,2,anti,ko,0.7046947479248047,0.0,0.0,0.028409090909090908,0.7046947479248047,0.0,0.33075850903987886,0.06535207480192184,1,0.22075757761851475,0.42687570645057443,1.0
2,2,anti,pko,0.7046947479248047,0.0,0.0,0.028409090909090908,0.7046947479248047,0.0,0.3201227396726608,0.07598833404481412,1,0.22075757761851475,0.42687570645057443,1.0
2,3,controlled,none,0.9940117001533508,0.0,0.0,0.019255050505050504,0.9940117001533508,0.0,0.1277622938156128,0.2683262288570404,1,1.6858617533465057,0.31096070396391007,1.0
2,3,controlled,p,0.9940117001533508,0.0,0.0,0.019255050505050504,0.9940117001533508,0.0,0.09558502063155175,0.30050335824489594,1,1.6858617533465057,0.31096070396391007,1.0
2,3,controlled,k,0.9940117001533508,0.0,0.0,0.019255050505050504,0.9940117001533508,0.0,0.1998192384839058,0.19627038091421128,1,1.6858617533465057,0.31096070396391007,1.0
2,3,controlled,o,0.9940117001533508,0.0,0.0,0.020833333333333332,0.9940117001533508,0.0,0.1634494975209236,0.2326390728354454,1,1.6858617533465057,0.31096070396391007,1.0
2,3,controlled,pk,0.9940117001533508,0.0,0.0,0.019255050505050504,0.9940117001533508,0.0,0.16542033851146698,0.23066898733377456,1,1.6858617533465057,0.31096070396391007,1.0
2,3,controlled,po,0.9940117001533508,0.0,0.0,0.020833333333333332,0.9940117001533508,0.0,0.15344707518815995,0.24264134615659713,1,1.6858617533465057,0.31096070396391007,1.0
2,3,controlled,ko,0.9940117001533508,0.0,0.0,0.020833333333333332,0.9940117001533508,0.0,0.20722790360450744,0.1888616368174553,1,1.6858617533465057,0.31096070396391007,1.0
2,3,controlled,pko,0.9940117001533508,0.0,0.0,0.020833333333333332,0.9940117001533508,0.0,0.1946097657084465,0.20147952139377595,1,1.6858617533465057,0.31096070396391007,1.0
2,3,learned,none,0.9940117001533508,0.0,0.0,0.019255050505050504,0.9940117001533508,0.0,0.1277622938156128,0.2683262288570404,1,1.6858617533465057,0.31096070396391007,1.0
2,3,learned,p,0.9940117001533508,0.0,0.0,0.019255050505050504,0.9940117001533508,0.0,0.13775003030896188,0.2583378151059151,1,1.6858617533465057,0.31096070396391007,1.0
2,3,learned,k,0.9940117001533508,0.0,0.0,0.019255050505050504,0.9940117001533508,0.0,0.3374751150608063,0.05862020961940288,1,1.6858617533465057,0.31096070396391007,1.0
2,3,learned,o,0.9940117001533508,0.0,0.0,0.13920454545454544,0.9940117001533508,0.0,0.1849878326058388,0.211100734770298,1,1.6858617533465057,0.31096070396391007,1.0
2,3,learned,pk,0.9940117001533508,0.0,0.0,0.019255050505050504,0.9940117001533508,0.0,0.3351763874292374,0.060917573422193526,1,1.6858617533465057,0.31096070396391007,1.0
2,3,learned,po,0.9940117001533508,0.0,0.0,0.13920454545454544,0.9940117001533508,0.0,0.19992619901895523,0.19616187512874603,1,1.6858617533465057,0.31096070396391007,1.0
2,3,learned,ko,0.9940117001533508,0.0,0.0,0.13920454545454544,0.9940117001533508,0.0,0.37442436516284944,0.021676037181168794,1,1.6858617533465057,0.31096070396391007,1.0
2,3,learned,pko,0.9940117001533508,0.0,0.0,0.13920454545454544,0.9940117001533508,0.0,0.37177627980709077,0.02432271596044302,1,1.6858617533465057,0.31096070396391007,1.0
2,3,shuffled,none,0.9940117001533508,0.0,0.0,0.019255050505050504,0.9940117001533508,0.0,0.1277622938156128,0.2683262288570404,1,1.6858617533465057,0.31096070396391007,1.0
2,3,shuffled,p,0.9940117001533508,0.0,0.0,0.019255050505050504,0.9940117001533508,0.0,0.11771133840084076,0.27837702333927156,1,1.6858617533465057,0.31096070396391007,1.0
2,3,shuffled,k,0.9940117001533508,0.0,0.0,0.019255050505050504,0.9940117001533508,0.0,0.19049094766378402,0.20559861063957213,1,1.6858617533465057,0.31096070396391007,1.0
2,3,shuffled,o,0.9940117001533508,0.0,0.0,0.015782828282828284,0.9940117001533508,0.0,0.1480472981929779,0.24804127365350723,1,1.6858617533465057,0.31096070396391007,1.0
2,3,shuffled,pk,0.9940117001533508,0.0,0.0,0.019255050505050504,0.9940117001533508,0.0,0.17025667279958726,0.22583259493112565,1,1.6858617533465057,0.31096070396391007,1.0
2,3,shuffled,po,0.9940117001533508,0.0,0.0,0.015782828282828284,0.9940117001533508,0.0,0.1381247118115425,0.25796371400356294,1,1.6858617533465057,0.31096070396391007,1.0
2,3,shuffled,ko,0.9940117001533508,0.0,0.0,0.015782828282828284,0.9940117001533508,0.0,0.1932921051979065,0.2027972385287285,1,1.6858617533465057,0.31096070396391007,1.0
2,3,shuffled,pko,0.9940117001533508,0.0,0.0,0.015782828282828284,0.9940117001533508,0.0,0.18228486478328704,0.2138042390346527,1,1.6858617533465057,0.31096070396391007,1.0
2,3,anti,none,0.9940117001533508,0.0,0.0,0.019255050505050504,0.9940117001533508,0.0,0.1277622938156128,0.2683262288570404,1,1.6858617533465057,0.31096070396391007,1.0
2,3,anti,p,0.9940117001533508,0.0,0.0,0.019255050505050504,0.9940117001533508,0.0,0.11433317959308624,0.2817552715539932,1,1.6858617533465057,0.31096070396391007,1.0
2,3,anti,k,0.9940117001533508,0.0,0.0,0.019255050505050504,0.9940117001533508,0.0,0.18220041394233705,0.21388923674821853,1,1.6858617533465057,0.31096070396391007,1.0
2,3,anti,o,0.9940117001533508,0.0,0.0,0.018308080808080808,0.9940117001533508,0.0,0.15797109752893448,0.23811748772859573,1,1.6858617533465057,0.31096070396391007,1.0
2,3,anti,pk,0.9940117001533508,0.0,0.0,0.019255050505050504,0.9940117001533508,0.0,0.1638595297932625,0.23222998529672623,1,1.6858617533465057,0.31096070396391007,1.0
2,3,anti,po,0.9940117001533508,0.0,0.0,0.018308080808080808,0.9940117001533508,0.0,0.14929323941469191,0.246795254945755,1,1.6858617533465057,0.31096070396391007,1.0
2,3,anti,ko,0.9940117001533508,0.0,0.0,0.018308080808080808,0.9940117001533508,0.0,0.19492024481296538,0.20116931349039077,1,1.6858617533465057,0.31096070396391007,1.0
2,3,anti,pko,0.9940117001533508,0.0,0.0,0.018308080808080808,0.9940117001533508,0.0,0.18685316294431686,0.20923627018928528,1,1.6858617533465057,0.31096070396391007,1.0
3,1,controlled,none,-0.34783174395561217,0.0,0.0,0.039457070707070704,-0.35030367970466614,0.0,0.17950403392314912,0.22196107506752014,1,0.1967089149887993,0.3206114929441909,1.0
3,1,controlled,p,-0.3441238522529602,0.0,0.0,0.039457070707070704,-0.33794403076171875,0.0,0.17282512933015823,0.23361373096704482,1,0.1967089149887993,0.3206114929441909,1.0
3,1,controlled,k,-0.35030367970466614,0.0,0.0,0.039457070707070704,-0.35030367970466614,0.0,0.19970089197158813,0.19754711389541627,1,0.1967089149887993,0.3206114929441909,1.0
3,1,controlled,o,-0.34783174395561217,0.0,0.0,0.041351010101010104,-0.35030367970466614,0.0,0.17669948935508728,0.22679238766431808,1,0.1967089149887993,0.3206114929441909,1.0
3,1,controlled,pk,-0.34968569278717043,0.0,0.0,0.039457070707070704,-0.35030367970466614,0.0,0.19024028480052949,0.20772632360458373,1,0.1967089149887993,0.3206114929441909,1.0
3,1,controlled,po,-0.3441238522529602,0.0,0.0,0.041351010101010104,-0.33794403076171875,0.0,0.16896039247512817,0.24046862721443177,1,0.1967089149887993,0.3206114929441909,1.0
3,1,controlled,ko,-0.34968569278717043,0.0,0.0,0.041351010101010104,-0.35030367970466614,0.0,0.19719570577144624,0.2011108636856079,1,0.1967089149887993,0.3206114929441909,1.0
3,1,controlled,pko,-0.3484497249126434,0.0,0.0,0.041351010101010104,-0.35030367970466614,0.0,0.18672146201133727,0.21293682754039764,1,0.1967089149887993,0.3206114929441909,1.0
3,1,learned,none,-0.34783174395561217,0.0,0.0,0.039457070707070704,-0.35030367970466614,0.0,0.17950403392314912,0.22196107506752014,1,0.1967089149887993,0.3206114929441909,1.0
3,1,learned,p,-0.3453598141670227,0.0,0.0,0.039457070707070704,-0.33794403076171875,0.0,0.18482026159763337,0.2179408848285675,1,0.1967089149887993,0.3206114929441909,1.0
3,1,learned,k,-0.35030367970466614,0.0,0.0,0.039457070707070704,-0.35030367970466614,0.0,0.3331218659877777,0.06308320052921772,1,0.1967089149887993,0.3206114929441909,1.0
3,1,learned,o,-0.35030367970466614,0.0,0.0,0.18181818181818182,-0.35030367970466614,0.0,0.17854628711938858,0.21915492564439773,1,0.1967089149887993,0.3206114929441909,1.0
3,1,learned,pk,-0.35030367970466614,0.0,0.0,0.039457070707070704,-0.35030367970466614,0.0,0.31972675025463104,0.07647589668631553,1,0.1967089149887993,0.3206114929441909,1.0
3,1,learned,po,-0.35030367970466614,0.0,0.0,0.18181818181818182,-0.35030367970466614,0.0,0.1851160928606987,0.21248525083065034,1,0.1967089149887993,0.3206114929441909,1.0
3,1,learned,ko,-0.35030367970466614,0.0,0.0,0.18181818181818182,-0.35030367970466614,0.0,0.344489386677742,0.05165688917040825,1,0.1967089149887993,0.3206114929441909,1.0
3,1,learned,pko,-0.35030367970466614,0.0,0.0,0.18181818181818182,-0.35030367970466614,0.0,0.34058003425598143,0.05556623078882694,1,0.1967089149887993,0.3206114929441909,1.0
3,1,shuffled,none,-0.34783174395561217,0.0,0.0,0.039457070707070704,-0.35030367970466614,0.0,0.17950403392314912,0.22196107506752014,1,0.1967089149887993,0.3206114929441909,1.0
3,1,shuffled,p,-0.34783174395561217,0.0,0.0,0.039457070707070704,-0.35030367970466614,0.0,0.17257942408323287,0.22939400523900985,1,0.1967089149887993,0.3206114929441909,1.0
3,1,shuffled,k,-0.35030367970466614,0.0,0.0,0.039457070707070704,-0.35030367970466614,0.0,0.20019364655017852,0.1971471354365349,1,0.1967089149887993,0.3206114929441909,1.0
3,1,shuffled,o,-0.3484497249126434,0.0,0.0,0.034406565656565656,-0.35030367970466614,0.0,0.1760817810893059,0.22739346623420714,1,0.1967089149887993,0.3206114929441909,1.0
3,1,shuffled,pk,-0.35030367970466614,0.0,0.0,0.039457070707070704,-0.35030367970466614,0.0,0.1918709844350815,0.20554132163524627,1,0.1967089149887993,0.3206114929441909,1.0
3,1,shuffled,po,-0.34783174395561217,0.0,0.0,0.034406565656565656,-0.35030367970466614,0.0,0.16956266462802888,0.23463844805955886,1,0.1967089149887993,0.3206114929441909,1.0
3,1,shuffled,ko,-0.34906770586967467,0.0,0.0,0.034406565656565656,-0.35030367970466614,0.0,0.19580175131559371,0.2031023159623146,1,0.1967089149887993,0.3206114929441909,1.0
3,1,shuffled,pko,-0.34906770586967467,0.0,0.0,0.034406565656565656,-0.35030367970466614,0.0,0.1882350340485573,0.21089597493410112,1,0.1967089149887993,0.3206114929441909,1.0
3,1,anti,none,-0.34783174395561217,0.0,0.0,0.039457070707070704,-0.35030367970466614,0.0,0.17950403392314912,0.22196107506752014,1,0.1967089149887993,0.3206114929441909,1.0
3,1,anti,p,-0.3441238522529602,0.0,0.0,0.039457070707070704,-0.33794403076171875,0.0,0.17554182857275008,0.23077836483716965,1,0.1967089149887993,0.3206114929441909,1.0
3,1,anti,k,-0.35030367970466614,0.0,0.0,0.039457070707070704,-0.35030367970466614,0.0,0.19752507507801056,0.1996188059449196,1,0.1967089149887993,0.3206114929441909,1.0
3,1,anti,o,-0.34783174395561217,0.0,0.0,0.03282828282828283,-0.35030367970466614,0.0,0.2169964611530304,0.18618932664394378,1,0.1967089149887993,0.3206114929441909,1.0
3,1,anti,pk,-0.34968569278717043,0.0,0.0,0.039457070707070704,-0.35030367970466614,0.0,0.1907707318663597,0.20699182599782945,1,0.1967089149887993,0.3206114929441909,1.0
3,1,anti,po,-0.3450243562459946,0.0,0.0005,0.03282828282828283,-0.35030367970466614,0.0,0.20807400941848755,0.20034673064947128,1,0.1967089149887993,0.3206114929441909,1.0
3,1,anti,ko,-0.34968569278717043,0.0,0.0,0.03282828282828283,-0.35030367970466614,0.0,0.2381243571639061,0.15996245741844178,1,0.1967089149887993,0.3206114929441909,1.0
3,1,anti,pko,-0.34906770586967467,0.0,0.0,0.03282828282828283,-0.35030367970466614,0.0,0.2279710903763771,0.17121075689792634,1,0.1967089149887993,0.3206114929441909,1.0
3,2,controlled,none,-0.014714797399938107,0.0,0.002,0.9406565656565656,-0.01742510125041008,0.0,0.19033522307872772,0.2100951835513115,1,0.04147747699186283,1.25,1.0
3,2,controlled,p,-0.013622825033962727,0.0,0.0030000000000000005,0.9406565656565656,-0.01742510125041008,0.0,0.1370142586529255,0.2657931983470917,1,0.04147747699186283,1.25,1.0
3,2,controlled,k,-0.01679138857871294,0.0,0.0005,0.9406565656565656,-0.01742510125041008,0.0,0.20994485914707184,0.18708678632974624,1,0.04147747699186283,1.25,1.0
3,2,controlled,o,-0.0159822229295969,0.0,0.001,0.9352904040404041,-0.01742510125041008,0.0,0.13230483680963517,0.26622250825166704,1,0.04147747699186283,1.25,1.0
3,2,controlled,pk,-0.01679138857871294,0.0,0.0005,0.9406565656565656,-0.01742510125041008,0.0,0.18519019186496735,0.21217803359031678,1,0.04147747699186283,1.25,1.0
3,2,controlled,po,-0.015523963049054146,0.0,0.0015000000000000002,0.9352904040404041,-0.01742510125041008,0.0,0.12586769089102745,0.27370988130569457,1,0.04147747699186283,1.25,1.0
3,2,controlled,ko,-0.01679138857871294,0.0,0.0005,0.9352904040404041,-0.01742510125041008,0.0,0.16403718888759614,0.23299163579940796,1,0.04147747699186283,1.25,1.0
3,2,controlled,pko,-0.01679138857871294,0.0,0.0005,0.9352904040404041,-0.01742510125041008,0.0,0.15545472800731658,0.2418844223022461,1,0.04147747699186283,1.25,1.0
3,2,learned,none,-0.014714797399938107,0.0,0.002,0.9406565656565656,-0.01742510125041008,0.0,0.19033522307872772,0.2100951835513115,1,0.04147747699186283,1.25,1.0
3,2,learned,p,-0.0159822229295969,0.0,0.001,0.9406565656565656,-0.01742510125041008,0.0,0.182926245033741,0.21615380942821502,1,0.04147747699186283,1.25,1.0
3,2,learned,k,-0.01742510125041008,0.0,0.0,0.9406565656565656,-0.01742510125041008,0.0,0.31453448832035064,0.0816534150391817,1,0.04147747699186283,1.25,1.0
3,2,learned,o,-0.01661593560129404,0.0,0.0005,0.27998737373737376,-0.01742510125041008,0.0,0.1384029656648636,0.2591050684452057,1,0.04147747699186283,1.25,1.0
3,2,learned,pk,-0.01742510125041008,0.0,0.0,0.9406565656565656,-0.01742510125041008,0.0,0.3158928483724594,0.08028999567031861,1,0.04147747699186283,1.25,1.0
3,2,learned,po,-0.01661593560129404,0.0,0.0005,0.27998737373737376,-0.01742510125041008,0.0,0.14209934175014496,0.25516622215509416,1,0.04147747699186283,1.25,1.0
3,2,learned,ko,-0.01742510125041008,0.0,0.0,0.27998737373737376,-0.01742510125041008,0.0,0.339230939745903,0.05692276917397976,1,0.04147747699186283,1.25,1.0
3,2,learned,pko,-0.01742510125041008,0.0,0.0,0.27998737373737376,-0.01742510125041008,0.0,0.33640801906585693,0.05974349901080132,1,0.04147747699186283,1.25,1.0
3,2,shuffled,none,-0.014714797399938107,0.0,0.002,0.9406565656565656,-0.01742510125041008,0.0,0.19033522307872772,0.2100951835513115,1,0.04147747699186283,1.25,1.0
3,2,shuffled,p,-0.014256537519395351,0.0,0.0025,0.9406565656565656,-0.01742510125041008,0.0,0.141749207675457,0.2602383255958557,1,0.04147747699186283,1.25,1.0
3,2,shuffled,k,-0.01679138857871294,0.0,0.0005,0.9406565656565656,-0.01742510125041008,0.0,0.21830493360757827,0.17871839106082915,1,0.04147747699186283,1.25,1.0
3,2,shuffled,o,-0.014714797399938107,0.0,0.002,0.9466540404040404,-0.01742510125041008,0.0,0.19685976207256317,0.2035982996225357,1,0.04147747699186283,1.25,1.0
3,2,shuffled,pk,-0.01679138857871294,0.0,0.0005,0.9406565656565656,-0.01742510125041008,0.0,0.19032538384199144,0.2069096714258194,1,0.04147747699186283,1.25,1.0
3,2,shuffled,po,-0.014256537519395351,0.0,0.0025,0.9466540404040404,-0.01742510125041008,0.0,0.19121207147836686,0.2107996478676796,1,0.04147747699186283,1.25,1.0
3,2,shuffled,ko,-0.01679138857871294,0.0,0.0005,0.9466540404040404,-0.01742510125041008,0.0,0.2080693244934082,0.1894555151462555,1,0.04147747699186283,1.25,1.0
3,2,shuffled,pko,-0.01679138857871294,0.0,0.0005,0.9466540404040404,-0.01742510125041008,0.0,0.20209699422121047,0.19581177085638046,1,0.04147747699186283,1.25,1.0
3,2,anti,none,-0.014714797399938107,0.0,0.002,0.9406565656565656,-0.01742510125041008,0.0,0.19033522307872772,0.2100951835513115,1,0.04147747699186283,1.25,1.0
3,2,anti,p,-0.012813659384846687,0.0,0.0034999999999999996,0.9406565656565656,-0.01742510125041008,0.0,0.18498603105545045,0.21815381348133087,1,0.04147747699186283,1.25,1.0
3,2,anti,k,-0.01679138857871294,0.0,0.0005,0.9406565656565656,-0.01742510125041008,0.0,0.21146485358476638,0.18568863868713378,1,0.04147747699186283,1.25,1.0
3,2,anti,o,-0.014714797399938107,0.0,0.002,0.9343434343434344,-0.01742510125041008,0.0,0.14959784001111984,0.2509530335664749,1,0.04147747699186283,1.25,1.0
3,2,anti,pk,-0.01679138857871294,0.0,0.0005,0.9406565656565656,-0.01742510125041008,0.0,0.20258063077926636,0.19503454267978668,1,0.04147747699186283,1.25,1.0
3,2,anti,po,-0.012813659384846687,0.0,0.0034999999999999996,0.9343434343434344,-0.01742510125041008,0.0,0.1440034806728363,0.2592967048287392,1,0.04147747699186283,1.25,1.0
3,2,anti,ko,-0.01679138857871294,0.0,0.0005,0.9343434343434344,-0.01742510125041008,0.0,0.1785133436322212,0.21885792016983033,1,0.04147747699186283,1.25,1.0
3,2,anti,pko,-0.01679138857871294,0.0,0.0005,0.9343434343434344,-0.01742510125041008,0.0,0.16907524168491364,0.22886863648891448,1,0.04147747699186283,1.25,1.0
3,3,controlled,none,-0.2206197440624237,0.0,0.0005,0.8980429292929293,-0.22135542333126068,0.0,0.11954881176352501,0.2786924660205841,1,0.694375171176344,1.25,1.0
3,3,controlled,p,-0.2178865537047386,0.0,0.002,0.8980429292929293,-0.22135542333126068,0.0,0.10898972079157829,0.29157359302043917,1,0.694375171176344,1.25,1.0
3,3,controlled,k,-0.22135542333126068,0.0,0.0,0.8980429292929293,-0.22135542333126068,0.0,0.16815088093280792,0.22837847769260405,1,0.694375171176344,1.25,1.0
3,3,controlled,o,-0.22135542333126068,0.0,0.0,0.8948863636363636,-0.22135542333126068,0.0,0.11484367698431015,0.2825429856777191,1,0.694375171176344,1.25,1.0
3,3,controlled,pk,-0.22135542333126068,0.0,0.0,0.8980429292929293,-0.22135542333126068,0.0,0.14230844527482986,0.25452302396297455,1,0.694375171176344,1.25,1.0
3,3,controlled,po,-0.21914838999509811,0.0,0.0015,0.8948863636363636,-0.22135542333126068,0.0,0.1076397217810154,0.2907387286424637,1,0.694375171176344,1.25,1.0
3,3,controlled,ko,-0.22135542333126068,0.0,0.0,0.8948863636363636,-0.22135542333126068,0.0,0.14603257924318314,0.2504466354846954,1,0.694375171176344,1.25,1.0
3,3,controlled,pko,-0.22135542333126068,0.0,0.0,0.8948863636363636,-0.22135542333126068,0.0,0.13342155069112777,0.26327627450227736,1,0.694375171176344,1.25,1.0
3,3,learned,none,-0.2206197440624237,0.0,0.0005,0.8980429292929293,-0.22135542333126068,0.0,0.11954881176352501,0.2786924660205841,1,0.694375171176344,1.25,1.0
3,3,learned,p,-0.22135542333126068,0.0,0.0,0.8980429292929293,-0.22135542333126068,0.0,0.12392792850732803,0.27315259873867037,1,0.694375171176344,1.25,1.0
3,3,learned,k,-0.22135542333126068,0.0,0.0,0.8980429292929293,-0.22135542333126068,0.0,0.3616817891597748,0.03446122612804174,1,0.694375171176344,1.25,1.0
3,3,learned,o,-0.2191483870148659,0.0,0.0015,0.29198232323232326,-0.22135542333126068,0.0,0.1159993588924408,0.2837282717227936,1,0.694375171176344,1.25,1.0
3,3,learned,pk,-0.22135542333126068,0.0,0.0,0.8980429292929293,-0.22135542333126068,0.0,0.355363729596138,0.04077156931161881,1,0.694375171176344,1.25,1.0
3,3,learned,po,-0.22135542333126068,0.0,0.0,0.29198232323232326,-0.22135542333126068,0.0,0.13280667662620543,0.2650221735239029,1,0.694375171176344,1.25,1.0
3,3,learned,ko,-0.22135542333126068,0.0,0.0,0.29198232323232326,-0.22135542333126068,0.0,0.36505681872367857,0.031083069369196893,1,0.694375171176344,1.25,1.0
3,3,learned,pko,-0.22135542333126068,0.0,0.0,0.29198232323232326,-0.22135542333126068,0.0,0.3646623522043228,0.03147349748760462,1,0.694375171176344,1.25,1.0
3,3,shuffled,none,-0.2206197440624237,0.0,0.0005,0.8980429292929293,-0.22135542333126068,0.0,0.11954881176352501,0.2786924660205841,1,0.694375171176344,1.25,1.0
3,3,shuffled,p,-0.2191483870148659,0.0,0.0015,0.8980429292929293,-0.22135542333126068,0.0,0.09010903164744377,0.30884153842926027,1,0.694375171176344,1.25,1.0
3,3,shuffled,k,-0.22135542333126068,0.0,0.0,0.8980429292929293,-0.22135542333126068,0.0,0.17852476239204407,0.21801289916038513,1,0.694375171176344,1.25,1.0
3,3,shuffled,o,-0.21988406479358674,0.0,0.001,0.8835227272727273,-0.22135542333126068,0.0,0.11258325651288033,0.2856704741716385,1,0.694375171176344,1.25,1.0
3,3,shuffled,pk,-0.22135542333126068,0.0,0.0,0.8980429292929293,-0.22135542333126068,0.0,0.1402347579598427,0.2564020037651062,1,0.694375171176344,1.25,1.0
3,3,shuffled,po,-0.2191483870148659,0.0,0.0015,0.8835227272727273,-0.22135542333126068,0.0,0.096696837246418,0.30228560864925386,1,0.694375171176344,1.25,1.0
3,3,shuffled,ko,-0.22135542333126068,0.0,0.0,0.8835227272727273,-0.22135542333126068,0.0,0.14140841066837312,0.25538344085216524,1,0.694375171176344,1.25,1.0
3,3,shuffled,pko,-0.22135542333126068,0.0,0.0,0.8835227272727273,-0.22135542333126068,0.0,0.1260839231312275,0.2709043800830841,1,0.694375171176344,1.25,1.0
3,3,anti,none,-0.2206197440624237,0.0,0.0005,0.8980429292929293,-0.22135542333126068,0.0,0.11954881176352501,0.2786924660205841,1,0.694375171176344,1.25,1.0
3,3,anti,p,-0.2102888748049736,0.0,0.0065000000000000014,0.8980429292929293,-0.21609386801719666,0.0,0.10277455672621727,0.30731686055660246,1,0.694375171176344,1.25,1.0
3,3,anti,k,-0.22135542333126068,0.0,0.0,0.8980429292929293,-0.22135542333126068,0.0,0.16424898505210878,0.23227673023939133,1,0.694375171176344,1.25,1.0
3,3,anti,o,-0.22135542333126068,0.0,0.0,0.8901515151515151,-0.22135542333126068,0.0,0.11661829128861427,0.2809957891702652,1,0.694375171176344,1.25,1.0
3,3,anti,pk,-0.22135542333126068,0.0,0.0,0.8980429292929293,-0.22135542333126068,0.0,0.13939162194728852,0.25830756276845934,1,0.694375171176344,1.25,1.0
3,3,anti,po,-0.2191483870148659,0.0,0.0015,0.8901515151515151,-0.22135542333126068,0.0,0.10215337872505188,0.2968027204275131,1,0.694375171176344,1.25,1.0
3,3,anti,ko,-0.22135542333126068,0.0,0.0,0.8901515151515151,-0.22135542333126068,0.0,0.15558349788188935,0.24100825190544128,1,0.694375171176344,1.25,1.0
3,3,anti,pko,-0.22135542333126068,0.0,0.0,0.8901515151515151,-0.22135542333126068,0.0,0.1361194744706154,0.2607265427708626,1,0.694375171176344,1.25,1.0
4,1,controlled,none,-0.19592446982860565,0.9995,0.0,0.022727272727272728,-0.1966477930545807,1.0,0.24449464827775955,0.15347533524036408,1,0.633467966433569,0.3935992788027436,1.0
4,1,controlled,p,-0.19547154307365416,0.9990000000000001,0.0,0.022727272727272728,-0.1966477930545807,1.0,0.174189056456089,0.2248447209596634,1,0.633467966433569,0.3935992788027436,1.0
4,1,controlled,k,-0.1966477930545807,1.0,0.0,0.022727272727272728,-0.1966477930545807,1.0,0.28356958329677584,0.1135929211974144,1,0.633467966433569,0.3935992788027436,1.0
4,1,controlled,o,-0.19592446982860565,0.9995,0.0,0.011047979797979798,-0.1966477930545807,1.0,0.17326556742191315,0.2245810553431511,1,0.633467966433569,0.3935992788027436,1.0
4,1,controlled,pk,-0.19592446982860565,0.9995,0.0,0.022727272727272728,-0.1966477930545807,1.0,0.23062968254089355,0.16705152094364167,1,0.633467966433569,0.3935992788027436,1.0
4,1,controlled,po,-0.19547154307365416,0.9990000000000001,0.0,0.011047979797979798,-0.1966477930545807,1.0,0.16382825672626494,0.2350759208202362,1,0.633467966433569,0.3935992788027436,1.0
4,1,controlled,ko,-0.1966477930545807,1.0,0.0,0.011047979797979798,-0.1966477930545807,1.0,0.19814845621585847,0.1989276885986328,1,0.633467966433569,0.3935992788027436,1.0
4,1,controlled,pko,-0.19592446982860565,0.9995,0.0,0.011047979797979798,-0.1966477930545807,1.0,0.18824142813682557,0.2093212902545929,1,0.633467966433569,0.3935992788027436,1.0
4,1,learned,none,-0.19592446982860565,0.9995,0.0,0.022727272727272728,-0.1966477930545807,1.0,0.24449464827775955,0.15347533524036408,1,0.633467966433569,0.3935992788027436,1.0
4,1,learned,p,-0.19483948349952698,0.99875,0.0,0.022727272727272728,-0.1749480813741684,0.985,0.27060931324958803,0.12864976599812508,1,0.633467966433569,0.3935992788027436,1.0
4,1,learned,k,-0.1966477930545807,1.0,0.0,0.022727272727272728,-0.1966477930545807,1.0,0.3551309764385223,0.0410493541508913,1,0.633467966433569,0.3935992788027436,1.0
4,1,learned,o,-0.19547154307365416,0.9990000000000001,0.0,0.13478535353535354,-0.1966477930545807,1.0,0.17472078204154967,0.22509579360485077,1,0.633467966433569,0.3935992788027436,1.0
4,1,learned,pk,-0.1966477930545807,1.0,0.0,0.022727272727272728,-0.1966477930545807,1.0,0.3569968193769455,0.03919583149254322,1,0.633467966433569,0.3935992788027436,1.0
4,1,learned,po,-0.19185492396354675,0.9964999999999999,0.0,0.13478535353535354,-0.16771484911441803,0.98,0.19130170792341233,0.21211582124233247,1,0.633467966433569,0.3935992788027436,1.0
4,1,learned,ko,-0.1966477930545807,1.0,0.0,0.13478535353535354,-0.1966477930545807,1.0,0.34540961384773256,0.05074688456952572,1,0.633467966433569,0.3935992788027436,1.0
4,1,learned,pko,-0.1966477930545807,1.0,0.0,0.13478535353535354,-0.1966477930545807,1.0,0.34802246987819674,0.04814599566161633,1,0.633467966433569,0.3935992788027436,1.0
4,1,shuffled,none,-0.19592446982860565,0.9995,0.0,0.022727272727272728,-0.1966477930545807,1.0,0.24449464827775955,0.15347533524036408,1,0.633467966433569,0.3935992788027436,1.0
4,1,shuffled,p,-0.19547154307365416,0.9990000000000001,0.0,0.022727272727272728,-0.1966477930545807,1.0,0.18192919492721557,0.21651838570833207,1,0.633467966433569,0.3935992788027436,1.0
4,1,shuffled,k,-0.1966477930545807,1.0,0.0,0.022727272727272728,-0.1966477930545807,1.0,0.2792024791240692,0.11811468824744224,1,0.633467966433569,0.3935992788027436,1.0
4,1,shuffled,o,-0.19592446982860565,0.9995,0.0,0.011363636363636364,-0.1966477930545807,1.0,0.17976306527853012,0.21820216327905656,1,0.633467966433569,0.3935992788027436,1.0
4,1,shuffled,pk,-0.19592446982860565,0.9995,0.0,0.022727272727272728,-0.1966477930545807,1.0,0.23317849934101104,0.1644191861152649,1,0.633467966433569,0.3935992788027436,1.0
4,1,shuffled,po,-0.19592446982860565,0.9995,0.0,0.011363636363636364,-0.1966477930545807,1.0,0.1644222378730774,0.23403930068016052,1,0.633467966433569,0.3935992788027436,1.0
4,1,shuffled,ko,-0.1966477930545807,1.0,0.0,0.011363636363636364,-0.1966477930545807,1.0,0.20211440622806548,0.1951336070895195,1,0.633467966433569,0.3935992788027436,1.0
4,1,shuffled,pko,-0.19592446982860565,0.9995,0.0,0.011363636363636364,-0.1966477930545807,1.0,0.18769328743219377,0.20982664227485656,1,0.633467966433569,0.3935992788027436,1.0
4,1,anti,none,-0.19592446982860565,0.9995,0.0,0.022727272727272728,-0.1966477930545807,1.0,0.24449464827775955,0.15347533524036408,1,0.633467966433569,0.3935992788027436,1.0
4,1,anti,p,-0.19547154307365416,0.9990000000000001,0.0,0.022727272727272728,-0.1966477930545807,1.0,0.23965751379728317,0.15867601782083512,1,0.633467966433569,0.3935992788027436,1.0
4,1,anti,k,-0.1966477930545807,1.0,0.0,0.022727272727272728,-0.1966477930545807,1.0,0.2604587525129318,0.13683683350682257,1,0.633467966433569,0.3935992788027436,1.0
4,1,anti,o,-0.19592446982860565,0.9995,0.0,0.013888888888888888,-0.1966477930545807,1.0,0.21063384413719177,0.18729109466075897,1,0.633467966433569,0.3935992788027436,1.0
4,1,anti,pk,-0.1966477930545807,1.0,0.0,0.022727272727272728,-0.1966477930545807,1.0,0.25750221610069274,0.14000212103128434,1,0.633467966433569,0.3935992788027436,1.0
4,1,anti,po,-0.19592446982860565,0.9995,0.0,0.013888888888888888,-0.1966477930545807,1.0,0.203887477517128,0.1943957179784775,1,0.633467966433569,0.3935992788027436,1.0
4,1,anti,ko,-0.1966477930545807,1.0,0.0,0.013888888888888888,-0.1966477930545807,1.0,0.22996049523353576,0.16717019081115722,1,0.633467966433569,0.3935992788027436,1.0
4,1,anti,pko,-0.1966477930545807,1.0,0.0,0.013888888888888888,-0.1966477930545807,1.0,0.22522224187850953,0.17208203226327895,1,0.633467966433569,0.3935992788027436,1.0
4,2,controlled,none,-0.18570630103349686,0.0,0.0005,0.41792929292929293,-0.19064971804618835,0.0,0.08553506731987,0.31574881076812744,1,0.5920413427542914,1.107939678267177,1.0
4,2,controlled,p,-0.1850592538714409,0.0,0.0005,0.41792929292929293,-0.19064971804618835,0.0,0.08008209615945816,0.32175453901290896,1,0.5920413427542914,1.107939678267177,1.0
4,2,controlled,k,-0.1876496911048889,0.0,0.0,0.41792929292929293,-0.19064971804618835,0.0,0.13295465633273124,0.26554414331912995,1,0.5920413427542914,1.107939678267177,1.0
4,2,controlled,o,-0.18448836356401443,0.0,0.001,0.43970959595959597,-0.19064971804618835,0.0,0.0792902160435915,0.32227437347173693,1,0.5920413427542914,1.107939678267177,1.0
4,2,controlled,pk,-0.1876496911048889,0.0,0.0,0.41792929292929293,-0.19064971804618835,0.0,0.12347544878721237,0.27524343580007554,1,0.5920413427542914,1.107939678267177,1.0
4,2,controlled,po,-0.18384131640195847,0.0,0.001,0.43970959595959597,-0.19064971804618835,0.0,0.06581396721303463,0.3363649070262909,1,0.5920413427542914,1.107939678267177,1.0
4,2,controlled,ko,-0.1876496911048889,0.0,0.0,0.43970959595959597,-0.19064971804618835,0.0,0.11491680294275283,0.28407622277736666,1,0.5920413427542914,1.107939678267177,1.0
4,2,controlled,pko,-0.18700039833784105,0.0,0.0005,0.43970959595959597,-0.19064971804618835,0.0,0.0998347781598568,0.29945010393857957,1,0.5920413427542914,1.107939678267177,1.0
4,2,learned,none,-0.18570630103349686,0.0,0.0005,0.41792929292929293,-0.19064971804618835,0.0,0.08553506731987,0.31574881076812744,1,0.5920413427542914,1.107939678267177,1.0
4,2,learned,p,-0.18606902807950973,0.0,0.0005,0.41792929292929293,-0.18496328592300415,0.0,0.0806828934699297,0.32013875544071196,1,0.5920413427542914,1.107939678267177,1.0
4,2,learned,k,-0.19064971804618835,0.0,0.0,0.41792929292929293,-0.19064971804618835,0.0,0.3390812069177628,0.057099300995469095,1,0.5920413427542914,1.107939678267177,1.0
4,2,learned,o,-0.18449061065912248,0.0,0.0005,0.1875,-0.19064971804618835,0.0,0.0702498845756054,0.33144335448741913,1,0.5920413427542914,1.107939678267177,1.0
4,2,learned,pk,-0.19064971804618835,0.0,0.0,0.41792929292929293,-0.19064971804618835,0.0,0.3305935114622116,0.06558026857674122,1,0.5920413427542914,1.107939678267177,1.0
4,2,learned,po,-0.170704136043787,0.0,0.001,0.1875,-0.19064971804618835,0.0,0.07932483833283185,0.3406964600086212,1,0.5920413427542914,1.107939678267177,1.0
4,2,learned,ko,-0.19064971804618835,0.0,0.0,0.1875,-0.19064971804618835,0.0,0.36766569316387177,0.02848308989778161,1,0.5920413427542914,1.107939678267177,1.0
4,2,learned,pko,-0.19064971804618835,0.0,0.0,0.1875,-0.19064971804618835,0.0,0.36366123259067534,0.03249364262446761,1,0.5920413427542914,1.107939678267177,1.0
4,2,shuffled,none,-0.18570630103349686,0.0,0.0005,0.41792929292929293,-0.19064971804618835,0.0,0.08553506731987,0.31574881076812744,1,0.5920413427542914,1.107939678267177,1.0
4,2,shuffled,p,-0.13613865301012992,0.0005,0.00775,0.41792929292929293,-0.12097516655921936,0.0,0.10224783793091774,0.36686300933361055,1,0.5920413427542914,1.107939678267177,1.0
4,2,shuffled,k,-0.19064971804618835,0.0,0.0,0.41792929292929293,-0.19064971804618835,0.0,0.11213943064212799,0.28465278893709184,1,0.5920413427542914,1.107939678267177,1.0
4,2,shuffled,o,-0.18505700379610063,0.0,0.001,0.4264520202020202,-0.19064971804618835,0.0,0.08078523427248001,0.32055758833885195,1,0.5920413427542914,1.107939678267177,1.0
4,2,shuffled,pk,-0.18627269864082335,0.0,0.001,0.41792929292929293,-0.19064971804618835,0.0,0.10214627310633659,0.2980255916714668,1,0.5920413427542914,1.107939678267177,1.0
4,2,shuffled,po,-0.18355699479579926,0.0,0.001,0.4264520202020202,-0.18496328592300415,0.0,0.07147482670843601,0.3327278792858124,1,0.5920413427542914,1.107939678267177,1.0
4,2,shuffled,ko,-0.18829673975706102,0.0,0.0,0.4264520202020202,-0.19064971804618835,0.0,0.10649180337786675,0.2917923703789711,1,0.5920413427542914,1.107939678267177,1.0
4,2,shuffled,pko,-0.18700039833784105,0.0,0.0005,0.4264520202020202,-0.19064971804618835,0.0,0.09520197436213493,0.3040103316307068,1,0.5920413427542914,1.107939678267177,1.0
4,2,anti,none,-0.18570630103349686,0.0,0.0005,0.41792929292929293,-0.19064971804618835,0.0,0.08553506731987,0.31574881076812744,1,0.5920413427542914,1.107939678267177,1.0
4,2,anti,p,-0.096124267578125,0.0005,0.0155,0.41792929292929293,-0.09016843885183334,0.0,0.14228296130895615,0.38412844985723493,1,0.5920413427542914,1.107939678267177,1.0
4,2,anti,k,-0.19064971804618835,0.0,0.0,0.41792929292929293,-0.19064971804618835,0.0,0.1379389964044094,0.2586806073784828,1,0.5920413427542914,1.107939678267177,1.0
4,2,anti,o,-0.18449061065912248,0.0,0.0005,0.3475378787878788,-0.19064971804618835,0.0,0.09560563489794731,0.3059586867690086,1,0.5920413427542914,1.107939678267177,1.0
4,2,anti,pk,-0.18627269864082335,0.0,0.001,0.41792929292929293,-0.19064971804618835,0.0,0.13427284657955169,0.2656151369214058,1,0.5920413427542914,1.107939678267177,1.0
4,2,anti,po,-0.1808804988861084,0.0,0.001,0.3475378787878788,-0.18496328592300415,0.0,0.08896680884063243,0.3184640109539032,1,0.5920413427542914,1.107939678267177,1.0
4,2,anti,ko,-0.18886538445949555,0.0,0.0,0.3475378787878788,-0.19064971804618835,0.0,0.13192685022950174,0.26603934094309806,1,0.5920413427542914,1.107939678267177,1.0
4,2,anti,pko,-0.18635334968566894,0.0,0.0005,0.3475378787878788,-0.19064971804618835,0.0,0.1210150070488453,0.27842905670404433,1,0.5920413427542914,1.107939678267177,1.0
4,3,controlled,none,1.25,0.0,0.0,0.004734848484848485,1.25,0.0,0.25602900981903076,0.140060593187809,1,1.1142471300230463,0.3338541512930361,1.0
4,3,controlled,p,1.25,0.0,0.0,0.004734848484848485,1.25,0.0,0.1663527250289917,0.2297367587685585,1,1.1142471300230463,0.3338541512930361,1.0
4,3,controlled,k,1.25,0.0,0.0,0.004734848484848485,1.25,0.0,0.3108812302350998,0.08520822264254094,1,1.1142471300230463,0.3338541512930361,1.0
4,3,controlled,o,1.25,0.0,0.0,0.007891414141414142,1.25,0.0,0.20406541526317595,0.1920242041349411,1,1.1142471300230463,0.3338541512930361,1.0
4,3,controlled,pk,1.25,0.0,0.0,0.004734848484848485,1.25,0.0,0.26351801455020907,0.13257130831480027,1,1.1142471300230463,0.3338541512930361,1.0
4,3,controlled,po,1.25,0.0,0.0,0.007891414141414142,1.25,0.0,0.18953009247779845,0.20655941516160964,1,1.1142471300230463,0.3338541512930361,1.0
4,3,controlled,ko,1.25,0.0,0.0,0.007891414141414142,1.25,0.0,0.24985703825950623,0.14623224139213561,1,1.1142471300230463,0.3338541512930361,1.0
4,3,controlled,pko,1.25,0.0,0.0,0.007891414141414142,1.25,0.0,0.23627346903085708,0.15981579199433327,1,1.1142471300230463,0.3338541512930361,1.0
4,3,learned,none,1.25,0.0,0.0,0.004734848484848485,1.25,0.0,0.25602900981903076,0.140060593187809,1,1.1142471300230463,0.3338541512930361,1.0
4,3,learned,p,1.25,0.0,0.0,0.004734848484848485,1.25,0.0,0.22813058346509935,0.16795998960733413,1,1.1142471300230463,0.3338541512930361,1.0
4,3,learned,k,1.25,0.0,0.0,0.004734848484848485,1.25,0.0,0.38131641745567324,0.014779939968138932,1,1.1142471300230463,0.3338541512930361,1.0
4,3,learned,o,1.25,0.0,0.0,0.14709595959595959,1.25,0.0,0.15964588671922683,0.2364437311887741,1,1.1142471300230463,0.3338541512930361,1.0
4,3,learned,pk,1.25,0.0,0.0,0.004734848484848485,1.25,0.0,0.37813279032707214,0.01796212401241064,1,1.1142471300230463,0.3338541512930361,1.0
4,3,learned,po,1.25,0.0,0.0,0.14709595959595959,1.25,0.0,0.14747047871351243,0.24862071573734285,1,1.1142471300230463,0.3338541512930361,1.0
4,3,learned,ko,1.25,0.0,0.0,0.14709595959595959,1.25,0.0,0.37754138112068175,0.01855924278497696,1,1.1142471300230463,0.3338541512930361,1.0
4,3,learned,pko,1.25,0.0,0.0,0.14709595959595959,1.25,0.0,0.371464404463768,0.02463585529476404,1,1.1142471300230463,0.3338541512930361,1.0
4,3,shuffled,none,1.25,0.0,0.0,0.004734848484848485,1.25,0.0,0.25602900981903076,0.140060593187809,1,1.1142471300230463,0.3338541512930361,1.0
4,3,shuffled,p,1.25,0.0,0.0,0.004734848484848485,1.25,0.0,0.1751965045928955,0.22090289741754532,1,1.1142471300230463,0.3338541512930361,1.0
4,3,shuffled,k,1.25,0.0,0.0,0.004734848484848485,1.25,0.0,0.3023325651884079,0.09375756755471229,1,1.1142471300230463,0.3338541512930361,1.0
4,3,shuffled,o,1.25,0.0,0.0,0.006944444444444444,1.25,0.0,0.18364553153514862,0.21244409382343293,1,1.1142471300230463,0.3338541512930361,1.0
4,3,shuffled,pk,1.25,0.0,0.0,0.004734848484848485,1.25,0.0,0.26108514368534086,0.13500638157129288,1,1.1142471300230463,0.3338541512930361,1.0
4,3,shuffled,po,1.25,0.0,0.0,0.006944444444444444,1.25,0.0,0.18092024475336074,0.21517920047044753,1,1.1142471300230463,0.3338541512930361,1.0
4,3,shuffled,ko,1.25,0.0,0.0,0.006944444444444444,1.25,0.0,0.22986623644828796,0.16622334867715835,1,1.1142471300230463,0.3338541512930361,1.0
4,3,shuffled,pko,1.25,0.0,0.0,0.006944444444444444,1.25,0.0,0.22326163351535797,0.17282949090003968,1,1.1142471300230463,0.3338541512930361,1.0
4,3,anti,none,1.25,0.0,0.0,0.004734848484848485,1.25,0.0,0.25602900981903076,0.140060593187809,1,1.1142471300230463,0.3338541512930361,1.0
4,3,anti,p,1.25,0.0,0.0,0.004734848484848485,1.25,0.0,0.17923751026391982,0.21685382723808289,1,1.1142471300230463,0.3338541512930361,1.0
4,3,anti,k,1.25,0.0,0.0,0.004734848484848485,1.25,0.0,0.31371874511241915,0.08237211629748345,1,1.1142471300230463,0.3338541512930361,1.0
4,3,anti,o,1.25,0.0,0.0,0.006944444444444444,1.25,0.0,0.1993522599339485,0.19673735797405242,1,1.1142471300230463,0.3338541512930361,1.0
4,3,anti,pk,1.25,0.0,0.0,0.004734848484848485,1.25,0.0,0.26495336890220644,0.13113712668418884,1,1.1142471300230463,0.3338541512930361,1.0
4,3,anti,po,1.25,0.0,0.0,0.006944444444444444,1.25,0.0,0.1695702314376831,0.22652113139629365,1,1.1142471300230463,0.3338541512930361,1.0
4,3,anti,ko,1.25,0.0,0.0,0.006944444444444444,1.25,0.0,0.2532821953296661,0.14280735850334167,1,1.1142471300230463,0.3338541512930361,1.0
4,3,anti,pko,1.25,0.0,0.0,0.006944444444444444,1.25,0.0,0.22785602658987045,0.168233522772789,1,1.1142471300230463,0.3338541512930361,1.0
5,1,controlled,none,-0.03614915236830711,0.0,0.0,0.5587121212121212,-0.036143478006124496,0.0,0.21619056165218353,0.1801953449845314,1,0.25829129293932485,0.75242210311793,1.0
5,1,controlled,p,-0.03614915236830711,0.0,0.0,0.5587121212121212,-0.036143478006124496,0.0,0.2106356218457222,0.18575506359338761,1,0.25829129293932485,0.75242210311793,1.0
5,1,controlled,k,-0.03614915236830711,0.0,0.0,0.5587121212121212,-0.036143478006124496,0.0,0.23629951179027558,0.1600357063114643,1,0.25829129293932485,0.75242210311793,1.0
5,1,controlled,o,-0.03614915236830711,0.0,0.0,0.5710227272727273,-0.036143478006124496,0.0,0.21496018767356873,0.18142502903938293,1,0.25829129293932485,0.75242210311793,1.0
5,1,controlled,pk,-0.03614915236830711,0.0,0.0,0.5587121212121212,-0.036143478006124496,0.0,0.2289159968495369,0.16742467060685157,1,0.25829129293932485,0.75242210311793,1.0
5,1,controlled,po,-0.03614915236830711,0.0,0.0,0.5710227272727273,-0.036143478006124496,0.0,0.20939165949821473,0.1869989477097988,1,0.25829129293932485,0.75242210311793,1.0
5,1,controlled,ko,-0.03614915236830711,0.0,0.0,0.5710227272727273,-0.036143478006124496,0.0,0.2353473886847496,0.16098689660429955,1,0.25829129293932485,0.75242210311793,1.0
5,1,controlled,pko,-0.03614915236830711,0.0,0.0,0.5710227272727273,-0.036143478006124496,0.0,0.22799556851387023,0.16834463849663733,1,0.25829129293932485,0.75242210311793,1.0
5,1,learned,none,-0.03614915236830711,0.0,0.0,0.5587121212121212,-0.036143478006124496,0.0,0.21619056165218353,0.1801953449845314,1,0.25829129293932485,0.75242210311793,1.0
5,1,learned,p,-0.03614915236830711,0.0,0.0,0.5587121212121212,-0.036143478006124496,0.0,0.19201828986406327,0.2045927032828331,1,0.25829129293932485,0.75242210311793,1.0
5,1,learned,k,-0.03614915236830711,0.0,0.0,0.5587121212121212,-0.036143478006124496,0.0,0.3453658550977707,0.0508004043251276,1,0.25829129293932485,0.75242210311793,1.0
5,1,learned,o,-0.03614915236830711,0.0,0.0,0.2869318181818182,-0.036143478006124496,0.0,0.21531935036182404,0.1810979887843132,1,0.25829129293932485,0.75242210311793,1.0
5,1,learned,pk,-0.03614915236830711,0.0,0.0,0.5587121212121212,-0.036143478006124496,0.0,0.3366410583257675,0.05954453758895397,1,0.25829129293932485,0.75242210311793,1.0
5,1,learned,po,-0.03614915236830711,0.0,0.0,0.2869318181818182,-0.036143478006124496,0.0,0.21493572890758514,0.18159466683864595,1,0.25829129293932485,0.75242210311793,1.0
5,1,learned,ko,-0.03614915236830711,0.0,0.0,0.2869318181818182,-0.036143478006124496,0.0,0.34745736718177794,0.048707468435168266,1,0.25829129293932485,0.75242210311793,1.0
5,1,learned,pko,-0.03614915236830711,0.0,0.0,0.2869318181818182,-0.036143478006124496,0.0,0.3466520726680756,0.04952295459806919,1,0.25829129293932485,0.75242210311793,1.0
5,1,shuffled,none,-0.03614915236830711,0.0,0.0,0.5587121212121212,-0.036143478006124496,0.0,0.21619056165218353,0.1801953449845314,1,0.25829129293932485,0.75242210311793,1.0
5,1,shuffled,p,-0.03614915236830711,0.0,0.0,0.5587121212121212,-0.036143478006124496,0.0,0.2032880663871765,0.19313461035490037,1,0.25829129293932485,0.75242210311793,1.0
5,1,shuffled,k,-0.03614915236830711,0.0,0.0,0.5587121212121212,-0.036143478006124496,0.0,0.23565001487731935,0.16067139878869058,1,0.25829129293932485,0.75242210311793,1.0
5,1,shuffled,o,-0.03614915236830711,0.0,0.0,0.5520833333333334,-0.036143478006124496,0.0,0.21538109183311463,0.1810043305158615,1,0.25829129293932485,0.75242210311793,1.0
5,1,shuffled,pk,-0.03614915236830711,0.0,0.0,0.5587121212121212,-0.036143478006124496,0.0,0.22328234910964967,0.17306680381298065,1,0.25829129293932485,0.75242210311793,1.0
5,1,shuffled,po,-0.03614915236830711,0.0,0.0,0.5520833333333334,-0.036143478006124496,0.0,0.1987137719988823,0.19771084040403367,1,0.25829129293932485,0.75242210311793,1.0
5,1,shuffled,ko,-0.03614915236830711,0.0,0.0,0.5520833333333334,-0.036143478006124496,0.0,0.2369781717658043,0.1593405172228813,1,0.25829129293932485,0.75242210311793,1.0
5,1,shuffled,pko,-0.03614915236830711,0.0,0.0,0.5520833333333334,-0.036143478006124496,0.0,0.22159163504838944,0.17475594133138656,1,0.25829129293932485,0.75242210311793,1.0
5,1,anti,none,-0.03614915236830711,0.0,0.0,0.5587121212121212,-0.036143478006124496,0.0,0.21619056165218353,0.1801953449845314,1,0.25829129293932485,0.75242210311793,1.0
5,1,anti,p,-0.03598953820765018,0.0,0.0,0.5587121212121212,-0.036143478006124496,0.0,0.20512766093015672,0.1914067894220352,1,0.25829129293932485,0.75242210311793,1.0
5,1,anti,k,-0.03614915236830711,0.0,0.0,0.5587121212121212,-0.036143478006124496,0.0,0.2343812495470047,0.16192997246980667,1,0.25829129293932485,0.75242210311793,1.0
5,1,anti,o,-0.03614915236830711,0.0,0.0,0.5429292929292929,-0.036143478006124496,0.0,0.21701828092336656,0.1793672814965248,1,0.25829129293932485,0.75242210311793,1.0
5,1,anti,pk,-0.03614915236830711,0.0,0.0,0.5587121212121212,-0.036143478006124496,0.0,0.2240823596715927,0.17228360176086427,1,0.25829129293932485,0.75242210311793,1.0
5,1,anti,po,-0.03598953820765018,0.0,0.0,0.5429292929292929,-0.036143478006124496,0.0,0.20605563521385192,0.19048935025930405,1,0.25829129293932485,0.75242210311793,1.0
5,1,anti,ko,-0.03614915236830711,0.0,0.0,0.5429292929292929,-0.036143478006124496,0.0,0.23573732674121856,0.16057168394327165,1,0.25829129293932485,0.75242210311793,1.0
5,1,anti,pko,-0.03614915236830711,0.0,0.0,0.5429292929292929,-0.036143478006124496,0.0,0.22553823739290238,0.17083001136779785,1,0.25829129293932485,0.75242210311793,1.0
5,2,controlled,none,0.19892147183418274,0.0,0.0,0.3336489898989899,0.19892147183418274,0.0,0.21782331317663192,0.17832285463809966,1,-0.03528276724084478,0.5413902858053998,1.0
5,2,controlled,p,0.19892147183418274,0.0,0.0,0.3336489898989899,0.19892147183418274,0.0,0.20809222161769866,0.18805705904960632,1,-0.03528276724084478,0.5413902858053998,1.0
5,2,controlled,k,0.19892147183418274,0.0,0.0,0.3336489898989899,0.19892147183418274,0.0,0.23520773500204087,0.16093404442071915,1,-0.03528276724084478,0.5413902858053998,1.0
5,2,controlled,o,0.19892147183418274,0.0,0.0,0.3106060606060606,0.19892147183418274,0.0,0.220902881026268,0.17524448931217193,1,-0.03528276724084478,0.5413902858053998,1.0
5,2,controlled,pk,0.19892147183418274,0.0,0.0,0.3336489898989899,0.19892147183418274,0.0,0.2258600652217865,0.170284266769886,1,-0.03528276724084478,0.5413902858053998,1.0
5,2,controlled,po,0.19892147183418274,0.0,0.0,0.3106060606060606,0.19892147183418274,0.0,0.21119824647903443,0.18495146334171295,1,-0.03528276724084478,0.5413902858053998,1.0
5,2,controlled,ko,0.19892147183418274,0.0,0.0,0.3106060606060606,0.19892147183418274,0.0,0.23840003311634064,0.15774286687374114,1,-0.03528276724084478,0.5413902858053998,1.0
5,2,controlled,pko,0.19892147183418274,0.0,0.0,0.3106060606060606,0.19892147183418274,0.0,0.22922083586454392,0.16692397892475128,1,-0.03528276724084478,0.5413902858053998,1.0
5,2,learned,none,0.19892147183418274,0.0,0.0,0.3336489898989899,0.19892147183418274,0.0,0.21782331317663192,0.17832285463809966,1,-0.03528276724084478,0.5413902858053998,1.0
5,2,learned,p,0.19892147183418274,0.0,0.0,0.3336489898989899,0.19892147183418274,0.0,0.21496201157569886,0.18117204159498215,1,-0.03528276724084478,0.5413902858053998,1.0
5,2,learned,k,0.19892147183418274,0.0,0.0,0.3336489898989899,0.19892147183418274,0.0,0.3270995855331421,0.06902419067919255,1,-0.03528276724084478,0.5413902858053998,1.0
5,2,learned,o,0.19892147183418274,0.0,0.0,0.24147727272727273,0.19892147183418274,0.0,0.21708274334669114,0.17906757444143295,1,-0.03528276724084478,0.5413902858053998,1.0
5,2,learned,pk,0.19892147183418274,0.0,0.0,0.3336489898989899,0.19892147183418274,0.0,0.32649673223495485,0.06962334811687469,1,-0.03528276724084478,0.5413902858053998,1.0
5,2,learned,po,0.19892147183418274,0.0,0.0,0.24147727272727273,0.19892147183418274,0.0,0.2156370013952255,0.18049940019845961,1,-0.03528276724084478,0.5413902858053998,1.0
5,2,learned,ko,0.19892147183418274,0.0,0.0,0.24147727272727273,0.19892147183418274,0.0,0.3319296509027481,0.0641942348331213,1,-0.03528276724084478,0.5413902858053998,1.0
5,2,learned,pko,0.19892147183418274,0.0,0.0,0.24147727272727273,0.19892147183418274,0.0,0.33202090561389924,0.06409932784736157,1,-0.03528276724084478,0.5413902858053998,1.0
5,2,shuffled,none,0.19892147183418274,0.0,0.0,0.3336489898989899,0.19892147183418274,0.0,0.21782331317663192,0.17832285463809966,1,-0.03528276724084478,0.5413902858053998,1.0
5,2,shuffled,p,0.19892147183418274,0.0,0.0,0.3336489898989899,0.19892147183418274,0.0,0.21033588498830796,0.18581398129463195,1,-0.03528276724084478,0.5413902858053998,1.0
5,2,shuffled,k,0.19892147183418274,0.0,0.0,0.3336489898989899,0.19892147183418274,0.0,0.23895771354436873,0.1571837767958641,1,-0.03528276724084478,0.5413902858053998,1.0
5,2,shuffled,o,0.19892147183418274,0.0,0.0,0.2948232323232323,0.19892147183418274,0.0,0.21868640035390854,0.17746198177337646,1,-0.03528276724084478,0.5413902858053998,1.0
5,2,shuffled,pk,0.19892147183418274,0.0,0.0,0.3336489898989899,0.19892147183418274,0.0,0.23106989711523057,0.1650746703147888,1,-0.03528276724084478,0.5413902858053998,1.0
5,2,shuffled,po,0.19892147183418274,0.0,0.0,0.2948232323232323,0.19892147183418274,0.0,0.21319669336080552,0.18295398354530334,1,-0.03528276724084478,0.5413902858053998,1.0
5,2,shuffled,ko,0.19892147183418274,0.0,0.0,0.2948232323232323,0.19892147183418274,0.0,0.2357770547270775,0.16036687791347504,1,-0.03528276724084478,0.5413902858053998,1.0
5,2,shuffled,pko,0.19892147183418274,0.0,0.0,0.2948232323232323,0.19892147183418274,0.0,0.23033325076103212,0.1658126413822174,1,-0.03528276724084478,0.5413902858053998,1.0
5,2,anti,none,0.19892147183418274,0.0,0.0,0.3336489898989899,0.19892147183418274,0.0,0.21782331317663192,0.17832285463809966,1,-0.03528276724084478,0.5413902858053998,1.0
5,2,anti,p,0.19892147183418274,0.0,0.0,0.3336489898989899,0.19892147183418274,0.0,0.2022886887192726,0.19386208951473236,1,-0.03528276724084478,0.5413902858053998,1.0
5,2,anti,k,0.19892147183418274,0.0,0.0,0.3336489898989899,0.19892147183418274,0.0,0.251273150742054,0.14486756324768066,1,-0.03528276724084478,0.5413902858053998,1.0
5,2,anti,o,0.19892147183418274,0.0,0.0,0.3087121212121212,0.19892147183418274,0.0,0.2194633737206459,0.17668485641479492,1,-0.03528276724084478,0.5413902858053998,1.0
5,2,anti,pk,0.19892147183418274,0.0,0.0,0.3336489898989899,0.19892147183418274,0.0,0.232246033847332,0.16389810740947724,1,-0.03528276724084478,0.5413902858053998,1.0
5,2,anti,po,0.19892147183418274,0.0,0.0,0.3087121212121212,0.19892147183418274,0.0,0.20782410651445388,0.18832712322473527,1,-0.03528276724084478,0.5413902858053998,1.0
5,2,anti,ko,0.19892147183418274,0.0,0.0,0.3087121212121212,0.19892147183418274,0.0,0.24205845296382905,0.15408487021923065,1,-0.03528276724084478,0.5413902858053998,1.0
5,2,anti,pko,0.19892147183418274,0.0,0.0,0.3087121212121212,0.19892147183418274,0.0,0.2293928787112236,0.16675280779600143,1,-0.03528276724084478,0.5413902858053998,1.0
5,3,controlled,none,0.40172272324562075,0.0,0.0005,0.9753787878787878,0.4012983739376068,0.0,0.12298192828893661,0.27330234497785566,1,0.4422545364065353,1.25,1.0
5,3,controlled,p,0.40172272324562075,0.0,0.0005,0.9753787878787878,0.4012983739376068,0.0,0.1221501037478447,0.2741853564977646,1,0.4422545364065353,1.25,1.0
5,3,controlled,k,0.4012983739376068,0.0,0.0,0.9753787878787878,0.4012983739376068,0.0,0.15075425803661346,0.24543814808130265,1,0.4422545364065353,1.25,1.0
5,3,controlled,o,0.40172272324562075,0.0,0.0005,0.9747474747474747,0.4012983739376068,0.0,0.1273059941828251,0.2689687371253967,1,0.4422545364065353,1.25,1.0
5,3,controlled,pk,0.40172272324562075,0.0,0.0005,0.9753787878787878,0.4012983739376068,0.0,0.14424782395362853,0.2519654855132103,1,0.4422545364065353,1.25,1.0
5,3,controlled,po,0.40172272324562075,0.0,0.0005,0.9747474747474747,0.4012983739376068,0.0,0.12391463443636894,0.2724104404449463,1,0.4422545364065353,1.25,1.0
5,3,controlled,ko,0.4012983739376068,0.0,0.0,0.9747474747474747,0.4012983739376068,0.0,0.15375850051641465,0.24242804646492006,1,0.4422545364065353,1.25,1.0
5,3,controlled,pko,0.40172272324562075,0.0,0.0005,0.9747474747474747,0.4012983739376068,0.0,0.14541793763637542,0.2507886916399002,1,0.4422545364065353,1.25,1.0
5,3,learned,none,0.40172272324562075,0.0,0.0005,0.9753787878787878,0.4012983739376068,0.0,0.12298192828893661,0.27330234497785566,1,0.4422545364065353,1.25,1.0
5,3,learned,p,0.40172272324562075,0.0,0.0005,0.9753787878787878,0.4012983739376068,0.0,0.11032089218497276,0.2859517991542816,1,0.4422545364065353,1.25,1.0
5,3,learned,k,0.4012983739376068,0.0,0.0,0.9753787878787878,0.4012983739376068,0.0,0.333222234249115,0.06289469599723815,1,0.4422545364065353,1.25,1.0
5,3,learned,o,0.40172272324562075,0.0,0.0005,0.2673611111111111,0.4012983739376068,0.0,0.11713998392224312,0.2790941700339317,1,0.4422545364065353,1.25,1.0
5,3,learned,pk,0.4012983739376068,0.0,0.0,0.9753787878787878,0.4012983739376068,0.0,0.32484555840492246,0.07127083539962768,1,0.4422545364065353,1.25,1.0
5,3,learned,po,0.4012983739376068,0.0,0.0,0.2673611111111111,0.4012983739376068,0.0,0.11139119118452072,0.28476270437240603,1,0.4422545364065353,1.25,1.0
5,3,learned,ko,0.4012983739376068,0.0,0.0,0.2673611111111111,0.4012983739376068,0.0,0.35407559871673583,0.04203895591199398,1,0.4422545364065353,1.25,1.0
5,3,learned,pko,0.4012983739376068,0.0,0.0,0.2673611111111111,0.4012983739376068,0.0,0.3513695925474167,0.04474282003939152,1,0.4422545364065353,1.25,1.0
5,3,shuffled,none,0.40172272324562075,0.0,0.0005,0.9753787878787878,0.4012983739376068,0.0,0.12298192828893661,0.27330234497785566,1,0.4422545364065353,1.25,1.0
5,3,shuffled,p,0.40172272324562075,0.0,0.0005,0.9753787878787878,0.4012983739376068,0.0,0.07518451400101185,0.32111731767654417,1,0.4422545364065353,1.25,1.0
5,3,shuffled,k,0.4012983739376068,0.0,0.0,0.9753787878787878,0.4012983739376068,0.0,0.14634532630443572,0.24983620643615723,1,0.4422545364065353,1.25,1.0
5,3,shuffled,o,0.40172272324562075,0.0,0.0005,0.9772727272727273,0.4012983739376068,0.0,0.1251533254981041,0.2711395025253296,1,0.4422545364065353,1.25,1.0
5,3,shuffled,pk,0.4012983739376068,0.0,0.0,0.9753787878787878,0.4012983739376068,0.0,0.11882423087954522,0.27736080437898636,1,0.4422545364065353,1.25,1.0
5,3,shuffled,po,0.40172272324562075,0.0,0.0005,0.9772727272727273,0.4012983739376068,0.0,0.11107010245323182,0.2852427110075951,1,0.4422545364065353,1.25,1.0
5,3,shuffled,ko,0.40172272324562075,0.0,0.0005,0.9772727272727273,0.4012983739376068,0.0,0.14368065744638442,0.2525216981768608,1,0.4422545364065353,1.25,1.0
5,3,shuffled,pko,0.40172272324562075,0.0,0.0005,0.9772727272727273,0.4012983739376068,0.0,0.13272471651434897,0.26348505169153214,1,0.4422545364065353,1.25,1.0
5,3,anti,none,0.40172272324562075,0.0,0.0005,0.9753787878787878,0.4012983739376068,0.0,0.12298192828893661,0.27330234497785566,1,0.4422545364065353,1.25,1.0
5,3,anti,p,0.40172272324562075,0.0,0.0005,0.9753787878787878,0.4012983739376068,0.0,0.0791757021099329,0.3171584576368332,1,0.4422545364065353,1.25,1.0
5,3,anti,k,0.4012983739376068,0.0,0.0,0.9753787878787878,0.4012983739376068,0.0,0.14205702692270278,0.25412671864032743,1,0.4422545364065353,1.25,1.0
5,3,anti,o,0.40172272324562075,0.0,0.0005,0.9750631313131313,0.4012983739376068,0.0,0.14161792173981666,0.25466486215591433,1,0.4422545364065353,1.25,1.0
5,3,anti,pk,0.40172272324562075,0.0,0.0005,0.9753787878787878,0.4012983739376068,0.0,0.1196220077574253,0.2765763193368912,1,0.4422545364065353,1.25,1.0
5,3,anti,po,0.40172272324562075,0.0,0.0005,0.9750631313131313,0.4012983739376068,0.0,0.12597384303808212,0.27036537081003187,1,0.4422545364065353,1.25,1.0
5,3,anti,ko,0.40172272324562075,0.0,0.0005,0.9750631313131313,0.4012983739376068,0.0,0.15747835636138915,0.23872096836566925,1,0.4422545364065353,1.25,1.0
5,3,anti,pko,0.40172272324562075,0.0,0.0005,0.9750631313131313,0.4012983739376068,0.0,0.14679209962487222,0.24943132251501082,1,0.4422545364065353,1.25,1.0
6,1,controlled,none,0.6399220824241638,0.0,0.0,0.5189393939393939,0.6399220824241638,0.0,0.17941911965608598,0.2166923001408577,1,0.0651722638889094,0.8941142966583591,1.0
6,1,controlled,p,0.6399220824241638,0.0,0.0,0.5189393939393939,0.6399220824241638,0.0,0.17028017342090607,0.22583003342151642,1,0.0651722638889094,0.8941142966583591,1.0
6,1,controlled,k,0.6399220824241638,0.0,0.0,0.5189393939393939,0.6399220824241638,0.0,0.1954032689332962,0.20070695430040358,1,0.0651722638889094,0.8941142966583591,1.0
6,1,controlled,o,0.6399220824241638,0.0,0.0,0.4810606060606061,0.6399220824241638,0.0,0.1804691046476364,0.21564246267080306,1,0.0651722638889094,0.8941142966583591,1.0
6,1,controlled,pk,0.6399220824241638,0.0,0.0,0.5189393939393939,0.6399220824241638,0.0,0.1875384822487831,0.20857102274894715,1,0.0651722638889094,0.8941142966583591,1.0
6,1,controlled,po,0.6399220824241638,0.0,0.0,0.4810606060606061,0.6399220824241638,0.0,0.17166467159986495,0.22444550991058348,1,0.0651722638889094,0.8941142966583591,1.0
6,1,controlled,ko,0.6399220824241638,0.0,0.0,0.4810606060606061,0.6399220824241638,0.0,0.19549679160118102,0.20061360746622087,1,0.0651722638889094,0.8941142966583591,1.0
6,1,controlled,pko,0.6399220824241638,0.0,0.0,0.4810606060606061,0.6399220824241638,0.0,0.1880043253302574,0.20810521394014359,1,0.0651722638889094,0.8941142966583591,1.0
6,1,learned,none,0.6399220824241638,0.0,0.0,0.5189393939393939,0.6399220824241638,0.0,0.17941911965608598,0.2166923001408577,1,0.0651722638889094,0.8941142966583591,1.0
6,1,learned,p,0.6399220824241638,0.0,0.0,0.5189393939393939,0.6399220824241638,0.0,0.1798549249768257,0.21626236885786057,1,0.0651722638889094,0.8941142966583591,1.0
6,1,learned,k,0.6399220824241638,0.0,0.0,0.5189393939393939,0.6399220824241638,0.0,0.32676408886909486,0.06934586614370346,1,0.0651722638889094,0.8941142966583591,1.0
6,1,learned,o,0.6399220824241638,0.0,0.0,0.2727272727272727,0.6399220824241638,0.0,0.17986302077770233,0.21624810993671417,1,0.0651722638889094,0.8941142966583591,1.0
6,1,learned,pk,0.6399220824241638,0.0,0.0,0.5189393939393939,0.6399220824241638,0.0,0.32809398174285886,0.06801814958453178,1,0.0651722638889094,0.8941142966583591,1.0
6,1,learned,po,0.6399220824241638,0.0,0.0,0.2727272727272727,0.6399220824241638,0.0,0.18076615780591965,0.21533976197242738,1,0.0651722638889094,0.8941142966583591,1.0
6,1,learned,ko,0.6399220824241638,0.0,0.0,0.2727272727272727,0.6399220824241638,0.0,0.3331131339073181,0.06299676112830639,1,0.0651722638889094,0.8941142966583591,1.0
6,1,learned,pko,0.6399220824241638,0.0,0.0,0.2727272727272727,0.6399220824241638,0.0,0.3340424418449402,0.06206559799611568,1,0.0651722638889094,0.8941142966583591,1.0
6,1,shuffled,none,0.6399220824241638,0.0,0.0,0.5189393939393939,0.6399220824241638,0.0,0.17941911965608598,0.2166923001408577,1,0.0651722638889094,0.8941142966583591,1.0
6,1,shuffled,p,0.6399220824241638,0.0,0.0,0.5189393939393939,0.6399220824241638,0.0,0.17967591434717178,0.21643385142087937,1,0.0651722638889094,0.8941142966583591,1.0
6,1,shuffled,k,0.6399220824241638,0.0,0.0,0.5189393939393939,0.6399220824241638,0.0,0.1956792175769806,0.20043087303638457,1,0.0651722638889094,0.8941142966583591,1.0
6,1,shuffled,o,0.6399220824241638,0.0,0.0,0.48737373737373735,0.6399220824241638,0.0,0.17814165502786636,0.2179695725440979,1,0.0651722638889094,0.8941142966583591,1.0
6,1,shuffled,pk,0.6399220824241638,0.0,0.0,0.5189393939393939,0.6399220824241638,0.0,0.19546453952789306,0.20064487904310227,1,0.0651722638889094,0.8941142966583591,1.0
6,1,shuffled,po,0.6399220824241638,0.0,0.0,0.48737373737373735,0.6399220824241638,0.0,0.1770758405327797,0.2190335735678673,1,0.0651722638889094,0.8941142966583591,1.0
6,1,shuffled,ko,0.6399220824241638,0.0,0.0,0.48737373737373735,0.6399220824241638,0.0,0.19266596138477327,0.20344394445419312,1,0.0651722638889094,0.8941142966583591,1.0
6,1,shuffled,pko,0.6399220824241638,0.0,0.0,0.48737373737373735,0.6399220824241638,0.0,0.1911814495921135,0.20492765605449675,1,0.0651722638889094,0.8941142966583591,1.0
6,1,anti,none,0.6399220824241638,0.0,0.0,0.5189393939393939,0.6399220824241638,0.0,0.17941911965608598,0.2166923001408577,1,0.0651722638889094,0.8941142966583591,1.0
6,1,anti,p,0.6399220824241638,0.0,0.0,0.5189393939393939,0.6399220824241638,0.0,0.17686331123113633,0.21926920711994172,1,0.0651722638889094,0.8941142966583591,1.0
6,1,anti,k,0.6399220824241638,0.0,0.0,0.5189393939393939,0.6399220824241638,0.0,0.19858697801828384,0.19752292484045028,1,0.0651722638889094,0.8941142966583591,1.0
6,1,anti,o,0.6399220824241638,0.0,0.0,0.4741161616161616,0.6399220824241638,0.0,0.17993097752332687,0.21618038415908813,1,0.0651722638889094,0.8941142966583591,1.0
6,1,anti,pk,0.6399220824241638,0.0,0.0,0.5189393939393939,0.6399220824241638,0.0,0.19531741887331008,0.200797201693058,1,0.0651722638889094,0.8941142966583591,1.0
6,1,anti,po,0.6399220824241638,0.0,0.0,0.4741161616161616,0.6399220824241638,0.0,0.17767622023820878,0.21845584511756896,1,0.0651722638889094,0.8941142966583591,1.0
6,1,anti,ko,0.6399220824241638,0.0,0.0,0.4741161616161616,0.6399220824241638,0.0,0.197315713763237,0.1987942337989807,1,0.0651722638889094,0.8941142966583591,1.0
6,1,anti,pko,0.6399220824241638,0.0,0.0,0.4741161616161616,0.6399220824241638,0.0,0.1944768249988556,0.20163750797510147,1,0.0651722638889094,0.8941142966583591,1.0
6,2,controlled,none,-0.12809185683727264,0.0,0.0,0.6221590909090909,-0.12809185683727264,0.0,0.28646847009658816,0.10978243798017502,1,0.12311931443988854,0.6309849078701963,1.0
6,2,controlled,p,-0.12809185683727264,0.0,0.0,0.6221590909090909,-0.12809185683727264,0.0,0.2720805987715721,0.1241830363869667,1,0.12311931443988854,0.6309849078701963,1.0
6,2,controlled,k,-0.12809185683727264,0.0,0.0,0.6221590909090909,-0.12809185683727264,0.0,0.3030595302581787,0.09315003603696823,1,0.12311931443988854,0.6309849078701963,1.0
6,2,controlled,o,-0.12809185683727264,0.0,0.0,0.6006944444444444,-0.12809185683727264,0.0,0.289628267288208,0.10661818832159042,1,0.12311931443988854,0.6309849078701963,1.0
6,2,controlled,pk,-0.12809185683727264,0.0,0.0,0.6221590909090909,-0.12809185683727264,0.0,0.2920124650001526,0.10420492812991142,1,0.12311931443988854,0.6309849078701963,1.0
6,2,controlled,po,-0.12809185683727264,0.0,0.0,0.6006944444444444,-0.12809185683727264,0.0,0.27526154518127444,0.12099983841180802,1,0.12311931443988854,0.6309849078701963,1.0
6,2,controlled,ko,-0.12809185683727264,0.0,0.0,0.6006944444444444,-0.12809185683727264,0.0,0.30430212020874026,0.09190624058246613,1,0.12311931443988854,0.6309849078701963,1.0
6,2,controlled,pko,-0.12809185683727264,0.0,0.0,0.6006944444444444,-0.12809185683727264,0.0,0.29347982406616213,0.10273826718330384,1,0.12311931443988854,0.6309849078701963,1.0
6,2,learned,none,-0.12809185683727264,0.0,0.0,0.6221590909090909,-0.12809185683727264,0.0,0.28646847009658816,0.10978243798017502,1,0.12311931443988854,0.6309849078701963,1.0
6,2,learned,p,-0.12809185683727264,0.0,0.0,0.6221590909090909,-0.12809185683727264,0.0,0.2590660333633423,0.13710425943136215,1,0.12311931443988854,0.6309849078701963,1.0
6,2,learned,k,-0.12809185683727264,0.0,0.0,0.6221590909090909,-0.12809185683727264,0.0,0.38284873962402344,0.013278273493051529,1,0.12311931443988854,0.6309849078701963,1.0
6,2,learned,o,-0.12809185683727264,0.0,0.0,0.21401515151515152,-0.12809185683727264,0.0,0.29275319874286654,0.10348914042115212,1,0.12311931443988854,0.6309849078701963,1.0
6,2,learned,pk,-0.12809185683727264,0.0,0.0,0.6221590909090909,-0.12809185683727264,0.0,0.37774125933647157,0.018379518855363132,1,0.12311931443988854,0.6309849078701963,1.0
6,2,learned,po,-0.12809185683727264,0.0,0.0,0.21401515151515152,-0.12809185683727264,0.0,0.27759515643119814,0.1185712344944477,1,0.12311931443988854,0.6309849078701963,1.0
6,2,learned,ko,-0.12809185683727264,0.0,0.0,0.21401515151515152,-0.12809185683727264,0.0,0.3841622531414032,0.011963370908051729,1,0.12311931443988854,0.6309849078701963,1.0
6,2,learned,pko,-0.12809185683727264,0.0,0.0,0.21401515151515152,-0.12809185683727264,0.0,0.3790198385715485,0.017099490389227867,1,0.12311931443988854,0.6309849078701963,1.0
6,2,shuffled,none,-0.12809185683727264,0.0,0.0,0.6221590909090909,-0.12809185683727264,0.0,0.28646847009658816,0.10978243798017502,1,0.12311931443988854,0.6309849078701963,1.0
6,2,shuffled,p,-0.12809185683727264,0.0,0.0,0.6221590909090909,-0.12809185683727264,0.0,0.2743171155452728,0.12193455770611764,1,0.12311931443988854,0.6309849078701963,1.0
6,2,shuffled,k,-0.12809185683727264,0.0,0.0,0.6221590909090909,-0.12809185683727264,0.0,0.30304245054721834,0.093168256431818,1,0.12311931443988854,0.6309849078701963,1.0
6,2,shuffled,o,-0.12809185683727264,0.0,0.0,0.6303661616161617,-0.12809185683727264,0.0,0.27459801733493805,0.12164476290345191,1,0.12311931443988854,0.6309849078701963,1.0
6,2,shuffled,pk,-0.12809185683727264,0.0,0.0,0.6221590909090909,-0.12809185683727264,0.0,0.29291580617427826,0.10329531133174896,1,0.12311931443988854,0.6309849078701963,1.0
6,2,shuffled,po,-0.12809185683727264,0.0,0.0,0.6303661616161617,-0.12809185683727264,0.0,0.25926588773727416,0.1369780756533146,1,0.12311931443988854,0.6309849078701963,1.0
6,2,shuffled,ko,-0.12809185683727264,0.0,0.0,0.6303661616161617,-0.12809185683727264,0.0,0.2939259082078934,0.10227784588932991,1,0.12311931443988854,0.6309849078701963,1.0
6,2,shuffled,pko,-0.12809185683727264,0.0,0.0,0.6303661616161617,-0.12809185683727264,0.0,0.2809984564781189,0.11520602852106095,1,0.12311931443988854,0.6309849078701963,1.0
6,2,anti,none,-0.12809185683727264,0.0,0.0,0.6221590909090909,-0.12809185683727264,0.0,0.28646847009658816,0.10978243798017502,1,0.12311931443988854,0.6309849078701963,1.0
6,2,anti,p,-0.12809185683727264,0.0,0.0,0.6221590909090909,-0.12809185683727264,0.0,0.282844540476799,0.11345662474632263,1,0.12311931443988854,0.6309849078701963,1.0
6,2,anti,k,-0.12809185683727264,0.0,0.0,0.6221590909090909,-0.12809185683727264,0.0,0.30144980549812317,0.09476093724370002,1,0.12311931443988854,0.6309849078701963,1.0
6,2,anti,o,-0.12809185683727264,0.0,0.0,0.5918560606060606,-0.12809185683727264,0.0,0.28681581020355223,0.109428159147501,1,0.12311931443988854,0.6309849078701963,1.0
6,2,anti,pk,-0.12809185683727264,0.0,0.0,0.6221590909090909,-0.12809185683727264,0.0,0.2965452760457993,0.09969165176153183,1,0.12311931443988854,0.6309849078701963,1.0
6,2,anti,po,-0.12809185683727264,0.0,0.0,0.5918560606060606,-0.12809185683727264,0.0,0.28509047627449036,0.11118844896554947,1,0.12311931443988854,0.6309849078701963,1.0
6,2,anti,ko,-0.12809185683727264,0.0,0.0,0.5918560606060606,-0.12809185683727264,0.0,0.3001892238855362,0.09601980298757554,1,0.12311931443988854,0.6309849078701963,1.0
6,2,anti,pko,-0.12809185683727264,0.0,0.0,0.5918560606060606,-0.12809185683727264,0.0,0.2967978358268738,0.09942828938364982,1,0.12311931443988854,0.6309849078701963,1.0
6,3,controlled,none,0.34917038679122925,0.0,0.0,0.821969696969697,0.34917038679122925,0.0,0.2634725123643875,0.13275998830795288,1,0.17252206013439123,1.25,1.0
6,3,controlled,p,0.34917038679122925,0.0,0.0,0.821969696969697,0.34917038679122925,0.0,0.25293862372636794,0.14331489205360412,1,0.17252206013439123,1.25,1.0
6,3,controlled,k,0.34917038679122925,0.0,0.0,0.821969696969697,0.34917038679122925,0.0,0.28241990208625795,0.11376565396785736,1,0.17252206013439123,1.25,1.0
6,3,controlled,o,0.34917038679122925,0.0,0.0,0.8102904040404041,0.34917038679122925,0.0,0.2793752759695053,0.11685624495148658,1,0.17252206013439123,1.25,1.0
6,3,controlled,pk,0.34917038679122925,0.0,0.0,0.821969696969697,0.34917038679122925,0.0,0.27329492270946504,0.12290202528238296,1,0.17252206013439123,1.25,1.0
6,3,controlled,po,0.34917038679122925,0.0,0.0,0.8102904040404041,0.34917038679122925,0.0,0.2715314894914627,0.1247196838259697,1,0.17252206013439123,1.25,1.0
6,3,controlled,ko,0.34917038679122925,0.0,0.0,0.8102904040404041,0.34917038679122925,0.0,0.2918545573949814,0.10433320552110673,1,0.17252206013439123,1.25,1.0
6,3,controlled,pko,0.34917038679122925,0.0,0.0,0.8102904040404041,0.34917038679122925,0.0,0.2847705066204071,0.1114283986389637,1,0.17252206013439123,1.25,1.0
6,3,learned,none,0.34917038679122925,0.0,0.0,0.821969696969697,0.34917038679122925,0.0,0.2634725123643875,0.13275998830795288,1,0.17252206013439123,1.25,1.0
6,3,learned,p,0.34917038679122925,0.0,0.0,0.821969696969697,0.34917038679122925,0.0,0.26885410249233244,0.12737274020910264,1,0.17252206013439123,1.25,1.0
6,3,learned,k,0.34917038679122925,0.0,0.0,0.821969696969697,0.34917038679122925,0.0,0.3476713329553604,0.0484513234347105,1,0.17252206013439123,1.25,1.0
6,3,learned,o,0.34917038679122925,0.0,0.0,0.3639520202020202,0.34917038679122925,0.0,0.2648149341344833,0.1314590059220791,1,0.17252206013439123,1.25,1.0
6,3,learned,pk,0.34917038679122925,0.0,0.0,0.821969696969697,0.34917038679122925,0.0,0.34746392667293546,0.0486583985388279,1,0.17252206013439123,1.25,1.0
6,3,learned,po,0.34917038679122925,0.0,0.0,0.3639520202020202,0.34917038679122925,0.0,0.27374669909477234,0.12246649563312531,1,0.17252206013439123,1.25,1.0
6,3,learned,ko,0.34917038679122925,0.0,0.0,0.3639520202020202,0.34917038679122925,0.0,0.36028989851474763,0.03583240173757076,1,0.17252206013439123,1.25,1.0
6,3,learned,pko,0.34917038679122925,0.0,0.0,0.3639520202020202,0.34917038679122925,0.0,0.35887907445430756,0.03723953515291214,1,0.17252206013439123,1.25,1.0
6,3,shuffled,none,0.34917038679122925,0.0,0.0,0.821969696969697,0.34917038679122925,0.0,0.2634725123643875,0.13275998830795288,1,0.17252206013439123,1.25,1.0
6,3,shuffled,p,0.34917038679122925,0.0,0.0,0.821969696969697,0.34917038679122925,0.0,0.27284455895423887,0.1234087586402893,1,0.17252206013439123,1.25,1.0
6,3,shuffled,k,0.34917038679122925,0.0,0.0,0.821969696969697,0.34917038679122925,0.0,0.2858898311853409,0.11028517037630081,1,0.17252206013439123,1.25,1.0
6,3,shuffled,o,0.34917038679122925,0.0,0.0,0.7998737373737373,0.34917038679122925,0.0,0.28219759464263916,0.11402906849980354,1,0.17252206013439123,1.25,1.0
6,3,shuffled,pk,0.34917038679122925,0.0,0.0,0.821969696969697,0.34917038679122925,0.0,0.287070631980896,0.10911301225423813,1,0.17252206013439123,1.25,1.0
6,3,shuffled,po,0.34917038679122925,0.0,0.0,0.7998737373737373,0.34917038679122925,0.0,0.28115217983722685,0.11509565711021423,1,0.17252206013439123,1.25,1.0
6,3,shuffled,ko,0.34917038679122925,0.0,0.0,0.7998737373737373,0.34917038679122925,0.0,0.29338453710079193,0.10280048027634621,1,0.17252206013439123,1.25,1.0
6,3,shuffled,pko,0.34917038679122925,0.0,0.0,0.7998737373737373,0.34917038679122925,0.0,0.29092651307582856,0.1052705891430378,1,0.17252206013439123,1.25,1.0
6,3,anti,none,0.34917038679122925,0.0,0.0,0.821969696969697,0.34917038679122925,0.0,0.2634725123643875,0.13275998830795288,1,0.17252206013439123,1.25,1.0
6,3,anti,p,0.34917038679122925,0.0,0.0,0.821969696969697,0.34917038679122925,0.0,0.26292644739151,0.13333530128002166,1,0.17252206013439123,1.25,1.0
6,3,anti,k,0.34917038679122925,0.0,0.0,0.821969696969697,0.34917038679122925,0.0,0.2753281980752945,0.12084658965468406,1,0.17252206013439123,1.25,1.0
6,3,anti,o,0.34917038679122925,0.0,0.0,0.805239898989899,0.34917038679122925,0.0,0.272548633813858,0.12367936968803406,1,0.17252206013439123,1.25,1.0
6,3,anti,pk,0.34917038679122925,0.0,0.0,0.821969696969697,0.34917038679122925,0.0,0.27427974343299866,0.12190595492720604,1,0.17252206013439123,1.25,1.0
6,3,anti,po,0.34917038679122925,0.0,0.0,0.805239898989899,0.34917038679122925,0.0,0.27084926664829256,0.12540585920214653,1,0.17252206013439123,1.25,1.0
6,3,anti,ko,0.34917038679122925,0.0,0.0,0.805239898989899,0.34917038679122925,0.0,0.28259333670139314,0.11359296888113021,1,0.17252206013439123,1.25,1.0
6,3,anti,pko,0.34917038679122925,0.0,0.0,0.805239898989899,0.34917038679122925,0.0,0.28055923581123354,0.11564216613769532,1,0.17252206013439123,1.25,1.0
7,1,controlled,none,-0.1741342693567276,1.0,0.0,0.07891414141414141,-0.1741342693567276,1.0,0.32297003865242,0.07335416525602341,1,0.11311291323660788,0.25005896381197135,1.0
7,1,controlled,p,-0.1741342693567276,1.0,0.0,0.07891414141414141,-0.1741342693567276,1.0,0.3161532312631607,0.08019092455506324,1,0.11311291323660788,0.25005896381197135,1.0
7,1,controlled,k,-0.1741342693567276,1.0,0.0,0.07891414141414141,-0.1741342693567276,1.0,0.33267449140548705,0.06361366212368011,1,0.11311291323660788,0.25005896381197135,1.0
7,1,controlled,o,-0.1741342693567276,1.0,0.0,0.09880050505050506,-0.1741342693567276,1.0,0.3262897044420242,0.07000769898295403,1,0.11311291323660788,0.25005896381197135,1.0
7,1,controlled,pk,-0.1741342693567276,1.0,0.0,0.07891414141414141,-0.1741342693567276,1.0,0.3265885144472122,0.06971600390970707,1,0.11311291323660788,0.25005896381197135,1.0
7,1,controlled,po,-0.1741342693567276,1.0,0.0,0.09880050505050506,-0.1741342693567276,1.0,0.3211560070514679,0.07516264021396638,1,0.11311291323660788,0.25005896381197135,1.0
7,1,controlled,ko,-0.1741342693567276,1.0,0.0,0.09880050505050506,-0.1741342693567276,1.0,0.33468588888645173,0.06157959848642349,1,0.11311291323660788,0.25005896381197135,1.0
7,1,controlled,pko,-0.1741342693567276,1.0,0.0,0.09880050505050506,-0.1741342693567276,1.0,0.3300561457872391,0.06622668653726578,1,0.11311291323660788,0.25005896381197135,1.0
7,1,learned,none,-0.1741342693567276,1.0,0.0,0.07891414141414141,-0.1741342693567276,1.0,0.32297003865242,0.07335416525602341,1,0.11311291323660788,0.25005896381197135,1.0
7,1,learned,p,-0.1735325425863266,0.9992499999999999,0.0,0.07891414141414141,-0.17012275755405426,0.995,0.3038701355457306,0.09277528375387192,1,0.11311291323660788,0.25005896381197135,1.0
7,1,learned,k,-0.1741342693567276,1.0,0.0,0.07891414141414141,-0.1741342693567276,1.0,0.38533465564250946,0.010806849598884583,1,0.11311291323660788,0.25005896381197135,1.0
7,1,learned,o,-0.1741342693567276,1.0,0.0,0.12436868686868686,-0.1741342693567276,1.0,0.3385798454284668,0.05781571455299854,1,0.11311291323660788,0.25005896381197135,1.0
7,1,learned,pk,-0.1741342693567276,1.0,0.0,0.07891414141414141,-0.1741342693567276,1.0,0.3816581845283508,0.014496040996164083,1,0.11311291323660788,0.25005896381197135,1.0
7,1,learned,po,-0.17373311817646026,0.9994999999999998,0.0,0.12436868686868686,-0.1741342693567276,1.0,0.3234650492668152,0.07324436157941819,1,0.11311291323660788,0.25005896381197135,1.0
7,1,learned,ko,-0.1741342693567276,1.0,0.0,0.12436868686868686,-0.1741342693567276,1.0,0.38801223039627075,0.00813502655364573,1,0.11311291323660788,0.25005896381197135,1.0
7,1,learned,pko,-0.1741342693567276,1.0,0.0,0.12436868686868686,-0.1741342693567276,1.0,0.3853139758110046,0.010846478305757046,1,0.11311291323660788,0.25005896381197135,1.0
7,1,shuffled,none,-0.1741342693567276,1.0,0.0,0.07891414141414141,-0.1741342693567276,1.0,0.32297003865242,0.07335416525602341,1,0.11311291323660788,0.25005896381197135,1.0
7,1,shuffled,p,-0.1741342693567276,1.0,0.0,0.07891414141414141,-0.1741342693567276,1.0,0.31161720454692843,0.08473407700657845,1,0.11311291323660788,0.25005896381197135,1.0
7,1,shuffled,k,-0.1741342693567276,1.0,0.0,0.07891414141414141,-0.1741342693567276,1.0,0.33320236802101133,0.06308602802455425,1,0.11311291323660788,0.25005896381197135,1.0
7,1,shuffled,o,-0.1741342693567276,1.0,0.0,0.08491161616161616,-0.1741342693567276,1.0,0.32754493653774264,0.06877354979515075,1,0.11311291323660788,0.25005896381197135,1.0
7,1,shuffled,pk,-0.1741342693567276,1.0,0.0,0.07891414141414141,-0.1741342693567276,1.0,0.3243276387453079,0.07198152765631675,1,0.11311291323660788,0.25005896381197135,1.0
7,1,shuffled,po,-0.1741342693567276,1.0,0.0,0.08491161616161616,-0.1741342693567276,1.0,0.3178121089935303,0.07853791564702987,1,0.11311291323660788,0.25005896381197135,1.0
7,1,shuffled,ko,-0.1741342693567276,1.0,0.0,0.08491161616161616,-0.1741342693567276,1.0,0.33654669523239134,0.05973648950457573,1,0.11311291323660788,0.25005896381197135,1.0
7,1,shuffled,pko,-0.1741342693567276,1.0,0.0,0.08491161616161616,-0.1741342693567276,1.0,0.32903334498405457,0.06727361008524894,1,0.11311291323660788,0.25005896381197135,1.0
7,1,anti,none,-0.1741342693567276,1.0,0.0,0.07891414141414141,-0.1741342693567276,1.0,0.32297003865242,0.07335416525602341,1,0.11311291323660788,0.25005896381197135,1.0
7,1,anti,p,-0.1741342693567276,1.0,0.0,0.07891414141414141,-0.1741342693567276,1.0,0.3117834985256195,0.08457608446478844,1,0.11311291323660788,0.25005896381197135,1.0
7,1,anti,k,-0.1741342693567276,1.0,0.0,0.07891414141414141,-0.1741342693567276,1.0,0.3325564950704575,0.06373088099062443,1,0.11311291323660788,0.25005896381197135,1.0
7,1,anti,o,-0.1741342693567276,1.0,0.0,0.0928030303030303,-0.1741342693567276,1.0,0.32559874653816223,0.07070372253656387,1,0.11311291323660788,0.25005896381197135,1.0
7,1,anti,pk,-0.1741342693567276,1.0,0.0,0.07891414141414141,-0.1741342693567276,1.0,0.32417239546775817,0.07213930785655975,1,0.11311291323660788,0.25005896381197135,1.0
7,1,anti,po,-0.1741342693567276,1.0,0.0,0.0928030303030303,-0.1741342693567276,1.0,0.3155215919017792,0.08081672489643096,1,0.11311291323660788,0.25005896381197135,1.0
7,1,anti,ko,-0.1741342693567276,1.0,0.0,0.0928030303030303,-0.1741342693567276,1.0,0.33451580107212064,0.06175234764814377,1,0.11311291323660788,0.25005896381197135,1.0
7,1,anti,pko,-0.1741342693567276,1.0,0.0,0.0928030303030303,-0.1741342693567276,1.0,0.32698396742343905,0.06930870451033115,1,0.11311291323660788,0.25005896381197135,1.0
7,2,controlled,none,0.03904496431350708,0.0,0.0,0.3888888888888889,0.037932008504867554,0.0,0.12762093991041185,0.2707651168107986,1,0.0014565326644340182,1.0987851303292901,1.0
7,2,controlled,p,0.04315342046320438,0.0,0.00125,0.3888888888888889,0.043236277997493744,0.0,0.13563213646411895,0.2686686009168625,1,0.0014565326644340182,1.0987851303292901,1.0
7,2,controlled,k,0.03848848640918732,0.0,0.0,0.3888888888888889,0.037932008504867554,0.0,0.15336644947528838,0.24327636361122132,1,0.0014565326644340182,1.0987851303292901,1.0
7,2,controlled,o,0.03931017816066742,0.0,0.00025,0.3768939393939394,0.043236277997493744,0.0,0.13125211894512176,0.26768331229686737,1,0.0014565326644340182,1.0987851303292901,1.0
7,2,controlled,pk,0.03848848640918732,0.0,0.0,0.3888888888888889,0.037932008504867554,0.0,0.15744218230247498,0.24004116654396057,1,0.0014565326644340182,1.0987851303292901,1.0
7,2,controlled,po,0.04092750921845436,0.0,0.00125,0.3768939393939394,0.043236277997493744,0.0,0.13699458837509154,0.2637065052986145,1,0.0014565326644340182,1.0987851303292901,1.0
7,2,controlled,ko,0.03848848640918732,0.0,0.0,0.3768939393939394,0.037932008504867554,0.0,0.1572481319308281,0.24009652882814408,1,0.0014565326644340182,1.0987851303292901,1.0
7,2,controlled,pko,0.03848848640918732,0.0,0.0,0.3768939393939394,0.037932008504867554,0.0,0.16132337749004363,0.23663429468870162,1,0.0014565326644340182,1.0987851303292901,1.0
7,2,learned,none,0.03904496431350708,0.0,0.0,0.3888888888888889,0.037932008504867554,0.0,0.12762093991041185,0.2707651168107986,1,0.0014565326644340182,1.0987851303292901,1.0
7,2,learned,p,0.03848848640918732,0.0,0.0,0.3888888888888889,0.037932008504867554,0.0,0.11540623754262924,0.2824833750724792,1,0.0014565326644340182,1.0987851303292901,1.0
7,2,learned,k,0.037932008504867554,0.0,0.0,0.3888888888888889,0.037932008504867554,0.0,0.2974159210920334,0.09883124902844428,1,0.0014565326644340182,1.0987851303292901,1.0
7,2,learned,o,0.03904496431350708,0.0,0.0,0.26988636363636365,0.037932008504867554,0.0,0.12592609077692032,0.2739437252283096,1,0.0014565326644340182,1.0987851303292901,1.0
7,2,learned,pk,0.037932008504867554,0.0,0.0,0.3888888888888889,0.037932008504867554,0.0,0.2933738738298416,0.10285685881972313,1,0.0014565326644340182,1.0987851303292901,1.0
7,2,learned,po,0.03957539051771164,0.0,0.0005,0.26988636363636365,0.037932008504867554,0.0,0.10702896490693092,0.2931643664836884,1,0.0014565326644340182,1.0987851303292901,1.0
7,2,learned,ko,0.037932008504867554,0.0,0.0,0.26988636363636365,0.037932008504867554,0.0,0.3198646277189255,0.07635914757847787,1,0.0014565326644340182,1.0987851303292901,1.0
7,2,learned,pko,0.037932008504867554,0.0,0.0,0.26988636363636365,0.037932008504867554,0.0,0.3065353333950043,0.08968983143568039,1,0.0014565326644340182,1.0987851303292901,1.0
7,2,shuffled,none,0.03904496431350708,0.0,0.0,0.3888888888888889,0.037932008504867554,0.0,0.12762093991041185,0.2707651168107986,1,0.0014565326644340182,1.0987851303292901,1.0
7,2,shuffled,p,0.040662295371294024,0.0,0.001,0.3888888888888889,0.037932008504867554,0.0,0.11543937250971795,0.28505922555923463,1,0.0014565326644340182,1.0987851303292901,1.0
7,2,shuffled,k,0.03848848640918732,0.0,0.0,0.3888888888888889,0.037932008504867554,0.0,0.15587746500968933,0.2410739317536354,1,0.0014565326644340182,1.0987851303292901,1.0
7,2,shuffled,o,0.03904496431350708,0.0,0.0,0.37184343434343436,0.037932008504867554,0.0,0.1304496258497238,0.26823068261146543,1,0.0014565326644340182,1.0987851303292901,1.0
7,2,shuffled,pk,0.03848848640918732,0.0,0.0,0.3888888888888889,0.037932008504867554,0.0,0.14135318696498872,0.25619347393512726,1,0.0014565326644340182,1.0987851303292901,1.0
7,2,shuffled,po,0.040662295371294024,0.0,0.001,0.37184343434343436,0.037932008504867554,0.0,0.11796760335564613,0.2819499671459198,1,0.0014565326644340182,1.0987851303292901,1.0
7,2,shuffled,ko,0.03848848640918732,0.0,0.0,0.37184343434343436,0.037932008504867554,0.0,0.15796210169792174,0.23937346339225768,1,0.0014565326644340182,1.0987851303292901,1.0
7,2,shuffled,pko,0.03848848640918732,0.0,0.0,0.37184343434343436,0.037932008504867554,0.0,0.14385280460119249,0.25397867411375047,1,0.0014565326644340182,1.0987851303292901,1.0
7,2,anti,none,0.03904496431350708,0.0,0.0,0.3888888888888889,0.037932008504867554,0.0,0.12762093991041185,0.2707651168107986,1,0.0014565326644340182,1.0987851303292901,1.0
7,2,anti,p,0.03904496431350708,0.0,0.0,0.3888888888888889,0.037932008504867554,0.0,0.09984486401081086,0.2987819105386734,1,0.0014565326644340182,1.0987851303292901,1.0
7,2,anti,k,0.03848848640918732,0.0,0.0,0.3888888888888889,0.037932008504867554,0.0,0.1774376466870308,0.22019101232290267,1,0.0014565326644340182,1.0987851303292901,1.0
7,2,anti,o,0.03957539051771164,0.0,0.0005,0.4346590909090909,0.037932008504867554,0.0,0.1350894972681999,0.26390557289123534,1,0.0014565326644340182,1.0987851303292901,1.0
7,2,anti,pk,0.03904496431350708,0.0,0.0,0.3888888888888889,0.037932008504867554,0.0,0.1426740512251854,0.25510823130607607,1,0.0014565326644340182,1.0987851303292901,1.0
7,2,anti,po,0.03957539051771164,0.0,0.0005,0.4346590909090909,0.037932008504867554,0.0,0.11463894993066788,0.28464591801166533,1,0.0014565326644340182,1.0987851303292901,1.0
7,2,anti,ko,0.03904496431350708,0.0,0.0,0.4346590909090909,0.037932008504867554,0.0,0.17404208481311798,0.22402606159448624,1,0.0014565326644340182,1.0987851303292901,1.0
7,2,anti,pko,0.03904496431350708,0.0,0.0,0.4346590909090909,0.037932008504867554,0.0,0.1505509227514267,0.24770364463329314,1,0.0014565326644340182,1.0987851303292901,1.0
7,3,controlled,none,-1.2406712889671325,0.9945,0.0007500000000000001,0.45738636363636365,-1.2325221300125122,0.99,0.23953939825296403,0.1658577874302864,1,1.546487414947836,0.514177509542681,1.0
7,3,controlled,p,-1.2335291147232055,0.99025,0.00125,0.45738636363636365,-1.2238651514053345,0.985,0.2312256306409836,0.18213533908128737,1,1.546487414947836,0.514177509542681,1.0
7,3,controlled,k,-1.2445668935775758,0.99675,0.0007500000000000001,0.45738636363636365,-1.24117910861969,0.995,0.2541629895567894,0.14526695460081102,1,1.546487414947836,0.514177509542681,1.0
7,3,controlled,o,-1.2397891998291015,0.9939999999999999,0.00125,0.4779040404040404,-1.2325221300125122,0.99,0.23967945873737334,0.16725101619958876,1,1.546487414947836,0.514177509542681,1.0
7,3,controlled,pk,-1.2441340446472169,0.9964999999999999,0.0007500000000000001,0.45738636363636365,-1.2325221300125122,0.99,0.24489661306142807,0.15678147226572037,1,1.546487414947836,0.514177509542681,1.0
7,3,controlled,po,-1.23179771900177,0.98925,0.00125,0.4779040404040404,-1.2238651514053345,0.985,0.23247940987348556,0.18331323862075805,1,1.546487414947836,0.514177509542681,1.0
7,3,controlled,ko,-1.2436847925186156,0.99625,0.00125,0.4779040404040404,-1.24117910861969,0.995,0.25313135236501694,0.14685630351305007,1,1.546487414947836,0.514177509542681,1.0
7,3,controlled,pko,-1.2432519435882567,0.996,0.00125,0.4779040404040404,-1.2325221300125122,0.99,0.24478551298379897,0.15773360729217528,1,1.546487414947836,0.514177509542681,1.0
7,3,learned,none,-1.2406712889671325,0.9945,0.0007500000000000001,0.45738636363636365,-1.2325221300125122,0.99,0.23953939825296403,0.1658577874302864,1,1.546487414947836,0.514177509542681,1.0
7,3,learned,p,-1.2367756485939025,0.99225,0.0007500000000000001,0.45738636363636365,-1.2238651514053345,0.985,0.253957961499691,0.15838056430220604,1,1.546487414947836,0.514177509542681,1.0
7,3,learned,k,-1.25,1.0,0.0,0.45738636363636365,-1.25,1.0,0.38012892603874204,0.016070105228573085,1,1.546487414947836,0.514177509542681,1.0
7,3,learned,o,-1.216701865196228,0.98025,0.0034999999999999996,0.21654040404040403,-1.2063872814178467,0.975,0.2536788389086723,0.18539483845233917,1,1.546487414947836,0.514177509542681,1.0
7,3,learned,pk,-1.25,1.0,0.0,0.45738636363636365,-1.25,1.0,0.38008234202861785,0.016121701709926127,1,1.546487414947836,0.514177509542681,1.0
7,3,learned,po,-1.1328758597373962,0.93125,0.007250000000000001,0.21654040404040403,-1.1546096801757812,0.945,0.30575214624404906,0.2266053229570389,1,1.546487414947836,0.514177509542681,1.0
7,3,learned,ko,-1.25,1.0,0.0,0.21654040404040403,-1.25,1.0,0.38159113824367524,0.01464587040245533,1,1.546487414947836,0.514177509542681,1.0
7,3,learned,pko,-1.25,1.0,0.0,0.21654040404040403,-1.25,1.0,0.38477891087532046,0.01149781821295619,1,1.546487414947836,0.514177509542681,1.0
7,3,shuffled,none,-1.2406712889671325,0.9945,0.0007500000000000001,0.45738636363636365,-1.2325221300125122,0.99,0.23953939825296403,0.1658577874302864,1,1.546487414947836,0.514177509542681,1.0
7,3,shuffled,p,-1.237008273601532,0.9922500000000001,0.0007500000000000001,0.45738636363636365,-1.2238651514053345,0.985,0.21796579509973527,0.18982053250074388,1,1.546487414947836,0.514177509542681,1.0
7,3,shuffled,k,-1.2441340446472169,0.9964999999999999,0.0007500000000000001,0.45738636363636365,-1.2325221300125122,0.99,0.2613098010420799,0.13964581936597825,1,1.546487414947836,0.514177509542681,1.0
7,3,shuffled,o,-1.2450079441070556,0.9969999999999999,0.0005,0.4659090909090909,-1.25,1.0,0.2356414258480072,0.16442583948373796,1,1.546487414947836,0.514177509542681,1.0
7,3,shuffled,pk,-1.2432683467864991,0.996,0.0007500000000000001,0.45738636363636365,-1.2325221300125122,0.99,0.24047829061746598,0.16158460974693298,1,1.546487414947836,0.514177509542681,1.0
7,3,shuffled,po,-1.2439338207244872,0.99625,0.0007500000000000001,0.4659090909090909,-1.24117910861969,0.995,0.22174155861139297,0.17936300337314606,1,1.546487414947836,0.514177509542681,1.0
7,3,shuffled,ko,-1.2466300845146179,0.9980000000000001,0.0005,0.4659090909090909,-1.25,1.0,0.2527593240141869,0.14563327580690383,1,1.546487414947836,0.514177509542681,1.0
7,3,shuffled,pko,-1.2466300845146179,0.9980000000000001,0.0005,0.4659090909090909,-1.25,1.0,0.23980724960565566,0.15911583304405214,1,1.546487414947836,0.514177509542681,1.0
7,3,anti,none,-1.2406712889671325,0.9945,0.0007500000000000001,0.45738636363636365,-1.2325221300125122,0.99,0.23953939825296403,0.1658577874302864,1,1.546487414947836,0.514177509542681,1.0
7,3,anti,p,-1.2402384400367736,0.99425,0.0007500000000000001,0.45738636363636365,-1.2238651514053345,0.985,0.22442228198051453,0.18148307651281356,1,1.546487414947836,0.514177509542681,1.0
7,3,anti,k,-1.2432683467864991,0.996,0.0007500000000000001,0.45738636363636365,-1.2325221300125122,0.99,0.25721737295389174,0.14525298848748208,1,1.546487414947836,0.514177509542681,1.0
7,3,anti,o,-1.2450079441070556,0.9969999999999999,0.0005,0.45265151515151514,-1.25,1.0,0.23504574298858644,0.1650152862071991,1,1.546487414947836,0.514177509542681,1.0
7,3,anti,pk,-1.2432683467864991,0.996,0.0007500000000000001,0.45738636363636365,-1.2325221300125122,0.99,0.24479786604642867,0.15799908041954042,1,1.546487414947836,0.514177509542681,1.0
7,3,anti,po,-1.2450079441070556,0.9969999999999999,0.0005,0.45265151515151514,-1.25,1.0,0.22076172083616258,0.17947590947151185,1,1.546487414947836,0.514177509542681,1.0
7,3,anti,ko,-1.2466300845146179,0.9980000000000001,0.0005,0.45265151515151514,-1.25,1.0,0.2525378793478012,0.14638885706663132,1,1.546487414947836,0.514177509542681,1.0
7,3,anti,pko,-1.2466300845146179,0.9980000000000001,0.0005,0.45265151515151514,-1.25,1.0,0.24099545627832414,0.1580505833029747,1,1.546487414947836,0.514177509542681,1.0
8,1,controlled,none,-0.1155281811952591,0.0,0.0,0.7496843434343434,-0.1155281811952591,0.0,0.2856559842824936,0.11065311953425408,1,0.008113456981931503,0.732239081509811,1.0
8,1,controlled,p,-0.1155281811952591,0.0,0.0,0.7496843434343434,-0.1155281811952591,0.0,0.283551299571991,0.11276746466755867,1,0.008113456981931503,0.732239081509811,1.0
8,1,controlled,k,-0.1155281811952591,0.0,0.0,0.7496843434343434,-0.1155281811952591,0.0,0.2941535621881485,0.10212090983986855,1,0.008113456981931503,0.732239081509811,1.0
8,1,controlled,o,-0.1155281811952591,0.0,0.0,0.7313762626262627,-0.1155281811952591,0.0,0.28523120284080505,0.11107696369290351,1,0.008113456981931503,0.732239081509811,1.0
8,1,controlled,pk,-0.1155281811952591,0.0,0.0,0.7496843434343434,-0.1155281811952591,0.0,0.2915180534124374,0.10476436540484428,1,0.008113456981931503,0.732239081509811,1.0
8,1,controlled,po,-0.1155281811952591,0.0,0.0,0.7313762626262627,-0.1155281811952591,0.0,0.2832348465919495,0.11308310925960541,1,0.008113456981931503,0.732239081509811,1.0
8,1,controlled,ko,-0.1155281811952591,0.0,0.0,0.7313762626262627,-0.1155281811952591,0.0,0.29352550506591796,0.10274829715490341,1,0.008113456981931503,0.732239081509811,1.0
8,1,controlled,pko,-0.1155281811952591,0.0,0.0,0.7313762626262627,-0.1155281811952591,0.0,0.290999099612236,0.10528277456760407,1,0.008113456981931503,0.732239081509811,1.0
8,1,learned,none,-0.1155281811952591,0.0,0.0,0.7496843434343434,-0.1155281811952591,0.0,0.2856559842824936,0.11065311953425408,1,0.008113456981931503,0.732239081509811,1.0
8,1,learned,p,-0.1155281811952591,0.0,0.0,0.7496843434343434,-0.1155281811952591,0.0,0.28619817197322844,0.11013806909322739,1,0.008113456981931503,0.732239081509811,1.0
8,1,learned,k,-0.1155281811952591,0.0,0.0,0.7496843434343434,-0.1155281811952591,0.0,0.3449677526950836,0.051208116486668585,1,0.008113456981931503,0.732239081509811,1.0
8,1,learned,o,-0.1155281811952591,0.0,0.0,0.46654040404040403,-0.1155281811952591,0.0,0.28821835219860076,0.10807215794920921,1,0.008113456981931503,0.732239081509811,1.0
8,1,learned,pk,-0.1155281811952591,0.0,0.0,0.7496843434343434,-0.1155281811952591,0.0,0.34579041302204133,0.05039418637752533,1,0.008113456981931503,0.732239081509811,1.0
8,1,learned,po,-0.1155281811952591,0.0,0.0,0.46654040404040403,-0.1155281811952591,0.0,0.2920833647251129,0.10424981266260147,1,0.008113456981931503,0.732239081509811,1.0
8,1,learned,ko,-0.1155281811952591,0.0,0.0,0.46654040404040403,-0.1155281811952591,0.0,0.3557650834321976,0.04039716869592667,1,0.008113456981931503,0.732239081509811,1.0
8,1,learned,pko,-0.1155281811952591,0.0,0.0,0.46654040404040403,-0.1155281811952591,0.0,0.3576544463634491,0.038517214357852936,1,0.008113456981931503,0.732239081509811,1.0
8,1,shuffled,none,-0.1155281811952591,0.0,0.0,0.7496843434343434,-0.1155281811952591,0.0,0.2856559842824936,0.11065311953425408,1,0.008113456981931503,0.732239081509811,1.0
8,1,shuffled,p,-0.1155281811952591,0.0,0.0,0.7496843434343434,-0.1155281811952591,0.0,0.28036741316318514,0.11596035212278366,1,0.008113456981931503,0.732239081509811,1.0
8,1,shuffled,k,-0.1155281811952591,0.0,0.0,0.7496843434343434,-0.1155281811952591,0.0,0.2933939307928085,0.1028709091246128,1,0.008113456981931503,0.732239081509811,1.0
8,1,shuffled,o,-0.1155281811952591,0.0,0.0,0.7417929292929293,-0.1155281811952591,0.0,0.2864190340042114,0.10988369733095169,1,0.008113456981931503,0.732239081509811,1.0
8,1,shuffled,pk,-0.1155281811952591,0.0,0.0,0.7496843434343434,-0.1155281811952591,0.0,0.2884081482887268,0.10786987394094467,1,0.008113456981931503,0.732239081509811,1.0
8,1,shuffled,po,-0.1155281811952591,0.0,0.0,0.7417929292929293,-0.1155281811952591,0.0,0.2810803323984146,0.11524086147546768,1,0.008113456981931503,0.732239081509811,1.0
8,1,shuffled,ko,-0.1155281811952591,0.0,0.0,0.7417929292929293,-0.1155281811952591,0.0,0.293971461057663,0.10229206010699272,1,0.008113456981931503,0.732239081509811,1.0
8,1,shuffled,pko,-0.1155281811952591,0.0,0.0,0.7417929292929293,-0.1155281811952591,0.0,0.28899592757225034,0.10728102624416351,1,0.008113456981931503,0.732239081509811,1.0
8,1,anti,none,-0.1155281811952591,0.0,0.0,0.7496843434343434,-0.1155281811952591,0.0,0.2856559842824936,0.11065311953425408,1,0.008113456981931503,0.732239081509811,1.0
8,1,anti,p,-0.1155281811952591,0.0,0.0,0.7496843434343434,-0.1155281811952591,0.0,0.2811483293771744,0.11522190198302269,1,0.008113456981931503,0.732239081509811,1.0
8,1,anti,k,-0.1155281811952591,0.0,0.0,0.7496843434343434,-0.1155281811952591,0.0,0.2931737333536148,0.10308694392442704,1,0.008113456981931503,0.732239081509811,1.0
8,1,anti,o,-0.1155281811952591,0.0,0.0,0.740530303030303,-0.1155281811952591,0.0,0.28487756550312043,0.11141359433531761,1,0.008113456981931503,0.732239081509811,1.0
8,1,anti,pk,-0.1155281811952591,0.0,0.0,0.7496843434343434,-0.1155281811952591,0.0,0.28875877857208254,0.10754221379756927,1,0.008113456981931503,0.732239081509811,1.0
8,1,anti,po,-0.1155281811952591,0.0,0.0,0.740530303030303,-0.1155281811952591,0.0,0.2801124840974808,0.11621563285589218,1,0.008113456981931503,0.732239081509811,1.0
8,1,anti,ko,-0.1155281811952591,0.0,0.0,0.740530303030303,-0.1155281811952591,0.0,0.2923516869544983,0.10390030518174172,1,0.008113456981931503,0.732239081509811,1.0
8,1,anti,pko,-0.1155281811952591,0.0,0.0,0.740530303030303,-0.1155281811952591,0.0,0.2877506524324417,0.10852674022316933,1,0.008113456981931503,0.732239081509811,1.0
8,2,controlled,none,0.09540073573589325,0.0,0.0,0.6966540404040404,0.09540073573589325,0.0,0.18243585377931595,0.2138128399848938,1,1.5297940742046143,0.8126165700838257,1.0
8,2,controlled,p,0.09540073573589325,0.0,0.0,0.6966540404040404,0.09540073573589325,0.0,0.17833174914121627,0.2179684728384018,1,1.5297940742046143,0.8126165700838257,1.0
8,2,controlled,k,0.09540073573589325,0.0,0.0,0.6966540404040404,0.09540073573589325,0.0,0.20784637480974197,0.18834510147571565,1,1.5297940742046143,0.8126165700838257,1.0
8,2,controlled,o,0.09540073573589325,0.0,0.0,0.6691919191919192,0.09540073573589325,0.0,0.17476805299520493,0.22148012816905976,1,1.5297940742046143,0.8126165700838257,1.0
8,2,controlled,pk,0.09540073573589325,0.0,0.0,0.6966540404040404,0.09540073573589325,0.0,0.20047885030508042,0.1957384392619133,1,1.5297940742046143,0.8126165700838257,1.0
8,2,controlled,po,0.09540073573589325,0.0,0.0,0.6691919191919192,0.09540073573589325,0.0,0.17348116636276245,0.2228050485253334,1,1.5297940742046143,0.8126165700838257,1.0
8,2,controlled,ko,0.09540073573589325,0.0,0.0,0.6691919191919192,0.09540073573589325,0.0,0.1919257715344429,0.2042712613940239,1,1.5297940742046143,0.8126165700838257,1.0
8,2,controlled,pko,0.09540073573589325,0.0,0.0,0.6691919191919192,0.09540073573589325,0.0,0.18841018229722978,0.20780774652957917,1,1.5297940742046143,0.8126165700838257,1.0
8,2,learned,none,0.09540073573589325,0.0,0.0,0.6966540404040404,0.09540073573589325,0.0,0.18243585377931595,0.2138128399848938,1,1.5297940742046143,0.8126165700838257,1.0
8,2,learned,p,0.09540073573589325,0.0,0.0,0.6966540404040404,0.09540073573589325,0.0,0.17985584437847138,0.2163582980632782,1,1.5297940742046143,0.8126165700838257,1.0
8,2,learned,k,0.09540073573589325,0.0,0.0,0.6966540404040404,0.09540073573589325,0.0,0.3417589753866196,0.0543634232133627,1,1.5297940742046143,0.8126165700838257,1.0
8,2,learned,o,0.09540073573589325,0.0,0.0,0.2881944444444444,0.09540073573589325,0.0,0.18061875104904174,0.2155899778008461,1,1.5297940742046143,0.8126165700838257,1.0
8,2,learned,pk,0.09540073573589325,0.0,0.0,0.6966540404040404,0.09540073573589325,0.0,0.33851129114627837,0.05760991834104061,1,1.5297940742046143,0.8126165700838257,1.0
8,2,learned,po,0.09540073573589325,0.0,0.0,0.2881944444444444,0.09540073573589325,0.0,0.17511622607707977,0.2210569605231285,1,1.5297940742046143,0.8126165700838257,1.0
8,2,learned,ko,0.09540073573589325,0.0,0.0,0.2881944444444444,0.09540073573589325,0.0,0.3411548942327499,0.05496571473777294,1,1.5297940742046143,0.8126165700838257,1.0
8,2,learned,pko,0.09540073573589325,0.0,0.0,0.2881944444444444,0.09540073573589325,0.0,0.3324815183877945,0.06363687366247177,1,1.5297940742046143,0.8126165700838257,1.0
8,2,shuffled,none,0.09540073573589325,0.0,0.0,0.6966540404040404,0.09540073573589325,0.0,0.18243585377931595,0.2138128399848938,1,1.5297940742046143,0.8126165700838257,1.0
8,2,shuffled,p,0.09540073573589325,0.0,0.0,0.6966540404040404,0.09540073573589325,0.0,0.1717463180422783,0.2245086759328842,1,1.5297940742046143,0.8126165700838257,1.0
8,2,shuffled,k,0.09540073573589325,0.0,0.0,0.6966540404040404,0.09540073573589325,0.0,0.2071748271584511,0.18902110904455185,1,1.5297940742046143,0.8126165700838257,1.0
8,2,shuffled,o,0.09540073573589325,0.0,0.0,0.6893939393939394,0.09540073573589325,0.0,0.18161472976207732,0.21466922909021377,1,1.5297940742046143,0.8126165700838257,1.0
8,2,shuffled,pk,0.09540073573589325,0.0,0.0,0.6966540404040404,0.09540073573589325,0.0,0.19457726627588273,0.20162179321050644,1,1.5297940742046143,0.8126165700838257,1.0
8,2,shuffled,po,0.09540073573589325,0.0,0.0,0.6893939393939394,0.09540073573589325,0.0,0.17276059985160827,0.22353203743696212,1,1.5297940742046143,0.8126165700838257,1.0
8,2,shuffled,ko,0.09540073573589325,0.0,0.0,0.6893939393939394,0.09540073573589325,0.0,0.20337870121002197,0.19284288436174393,1,1.5297940742046143,0.8126165700838257,1.0
8,2,shuffled,pko,0.09540073573589325,0.0,0.0,0.6893939393939394,0.09540073573589325,0.0,0.19277137219905854,0.2034549817442894,1,1.5297940742046143,0.8126165700838257,1.0
8,2,anti,none,0.09540073573589325,0.0,0.0,0.6966540404040404,0.09540073573589325,0.0,0.18243585377931595,0.2138128399848938,1,1.5297940742046143,0.8126165700838257,1.0
8,2,anti,p,0.09540073573589325,0.0,0.0,0.6966540404040404,0.09540073573589325,0.0,0.17529404908418655,0.2209750860929489,1,1.5297940742046143,0.8126165700838257,1.0
8,2,anti,k,0.09540073573589325,0.0,0.0,0.6966540404040404,0.09540073573589325,0.0,0.20379714369773866,0.19240482598543168,1,1.5297940742046143,0.8126165700838257,1.0
8,2,anti,o,0.09540073573589325,0.0,0.0,0.6859217171717171,0.09540073573589325,0.0,0.18070370554924012,0.2155719667673111,1,1.5297940742046143,0.8126165700838257,1.0
8,2,anti,pk,0.09540073573589325,0.0,0.0,0.6966540404040404,0.09540073573589325,0.0,0.19622908681631088,0.19998588562011718,1,1.5297940742046143,0.8126165700838257,1.0
8,2,anti,po,0.09540073573589325,0.0,0.0,0.6859217171717171,0.09540073573589325,0.0,0.17358274459838868,0.22271892428398132,1,1.5297940742046143,0.8126165700838257,1.0
8,2,anti,ko,0.09540073573589325,0.0,0.0,0.6859217171717171,0.09540073573589325,0.0,0.2001248598098755,0.1960982322692871,1,1.5297940742046143,0.8126165700838257,1.0
8,2,anti,pko,0.09540073573589325,0.0,0.0,0.6859217171717171,0.09540073573589325,0.0,0.19255323112010955,0.20368685573339462,1,1.5297940742046143,0.8126165700838257,1.0
8,3,controlled,none,0.38900139927864075,0.0,0.0,0.9359217171717171,0.38900139927864075,0.0,0.10411794036626816,0.2920785129070282,1,0.0993891403189821,1.25,1.0
8,3,controlled,p,0.38900139927864075,0.0,0.0,0.9359217171717171,0.38900139927864075,0.0,0.11647935733199119,0.27972249686717987,1,0.0993891403189821,1.25,1.0
8,3,controlled,k,0.38900139927864075,0.0,0.0,0.9359217171717171,0.38900139927864075,0.0,0.14089364260435105,0.2552603453397751,1,0.0993891403189821,1.25,1.0
8,3,controlled,o,0.38900139927864075,0.0,0.0,0.9176136363636364,0.38900139927864075,0.0,0.08635588213801385,0.3098426580429077,1,0.0993891403189821,1.25,1.0
8,3,controlled,pk,0.38900139927864075,0.0,0.0,0.9359217171717171,0.38900139927864075,0.0,0.14319087266921998,0.252963986992836,1,0.0993891403189821,1.25,1.0
8,3,controlled,po,0.38900139927864075,0.0,0.0,0.9176136363636364,0.38900139927864075,0.0,0.08427614644169808,0.311928291618824,1,0.0993891403189821,1.25,1.0
8,3,controlled,ko,0.38900139927864075,0.0,0.0,0.9176136363636364,0.38900139927864075,0.0,0.12185141295194626,0.2743098095059395,1,0.0993891403189821,1.25,1.0
8,3,controlled,pko,0.38900139927864075,0.0,0.0,0.9176136363636364,0.38900139927864075,0.0,0.11738467514514923,0.278778550028801,1,0.0993891403189821,1.25,1.0
8,3,learned,none,0.38900139927864075,0.0,0.0,0.9359217171717171,0.38900139927864075,0.0,0.10411794036626816,0.2920785129070282,1,0.0993891403189821,1.25,1.0
8,3,learned,p,0.38900139927864075,0.0,0.0,0.9359217171717171,0.38900139927864075,0.0,0.10718321874737739,0.28903613388538363,1,0.0993891403189821,1.25,1.0
8,3,learned,k,0.38900139927864075,0.0,0.0,0.9359217171717171,0.38900139927864075,0.0,0.3417150616645813,0.0544018816202879,1,0.0993891403189821,1.25,1.0
8,3,learned,o,0.38900139927864075,0.0,0.0,0.22032828282828282,0.38900139927864075,0.0,0.06876567602157593,0.32744458317756653,1,0.0993891403189821,1.25,1.0
8,3,learned,pk,0.38900139927864075,0.0,0.0,0.9359217171717171,0.38900139927864075,0.0,0.3432291090488434,0.052889658510684966,1,0.0993891403189821,1.25,1.0
8,3,learned,po,0.38900139927864075,0.0,0.0,0.22032828282828282,0.38900139927864075,0.0,0.07050289250910283,0.3256306886672974,1,0.0993891403189821,1.25,1.0
8,3,learned,ko,0.38900139927864075,0.0,0.0,0.22032828282828282,0.38900139927864075,0.0,0.3702344000339508,0.025882768910378218,1,0.0993891403189821,1.25,1.0
8,3,learned,pko,0.38900139927864075,0.0,0.0,0.22032828282828282,0.38900139927864075,0.0,0.36801053285598756,0.02810352314263582,1,0.0993891403189821,1.25,1.0
8,3,shuffled,none,0.38900139927864075,0.0,0.0,0.9359217171717171,0.38900139927864075,0.0,0.10411794036626816,0.2920785129070282,1,0.0993891403189821,1.25,1.0
8,3,shuffled,p,0.38900139927864075,0.0,0.0,0.9359217171717171,0.38900139927864075,0.0,0.09747142642736435,0.29873825907707213,1,0.0993891403189821,1.25,1.0
8,3,shuffled,k,0.38900139927864075,0.0,0.0,0.9359217171717171,0.38900139927864075,0.0,0.16103120446205138,0.23511581122875214,1,0.0993891403189821,1.25,1.0
8,3,shuffled,o,0.38900139927864075,0.0,0.0,0.9226641414141414,0.38900139927864075,0.0,0.08163358867168427,0.3145616382360458,1,0.0993891403189821,1.25,1.0
8,3,shuffled,pk,0.38900139927864075,0.0,0.0,0.9359217171717171,0.38900139927864075,0.0,0.13624678254127504,0.2599030092358589,1,0.0993891403189821,1.25,1.0
8,3,shuffled,po,0.38900139927864075,0.0,0.0,0.9226641414141414,0.38900139927864075,0.0,0.059145765751600264,0.337064853310585,1,0.0993891403189821,1.25,1.0
8,3,shuffled,ko,0.38900139927864075,0.0,0.0,0.9226641414141414,0.38900139927864075,0.0,0.1283272236585617,0.2678299263119698,1,0.0993891403189821,1.25,1.0
8,3,shuffled,pko,0.38900139927864075,0.0,0.0,0.9226641414141414,0.38900139927864075,0.0,0.10369352400302886,0.29247004687786105,1,0.0993891403189821,1.25,1.0
8,3,anti,none,0.38900139927864075,0.0,0.0,0.9359217171717171,0.38900139927864075,0.0,0.10411794036626816,0.2920785129070282,1,0.0993891403189821,1.25,1.0
8,3,anti,p,0.38900139927864075,0.0,0.0,0.9359217171717171,0.38900139927864075,0.0,0.054123448207974434,0.3421032279729843,1,0.0993891403189821,1.25,1.0
8,3,anti,k,0.38900139927864075,0.0,0.0,0.9359217171717171,0.38900139927864075,0.0,0.1640370875597,0.23210455775260924,1,0.0993891403189821,1.25,1.0
8,3,anti,o,0.38900139927864075,0.0,0.0,0.9289772727272727,0.38900139927864075,0.0,0.08452945053577424,0.3116654396057129,1,0.0993891403189821,1.25,1.0
8,3,anti,pk,0.38900139927864075,0.0,0.0,0.9359217171717171,0.38900139927864075,0.0,0.12466692849993706,0.27148203253746034,1,0.0993891403189821,1.25,1.0
8,3,anti,po,0.38900139927864075,0.0,0.0,0.9289772727272727,0.38900139927864075,0.0,0.0652749054133892,0.3309583306312561,1,0.0993891403189821,1.25,1.0
8,3,anti,ko,0.38900139927864075,0.0,0.0,0.9289772727272727,0.38900139927864075,0.0,0.1338009849190712,0.26235166788101194,1,0.0993891403189821,1.25,1.0
8,3,anti,pko,0.38900139927864075,0.0,0.0,0.9289772727272727,0.38900139927864075,0.0,0.11193765997886658,0.28422907292842864,1,0.0993891403189821,1.25,1.0
9,1,controlled,none,0.49395811557769775,0.0,0.0,0.35637626262626265,0.49395811557769775,0.0,0.18407092988491058,0.21203338503837585,1,1.06094137136991,0.5251181650623171,1.0
9,1,controlled,p,0.49395811557769775,0.0,0.0,0.35637626262626265,0.49395811557769775,0.0,0.16517041772603988,0.23093247711658477,1,1.06094137136991,0.5251181650623171,1.0
9,1,controlled,k,0.49395811557769775,0.0,0.0,0.35637626262626265,0.49395811557769775,0.0,0.2128812253475189,0.18322277218103408,1,1.06094137136991,0.5251181650623171,1.0
9,1,controlled,o,0.49395811557769775,0.0,0.0,0.3784722222222222,0.49395811557769775,0.0,0.17794818580150604,0.21815595477819444,1,1.06094137136991,0.5251181650623171,1.0
9,1,controlled,pk,0.49395811557769775,0.0,0.0,0.35637626262626265,0.49395811557769775,0.0,0.19489294439554214,0.2012101113796234,1,1.06094137136991,0.5251181650623171,1.0
9,1,controlled,po,0.49395811557769775,0.0,0.0,0.3784722222222222,0.49395811557769775,0.0,0.16102515012025834,0.2350777119398117,1,1.06094137136991,0.5251181650623171,1.0
9,1,controlled,ko,0.49395811557769775,0.0,0.0,0.3784722222222222,0.49395811557769775,0.0,0.2050434723496437,0.19106036871671678,1,1.06094137136991,0.5251181650623171,1.0
9,1,controlled,pko,0.49395811557769775,0.0,0.0,0.3784722222222222,0.49395811557769775,0.0,0.18909013420343398,0.20701289027929307,1,1.06094137136991,0.5251181650623171,1.0
9,1,learned,none,0.49395811557769775,0.0,0.0,0.35637626262626265,0.49395811557769775,0.0,0.18407092988491058,0.21203338503837585,1,1.06094137136991,0.5251181650623171,1.0
9,1,learned,p,0.49395811557769775,0.0,0.0,0.35637626262626265,0.49395811557769775,0.0,0.16647832691669465,0.22962870597839355,1,1.06094137136991,0.5251181650623171,1.0
9,1,learned,k,0.49395811557769775,0.0,0.0,0.35637626262626265,0.49395811557769775,0.0,0.34762977957725527,0.048478803038597106,1,1.06094137136991,0.5251181650623171,1.0
9,1,learned,o,0.49395811557769775,0.0,0.0,0.18686868686868688,0.49395811557769775,0.0,0.17063731849193572,0.22546782046556474,1,1.06094137136991,0.5251181650623171,1.0
9,1,learned,pk,0.49395811557769775,0.0,0.0,0.35637626262626265,0.49395811557769775,0.0,0.34076992273330686,0.05533838383853436,1,1.06094137136991,0.5251181650623171,1.0
9,1,learned,po,0.49395811557769775,0.0,0.0,0.18686868686868688,0.49395811557769775,0.0,0.15933467745780944,0.23677680194377898,1,1.06094137136991,0.5251181650623171,1.0
9,1,learned,ko,0.49395811557769775,0.0,0.0,0.18686868686868688,0.49395811557769775,0.0,0.34440639317035676,0.051702603697776794,1,1.06094137136991,0.5251181650623171,1.0
9,1,learned,pko,0.49395811557769775,0.0,0.0,0.18686868686868688,0.49395811557769775,0.0,0.3390627861022949,0.05704687684774399,1,1.06094137136991,0.5251181650623171,1.0
9,1,shuffled,none,0.49395811557769775,0.0,0.0,0.35637626262626265,0.49395811557769775,0.0,0.18407092988491058,0.21203338503837585,1,1.06094137136991,0.5251181650623171,1.0
9,1,shuffled,p,0.49395811557769775,0.0,0.0,0.35637626262626265,0.49395811557769775,0.0,0.16794430166482927,0.22815833985805511,1,1.06094137136991,0.5251181650623171,1.0
9,1,shuffled,k,0.49395811557769775,0.0,0.0,0.35637626262626265,0.49395811557769775,0.0,0.21163101643323898,0.18447302654385567,1,1.06094137136991,0.5251181650623171,1.0
9,1,shuffled,o,0.49395811557769775,0.0,0.0,0.36174242424242425,0.49395811557769775,0.0,0.1806932955980301,0.2154107078909874,1,1.06094137136991,0.5251181650623171,1.0
9,1,shuffled,pk,0.49395811557769775,0.0,0.0,0.35637626262626265,0.49395811557769775,0.0,0.19659777730703354,0.19950511157512665,1,1.06094137136991,0.5251181650623171,1.0
9,1,shuffled,po,0.49395811557769775,0.0,0.0,0.36174242424242425,0.49395811557769775,0.0,0.16551521569490432,0.2305871680378914,1,1.06094137136991,0.5251181650623171,1.0
9,1,shuffled,ko,0.49395811557769775,0.0,0.0,0.36174242424242425,0.49395811557769775,0.0,0.2070764884352684,0.1890272691845894,1,1.06094137136991,0.5251181650623171,1.0
9,1,shuffled,pko,0.49395811557769775,0.0,0.0,0.36174242424242425,0.49395811557769775,0.0,0.1929318755865097,0.2031707800924778,1,1.06094137136991,0.5251181650623171,1.0
9,1,anti,none,0.49395811557769775,0.0,0.0,0.35637626262626265,0.49395811557769775,0.0,0.18407092988491058,0.21203338503837585,1,1.06094137136991,0.5251181650623171,1.0
9,1,anti,p,0.49395811557769775,0.0,0.0,0.35637626262626265,0.49395811557769775,0.0,0.17154074162244798,0.22456726729869841,1,1.06094137136991,0.5251181650623171,1.0
9,1,anti,k,0.49395811557769775,0.0,0.0,0.35637626262626265,0.49395811557769775,0.0,0.20275200754404069,0.1933515951037407,1,1.06094137136991,0.5251181650623171,1.0
9,1,anti,o,0.49395811557769775,0.0,0.0,0.3721590909090909,0.49395811557769775,0.0,0.18576326221227646,0.21034079939126968,1,1.06094137136991,0.5251181650623171,1.0
9,1,anti,pk,0.49395811557769775,0.0,0.0,0.35637626262626265,0.49395811557769775,0.0,0.19261543601751327,0.20348912626504898,1,1.06094137136991,0.5251181650623171,1.0
9,1,anti,po,0.49395811557769775,0.0,0.0,0.3721590909090909,0.49395811557769775,0.0,0.17197275459766387,0.22413500696420668,1,1.06094137136991,0.5251181650623171,1.0
9,1,anti,ko,0.49395811557769775,0.0,0.0,0.3721590909090909,0.49395811557769775,0.0,0.20473551005125046,0.19136786162853242,1,1.06094137136991,0.5251181650623171,1.0
9,1,anti,pko,0.49395811557769775,0.0,0.0,0.3721590909090909,0.49395811557769775,0.0,0.19342137575149537,0.2026829779148102,1,1.06094137136991,0.5251181650623171,1.0
9,2,controlled,none,0.24832485616207123,0.0,0.0,0.1369949494949495,0.24832485616207123,0.0,0.2586138218641281,0.1375418558716774,1,-0.06868192227759226,0.5519426868651288,1.0
9,2,controlled,p,0.24832485616207123,0.0,0.0,0.1369949494949495,0.24832485616207123,0.0,0.24934544265270234,0.1468141034245491,1,-0.06868192227759226,0.5519426868651288,1.0
9,2,controlled,k,0.24832485616207123,0.0,0.0,0.1369949494949495,0.24832485616207123,0.0,0.276039382815361,0.12010442689061165,1,-0.06868192227759226,0.5519426868651288,1.0
9,2,controlled,o,0.24832485616207123,0.0,0.0,0.15088383838383837,0.24832485616207123,0.0,0.262891611456871,0.13326609283685684,1,-0.06868192227759226,0.5519426868651288,1.0
9,2,controlled,pk,0.24832485616207123,0.0,0.0,0.1369949494949495,0.24832485616207123,0.0,0.266092012822628,0.1300541080534458,1,-0.06868192227759226,0.5519426868651288,1.0
9,2,controlled,po,0.24832485616207123,0.0,0.0,0.15088383838383837,0.24832485616207123,0.0,0.25351065397262573,0.14265057295560837,1,-0.06868192227759226,0.5519426868651288,1.0
9,2,controlled,ko,0.24832485616207123,0.0,0.0,0.15088383838383837,0.24832485616207123,0.0,0.2788235366344452,0.11732311844825745,1,-0.06868192227759226,0.5519426868651288,1.0
9,2,controlled,pko,0.24832485616207123,0.0,0.0,0.15088383838383837,0.24832485616207123,0.0,0.2692309558391571,0.1269179366528988,1,-0.06868192227759226,0.5519426868651288,1.0
9,2,learned,none,0.24832485616207123,0.0,0.0,0.1369949494949495,0.24832485616207123,0.0,0.2586138218641281,0.1375418558716774,1,-0.06868192227759226,0.5519426868651288,1.0
9,2,learned,p,0.24832485616207123,0.0,0.0,0.1369949494949495,0.24832485616207123,0.0,0.2576333671808243,0.1385198637843132,1,-0.06868192227759226,0.5519426868651288,1.0
9,2,learned,k,0.24832485616207123,0.0,0.0,0.1369949494949495,0.24832485616207123,0.0,0.3400204449892044,0.056101709976792334,1,-0.06868192227759226,0.5519426868651288,1.0
9,2,learned,o,0.24832485616207123,0.0,0.0,0.2077020202020202,0.24832485616207123,0.0,0.2564973413944244,0.1396630585193634,1,-0.06868192227759226,0.5519426868651288,1.0
9,2,learned,pk,0.24832485616207123,0.0,0.0,0.1369949494949495,0.24832485616207123,0.0,0.33952484726905824,0.05659634657204151,1,-0.06868192227759226,0.5519426868651288,1.0
9,2,learned,po,0.24832485616207123,0.0,0.0,0.2077020202020202,0.24832485616207123,0.0,0.26387544721364975,0.1322731763124466,1,-0.06868192227759226,0.5519426868651288,1.0
9,2,learned,ko,0.24832485616207123,0.0,0.0,0.2077020202020202,0.24832485616207123,0.0,0.3401737779378891,0.05594955123960972,1,-0.06868192227759226,0.5519426868651288,1.0
9,2,learned,pko,0.24832485616207123,0.0,0.0,0.2077020202020202,0.24832485616207123,0.0,0.3442330241203308,0.05188721790909767,1,-0.06868192227759226,0.5519426868651288,1.0
9,2,shuffled,none,0.24832485616207123,0.0,0.0,0.1369949494949495,0.24832485616207123,0.0,0.2586138218641281,0.1375418558716774,1,-0.06868192227759226,0.5519426868651288,1.0
9,2,shuffled,p,0.24832485616207123,0.0,0.0,0.1369949494949495,0.24832485616207123,0.0,0.24878692775964736,0.1473711758852005,1,-0.06868192227759226,0.5519426868651288,1.0
9,2,shuffled,k,0.24832485616207123,0.0,0.0,0.1369949494949495,0.24832485616207123,0.0,0.2744054585695267,0.12173935025930405,1,-0.06868192227759226,0.5519426868651288,1.0
9,2,shuffled,o,0.24832485616207123,0.0,0.0,0.1404671717171717,0.24832485616207123,0.0,0.25487240850925447,0.14128220230340957,1,-0.06868192227759226,0.5519426868651288,1.0
9,2,shuffled,pk,0.24832485616207123,0.0,0.0,0.1369949494949495,0.24832485616207123,0.0,0.2651496291160583,0.13099656105041504,1,-0.06868192227759226,0.5519426868651288,1.0
9,2,shuffled,po,0.24832485616207123,0.0,0.0,0.1404671717171717,0.24832485616207123,0.0,0.24574171006679535,0.1504155144095421,1,-0.06868192227759226,0.5519426868651288,1.0
9,2,shuffled,ko,0.24832485616207123,0.0,0.0,0.1404671717171717,0.24832485616207123,0.0,0.27015086114406583,0.125993549823761,1,-0.06868192227759226,0.5519426868651288,1.0
9,2,shuffled,pko,0.24832485616207123,0.0,0.0,0.1404671717171717,0.24832485616207123,0.0,0.2613347560167313,0.13481128513813018,1,-0.06868192227759226,0.5519426868651288,1.0
9,2,anti,none,0.24832485616207123,0.0,0.0,0.1369949494949495,0.24832485616207123,0.0,0.2586138218641281,0.1375418558716774,1,-0.06868192227759226,0.5519426868651288,1.0
9,2,anti,p,0.24832485616207123,0.0,0.0,0.1369949494949495,0.24832485616207123,0.0,0.25039159655570986,0.14577073454856873,1,-0.06868192227759226,0.5519426868651288,1.0
9,2,anti,k,0.24832485616207123,0.0,0.0,0.1369949494949495,0.24832485616207123,0.0,0.2728436440229416,0.1233030878007412,1,-0.06868192227759226,0.5519426868651288,1.0
9,2,anti,o,0.24832485616207123,0.0,0.0,0.14109848484848486,0.24832485616207123,0.0,0.25573032200336454,0.1404285728931427,1,-0.06868192227759226,0.5519426868651288,1.0
9,2,anti,pk,0.24832485616207123,0.0,0.0,0.1369949494949495,0.24832485616207123,0.0,0.26577330827713014,0.13037875220179557,1,-0.06868192227759226,0.5519426868651288,1.0
9,2,anti,po,0.24832485616207123,0.0,0.0,0.14109848484848486,0.24832485616207123,0.0,0.2500253438949585,0.14613824039697648,1,-0.06868192227759226,0.5519426868651288,1.0
9,2,anti,ko,0.24832485616207123,0.0,0.0,0.14109848484848486,0.24832485616207123,0.0,0.2692215025424957,0.12692815139889718,1,-0.06868192227759226,0.5519426868651288,1.0
9,2,anti,pko,0.24832485616207123,0.0,0.0,0.14109848484848486,0.24832485616207123,0.0,0.2640868812799454,0.13206659480929375,1,-0.06868192227759226,0.5519426868651288,1.0
9,3,controlled,none,-0.28010484874248504,0.0,0.0,0.0031565656565656565,-0.27538567781448364,0.0,0.16012391149997712,0.23921413868665695,1,0.6445438230842678,0.3745935826901168,1.0
9,3,controlled,p,-0.27647470533847807,0.0,0.0,0.0031565656565656565,-0.27538567781448364,0.0,0.15134068876504897,0.2504779055714607,1,0.6445438230842678,0.3745935826901168,1.0
9,3,controlled,k,-0.28264594078063965,0.0,0.0,0.0031565656565656565,-0.28264594078063965,0.0,0.19482871741056443,0.2020156666636467,1,0.6445438230842678,0.3745935826901168,1.0
9,3,controlled,o,-0.28010484874248504,0.0,0.0,0.011994949494949494,-0.27538567781448364,0.0,0.14577236622571946,0.25346819758415223,1,0.6445438230842678,0.3745935826901168,1.0
9,3,controlled,pk,-0.28155690133571626,0.0,0.0,0.0031565656565656565,-0.27538567781448364,0.0,0.18432985693216325,0.21291026920080186,1,0.6445438230842678,0.3745935826901168,1.0
9,3,controlled,po,-0.27865279614925387,0.0,0.0,0.011994949494949494,-0.27538567781448364,0.0,0.1368606150150299,0.2646253779530525,1,0.6445438230842678,0.3745935826901168,1.0
9,3,controlled,ko,-0.28264594078063965,0.0,0.0,0.011994949494949494,-0.28264594078063965,0.0,0.17690706849098206,0.21992738544940948,1,0.6445438230842678,0.3745935826901168,1.0
9,3,controlled,pko,-0.28155690133571626,0.0,0.0,0.011994949494949494,-0.27538567781448364,0.0,0.16554076671600343,0.23166277706623079,1,0.6445438230842678,0.3745935826901168,1.0
9,3,learned,none,-0.28010484874248504,0.0,0.0,0.0031565656565656565,-0.27538567781448364,0.0,0.16012391149997712,0.23921413868665695,1,0.6445438230842678,0.3745935826901168,1.0
9,3,learned,p,-0.27647470533847807,0.0,0.0,0.0031565656565656565,-0.27538567781448364,0.0,0.1624012604355812,0.23868456482887268,1,0.6445438230842678,0.3745935826901168,1.0
9,3,learned,k,-0.28264594078063965,0.0,0.0,0.0031565656565656565,-0.28264594078063965,0.0,0.3241229861974716,0.07203257046639919,1,0.6445438230842678,0.3745935826901168,1.0
9,3,learned,o,-0.2793788224458694,0.0,0.0,0.14678030303030304,-0.27538567781448364,0.0,0.12404593601822853,0.2761090636253357,1,0.6445438230842678,0.3745935826901168,1.0
9,3,learned,pk,-0.28264594078063965,0.0,0.0,0.0031565656565656565,-0.28264594078063965,0.0,0.3235857903957367,0.07257884256541729,1,0.6445438230842678,0.3745935826901168,1.0
9,3,learned,po,-0.28083087503910065,0.0,0.0,0.14678030303030304,-0.27538567781448364,0.0,0.10633963271975518,0.29302609860897066,1,0.6445438230842678,0.3745935826901168,1.0
9,3,learned,ko,-0.28264594078063965,0.0,0.0,0.14678030303030304,-0.28264594078063965,0.0,0.352994304895401,0.04314347021281719,1,0.6445438230842678,0.3745935826901168,1.0
9,3,learned,pko,-0.28264594078063965,0.0,0.0,0.14678030303030304,-0.28264594078063965,0.0,0.34702436029911043,0.04911212120205164,1,0.6445438230842678,0.3745935826901168,1.0
9,3,shuffled,none,-0.28010484874248504,0.0,0.0,0.0031565656565656565,-0.27538567781448364,0.0,0.16012391149997712,0.23921413868665695,1,0.6445438230842678,0.3745935826901168,1.0
9,3,shuffled,p,-0.27647470533847807,0.0,0.0,0.0031565656565656565,-0.27538567781448364,0.0,0.1321031019091606,0.26986476480960847,1,0.6445438230842678,0.3745935826901168,1.0
9,3,shuffled,k,-0.28264594078063965,0.0,0.0,0.0031565656565656565,-0.28264594078063965,0.0,0.21688351184129714,0.1800317220389843,1,0.6445438230842678,0.3745935826901168,1.0
9,3,shuffled,o,-0.2793788224458694,0.0,0.0,0.018308080808080808,-0.27538567781448364,0.0,0.13866332918405533,0.2612664744257927,1,0.6445438230842678,0.3745935826901168,1.0
9,3,shuffled,pk,-0.28155690133571626,0.0,0.0,0.0031565656565656565,-0.27538567781448364,0.0,0.18166901916265488,0.21571723818778993,1,0.6445438230842678,0.3745935826901168,1.0
9,3,shuffled,po,-0.2757486790418625,0.0,0.0,0.018308080808080808,-0.27538567781448364,0.0,0.12000839710235596,0.28378652930259707,1,0.6445438230842678,0.3745935826901168,1.0
9,3,shuffled,ko,-0.28264594078063965,0.0,0.0,0.018308080808080808,-0.28264594078063965,0.0,0.1824091389775276,0.2145732469856739,1,0.6445438230842678,0.3745935826901168,1.0
9,3,shuffled,pko,-0.28155690133571626,0.0,0.0,0.018308080808080808,-0.27538567781448364,0.0,0.16008789837360382,0.2374907538294792,1,0.6445438230842678,0.3745935826901168,1.0
9,3,anti,none,-0.28010484874248504,0.0,0.0,0.0031565656565656565,-0.27538567781448364,0.0,0.16012391149997712,0.23921413868665695,1,0.6445438230842678,0.3745935826901168,1.0
9,3,anti,p,-0.27865279614925387,0.0,0.0,0.0031565656565656565,-0.27538567781448364,0.0,0.15435825139284134,0.2460697814822197,1,0.6445438230842678,0.3745935826901168,1.0
9,3,anti,k,-0.28191991448402404,0.0,0.0,0.0031565656565656565,-0.28264594078063965,0.0,0.24385771304368972,0.153204957395792,1,0.6445438230842678,0.3745935826901168,1.0
9,3,anti,o,-0.28083087503910065,0.0,0.0,0.015782828282828284,-0.27538567781448364,0.0,0.13908615261316298,0.259829705953598,1,0.6445438230842678,0.3745935826901168,1.0
9,3,anti,pk,-0.28155690133571626,0.0,0.0,0.0031565656565656565,-0.27538567781448364,0.0,0.2275933265686035,0.16971911787986754,1,0.6445438230842678,0.3745935826901168,1.0
9,3,anti,po,-0.28083087503910065,0.0,0.0,0.015782828282828284,-0.27538567781448364,0.0,0.1300244502723217,0.2699401006102562,1,0.6445438230842678,0.3745935826901168,1.0
9,3,anti,ko,-0.28191991448402404,0.0,0.0,0.015782828282828284,-0.28264594078063965,0.0,0.18133646100759507,0.21572159677743913,1,0.6445438230842678,0.3745935826901168,1.0
9,3,anti,pko,-0.28191991448402404,0.0,0.0,0.015782828282828284,-0.28264594078063965,0.0,0.16577123999595642,0.2315678596496582,1,0.6445438230842678,0.3745935826901168,1.0
10,1,controlled,none,-0.5003427386283874,0.0,0.0,0.0928030303030303,-0.5047468543052673,0.0,0.24454375356435776,0.15707106590270997,1,0.0713572631984695,0.5711274779424663,1.0
10,1,controlled,p,-0.49777367413043977,0.0,0.0,0.0928030303030303,-0.4974066913127899,0.0,0.23738702684640883,0.16687387973070145,1,0.0713572631984695,0.5711274779424663,1.0
10,1,controlled,k,-0.5040128350257873,0.0,0.0,0.0928030303030303,-0.5047468543052673,0.0,0.2710971817374229,0.12741437628865243,1,0.0713572631984695,0.5711274779424663,1.0
10,1,controlled,o,-0.5025447964668274,0.0,0.0,0.09722222222222222,-0.5047468543052673,0.0,0.2644398957490921,0.13474380522966384,1,0.0713572631984695,0.5711274779424663,1.0
10,1,controlled,pk,-0.5025447964668274,0.0,0.0,0.0928030303030303,-0.5047468543052673,0.0,0.26258792728185654,0.13689084351062775,1,0.0713572631984695,0.5711274779424663,1.0
10,1,controlled,po,-0.5003427386283874,0.0,0.0,0.09722222222222222,-0.5047468543052673,0.0,0.24778833538293837,0.15357042402029036,1,0.0713572631984695,0.5711274779424663,1.0
10,1,controlled,ko,-0.5047468543052673,0.0,0.0,0.09722222222222222,-0.5047468543052673,0.0,0.2903670459985733,0.10695736482739449,1,0.0713572631984695,0.5711274779424663,1.0
10,1,controlled,pko,-0.5047468543052673,0.0,0.0,0.09722222222222222,-0.5047468543052673,0.0,0.2750495195388794,0.12296199053525925,1,0.0713572631984695,0.5711274779424663,1.0
10,1,learned,none,-0.5003427386283874,0.0,0.0,0.0928030303030303,-0.5047468543052673,0.0,0.24454375356435776,0.15707106590270997,1,0.0713572631984695,0.5711274779424663,1.0
10,1,learned,p,-0.4992130875587463,0.0,0.0,0.0928030303030303,-0.5047468543052673,0.0,0.23567940294742584,0.16781631410121917,1,0.0713572631984695,0.5711274779424663,1.0
10,1,learned,k,-0.5047468543052673,0.0,0.0,0.0928030303030303,-0.5047468543052673,0.0,0.3312370955944061,0.06519846096634865,1,0.0713572631984695,0.5711274779424663,1.0
10,1,learned,o,-0.49811205863952634,0.0,0.0,0.19160353535353536,-0.4974066913127899,0.0,0.2020915299654007,0.2010598063468933,1,0.0713572631984695,0.5711274779424663,1.0
10,1,learned,pk,-0.5047468543052673,0.0,0.0,0.0928030303030303,-0.5047468543052673,0.0,0.3266722172498703,0.06981083415448666,1,0.0713572631984695,0.5711274779424663,1.0
10,1,learned,po,-0.4937079519033432,0.0,0.0,0.19160353535353536,-0.4974066913127899,0.0,0.2013275370001793,0.2058168575167656,1,0.0713572631984695,0.5711274779424663,1.0
10,1,learned,ko,-0.5047468543052673,0.0,0.0,0.19160353535353536,-0.5047468543052673,0.0,0.3217756897211075,0.07462148293852806,1,0.0713572631984695,0.5711274779424663,1.0
10,1,learned,pko,-0.5047468543052673,0.0,0.0,0.19160353535353536,-0.5047468543052673,0.0,0.31983745098114014,0.07662239968776703,1,0.0713572631984695,0.5711274779424663,1.0
10,1,shuffled,none,-0.5003427386283874,0.0,0.0,0.0928030303030303,-0.5047468543052673,0.0,0.24454375356435776,0.15707106590270997,1,0.0713572631984695,0.5711274779424663,1.0
10,1,shuffled,p,-0.4985076904296875,0.0,0.0,0.0928030303030303,-0.4974066913127899,0.0,0.23758380711078644,0.16566228866577148,1,0.0713572631984695,0.5711274779424663,1.0
10,1,shuffled,k,-0.5032788157463074,0.0,0.0,0.0928030303030303,-0.5047468543052673,0.0,0.27528657019138336,0.12373661324381828,1,0.0713572631984695,0.5711274779424663,1.0
10,1,shuffled,o,-0.5032788157463074,0.0,0.0,0.08301767676767677,-0.5047468543052673,0.0,0.252225361764431,0.1465161368250847,1,0.0713572631984695,0.5711274779424663,1.0
10,1,shuffled,pk,-0.5010767579078674,0.0,0.0,0.0928030303030303,-0.5047468543052673,0.0,0.26624455600976943,0.1335419312119484,1,0.0713572631984695,0.5711274779424663,1.0
10,1,shuffled,po,-0.5018107771873475,0.0,0.0,0.08301767676767677,-0.5047468543052673,0.0,0.24336745589971542,0.15631692558526994,1,0.0713572631984695,0.5711274779424663,1.0
10,1,shuffled,ko,-0.5047468543052673,0.0,0.0,0.08301767676767677,-0.5047468543052673,0.0,0.27979238629341124,0.11774801909923553,1,0.0713572631984695,0.5711274779424663,1.0
10,1,shuffled,pko,-0.5040128350257873,0.0,0.0,0.08301767676767677,-0.5047468543052673,0.0,0.2705639064311981,0.1274229034781456,1,0.0713572631984695,0.5711274779424663,1.0
10,1,anti,none,-0.5003427386283874,0.0,0.0,0.0928030303030303,-0.5047468543052673,0.0,0.24454375356435776,0.15707106590270997,1,0.0713572631984695,0.5711274779424663,1.0
10,1,anti,p,-0.4985076904296875,0.0,0.0,0.0928030303030303,-0.4974066913127899,0.0,0.23251727670431138,0.17044247984886168,1,0.0713572631984695,0.5711274779424663,1.0
10,1,anti,k,-0.5025447964668274,0.0,0.0,0.0928030303030303,-0.5047468543052673,0.0,0.2733112037181854,0.12591753676533698,1,0.0713572631984695,0.5711274779424663,1.0
10,1,anti,o,-0.5003427386283874,0.0,0.0,0.08712121212121213,-0.5047468543052673,0.0,0.23408567160367966,0.1673612877726555,1,0.0713572631984695,0.5711274779424663,1.0
10,1,anti,pk,-0.5010767579078674,0.0,0.0,0.0928030303030303,-0.5047468543052673,0.0,0.26175526082515715,0.1381601132452488,1,0.0713572631984695,0.5711274779424663,1.0
10,1,anti,po,-0.49884607791900637,0.0,0.0,0.08712121212121213,-0.4974066913127899,0.0,0.22212818562984465,0.1806608811020851,1,0.0713572631984695,0.5711274779424663,1.0
10,1,anti,ko,-0.5032788157463074,0.0,0.0,0.08712121212121213,-0.5047468543052673,0.0,0.2614029675722122,0.13775528594851494,1,0.0713572631984695,0.5711274779424663,1.0
10,1,anti,pko,-0.5018107771873475,0.0,0.0,0.08712121212121213,-0.5047468543052673,0.0,0.24980619549751282,0.150040203332901,1,0.0713572631984695,0.5711274779424663,1.0
10,2,controlled,none,0.6922860741615295,0.0,0.0,0.8923611111111112,0.6922860741615295,0.0,0.09447796419262885,0.30167011022567747,1,1.1619969813493958,1.25,1.0
10,2,controlled,p,0.6922860741615295,0.0,0.0,0.8923611111111112,0.6922860741615295,0.0,0.08840591311454774,0.30774690955877304,1,1.1619969813493958,1.25,1.0
10,2,controlled,k,0.6922860741615295,0.0,0.0,0.8923611111111112,0.6922860741615295,0.0,0.12377060130238533,0.27236046344041825,1,1.1619969813493958,1.25,1.0
10,2,controlled,o,0.6922860741615295,0.0,0.0,0.8690025252525253,0.6922860741615295,0.0,0.07730963453650475,0.31883587390184404,1,1.1619969813493958,1.25,1.0
10,2,controlled,pk,0.6922860741615295,0.0,0.0,0.8923611111111112,0.6922860741615295,0.0,0.11495710089802742,0.281175984442234,1,1.1619969813493958,1.25,1.0
10,2,controlled,po,0.6922860741615295,0.0,0.0,0.8690025252525253,0.6922860741615295,0.0,0.069699227809906,0.32645134776830675,1,1.1619969813493958,1.25,1.0
10,2,controlled,ko,0.6922860741615295,0.0,0.0,0.8690025252525253,0.6922860741615295,0.0,0.11218246668577195,0.2839483588933945,1,1.1619969813493958,1.25,1.0
10,2,controlled,pko,0.6922860741615295,0.0,0.0,0.8690025252525253,0.6922860741615295,0.0,0.10191066339612007,0.2942226409912109,1,1.1619969813493958,1.25,1.0
10,2,learned,none,0.6922860741615295,0.0,0.0,0.8923611111111112,0.6922860741615295,0.0,0.09447796419262885,0.30167011022567747,1,1.1619969813493958,1.25,1.0
10,2,learned,p,0.6922860741615295,0.0,0.0,0.8923611111111112,0.6922860741615295,0.0,0.09311364591121674,0.3030164554715157,1,1.1619969813493958,1.25,1.0
10,2,learned,k,0.6922860741615295,0.0,0.0,0.8923611111111112,0.6922860741615295,0.0,0.2896678149700165,0.10644565597176552,1,1.1619969813493958,1.25,1.0
10,2,learned,o,0.6922860741615295,0.0,0.0,0.24526515151515152,0.6922860741615295,0.0,0.11872205808758736,0.2774156391620636,1,1.1619969813493958,1.25,1.0
10,2,learned,pk,0.6922860741615295,0.0,0.0,0.8923611111111112,0.6922860741615295,0.0,0.29436439275741577,0.10174649879336357,1,1.1619969813493958,1.25,1.0
10,2,learned,po,0.6922860741615295,0.0,0.0,0.24526515151515152,0.6922860741615295,0.0,0.11482622101902962,0.2812807247042656,1,1.1619969813493958,1.25,1.0
10,2,learned,ko,0.6922860741615295,0.0,0.0,0.24526515151515152,0.6922860741615295,0.0,0.359444460272789,0.036668635345995425,1,1.1619969813493958,1.25,1.0
10,2,learned,pko,0.6922860741615295,0.0,0.0,0.24526515151515152,0.6922860741615295,0.0,0.3618442744016647,0.03426539432257414,1,1.1619969813493958,1.25,1.0
10,2,shuffled,none,0.6922860741615295,0.0,0.0,0.8923611111111112,0.6922860741615295,0.0,0.09447796419262885,0.30167011022567747,1,1.1619969813493958,1.25,1.0
10,2,shuffled,p,0.6922860741615295,0.0,0.0,0.8923611111111112,0.6922860741615295,0.0,0.08022363930940628,0.31595810055732726,1,1.1619969813493958,1.25,1.0
10,2,shuffled,k,0.6922860741615295,0.0,0.0,0.8923611111111112,0.6922860741615295,0.0,0.15776968896389007,0.23835312128067015,1,1.1619969813493958,1.25,1.0
10,2,shuffled,o,0.6922860741615295,0.0,0.0,0.8756313131313131,0.6922860741615295,0.0,0.09566347748041153,0.30048232823610305,1,1.1619969813493958,1.25,1.0
10,2,shuffled,pk,0.6922860741615295,0.0,0.0,0.8923611111111112,0.6922860741615295,0.0,0.12577308788895608,0.27035541385412215,1,1.1619969813493958,1.25,1.0
10,2,shuffled,po,0.6922860741615295,0.0,0.0,0.8756313131313131,0.6922860741615295,0.0,0.08591828122735023,0.3102600634098053,1,1.1619969813493958,1.25,1.0
10,2,shuffled,ko,0.6922860741615295,0.0,0.0,0.8756313131313131,0.6922860741615295,0.0,0.12338138818740844,0.27274956107139586,1,1.1619969813493958,1.25,1.0
10,2,shuffled,pko,0.6922860741615295,0.0,0.0,0.8756313131313131,0.6922860741615295,0.0,0.1134041965007782,0.2827348172664642,1,1.1619969813493958,1.25,1.0
10,2,anti,none,0.6922860741615295,0.0,0.0,0.8923611111111112,0.6922860741615295,0.0,0.09447796419262885,0.30167011022567747,1,1.1619969813493958,1.25,1.0
10,2,anti,p,0.6922860741615295,0.0,0.0,0.8923611111111112,0.6922860741615295,0.0,0.088485586643219,0.3076805680990219,1,1.1619969813493958,1.25,1.0
10,2,anti,k,0.6922860741615295,0.0,0.0,0.8923611111111112,0.6922860741615295,0.0,0.12940390408039093,0.2667241275310516,1,1.1619969813493958,1.25,1.0
10,2,anti,o,0.6922860741615295,0.0,0.0,0.853219696969697,0.6922860741615295,0.0,0.09873775020241737,0.29740464091300967,1,1.1619969813493958,1.25,1.0
10,2,anti,pk,0.6922860741615295,0.0,0.0,0.8923611111111112,0.6922860741615295,0.0,0.11606955975294113,0.28006383776664734,1,1.1619969813493958,1.25,1.0
10,2,anti,po,0.6922860741615295,0.0,0.0,0.853219696969697,0.6922860741615295,0.0,0.0954915314912796,0.3006641611456871,1,1.1619969813493958,1.25,1.0
10,2,anti,ko,0.6922860741615295,0.0,0.0,0.853219696969697,0.6922860741615295,0.0,0.11913239881396294,0.2769983738660812,1,1.1619969813493958,1.25,1.0
10,2,anti,pko,0.6922860741615295,0.0,0.0,0.853219696969697,0.6922860741615295,0.0,0.11461159959435463,0.2815234407782555,1,1.1619969813493958,1.25,1.0
10,3,controlled,none,0.4015042185783386,0.0,0.0,0.026515151515151516,0.4015042185783386,0.0,0.21458986550569534,0.18158373683691026,1,0.5601760996788518,0.41930723920381596,1.0
10,3,controlled,p,0.4015042185783386,0.0,0.0,0.026515151515151516,0.4015042185783386,0.0,0.2032472625374794,0.19293560683727265,1,0.5601760996788518,0.41930723920381596,1.0
10,3,controlled,k,0.4015042185783386,0.0,0.0,0.026515151515151516,0.4015042185783386,0.0,0.24471445828676225,0.1514391705393791,1,0.5601760996788518,0.41930723920381596,1.0
10,3,controlled,o,0.4015042185783386,0.0,0.0,0.03188131313131313,0.4015042185783386,0.0,0.21294067949056625,0.18323581665754318,1,0.5601760996788518,0.41930723920381596,1.0
10,3,controlled,pk,0.4015042185783386,0.0,0.0,0.026515151515151516,0.4015042185783386,0.0,0.22952315658330918,0.166635649651289,1,0.5601760996788518,0.41930723920381596,1.0
10,3,controlled,po,0.4015042185783386,0.0,0.0,0.03188131313131313,0.4015042185783386,0.0,0.20266439914703369,0.1935202419757843,1,0.5601760996788518,0.41930723920381596,1.0
10,3,controlled,ko,0.4015042185783386,0.0,0.0,0.03188131313131313,0.4015042185783386,0.0,0.23933281898498535,0.15682867541909218,1,0.5601760996788518,0.41930723920381596,1.0
10,3,controlled,pko,0.4015042185783386,0.0,0.0,0.03188131313131313,0.4015042185783386,0.0,0.22745963782072068,0.16870751231908798,1,0.5601760996788518,0.41930723920381596,1.0
10,3,learned,none,0.4015042185783386,0.0,0.0,0.026515151515151516,0.4015042185783386,0.0,0.21458986550569534,0.18158373683691026,1,0.5601760996788518,0.41930723920381596,1.0
10,3,learned,p,0.4015042185783386,0.0,0.0,0.026515151515151516,0.4015042185783386,0.0,0.20396941155195236,0.19219113141298294,1,0.5601760996788518,0.41930723920381596,1.0
10,3,learned,k,0.4015042185783386,0.0,0.0,0.026515151515151516,0.4015042185783386,0.0,0.332357719540596,0.06376534290611743,1,0.5601760996788518,0.41930723920381596,1.0
10,3,learned,o,0.4015042185783386,0.0,0.0,0.12878787878787878,0.4015042185783386,0.0,0.23026582300662995,0.16590118706226348,1,0.5601760996788518,0.41930723920381596,1.0
10,3,learned,pk,0.4015042185783386,0.0,0.0,0.026515151515151516,0.4015042185783386,0.0,0.3294675201177597,0.06665208712220191,1,0.5601760996788518,0.41930723920381596,1.0
10,3,learned,po,0.4015042185783386,0.0,0.0,0.12878787878787878,0.4015042185783386,0.0,0.22949208915233613,0.1666627809405327,1,0.5601760996788518,0.41930723920381596,1.0
10,3,learned,ko,0.4015042185783386,0.0,0.0,0.12878787878787878,0.4015042185783386,0.0,0.34570335745811465,0.05041952542960644,1,0.5601760996788518,0.41930723920381596,1.0
10,3,learned,pko,0.4015042185783386,0.0,0.0,0.12878787878787878,0.4015042185783386,0.0,0.3455264508724213,0.050593432411551474,1,0.5601760996788518,0.41930723920381596,1.0
10,3,shuffled,none,0.4015042185783386,0.0,0.0,0.026515151515151516,0.4015042185783386,0.0,0.21458986550569534,0.18158373683691026,1,0.5601760996788518,0.41930723920381596,1.0
10,3,shuffled,p,0.4015042185783386,0.0,0.0,0.026515151515151516,0.4015042185783386,0.0,0.21314143836498262,0.18303926289081573,1,0.5601760996788518,0.41930723920381596,1.0
10,3,shuffled,k,0.4015042185783386,0.0,0.0,0.026515151515151516,0.4015042185783386,0.0,0.2333965092897415,0.16276397928595543,1,0.5601760996788518,0.41930723920381596,1.0
10,3,shuffled,o,0.4015042185783386,0.0,0.0,0.03345959595959596,0.4015042185783386,0.0,0.22012193650007247,0.1760532721877098,1,0.5601760996788518,0.41930723920381596,1.0
10,3,shuffled,pk,0.4015042185783386,0.0,0.0,0.026515151515151516,0.4015042185783386,0.0,0.23292148113250732,0.16324401199817656,1,0.5601760996788518,0.41930723920381596,1.0
10,3,shuffled,po,0.4015042185783386,0.0,0.0,0.03345959595959596,0.4015042185783386,0.0,0.21748186498880387,0.17869974225759505,1,0.5601760996788518,0.41930723920381596,1.0
10,3,shuffled,ko,0.4015042185783386,0.0,0.0,0.03345959595959596,0.4015042185783386,0.0,0.24029505401849746,0.15586656630039214,1,0.5601760996788518,0.41930723920381596,1.0
10,3,shuffled,pko,0.4015042185783386,0.0,0.0,0.03345959595959596,0.4015042185783386,0.0,0.2387717306613922,0.15739426016807556,1,0.5601760996788518,0.41930723920381596,1.0
10,3,anti,none,0.4015042185783386,0.0,0.0,0.026515151515151516,0.4015042185783386,0.0,0.21458986550569534,0.18158373683691026,1,0.5601760996788518,0.41930723920381596,1.0
10,3,anti,p,0.4015042185783386,0.0,0.0,0.026515151515151516,0.4015042185783386,0.0,0.20214033126831055,0.1940389782190323,1,0.5601760996788518,0.41930723920381596,1.0
10,3,anti,k,0.4015042185783386,0.0,0.0,0.026515151515151516,0.4015042185783386,0.0,0.23603975623846055,0.16012137979269028,1,0.5601760996788518,0.41930723920381596,1.0
10,3,anti,o,0.4015042185783386,0.0,0.0,0.027777777777777776,0.4015042185783386,0.0,0.22264858931303025,0.17352388948202133,1,0.5601760996788518,0.41930723920381596,1.0
10,3,anti,pk,0.4015042185783386,0.0,0.0,0.026515151515151516,0.4015042185783386,0.0,0.22894764989614486,0.167217518389225,1,0.5601760996788518,0.41930723920381596,1.0
10,3,anti,po,0.4015042185783386,0.0,0.0,0.027777777777777776,0.4015042185783386,0.0,0.21543991416692734,0.18073846846818925,1,0.5601760996788518,0.41930723920381596,1.0
10,3,anti,ko,0.4015042185783386,0.0,0.0,0.027777777777777776,0.4015042185783386,0.0,0.2435392215847969,0.15262143462896346,1,0.5601760996788518,0.41930723920381596,1.0
10,3,anti,pko,0.4015042185783386,0.0,0.0,0.027777777777777776,0.4015042185783386,0.0,0.23886146694421767,0.15730349123477935,1,0.5601760996788518,0.41930723920381596,1.0
11,1,controlled,none,-0.22932833880186082,0.9997499999999999,0.0,0.14804292929292928,-0.2295413613319397,1.0,0.16458626389503478,0.23184227347373962,1,0.17600349578979277,0.40555905932413033,1.0
11,1,controlled,p,-0.22932833880186082,0.9997499999999999,0.0,0.14804292929292928,-0.2295413613319397,1.0,0.15226224362850188,0.24422289431095123,1,0.17600349578979277,0.40555905932413033,1.0
11,1,controlled,k,-0.22932833880186082,0.9997499999999999,0.0,0.14804292929292928,-0.2295413613319397,1.0,0.19488944262266159,0.20147212743759155,1,0.17600349578979277,0.40555905932413033,1.0
11,1,controlled,o,-0.22932833880186082,0.9997499999999999,0.0,0.15214646464646464,-0.2295413613319397,1.0,0.16460863947868348,0.23184801638126373,1,0.17600349578979277,0.40555905932413033,1.0
11,1,controlled,pk,-0.22932833880186082,0.9997499999999999,0.0,0.14804292929292928,-0.2295413613319397,1.0,0.18199656158685684,0.2144058793783188,1,0.17600349578979277,0.40555905932413033,1.0
11,1,controlled,po,-0.22932833880186082,0.9997499999999999,0.0,0.15214646464646464,-0.2295413613319397,1.0,0.15138454586267472,0.24512578994035722,1,0.17600349578979277,0.40555905932413033,1.0
11,1,controlled,ko,-0.22932833880186082,0.9997499999999999,0.0,0.15214646464646464,-0.2295413613319397,1.0,0.1965731203556061,0.19981204122304916,1,0.17600349578979277,0.40555905932413033,1.0
11,1,controlled,pko,-0.22932833880186082,0.9997499999999999,0.0,0.15214646464646464,-0.2295413613319397,1.0,0.18168742060661316,0.21473697125911712,1,0.17600349578979277,0.40555905932413033,1.0
11,1,learned,none,-0.22932833880186082,0.9997499999999999,0.0,0.14804292929292928,-0.2295413613319397,1.0,0.16458626389503478,0.23184227347373962,1,0.17600349578979277,0.40555905932413033,1.0
11,1,learned,p,-0.22932833880186082,0.9997499999999999,0.0,0.14804292929292928,-0.2295413613319397,1.0,0.1564699411392212,0.24035426378250122,1,0.17600349578979277,0.40555905932413033,1.0
11,1,learned,k,-0.22932833880186082,0.9997499999999999,0.0,0.14804292929292928,-0.2295413613319397,1.0,0.31651278138160704,0.07964608147740364,1,0.17600349578979277,0.40555905932413033,1.0
11,1,learned,o,-0.22932833880186082,0.9997499999999999,0.0,0.1856060606060606,-0.2295413613319397,1.0,0.16261278092861176,0.23402327299118042,1,0.17600349578979277,0.40555905932413033,1.0
11,1,learned,pk,-0.22932833880186082,0.9997499999999999,0.0,0.14804292929292928,-0.2295413613319397,1.0,0.3133781909942627,0.08280591666698456,1,0.17600349578979277,0.40555905932413033,1.0
11,1,learned,po,-0.22932833880186082,0.9997499999999999,0.0,0.1856060606060606,-0.2295413613319397,1.0,0.17174987345933915,0.2250392258167267,1,0.17600349578979277,0.40555905932413033,1.0
11,1,learned,ko,-0.22932833880186082,0.9997499999999999,0.0,0.1856060606060606,-0.2295413613319397,1.0,0.3311595171689987,0.06501408070325851,1,0.17600349578979277,0.40555905932413033,1.0
11,1,learned,pko,-0.22932833880186082,0.9997499999999999,0.0,0.1856060606060606,-0.2295413613319397,1.0,0.32397220730781556,0.07221092171967029,1,0.17600349578979277,0.40555905932413033,1.0
11,1,shuffled,none,-0.22932833880186082,0.9997499999999999,0.0,0.14804292929292928,-0.2295413613319397,1.0,0.16458626389503478,0.23184227347373962,1,0.17600349578979277,0.40555905932413033,1.0
11,1,shuffled,p,-0.22932833880186082,0.9997499999999999,0.0,0.14804292929292928,-0.2295413613319397,1.0,0.15588750839233398,0.24064172506332399,1,0.17600349578979277,0.40555905932413033,1.0
11,1,shuffled,k,-0.22932833880186082,0.9997499999999999,0.0,0.14804292929292928,-0.2295413613319397,1.0,0.19112447500228882,0.2052296981215477,1,0.17600349578979277,0.40555905932413033,1.0
11,1,shuffled,o,-0.22932833880186082,0.9997499999999999,0.0,0.14583333333333334,-0.2295413613319397,1.0,0.16540510803461075,0.23107074052095414,1,0.17600349578979277,0.40555905932413033,1.0
11,1,shuffled,pk,-0.22932833880186082,0.9997499999999999,0.0,0.14804292929292928,-0.2295413613319397,1.0,0.18083714246749877,0.21556984782218933,1,0.17600349578979277,0.40555905932413033,1.0
11,1,shuffled,po,-0.22932833880186082,0.9997499999999999,0.0,0.14583333333333334,-0.2295413613319397,1.0,0.1551093265414238,0.24145704358816147,1,0.17600349578979277,0.40555905932413033,1.0
11,1,shuffled,ko,-0.22932833880186082,0.9997499999999999,0.0,0.14583333333333334,-0.2295413613319397,1.0,0.19389871507883072,0.20249503701925278,1,0.17600349578979277,0.40555905932413033,1.0
11,1,shuffled,pko,-0.22932833880186082,0.9997499999999999,0.0,0.14583333333333334,-0.2295413613319397,1.0,0.18193375319242477,0.21450785398483277,1,0.17600349578979277,0.40555905932413033,1.0
11,1,anti,none,-0.22932833880186082,0.9997499999999999,0.0,0.14804292929292928,-0.2295413613319397,1.0,0.16458626389503478,0.23184227347373962,1,0.17600349578979277,0.40555905932413033,1.0
11,1,anti,p,-0.22932833880186082,0.9997499999999999,0.0,0.14804292929292928,-0.2295413613319397,1.0,0.15683938562870026,0.23965255171060562,1,0.17600349578979277,0.40555905932413033,1.0
11,1,anti,k,-0.22932833880186082,0.9997499999999999,0.0,0.14804292929292928,-0.2295413613319397,1.0,0.18534521758556366,0.21100905984640123,1,0.17600349578979277,0.40555905932413033,1.0
11,1,anti,o,-0.22932833880186082,0.9997499999999999,0.0,0.15151515151515152,-0.2295413613319397,1.0,0.17209990322589874,0.224358269572258,1,0.17600349578979277,0.40555905932413033,1.0
11,1,anti,pk,-0.22932833880186082,0.9997499999999999,0.0,0.14804292929292928,-0.2295413613319397,1.0,0.17723471969366072,0.21916592866182327,1,0.17600349578979277,0.40555905932413033,1.0
11,1,anti,po,-0.22932833880186082,0.9997499999999999,0.0,0.15151515151515152,-0.2295413613319397,1.0,0.16439664959907532,0.23212542980909348,1,0.17600349578979277,0.40555905932413033,1.0
11,1,anti,ko,-0.22932833880186082,0.9997499999999999,0.0,0.15151515151515152,-0.2295413613319397,1.0,0.19257609993219377,0.20379955396056176,1,0.17600349578979277,0.40555905932413033,1.0
11,1,anti,pko,-0.22932833880186082,0.9997499999999999,0.0,0.15151515151515152,-0.2295413613319397,1.0,0.18433732986450196,0.21208640858530997,1,0.17600349578979277,0.40555905932413033,1.0
11,2,controlled,none,0.5728319525718689,0.0,0.0,0.1527777777777778,0.5724931955337524,0.0,0.2986733138561249,0.09772372394800186,1,0.1789359896157281,0.8820736563239419,1.0
11,2,controlled,p,0.5728319525718689,0.0,0.0,0.1527777777777778,0.5724931955337524,0.0,0.2591912716627121,0.13724588304758073,1,0.1789359896157281,0.8820736563239419,1.0
11,2,controlled,k,0.5728319525718689,0.0,0.0,0.1527777777777778,0.5724931955337524,0.0,0.3148692727088928,0.08145738467574119,1,0.1789359896157281,0.8820736563239419,1.0
11,2,controlled,o,0.5728319525718689,0.0,0.0,0.1019570707070707,0.5724931955337524,0.0,0.23946277499198915,0.15709164291620253,1,0.1789359896157281,0.8820736563239419,1.0
11,2,controlled,pk,0.5728319525718689,0.0,0.0,0.1527777777777778,0.5724931955337524,0.0,0.2937378466129303,0.10261663869023323,1,0.1789359896157281,0.8820736563239419,1.0
11,2,controlled,po,0.5728319525718689,0.0,0.0,0.1019570707070707,0.5724931955337524,0.0,0.22520448118448258,0.1715105280280113,1,0.1789359896157281,0.8820736563239419,1.0
11,2,controlled,ko,0.5728319525718689,0.0,0.0,0.1019570707070707,0.5724931955337524,0.0,0.2669475480914116,0.12945263907313348,1,0.1789359896157281,0.8820736563239419,1.0
11,2,controlled,pko,0.5728319525718689,0.0,0.0,0.1019570707070707,0.5724931955337524,0.0,0.254360219836235,0.14212825745344163,1,0.1789359896157281,0.8820736563239419,1.0
11,2,learned,none,0.5728319525718689,0.0,0.0,0.1527777777777778,0.5724931955337524,0.0,0.2986733138561249,0.09772372394800186,1,0.1789359896157281,0.8820736563239419,1.0
11,2,learned,p,0.5731707096099854,0.0,0.0,0.1527777777777778,0.5724931955337524,0.0,0.2673458382487297,0.1292104370892048,1,0.1789359896157281,0.8820736563239419,1.0
11,2,learned,k,0.5724931955337524,0.0,0.0,0.1527777777777778,0.5724931955337524,0.0,0.383662086725235,0.012469357252120972,1,0.1789359896157281,0.8820736563239419,1.0
11,2,learned,o,0.5728319525718689,0.0,0.0,0.14362373737373738,0.5724931955337524,0.0,0.2145042285323143,0.18186455518007277,1,0.1789359896157281,0.8820736563239419,1.0
11,2,learned,pk,0.5724931955337524,0.0,0.0,0.1527777777777778,0.5724931955337524,0.0,0.3813439071178436,0.014790002908557653,1,0.1789359896157281,0.8820736563239419,1.0
11,2,learned,po,0.5728319525718689,0.0,0.0,0.14362373737373738,0.5724931955337524,0.0,0.16946151554584504,0.22677678763866424,1,0.1789359896157281,0.8820736563239419,1.0
11,2,learned,ko,0.5724931955337524,0.0,0.0,0.14362373737373738,0.5724931955337524,0.0,0.37916733920574186,0.01695842882618308,1,0.1789359896157281,0.8820736563239419,1.0
11,2,learned,pko,0.5724931955337524,0.0,0.0,0.14362373737373738,0.5724931955337524,0.0,0.36856168806552886,0.027559267356991768,1,0.1789359896157281,0.8820736563239419,1.0
11,2,shuffled,none,0.5728319525718689,0.0,0.0,0.1527777777777778,0.5724931955337524,0.0,0.2986733138561249,0.09772372394800186,1,0.1789359896157281,0.8820736563239419,1.0
11,2,shuffled,p,0.5728319525718689,0.0,0.0,0.1527777777777778,0.5724931955337524,0.0,0.2799421936273575,0.11652871891856194,1,0.1789359896157281,0.8820736563239419,1.0
11,2,shuffled,k,0.5728319525718689,0.0,0.0,0.1527777777777778,0.5724931955337524,0.0,0.3130226582288742,0.08330278620123863,1,0.1789359896157281,0.8820736563239419,1.0
11,2,shuffled,o,0.5728319525718689,0.0,0.0,0.12468434343434344,0.5724931955337524,0.0,0.27245384454727173,0.12401698306202888,1,0.1789359896157281,0.8820736563239419,1.0
11,2,shuffled,pk,0.5728319525718689,0.0,0.0,0.1527777777777778,0.5724931955337524,0.0,0.29933561384677887,0.09702488034963608,1,0.1789359896157281,0.8820736563239419,1.0
11,2,shuffled,po,0.5728319525718689,0.0,0.0,0.12468434343434344,0.5724931955337524,0.0,0.24987499862909318,0.14672147929668428,1,0.1789359896157281,0.8820736563239419,1.0
11,2,shuffled,ko,0.5728319525718689,0.0,0.0,0.12468434343434344,0.5724931955337524,0.0,0.299800705909729,0.09656335040926933,1,0.1789359896157281,0.8820736563239419,1.0
11,2,shuffled,pko,0.5728319525718689,0.0,0.0,0.12468434343434344,0.5724931955337524,0.0,0.2800155967473984,0.11641218960285186,1,0.1789359896157281,0.8820736563239419,1.0
11,2,anti,none,0.5728319525718689,0.0,0.0,0.1527777777777778,0.5724931955337524,0.0,0.2986733138561249,0.09772372394800186,1,0.1789359896157281,0.8820736563239419,1.0
11,2,anti,p,0.5728319525718689,0.0,0.0,0.1527777777777778,0.5724931955337524,0.0,0.253470903635025,0.1429757371544838,1,0.1789359896157281,0.8820736563239419,1.0
11,2,anti,k,0.5728319525718689,0.0,0.0,0.1527777777777778,0.5724931955337524,0.0,0.313881117105484,0.08244363665580749,1,0.1789359896157281,0.8820736563239419,1.0
11,2,anti,o,0.5728319525718689,0.0,0.0,0.1717171717171717,0.5724931955337524,0.0,0.2402103379368782,0.15613396614789962,1,0.1789359896157281,0.8820736563239419,1.0
11,2,anti,pk,0.5728319525718689,0.0,0.0,0.1527777777777778,0.5724931955337524,0.0,0.29323387444019317,0.1031234659254551,1,0.1789359896157281,0.8820736563239419,1.0
11,2,anti,po,0.5728319525718689,0.0,0.0,0.1717171717171717,0.5724931955337524,0.0,0.23008166402578353,0.16629603803157805,1,0.1789359896157281,0.8820736563239419,1.0
11,2,anti,ko,0.5728319525718689,0.0,0.0,0.1717171717171717,0.5724931955337524,0.0,0.2683492422103882,0.12794884890317917,1,0.1789359896157281,0.8820736563239419,1.0
11,2,anti,pko,0.5728319525718689,0.0,0.0,0.1717171717171717,0.5724931955337524,0.0,0.2573118180036545,0.13900983035564424,1,0.1789359896157281,0.8820736563239419,1.0
11,3,controlled,none,0.5810641050338745,0.0,0.0,0.16477272727272727,0.5810641050338745,0.0,0.1543348714709282,0.24180508255958558,1,0.14805893825346483,0.8579843722508566,1.0
11,3,controlled,p,0.5810641050338745,0.0,0.0,0.16477272727272727,0.5810641050338745,0.0,0.14449131786823272,0.25164922177791593,1,0.14805893825346483,0.8579843722508566,1.0
11,3,controlled,k,0.5810641050338745,0.0,0.0,0.16477272727272727,0.5810641050338745,0.0,0.19140443950891495,0.20472833514213562,1,0.14805893825346483,0.8579843722508566,1.0
11,3,controlled,o,0.5810641050338745,0.0,0.0,0.14551767676767677,0.5810641050338745,0.0,0.15195341110229493,0.24418761432170868,1,0.14805893825346483,0.8579843722508566,1.0
11,3,controlled,pk,0.5810641050338745,0.0,0.0,0.16477272727272727,0.5810641050338745,0.0,0.17983754426240922,0.2162953294813633,1,0.14805893825346483,0.8579843722508566,1.0
11,3,controlled,po,0.5810641050338745,0.0,0.0,0.14551767676767677,0.5810641050338745,0.0,0.1444505512714386,0.25169114768505096,1,0.14805893825346483,0.8579843722508566,1.0
11,3,controlled,ko,0.5810641050338745,0.0,0.0,0.14551767676767677,0.5810641050338745,0.0,0.18346371054649352,0.21267049685120581,1,0.14805893825346483,0.8579843722508566,1.0
11,3,controlled,pko,0.5810641050338745,0.0,0.0,0.14551767676767677,0.5810641050338745,0.0,0.1749437630176544,0.22119070142507552,1,0.14805893825346483,0.8579843722508566,1.0
11,3,learned,none,0.5810641050338745,0.0,0.0,0.16477272727272727,0.5810641050338745,0.0,0.1543348714709282,0.24180508255958558,1,0.14805893825346483,0.8579843722508566,1.0
11,3,learned,p,0.5810641050338745,0.0,0.0,0.16477272727272727,0.5810641050338745,0.0,0.14097732901573182,0.2551527380943298,1,0.14805893825346483,0.8579843722508566,1.0
11,3,learned,k,0.5810641050338745,0.0,0.0,0.16477272727272727,0.5810641050338745,0.0,0.35439217686653135,0.04172367658466101,1,0.14805893825346483,0.8579843722508566,1.0
11,3,learned,o,0.5810641050338745,0.0,0.0,0.1846590909090909,0.5810641050338745,0.0,0.16165799647569656,0.23448483645915985,1,0.14805893825346483,0.8579843722508566,1.0
11,3,learned,pk,0.5810641050338745,0.0,0.0,0.16477272727272727,0.5810641050338745,0.0,0.3520392060279846,0.04407413564622402,1,0.14805893825346483,0.8579843722508566,1.0
11,3,learned,po,0.5810641050338745,0.0,0.0,0.1846590909090909,0.5810641050338745,0.0,0.16900742948055267,0.2271142542362213,1,0.14805893825346483,0.8579843722508566,1.0
11,3,learned,ko,0.5810641050338745,0.0,0.0,0.1846590909090909,0.5810641050338745,0.0,0.3596572816371918,0.03645868208259344,1,0.14805893825346483,0.8579843722508566,1.0
11,3,learned,pko,0.5810641050338745,0.0,0.0,0.1846590909090909,0.5810641050338745,0.0,0.3622985541820526,0.0338139733299613,1,0.14805893825346483,0.8579843722508566,1.0
11,3,shuffled,none,0.5810641050338745,0.0,0.0,0.16477272727272727,0.5810641050338745,0.0,0.1543348714709282,0.24180508255958558,1,0.14805893825346483,0.8579843722508566,1.0
11,3,shuffled,p,0.5810641050338745,0.0,0.0,0.16477272727272727,0.5810641050338745,0.0,0.12945181578397752,0.26669253408908844,1,0.14805893825346483,0.8579843722508566,1.0
11,3,shuffled,k,0.5810641050338745,0.0,0.0,0.16477272727272727,0.5810641050338745,0.0,0.19308925420045853,0.20304570272564887,1,0.14805893825346483,0.8579843722508566,1.0
11,3,shuffled,o,0.5810641050338745,0.0,0.0,0.16792929292929293,0.5810641050338745,0.0,0.15494928359985352,0.24119166880846024,1,0.14805893825346483,0.8579843722508566,1.0
11,3,shuffled,pk,0.5810641050338745,0.0,0.0,0.16477272727272727,0.5810641050338745,0.0,0.171128711104393,0.22500953078269958,1,0.14805893825346483,0.8579843722508566,1.0
11,3,shuffled,po,0.5810641050338745,0.0,0.0,0.16792929292929293,0.5810641050338745,0.0,0.13175216764211656,0.2643932580947876,1,0.14805893825346483,0.8579843722508566,1.0
11,3,shuffled,ko,0.5810641050338745,0.0,0.0,0.16792929292929293,0.5810641050338745,0.0,0.18972365111112593,0.20641218349337578,1,0.14805893825346483,0.8579843722508566,1.0
11,3,shuffled,pko,0.5810641050338745,0.0,0.0,0.16792929292929293,0.5810641050338745,0.0,0.16962006390094758,0.2265190914273262,1,0.14805893825346483,0.8579843722508566,1.0
11,3,anti,none,0.5810641050338745,0.0,0.0,0.16477272727272727,0.5810641050338745,0.0,0.1543348714709282,0.24180508255958558,1,0.14805893825346483,0.8579843722508566,1.0
11,3,anti,p,0.5810641050338745,0.0,0.0,0.16477272727272727,0.5810641050338745,0.0,0.1337515704333782,0.2624054551124573,1,0.14805893825346483,0.8579843722508566,1.0
11,3,anti,k,0.5810641050338745,0.0,0.0,0.16477272727272727,0.5810641050338745,0.0,0.18532641232013702,0.21080663800239563,1,0.14805893825346483,0.8579843722508566,1.0
11,3,anti,o,0.5810641050338745,0.0,0.0,0.16792929292929293,0.5810641050338745,0.0,0.15420541167259216,0.2419346824288368,1,0.14805893825346483,0.8579843722508566,1.0
11,3,anti,pk,0.5810641050338745,0.0,0.0,0.16477272727272727,0.5810641050338745,0.0,0.16541181057691573,0.2307264730334282,1,0.14805893825346483,0.8579843722508566,1.0
11,3,anti,po,0.5810641050338745,0.0,0.0,0.16792929292929293,0.5810641050338745,0.0,0.13844376057386398,0.2577135741710663,1,0.14805893825346483,0.8579843722508566,1.0
11,3,anti,ko,0.5810641050338745,0.0,0.0,0.16792929292929293,0.5810641050338745,0.0,0.18026477694511414,0.21586920320987701,1,0.14805893825346483,0.8579843722508566,1.0
11,3,anti,pko,0.5810641050338745,0.0,0.0,0.16792929292929293,0.5810641050338745,0.0,0.16503260880708695,0.2311069443821907,1,0.14805893825346483,0.8579843722508566,1.0
12,1,controlled,none,-0.05801791325211525,1.0,0.0,0.6631944444444444,-0.05801791325211525,1.0,0.2099666565656662,0.18626759052276612,1,0.23798095135277314,0.6791709959486488,1.0
12,1,controlled,p,-0.05801791325211525,1.0,0.0,0.6631944444444444,-0.05801791325211525,1.0,0.20734189748764037,0.1889217346906662,1,0.23798095135277314,0.6791709959486488,1.0
12,1,controlled,k,-0.05801791325211525,1.0,0.0,0.6631944444444444,-0.05801791325211525,1.0,0.22167404890060424,0.17452114522457124,1,0.23798095135277314,0.6791709959486488,1.0
12,1,controlled,o,-0.05801791325211525,1.0,0.0,0.6309974747474747,-0.05801791325211525,1.0,0.20739965736865998,0.18884946256875992,1,0.23798095135277314,0.6791709959486488,1.0
12,1,controlled,pk,-0.05801791325211525,1.0,0.0,0.6631944444444444,-0.05801791325211525,1.0,0.21822436898946762,0.17798785865306854,1,0.23798095135277314,0.6791709959486488,1.0
12,1,controlled,po,-0.05801791325211525,1.0,0.0,0.6309974747474747,-0.05801791325211525,1.0,0.20171000212430953,0.1945595473051071,1,0.23798095135277314,0.6791709959486488,1.0
12,1,controlled,ko,-0.05801791325211525,1.0,0.0,0.6309974747474747,-0.05801791325211525,1.0,0.21982510536909103,0.17638539522886276,1,0.23798095135277314,0.6791709959486488,1.0
12,1,controlled,pko,-0.05801791325211525,1.0,0.0,0.6309974747474747,-0.05801791325211525,1.0,0.21436810493469238,0.18185526579618455,1,0.23798095135277314,0.6791709959486488,1.0
12,1,learned,none,-0.05801791325211525,1.0,0.0,0.6631944444444444,-0.05801791325211525,1.0,0.2099666565656662,0.18626759052276612,1,0.23798095135277314,0.6791709959486488,1.0
12,1,learned,p,-0.05801791325211525,1.0,0.0,0.6631944444444444,-0.05801791325211525,1.0,0.19138222336769103,0.20501776933670043,1,0.23798095135277314,0.6791709959486488,1.0
12,1,learned,k,-0.05801791325211525,1.0,0.0,0.6631944444444444,-0.05801791325211525,1.0,0.34333192110061644,0.05279246643185616,1,0.23798095135277314,0.6791709959486488,1.0
12,1,learned,o,-0.05801791325211525,1.0,0.0,0.22253787878787878,-0.05801791325211525,1.0,0.21344389766454697,0.1828027918934822,1,0.23798095135277314,0.6791709959486488,1.0
12,1,learned,pk,-0.05801791325211525,1.0,0.0,0.6631944444444444,-0.05801791325211525,1.0,0.33422323763370515,0.06190730556845665,1,0.23798095135277314,0.6791709959486488,1.0
12,1,learned,po,-0.05801791325211525,1.0,0.0,0.22253787878787878,-0.05801791325211525,1.0,0.19487915188074112,0.2013572096824646,1,0.23798095135277314,0.6791709959486488,1.0
12,1,learned,ko,-0.05801791325211525,1.0,0.0,0.22253787878787878,-0.05801791325211525,1.0,0.3654123038053513,0.030710410699248313,1,0.23798095135277314,0.6791709959486488,1.0
12,1,learned,pko,-0.05801791325211525,1.0,0.0,0.22253787878787878,-0.05801791325211525,1.0,0.36187655925750734,0.03424566257745028,1,0.23798095135277314,0.6791709959486488,1.0
12,1,shuffled,none,-0.05801791325211525,1.0,0.0,0.6631944444444444,-0.05801791325211525,1.0,0.2099666565656662,0.18626759052276612,1,0.23798095135277314,0.6791709959486488,1.0
12,1,shuffled,p,-0.05801791325211525,1.0,0.0,0.6631944444444444,-0.05801791325211525,1.0,0.20790807604789735,0.18835862576961518,1,0.23798095135277314,0.6791709959486488,1.0
12,1,shuffled,k,-0.05801791325211525,1.0,0.0,0.6631944444444444,-0.05801791325211525,1.0,0.22262577414512635,0.17356766313314437,1,0.23798095135277314,0.6791709959486488,1.0
12,1,shuffled,o,-0.05801791325211525,1.0,0.0,0.6448863636363636,-0.05801791325211525,1.0,0.2064006194472313,0.1898469939827919,1,0.23798095135277314,0.6791709959486488,1.0
12,1,shuffled,pk,-0.05801791325211525,1.0,0.0,0.6631944444444444,-0.05801791325211525,1.0,0.218936924636364,0.17727437913417815,1,0.23798095135277314,0.6791709959486488,1.0
12,1,shuffled,po,-0.05801791325211525,1.0,0.0,0.6448863636363636,-0.05801791325211525,1.0,0.20104740411043168,0.19522692263126373,1,0.23798095135277314,0.6791709959486488,1.0
12,1,shuffled,ko,-0.05801791325211525,1.0,0.0,0.6448863636363636,-0.05801791325211525,1.0,0.21974711418151854,0.17646221518516542,1,0.23798095135277314,0.6791709959486488,1.0
12,1,shuffled,pko,-0.05801791325211525,1.0,0.0,0.6448863636363636,-0.05801791325211525,1.0,0.21463673710823059,0.18158918172121047,1,0.23798095135277314,0.6791709959486488,1.0
12,1,anti,none,-0.05801791325211525,1.0,0.0,0.6631944444444444,-0.05801791325211525,1.0,0.2099666565656662,0.18626759052276612,1,0.23798095135277314,0.6791709959486488,1.0
12,1,anti,p,-0.05801791325211525,1.0,0.0,0.6631944444444444,-0.05801791325211525,1.0,0.16428677439689637,0.23197943568229676,1,0.23798095135277314,0.6791709959486488,1.0
12,1,anti,k,-0.05801791325211525,1.0,0.0,0.6631944444444444,-0.05801791325211525,1.0,0.22955019325017928,0.16662928760051726,1,0.23798095135277314,0.6791709959486488,1.0
12,1,anti,o,-0.05801791325211525,1.0,0.0,0.6502525252525253,-0.05801791325211525,1.0,0.2091809406876564,0.18706207126379013,1,0.23798095135277314,0.6791709959486488,1.0
12,1,anti,pk,-0.05801791325211525,1.0,0.0,0.6631944444444444,-0.05801791325211525,1.0,0.2067519322037697,0.189441679418087,1,0.23798095135277314,0.6791709959486488,1.0
12,1,anti,po,-0.05801791325211525,1.0,0.0,0.6502525252525253,-0.05801791325211525,1.0,0.1999661922454834,0.1963019609451294,1,0.23798095135277314,0.6791709959486488,1.0
12,1,anti,ko,-0.05801791325211525,1.0,0.0,0.6502525252525253,-0.05801791325211525,1.0,0.2276129588484764,0.16858593225479127,1,0.23798095135277314,0.6791709959486488,1.0
12,1,anti,pko,-0.05801791325211525,1.0,0.0,0.6502525252525253,-0.05801791325211525,1.0,0.2181166410446167,0.17809687703847885,1,0.23798095135277314,0.6791709959486488,1.0
12,2,controlled,none,0.44229817390441895,0.0,0.0,0.9523358585858586,0.44229817390441895,0.0,0.1756122052669525,0.22053753435611725,1,0.28458789734138495,1.1181489027150449,1.0
12,2,controlled,p,0.44229817390441895,0.0,0.0,0.9523358585858586,0.44229817390441895,0.0,0.1648128628730774,0.23134685754776002,1,0.28458789734138495,1.1181489027150449,1.0
12,2,controlled,k,0.44229817390441895,0.0,0.0,0.9523358585858586,0.44229817390441895,0.0,0.2013420894742012,0.19478765428066253,1,0.28458789734138495,1.1181489027150449,1.0
12,2,controlled,o,0.44229817390441895,0.0,0.0,0.9608585858585859,0.44229817390441895,0.0,0.1781289428472519,0.21801880598068238,1,0.28458789734138495,1.1181489027150449,1.0
12,2,controlled,pk,0.44229817390441895,0.0,0.0,0.9523358585858586,0.44229817390441895,0.0,0.1911297470331192,0.20500446408987044,1,0.28458789734138495,1.1181489027150449,1.0
12,2,controlled,po,0.44229817390441895,0.0,0.0,0.9608585858585859,0.44229817390441895,0.0,0.16892765760421752,0.22722841948270797,1,0.28458789734138495,1.1181489027150449,1.0
12,2,controlled,ko,0.44229817390441895,0.0,0.0,0.9608585858585859,0.44229817390441895,0.0,0.20357881337404252,0.1925491377711296,1,0.28458789734138495,1.1181489027150449,1.0
12,2,controlled,pko,0.44229817390441895,0.0,0.0,0.9608585858585859,0.44229817390441895,0.0,0.1947663351893425,0.20136525630950927,1,0.28458789734138495,1.1181489027150449,1.0
12,2,learned,none,0.44229817390441895,0.0,0.0,0.9523358585858586,0.44229817390441895,0.0,0.1756122052669525,0.22053753435611725,1,0.28458789734138495,1.1181489027150449,1.0
12,2,learned,p,0.44229817390441895,0.0,0.0,0.9523358585858586,0.44229817390441895,0.0,0.1715335726737976,0.22459558248519898,1,0.28458789734138495,1.1181489027150449,1.0
12,2,learned,k,0.44229817390441895,0.0,0.0,0.9523358585858586,0.44229817390441895,0.0,0.3084455102682114,0.08766404688358306,1,0.28458789734138495,1.1181489027150449,1.0
12,2,learned,o,0.44229817390441895,0.0,0.0,0.3115530303030303,0.44229817390441895,0.0,0.16572219431400298,0.23042023032903672,1,0.28458789734138495,1.1181489027150449,1.0
12,2,learned,pk,0.44229817390441895,0.0,0.0,0.9523358585858586,0.44229817390441895,0.0,0.3082323282957077,0.08787510618567466,1,0.28458789734138495,1.1181489027150449,1.0
12,2,learned,po,0.44229817390441895,0.0,0.0,0.3115530303030303,0.44229817390441895,0.0,0.16864366829395294,0.22746980041265488,1,0.28458789734138495,1.1181489027150449,1.0
12,2,learned,ko,0.44229817390441895,0.0,0.0,0.3115530303030303,0.44229817390441895,0.0,0.3410633146762848,0.05504540540277958,1,0.28458789734138495,1.1181489027150449,1.0
12,2,learned,pko,0.44229817390441895,0.0,0.0,0.3115530303030303,0.44229817390441895,0.0,0.33716613948345187,0.058939623087644576,1,0.28458789734138495,1.1181489027150449,1.0
12,2,shuffled,none,0.44229817390441895,0.0,0.0,0.9523358585858586,0.44229817390441895,0.0,0.1756122052669525,0.22053753435611725,1,0.28458789734138495,1.1181489027150449,1.0
12,2,shuffled,p,0.44229817390441895,0.0,0.0,0.9523358585858586,0.44229817390441895,0.0,0.16495212018489838,0.23121266365051268,1,0.28458789734138495,1.1181489027150449,1.0
12,2,shuffled,k,0.44229817390441895,0.0,0.0,0.9523358585858586,0.44229817390441895,0.0,0.20376167744398116,0.19236549437046052,1,0.28458789734138495,1.1181489027150449,1.0
12,2,shuffled,o,0.44229817390441895,0.0,0.0,0.9526515151515151,0.44229817390441895,0.0,0.17994897067546844,0.21620389819145203,1,0.28458789734138495,1.1181489027150449,1.0
12,2,shuffled,pk,0.44229817390441895,0.0,0.0,0.9523358585858586,0.44229817390441895,0.0,0.1927104264497757,0.20342319458723068,1,0.28458789734138495,1.1181489027150449,1.0
12,2,shuffled,po,0.44229817390441895,0.0,0.0,0.9526515151515151,0.44229817390441895,0.0,0.16931502074003218,0.22685585767030716,1,0.28458789734138495,1.1181489027150449,1.0
12,2,shuffled,ko,0.44229817390441895,0.0,0.0,0.9526515151515151,0.44229817390441895,0.0,0.20664312988519667,0.18948629647493362,1,0.28458789734138495,1.1181489027150449,1.0
12,2,shuffled,pko,0.44229817390441895,0.0,0.0,0.9526515151515151,0.44229817390441895,0.0,0.1958067923784256,0.20033061802387236,1,0.28458789734138495,1.1181489027150449,1.0
12,2,anti,none,0.44229817390441895,0.0,0.0,0.9523358585858586,0.44229817390441895,0.0,0.1756122052669525,0.22053753435611725,1,0.28458789734138495,1.1181489027150449,1.0
12,2,anti,p,0.44229817390441895,0.0,0.0,0.9523358585858586,0.44229817390441895,0.0,0.16757845282554626,0.2285843625664711,1,0.28458789734138495,1.1181489027150449,1.0
12,2,anti,k,0.44229817390441895,0.0,0.0,0.9523358585858586,0.44229817390441895,0.0,0.2106206014752388,0.18550048470497132,1,0.28458789734138495,1.1181489027150449,1.0
12,2,anti,o,0.44229817390441895,0.0,0.0,0.9482323232323232,0.44229817390441895,0.0,0.16948567628860473,0.2266618251800537,1,0.28458789734138495,1.1181489027150449,1.0
12,2,anti,pk,0.44229817390441895,0.0,0.0,0.9523358585858586,0.44229817390441895,0.0,0.20064151138067246,0.19548329710960388,1,0.28458789734138495,1.1181489027150449,1.0
12,2,anti,po,0.44229817390441895,0.0,0.0,0.9482323232323232,0.44229817390441895,0.0,0.1652636080980301,0.2308930993080139,1,0.28458789734138495,1.1181489027150449,1.0
12,2,anti,ko,0.44229817390441895,0.0,0.0,0.9482323232323232,0.44229817390441895,0.0,0.195781709253788,0.2003438353538513,1,0.28458789734138495,1.1181489027150449,1.0
12,2,anti,pko,0.44229817390441895,0.0,0.0,0.9482323232323232,0.44229817390441895,0.0,0.18998377174139022,0.20614559799432755,1,0.28458789734138495,1.1181489027150449,1.0
12,3,controlled,none,0.27948281168937683,0.0,0.0,0.018623737373737372,0.27948281168937683,0.0,0.3136425405740738,0.08255715593695641,1,0.030162225933782007,0.21700350154505926,1.0
12,3,controlled,p,0.27948281168937683,0.0,0.0,0.018623737373737372,0.27948281168937683,0.0,0.3021721214056015,0.09404119327664376,1,0.030162225933782007,0.21700350154505926,1.0
12,3,controlled,k,0.27948281168937683,0.0,0.0,0.018623737373737372,0.27948281168937683,0.0,0.32313781082630155,0.07304315492510796,1,0.030162225933782007,0.21700350154505926,1.0
12,3,controlled,o,0.27948281168937683,0.0,0.0,0.019255050505050504,0.27948281168937683,0.0,0.311125847697258,0.08507371693849564,1,0.030162225933782007,0.21700350154505926,1.0
12,3,controlled,pk,0.27948281168937683,0.0,0.0,0.018623737373737372,0.27948281168937683,0.0,0.3151288241147995,0.08106209933757783,1,0.030162225933782007,0.21700350154505926,1.0
12,3,controlled,po,0.27948281168937683,0.0,0.0,0.019255050505050504,0.27948281168937683,0.0,0.302588677406311,0.09362406134605408,1,0.030162225933782007,0.21700350154505926,1.0
12,3,controlled,ko,0.27948281168937683,0.0,0.0,0.019255050505050504,0.27948281168937683,0.0,0.320554119348526,0.0756251983344555,1,0.030162225933782007,0.21700350154505926,1.0
12,3,controlled,pko,0.27948281168937683,0.0,0.0,0.019255050505050504,0.27948281168937683,0.0,0.31456551551818845,0.0816231057047844,1,0.030162225933782007,0.21700350154505926,1.0
12,3,learned,none,0.27948281168937683,0.0,0.0,0.018623737373737372,0.27948281168937683,0.0,0.3136425405740738,0.08255715593695641,1,0.030162225933782007,0.21700350154505926,1.0
12,3,learned,p,0.27948281168937683,0.0,0.0,0.018623737373737372,0.27948281168937683,0.0,0.3164036214351654,0.07976743280887603,1,0.030162225933782007,0.21700350154505926,1.0
12,3,learned,k,0.27948281168937683,0.0,0.0,0.018623737373737372,0.27948281168937683,0.0,0.38778588473796843,0.008332712622359396,1,0.030162225933782007,0.21700350154505926,1.0
12,3,learned,o,0.27948281168937683,0.0,0.0,0.13383838383838384,0.27948281168937683,0.0,0.32251868546009066,0.0737045206129551,1,0.030162225933782007,0.21700350154505926,1.0
12,3,learned,pk,0.27948281168937683,0.0,0.0,0.018623737373737372,0.27948281168937683,0.0,0.38583516180515287,0.010279916902072727,1,0.030162225933782007,0.21700350154505926,1.0
12,3,learned,po,0.27948281168937683,0.0,0.0,0.13383838383838384,0.27948281168937683,0.0,0.3155792742967606,0.0805758111178875,1,0.030162225933782007,0.21700350154505926,1.0
12,3,learned,ko,0.27948281168937683,0.0,0.0,0.13383838383838384,0.27948281168937683,0.0,0.3909321576356888,0.005186808807775378,1,0.030162225933782007,0.21700350154505926,1.0
12,3,learned,pko,0.27948281168937683,0.0,0.0,0.13383838383838384,0.27948281168937683,0.0,0.3903774797916412,0.00573720270767808,1,0.030162225933782007,0.21700350154505926,1.0
12,3,shuffled,none,0.27948281168937683,0.0,0.0,0.018623737373737372,0.27948281168937683,0.0,0.3136425405740738,0.08255715593695641,1,0.030162225933782007,0.21700350154505926,1.0
12,3,shuffled,p,0.27948281168937683,0.0,0.0,0.018623737373737372,0.27948281168937683,0.0,0.30236852169036865,0.09384680539369583,1,0.030162225933782007,0.21700350154505926,1.0
12,3,shuffled,k,0.27948281168937683,0.0,0.0,0.018623737373737372,0.27948281168937683,0.0,0.322803321480751,0.07337424010038376,1,0.030162225933782007,0.21700350154505926,1.0
12,3,shuffled,o,0.27948281168937683,0.0,0.0,0.016414141414141416,0.27948281168937683,0.0,0.3156382471323013,0.08057029694318771,1,0.030162225933782007,0.21700350154505926,1.0
12,3,shuffled,pk,0.27948281168937683,0.0,0.0,0.018623737373737372,0.27948281168937683,0.0,0.3144740253686905,0.08171411156654358,1,0.030162225933782007,0.21700350154505926,1.0
12,3,shuffled,po,0.27948281168937683,0.0,0.0,0.016414141414141416,0.27948281168937683,0.0,0.30898729264736174,0.0872364804148674,1,0.030162225933782007,0.21700350154505926,1.0
12,3,shuffled,ko,0.27948281168937683,0.0,0.0,0.016414141414141416,0.27948281168937683,0.0,0.3234436631202698,0.07274147942662239,1,0.030162225933782007,0.21700350154505926,1.0
12,3,shuffled,pko,0.27948281168937683,0.0,0.0,0.016414141414141416,0.27948281168937683,0.0,0.31870958805084226,0.07748605087399482,1,0.030162225933782007,0.21700350154505926,1.0
12,3,anti,none,0.27948281168937683,0.0,0.0,0.018623737373737372,0.27948281168937683,0.0,0.3136425405740738,0.08255715593695641,1,0.030162225933782007,0.21700350154505926,1.0
12,3,anti,p,0.27948281168937683,0.0,0.0,0.018623737373737372,0.27948281168937683,0.0,0.29774015247821806,0.09847013354301452,1,0.030162225933782007,0.21700350154505926,1.0
12,3,anti,k,0.27948281168937683,0.0,0.0,0.018623737373737372,0.27948281168937683,0.0,0.3245495676994324,0.07162465304136276,1,0.030162225933782007,0.21700350154505926,1.0
12,3,anti,o,0.27948281168937683,0.0,0.0,0.015782828282828284,0.27948281168937683,0.0,0.31874110698699953,0.07745959758758544,1,0.030162225933782007,0.21700350154505926,1.0
12,3,anti,pk,0.27948281168937683,0.0,0.0,0.018623737373737372,0.27948281168937683,0.0,0.3126040637493134,0.08357640504837036,1,0.030162225933782007,0.21700350154505926,1.0
12,3,anti,po,0.27948281168937683,0.0,0.0,0.015782828282828284,0.27948281168937683,0.0,0.30943713188171384,0.08677474930882453,1,0.030162225933782007,0.21700350154505926,1.0
12,3,anti,ko,0.27948281168937683,0.0,0.0,0.015782828282828284,0.27948281168937683,0.0,0.3271281450986862,0.06904818713665009,1,0.030162225933782007,0.21700350154505926,1.0
12,3,anti,pko,0.27948281168937683,0.0,0.0,0.015782828282828284,0.27948281168937683,0.0,0.31984417140483856,0.0763390190899372,1,0.030162225933782007,0.21700350154505926,1.0
13,1,controlled,none,-0.18589807152748108,0.0,0.0,0.0022095959595959595,-0.188055157661438,0.0,0.22693417966365814,0.17355574369430543,1,0.11653728656418615,0.004980973211856605,1.0
13,1,controlled,p,-0.18446001410484314,0.0,0.0,0.0022095959595959595,-0.188055157661438,0.0,0.19091276228427886,0.21152452975511551,1,0.11653728656418615,0.004980973211856605,1.0
13,1,controlled,k,-0.188055157661438,0.0,0.0,0.0022095959595959595,-0.188055157661438,0.0,0.2697488725185394,0.12795211225748063,1,0.11653728656418615,0.004980973211856605,1.0
13,1,controlled,o,-0.18589807152748108,0.0,0.0,0.002840909090909091,-0.188055157661438,0.0,0.2234274536371231,0.17675188183784485,1,0.11653728656418615,0.004980973211856605,1.0
13,1,controlled,pk,-0.188055157661438,0.0,0.0,0.0022095959595959595,-0.188055157661438,0.0,0.23503405153751372,0.16324689239263535,1,0.11653728656418615,0.004980973211856605,1.0
13,1,controlled,po,-0.18589807152748108,0.0,0.0,0.002840909090909091,-0.188055157661438,0.0,0.2150202974677086,0.18658177703619003,1,0.11653728656418615,0.004980973211856605,1.0
13,1,controlled,ko,-0.188055157661438,0.0,0.0,0.002840909090909091,-0.188055157661438,0.0,0.25158537477254866,0.14617161005735396,1,0.11653728656418615,0.004980973211856605,1.0
13,1,controlled,pko,-0.188055157661438,0.0,0.0,0.002840909090909091,-0.188055157661438,0.0,0.2430650293827057,0.1551759198307991,1,0.11653728656418615,0.004980973211856605,1.0
13,1,learned,none,-0.18589807152748108,0.0,0.0,0.0022095959595959595,-0.188055157661438,0.0,0.22693417966365814,0.17355574369430543,1,0.11653728656418615,0.004980973211856605,1.0
13,1,learned,p,-0.18733612895011903,0.0,0.0,0.0022095959595959595,-0.188055157661438,0.0,0.23481067568063735,0.16682895123958588,1,0.11653728656418615,0.004980973211856605,1.0
13,1,learned,k,-0.188055157661438,0.0,0.0,0.0022095959595959595,-0.188055157661438,0.0,0.323971825838089,0.07221608385443687,1,0.11653728656418615,0.004980973211856605,1.0
13,1,learned,o,-0.18661710023880004,0.0,0.0,0.14362373737373738,-0.188055157661438,0.0,0.24728008657693862,0.15230447202920913,1,0.11653728656418615,0.004980973211856605,1.0
13,1,learned,pk,-0.188055157661438,0.0,0.0,0.0022095959595959595,-0.188055157661438,0.0,0.32524618208408357,0.07095510922372342,1,0.11653728656418615,0.004980973211856605,1.0
13,1,learned,po,-0.18661710023880004,0.0,0.0,0.14362373737373738,-0.188055157661438,0.0,0.27130241990089415,0.13026196882128716,1,0.11653728656418615,0.004980973211856605,1.0
13,1,learned,ko,-0.188055157661438,0.0,0.0,0.14362373737373738,-0.188055157661438,0.0,0.36139904260635375,0.03473849948495626,1,0.11653728656418615,0.004980973211856605,1.0
13,1,learned,pko,-0.188055157661438,0.0,0.0,0.14362373737373738,-0.188055157661438,0.0,0.3658267021179199,0.03031390942633152,1,0.11653728656418615,0.004980973211856605,1.0
13,1,shuffled,none,-0.18589807152748108,0.0,0.0,0.0022095959595959595,-0.188055157661438,0.0,0.22693417966365814,0.17355574369430543,1,0.11653728656418615,0.004980973211856605,1.0
13,1,shuffled,p,-0.18446001410484314,0.0,0.0,0.0022095959595959595,-0.188055157661438,0.0,0.23109803944826127,0.17228052765130997,1,0.11653728656418615,0.004980973211856605,1.0
13,1,shuffled,k,-0.188055157661438,0.0,0.0,0.0022095959595959595,-0.188055157661438,0.0,0.24612499624490738,0.15050382316112518,1,0.11653728656418615,0.004980973211856605,1.0
13,1,shuffled,o,-0.18589807152748108,0.0,0.0,0.0012626262626262627,-0.188055157661438,0.0,0.22943316102027894,0.17065080851316453,1,0.11653728656418615,0.004980973211856605,1.0
13,1,shuffled,pk,-0.188055157661438,0.0,0.0,0.0022095959595959595,-0.188055157661438,0.0,0.24810200035572053,0.14873034060001372,1,0.11653728656418615,0.004980973211856605,1.0
13,1,shuffled,po,-0.18446001410484314,0.0,0.0,0.0012626262626262627,-0.188055157661438,0.0,0.23432390987873078,0.16778336763381957,1,0.11653728656418615,0.004980973211856605,1.0
13,1,shuffled,ko,-0.188055157661438,0.0,0.0,0.0012626262626262627,-0.188055157661438,0.0,0.24796109646558762,0.14918332397937775,1,0.11653728656418615,0.004980973211856605,1.0
13,1,shuffled,pko,-0.188055157661438,0.0,0.0,0.0012626262626262627,-0.188055157661438,0.0,0.2507034704089165,0.14683525413274764,1,0.11653728656418615,0.004980973211856605,1.0
13,1,anti,none,-0.18589807152748108,0.0,0.0,0.0022095959595959595,-0.188055157661438,0.0,0.22693417966365814,0.17355574369430543,1,0.11653728656418615,0.004980973211856605,1.0
13,1,anti,p,-0.18446001410484314,0.0,0.0,0.0022095959595959595,-0.188055157661438,0.0,0.22415104806423186,0.17924377620220183,1,0.11653728656418615,0.004980973211856605,1.0
13,1,anti,k,-0.188055157661438,0.0,0.0,0.0022095959595959595,-0.188055157661438,0.0,0.25396833270788194,0.1429329052567482,1,0.11653728656418615,0.004980973211856605,1.0
13,1,anti,o,-0.18589807152748108,0.0,0.0,0.0012626262626262627,-0.188055157661438,0.0,0.22999780476093293,0.1700833633542061,1,0.11653728656418615,0.004980973211856605,1.0
13,1,anti,pk,-0.188055157661438,0.0,0.0,0.0022095959595959595,-0.188055157661438,0.0,0.24780921936035155,0.1494654729962349,1,0.11653728656418615,0.004980973211856605,1.0
13,1,anti,po,-0.18446001410484314,0.0,0.0,0.0012626262626262627,-0.188055157661438,0.0,0.2303415209054947,0.17177768498659135,1,0.11653728656418615,0.004980973211856605,1.0
13,1,anti,ko,-0.188055157661438,0.0,0.0,0.0012626262626262627,-0.188055157661438,0.0,0.24881888628005983,0.1484095759689808,1,0.11653728656418615,0.004980973211856605,1.0
13,1,anti,pko,-0.188055157661438,0.0,0.0,0.0012626262626262627,-0.188055157661438,0.0,0.24856240302324295,0.14910493046045303,1,0.11653728656418615,0.004980973211856605,1.0
13,2,controlled,none,0.7126003503799438,0.0,0.0,0.8058712121212122,0.7126003503799438,0.0,0.06283187791705132,0.33328854441642763,1,0.9759344761643046,1.1908788136851778,1.0
13,2,controlled,p,0.7126003503799438,0.0,0.0,0.8058712121212122,0.7126003503799438,0.0,0.05608734413981438,0.34003583490848543,1,0.9759344761643046,1.1908788136851778,1.0
13,2,controlled,k,0.7126003503799438,0.0,0.0,0.8058712121212122,0.7126003503799438,0.0,0.11485675275325775,0.281251822412014,1,0.9759344761643046,1.1908788136851778,1.0
13,2,controlled,o,0.7126003503799438,0.0,0.0,0.8506944444444444,0.7126003503799438,0.0,0.0734704926609993,0.3226493865251541,1,0.9759344761643046,1.1908788136851778,1.0
13,2,controlled,pk,0.7126003503799438,0.0,0.0,0.8058712121212122,0.7126003503799438,0.0,0.09923041388392448,0.29687911719083787,1,0.9759344761643046,1.1908788136851778,1.0
13,2,controlled,po,0.7126003503799438,0.0,0.0,0.8506944444444444,0.7126003503799438,0.0,0.06887811422348022,0.327245768904686,1,0.9759344761643046,1.1908788136851778,1.0
13,2,controlled,ko,0.7126003503799438,0.0,0.0,0.8506944444444444,0.7126003503799438,0.0,0.1099880039691925,0.28612467646598816,1,0.9759344761643046,1.1908788136851778,1.0
13,2,controlled,pko,0.7126003503799438,0.0,0.0,0.8506944444444444,0.7126003503799438,0.0,0.10274379327893257,0.2933709666132927,1,0.9759344761643046,1.1908788136851778,1.0
13,2,learned,none,0.7126003503799438,0.0,0.0,0.8058712121212122,0.7126003503799438,0.0,0.06283187791705132,0.33328854441642763,1,0.9759344761643046,1.1908788136851778,1.0
13,2,learned,p,0.7126003503799438,0.0,0.0,0.8058712121212122,0.7126003503799438,0.0,0.06732677891850472,0.32879077196121215,1,0.9759344761643046,1.1908788136851778,1.0
13,2,learned,k,0.7126003503799438,0.0,0.0,0.8058712121212122,0.7126003503799438,0.0,0.29928843677043915,0.09682038947939872,1,0.9759344761643046,1.1908788136851778,1.0
13,2,learned,o,0.7126003503799438,0.0,0.0,0.2474747474747475,0.7126003503799438,0.0,0.05845583751797676,0.3376659363508224,1,0.9759344761643046,1.1908788136851778,1.0
13,2,learned,pk,0.7126003503799438,0.0,0.0,0.8058712121212122,0.7126003503799438,0.0,0.301195028424263,0.0949145495891571,1,0.9759344761643046,1.1908788136851778,1.0
13,2,learned,po,0.7126003503799438,0.0,0.0,0.2474747474747475,0.7126003503799438,0.0,0.051695389300584794,0.3444118291139603,1,0.9759344761643046,1.1908788136851778,1.0
13,2,learned,ko,0.7126003503799438,0.0,0.0,0.2474747474747475,0.7126003503799438,0.0,0.3326683133840561,0.06344200596213341,1,0.9759344761643046,1.1908788136851778,1.0
13,2,learned,pko,0.7126003503799438,0.0,0.0,0.2474747474747475,0.7126003503799438,0.0,0.3174908846616745,0.07861667945981025,1,0.9759344761643046,1.1908788136851778,1.0
13,2,shuffled,none,0.7126003503799438,0.0,0.0,0.8058712121212122,0.7126003503799438,0.0,0.06283187791705132,0.33328854441642763,1,0.9759344761643046,1.1908788136851778,1.0
13,2,shuffled,p,0.7126003503799438,0.0,0.0,0.8058712121212122,0.7126003503799438,0.0,0.046964386478066444,0.3491556107997894,1,0.9759344761643046,1.1908788136851778,1.0
13,2,shuffled,k,0.7126003503799438,0.0,0.0,0.8058712121212122,0.7126003503799438,0.0,0.11272982731461526,0.28338365703821183,1,0.9759344761643046,1.1908788136851778,1.0
13,2,shuffled,o,0.7126003503799438,0.0,0.0,0.8409090909090909,0.7126003503799438,0.0,0.0711726676672697,0.32494776546955106,1,0.9759344761643046,1.1908788136851778,1.0
13,2,shuffled,pk,0.7126003503799438,0.0,0.0,0.8058712121212122,0.7126003503799438,0.0,0.08615866973996163,0.3099538803100586,1,0.9759344761643046,1.1908788136851778,1.0
13,2,shuffled,po,0.7126003503799438,0.0,0.0,0.8409090909090909,0.7126003503799438,0.0,0.061499932780861855,0.3346205115318298,1,0.9759344761643046,1.1908788136851778,1.0
13,2,shuffled,ko,0.7126003503799438,0.0,0.0,0.8409090909090909,0.7126003503799438,0.0,0.10743756741285324,0.2886765286326408,1,0.9759344761643046,1.1908788136851778,1.0
13,2,shuffled,pko,0.7126003503799438,0.0,0.0,0.8409090909090909,0.7126003503799438,0.0,0.09408013224601745,0.3020335465669632,1,0.9759344761643046,1.1908788136851778,1.0
13,2,anti,none,0.7126003503799438,0.0,0.0,0.8058712121212122,0.7126003503799438,0.0,0.06283187791705132,0.33328854441642763,1,0.9759344761643046,1.1908788136851778,1.0
13,2,anti,p,0.7126003503799438,0.0,0.0,0.8058712121212122,0.7126003503799438,0.0,0.05044111311435699,0.34567953646183014,1,0.9759344761643046,1.1908788136851778,1.0
13,2,anti,k,0.7126003503799438,0.0,0.0,0.8058712121212122,0.7126003503799438,0.0,0.11825905218720437,0.2778542563319206,1,0.9759344761643046,1.1908788136851778,1.0
13,2,anti,o,0.7126003503799438,0.0,0.0,0.8260732323232324,0.7126003503799438,0.0,0.06813604310154915,0.3279831916093826,1,0.9759344761643046,1.1908788136851778,1.0
13,2,anti,pk,0.7126003503799438,0.0,0.0,0.8058712121212122,0.7126003503799438,0.0,0.09274481162428856,0.3033678442239761,1,0.9759344761643046,1.1908788136851778,1.0
13,2,anti,po,0.7126003503799438,0.0,0.0,0.8260732323232324,0.7126003503799438,0.0,0.0653596792370081,0.33076038062572477,1,0.9759344761643046,1.1908788136851778,1.0
13,2,anti,ko,0.7126003503799438,0.0,0.0,0.8260732323232324,0.7126003503799438,0.0,0.10363454446196556,0.2924791783094406,1,0.9759344761643046,1.1908788136851778,1.0
13,2,anti,pko,0.7126003503799438,0.0,0.0,0.8260732323232324,0.7126003503799438,0.0,0.09860745295882226,0.2975066214799881,1,0.9759344761643046,1.1908788136851778,1.0
13,3,controlled,none,0.5586152076721191,0.0,0.0,0.6496212121212122,0.5586152076721191,0.0,0.19525299370288848,0.20103946924209595,1,0.022166836302231985,1.25,1.0
13,3,controlled,p,0.5586152076721191,0.0,0.0,0.6496212121212122,0.5586152076721191,0.0,0.18427049219608307,0.21204873621463777,1,0.022166836302231985,1.25,1.0
13,3,controlled,k,0.5586152076721191,0.0,0.0,0.6496212121212122,0.5586152076721191,0.0,0.2106825292110443,0.18555979877710344,1,0.022166836302231985,1.25,1.0
13,3,controlled,o,0.5586152076721191,0.0,0.0,0.6111111111111112,0.5586152076721191,0.0,0.20102294087409972,0.19535059183835984,1,0.022166836302231985,1.25,1.0
13,3,controlled,pk,0.5586152076721191,0.0,0.0,0.6496212121212122,0.5586152076721191,0.0,0.19967518299818038,0.1965845212340355,1,0.022166836302231985,1.25,1.0
13,3,controlled,po,0.5586152076721191,0.0,0.0,0.6111111111111112,0.5586152076721191,0.0,0.1945510119199753,0.20190177708864213,1,0.022166836302231985,1.25,1.0
13,3,controlled,ko,0.5586152076721191,0.0,0.0,0.6111111111111112,0.5586152076721191,0.0,0.2161853864789009,0.1800993837416172,1,0.022166836302231985,1.25,1.0
13,3,controlled,pko,0.5586152076721191,0.0,0.0,0.6111111111111112,0.5586152076721191,0.0,0.20808253884315492,0.18824765235185623,1,0.022166836302231985,1.25,1.0
13,3,learned,none,0.5586152076721191,0.0,0.0,0.6496212121212122,0.5586152076721191,0.0,0.19525299370288848,0.20103946924209595,1,0.022166836302231985,1.25,1.0
13,3,learned,p,0.5586152076721191,0.0,0.0,0.6496212121212122,0.5586152076721191,0.0,0.20062183439731598,0.1956424668431282,1,0.022166836302231985,1.25,1.0
13,3,learned,k,0.5586152076721191,0.0,0.0,0.6496212121212122,0.5586152076721191,0.0,0.3696824610233307,0.026438648253679274,1,0.022166836302231985,1.25,1.0
13,3,learned,o,0.5586152076721191,0.0,0.0,0.2067550505050505,0.5586152076721191,0.0,0.1864023432135582,0.20991175025701522,1,0.022166836302231985,1.25,1.0
13,3,learned,pk,0.5586152076721191,0.0,0.0,0.6496212121212122,0.5586152076721191,0.0,0.3696503102779388,0.026468302682042123,1,0.022166836302231985,1.25,1.0
13,3,learned,po,0.5586152076721191,0.0,0.0,0.2067550505050505,0.5586152076721191,0.0,0.19827062487602234,0.19800368845462799,1,0.022166836302231985,1.25,1.0
13,3,learned,ko,0.5586152076721191,0.0,0.0,0.2067550505050505,0.5586152076721191,0.0,0.37913445234298704,0.01698616649955511,1,0.022166836302231985,1.25,1.0
13,3,learned,pko,0.5586152076721191,0.0,0.0,0.2067550505050505,0.5586152076721191,0.0,0.38092158138751986,0.015196608006954193,1,0.022166836302231985,1.25,1.0
13,3,shuffled,none,0.5586152076721191,0.0,0.0,0.6496212121212122,0.5586152076721191,0.0,0.19525299370288848,0.20103946924209595,1,0.022166836302231985,1.25,1.0
13,3,shuffled,p,0.5586152076721191,0.0,0.0,0.6496212121212122,0.5586152076721191,0.0,0.15073453783988952,0.2455845966935158,1,0.022166836302231985,1.25,1.0
13,3,shuffled,k,0.5586152076721191,0.0,0.0,0.6496212121212122,0.5586152076721191,0.0,0.21807128936052322,0.1781612329185009,1,0.022166836302231985,1.25,1.0
13,3,shuffled,o,0.5586152076721191,0.0,0.0,0.5984848484848485,0.5586152076721191,0.0,0.19879384189844132,0.1975542664527893,1,0.022166836302231985,1.25,1.0
13,3,shuffled,pk,0.5586152076721191,0.0,0.0,0.6496212121212122,0.5586152076721191,0.0,0.19649379402399064,0.19975354373455048,1,0.022166836302231985,1.25,1.0
13,3,shuffled,po,0.5586152076721191,0.0,0.0,0.5984848484848485,0.5586152076721191,0.0,0.19931262582540513,0.19709525853395463,1,0.022166836302231985,1.25,1.0
13,3,shuffled,ko,0.5586152076721191,0.0,0.0,0.5984848484848485,0.5586152076721191,0.0,0.2112733706831932,0.1850026585161686,1,0.022166836302231985,1.25,1.0
13,3,shuffled,pko,0.5586152076721191,0.0,0.0,0.5984848484848485,0.5586152076721191,0.0,0.21071154922246932,0.18560163527727128,1,0.022166836302231985,1.25,1.0
13,3,anti,none,0.5586152076721191,0.0,0.0,0.6496212121212122,0.5586152076721191,0.0,0.19525299370288848,0.20103946924209595,1,0.022166836302231985,1.25,1.0
13,3,anti,p,0.5586152076721191,0.0,0.0,0.6496212121212122,0.5586152076721191,0.0,0.10928971245884896,0.28703377544879916,1,0.022166836302231985,1.25,1.0
13,3,anti,k,0.5586152076721191,0.0,0.0,0.6496212121212122,0.5586152076721191,0.0,0.22912065982818602,0.16710722595453262,1,0.022166836302231985,1.25,1.0
13,3,anti,o,0.5586152076721191,0.0,0.0,0.6287878787878788,0.5586152076721191,0.0,0.19994191378355025,0.19645338207483293,1,0.022166836302231985,1.25,1.0
13,3,anti,pk,0.5586152076721191,0.0,0.0,0.6496212121212122,0.5586152076721191,0.0,0.18563016951084138,0.21061414182186128,1,0.022166836302231985,1.25,1.0
13,3,anti,po,0.5586152076721191,0.0,0.0,0.6287878787878788,0.5586152076721191,0.0,0.18951595723628997,0.20697363317012787,1,0.022166836302231985,1.25,1.0
13,3,anti,ko,0.5586152076721191,0.0,0.0,0.6287878787878788,0.5586152076721191,0.0,0.2156134769320488,0.18068021461367606,1,0.022166836302231985,1.25,1.0
13,3,anti,pko,0.5586152076721191,0.0,0.0,0.6287878787878788,0.5586152076721191,0.0,0.20700574964284896,0.18933906108140947,1,0.022166836302231985,1.25,1.0
14,1,controlled,none,-0.3502836525440216,0.0,0.0,0.5116792929292929,-0.3502836525440216,0.0,0.17928379625082017,0.21748225390911102,1,0.9847189151840505,0.7447451970838899,1.0
14,1,controlled,p,-0.3501202404499054,0.0,0.0,0.5116792929292929,-0.3502836525440216,0.0,0.1655981123447418,0.2332439586520195,1,0.9847189151840505,0.7447451970838899,1.0
14,1,controlled,k,-0.3502836525440216,0.0,0.0,0.5116792929292929,-0.3502836525440216,0.0,0.200154872238636,0.19616862535476684,1,0.9847189151840505,0.7447451970838899,1.0
14,1,controlled,o,-0.3501202404499054,0.0,0.0,0.4946338383838384,-0.3502836525440216,0.0,0.1673423618078232,0.22940026670694352,1,0.9847189151840505,0.7447451970838899,1.0
14,1,controlled,pk,-0.3501202404499054,0.0,0.0,0.5116792929292929,-0.3502836525440216,0.0,0.18188730925321578,0.21479976326227188,1,0.9847189151840505,0.7447451970838899,1.0
14,1,controlled,po,-0.3501202404499054,0.0,0.0,0.4946338383838384,-0.3502836525440216,0.0,0.1623320087790489,0.23466654121875763,1,0.9847189151840505,0.7447451970838899,1.0
14,1,controlled,ko,-0.3502836525440216,0.0,0.0,0.4946338383838384,-0.3502836525440216,0.0,0.17531174123287202,0.22111795991659164,1,0.9847189151840505,0.7447451970838899,1.0
14,1,controlled,pko,-0.3501202404499054,0.0,0.0,0.4946338383838384,-0.3502836525440216,0.0,0.169905586540699,0.22661918252706528,1,0.9847189151840505,0.7447451970838899,1.0
14,1,learned,none,-0.3502836525440216,0.0,0.0,0.5116792929292929,-0.3502836525440216,0.0,0.17928379625082017,0.21748225390911102,1,0.9847189151840505,0.7447451970838899,1.0
14,1,learned,p,-0.3501202404499054,0.0,0.0,0.5116792929292929,-0.3502836525440216,0.0,0.14588940143585205,0.2513947769999504,1,0.9847189151840505,0.7447451970838899,1.0
14,1,learned,k,-0.3502836525440216,0.0,0.0,0.5116792929292929,-0.3502836525440216,0.0,0.31162274777889254,0.0845267653465271,1,0.9847189151840505,0.7447451970838899,1.0
14,1,learned,o,-0.3501202404499054,0.0,0.0,0.18781565656565657,-0.3502836525440216,0.0,0.17010825723409653,0.22684463560581208,1,0.9847189151840505,0.7447451970838899,1.0
14,1,learned,pk,-0.3502836525440216,0.0,0.0,0.5116792929292929,-0.3502836525440216,0.0,0.30371456444263456,0.09244542568922043,1,0.9847189151840505,0.7447451970838899,1.0
14,1,learned,po,-0.3502836525440216,0.0,0.0,0.18781565656565657,-0.3502836525440216,0.0,0.13533020615577698,0.2624292388558388,1,0.9847189151840505,0.7447451970838899,1.0
14,1,learned,ko,-0.3502836525440216,0.0,0.0,0.18781565656565657,-0.3502836525440216,0.0,0.3296522080898285,0.06648790314793587,1,0.9847189151840505,0.7447451970838899,1.0
14,1,learned,pko,-0.3502836525440216,0.0,0.0,0.18781565656565657,-0.3502836525440216,0.0,0.32263429164886476,0.07351406291127205,1,0.9847189151840505,0.7447451970838899,1.0
14,1,shuffled,none,-0.3502836525440216,0.0,0.0,0.5116792929292929,-0.3502836525440216,0.0,0.17928379625082017,0.21748225390911102,1,0.9847189151840505,0.7447451970838899,1.0
14,1,shuffled,p,-0.3501202404499054,0.0,0.0,0.5116792929292929,-0.3502836525440216,0.0,0.16832132786512374,0.22903947085142135,1,0.9847189151840505,0.7447451970838899,1.0
14,1,shuffled,k,-0.3502836525440216,0.0,0.0,0.5116792929292929,-0.3502836525440216,0.0,0.19051535576581954,0.20592845231294632,1,0.9847189151840505,0.7447451970838899,1.0
14,1,shuffled,o,-0.3501202404499054,0.0,0.0,0.49779040404040403,-0.3502836525440216,0.0,0.168953600525856,0.22779163867235183,1,0.9847189151840505,0.7447451970838899,1.0
14,1,shuffled,pk,-0.3502836525440216,0.0,0.0,0.5116792929292929,-0.3502836525440216,0.0,0.17954156845808028,0.21714457869529724,1,0.9847189151840505,0.7447451970838899,1.0
14,1,shuffled,po,-0.3501202404499054,0.0,0.0,0.49779040404040403,-0.3502836525440216,0.0,0.16635987907648087,0.23064699321985244,1,0.9847189151840505,0.7447451970838899,1.0
14,1,shuffled,ko,-0.3502836525440216,0.0,0.0,0.49779040404040403,-0.3502836525440216,0.0,0.17462987899780275,0.2218514487147331,1,0.9847189151840505,0.7447451970838899,1.0
14,1,shuffled,pko,-0.3501202404499054,0.0,0.0,0.49779040404040403,-0.3502836525440216,0.0,0.17164161801338196,0.2249682918190956,1,0.9847189151840505,0.7447451970838899,1.0
14,1,anti,none,-0.3502836525440216,0.0,0.0,0.5116792929292929,-0.3502836525440216,0.0,0.17928379625082017,0.21748225390911102,1,0.9847189151840505,0.7447451970838899,1.0
14,1,anti,p,-0.3501202404499054,0.0,0.0,0.5116792929292929,-0.3502836525440216,0.0,0.17637130320072175,0.2209811970591545,1,0.9847189151840505,0.7447451970838899,1.0
14,1,anti,k,-0.3502836525440216,0.0,0.0,0.5116792929292929,-0.3502836525440216,0.0,0.1956813395023346,0.20069625228643417,1,0.9847189151840505,0.7447451970838899,1.0
14,1,anti,o,-0.3502836525440216,0.0,0.0,0.48737373737373735,-0.3502836525440216,0.0,0.1677044674754143,0.2290085032582283,1,0.9847189151840505,0.7447451970838899,1.0
14,1,anti,pk,-0.3502836525440216,0.0,0.0,0.5116792929292929,-0.3502836525440216,0.0,0.1877765789628029,0.2087821066379547,1,0.9847189151840505,0.7447451970838899,1.0
14,1,anti,po,-0.3501202404499054,0.0,0.0,0.48737373737373735,-0.3502836525440216,0.0,0.16624827831983566,0.2307054191827774,1,0.9847189151840505,0.7447451970838899,1.0
14,1,anti,ko,-0.3502836525440216,0.0,0.0,0.48737373737373735,-0.3502836525440216,0.0,0.17538708150386811,0.22104823887348174,1,0.9847189151840505,0.7447451970838899,1.0
14,1,anti,pko,-0.3502836525440216,0.0,0.0,0.48737373737373735,-0.3502836525440216,0.0,0.1730286091566086,0.22352232187986373,1,0.9847189151840505,0.7447451970838899,1.0
14,2,controlled,none,0.22893494367599487,0.0,0.0,0.38099747474747475,0.2288074493408203,0.0,0.22345393896102905,0.17269070595502853,1,0.3103946119026119,0.5183731196642694,1.0
14,2,controlled,p,0.22893494367599487,0.0,0.0,0.38099747474747475,0.2288074493408203,0.0,0.20400599539279937,0.19214075058698654,1,0.3103946119026119,0.5183731196642694,1.0
14,2,controlled,k,0.22893494367599487,0.0,0.0,0.38099747474747475,0.2288074493408203,0.0,0.2489747077226639,0.14716630578041076,1,0.3103946119026119,0.5183731196642694,1.0
14,2,controlled,o,0.22893494367599487,0.0,0.0,0.380050505050505,0.2288074493408203,0.0,0.23372040688991547,0.16242481172084808,1,0.3103946119026119,0.5183731196642694,1.0
14,2,controlled,pk,0.22893494367599487,0.0,0.0,0.38099747474747475,0.2288074493408203,0.0,0.23030303418636322,0.16583963930606843,1,0.3103946119026119,0.5183731196642694,1.0
14,2,controlled,po,0.22893494367599487,0.0,0.0,0.380050505050505,0.2288074493408203,0.0,0.22261888086795806,0.17352839559316635,1,0.3103946119026119,0.5183731196642694,1.0
14,2,controlled,ko,0.22893494367599487,0.0,0.0,0.380050505050505,0.2288074493408203,0.0,0.2519210323691368,0.1442207247018814,1,0.3103946119026119,0.5183731196642694,1.0
14,2,controlled,pko,0.22893494367599487,0.0,0.0,0.380050505050505,0.2288074493408203,0.0,0.24100669026374816,0.15513678640127182,1,0.3103946119026119,0.5183731196642694,1.0
14,2,learned,none,0.22893494367599487,0.0,0.0,0.38099747474747475,0.2288074493408203,0.0,0.22345393896102905,0.17269070595502853,1,0.3103946119026119,0.5183731196642694,1.0
14,2,learned,p,0.22893494367599487,0.0,0.0,0.38099747474747475,0.2288074493408203,0.0,0.2125558838248253,0.18358415812253953,1,0.3103946119026119,0.5183731196642694,1.0
14,2,learned,k,0.22893494367599487,0.0,0.0,0.38099747474747475,0.2288074493408203,0.0,0.35172334015369416,0.044398624822497366,1,0.3103946119026119,0.5183731196642694,1.0
14,2,learned,o,0.22893494367599487,0.0,0.0,0.2048611111111111,0.2288074493408203,0.0,0.23156510144472123,0.16457673162221909,1,0.3103946119026119,0.5183731196642694,1.0
14,2,learned,pk,0.22893494367599487,0.0,0.0,0.38099747474747475,0.2288074493408203,0.0,0.34848591685295105,0.047634107805788514,1,0.3103946119026119,0.5183731196642694,1.0
14,2,learned,po,0.22893494367599487,0.0,0.0,0.2048611111111111,0.2288074493408203,0.0,0.22465739846229554,0.1714720755815506,1,0.3103946119026119,0.5183731196642694,1.0
14,2,learned,ko,0.22893494367599487,0.0,0.0,0.2048611111111111,0.2288074493408203,0.0,0.3509047418832779,0.04521681480109692,1,0.3103946119026119,0.5183731196642694,1.0
14,2,learned,pko,0.22893494367599487,0.0,0.0,0.2048611111111111,0.2288074493408203,0.0,0.35109786987304686,0.04501975439488888,1,0.3103946119026119,0.5183731196642694,1.0
14,2,shuffled,none,0.22893494367599487,0.0,0.0,0.38099747474747475,0.2288074493408203,0.0,0.22345393896102905,0.17269070595502853,1,0.3103946119026119,0.5183731196642694,1.0
14,2,shuffled,p,0.22893494367599487,0.0,0.0,0.38099747474747475,0.2288074493408203,0.0,0.2042037844657898,0.19194184690713884,1,0.3103946119026119,0.5183731196642694,1.0
14,2,shuffled,k,0.22893494367599487,0.0,0.0,0.38099747474747475,0.2288074493408203,0.0,0.24981168061494827,0.14632930606603622,1,0.3103946119026119,0.5183731196642694,1.0
14,2,shuffled,o,0.22893494367599487,0.0,0.0,0.3734217171717172,0.2288074493408203,0.0,0.23098295778036118,0.16516136080026628,1,0.3103946119026119,0.5183731196642694,1.0
14,2,shuffled,pk,0.22893494367599487,0.0,0.0,0.38099747474747475,0.2288074493408203,0.0,0.23104894459247588,0.16509276181459426,1,0.3103946119026119,0.5183731196642694,1.0
14,2,shuffled,po,0.22893494367599487,0.0,0.0,0.3734217171717172,0.2288074493408203,0.0,0.21918534487485886,0.17696034759283066,1,0.3103946119026119,0.5183731196642694,1.0
14,2,shuffled,ko,0.22893494367599487,0.0,0.0,0.3734217171717172,0.2288074493408203,0.0,0.2501694545149803,0.1459715783596039,1,0.3103946119026119,0.5183731196642694,1.0
14,2,shuffled,pko,0.22893494367599487,0.0,0.0,0.3734217171717172,0.2288074493408203,0.0,0.23851399570703508,0.15762816071510316,1,0.3103946119026119,0.5183731196642694,1.0
14,2,anti,none,0.22893494367599487,0.0,0.0,0.38099747474747475,0.2288074493408203,0.0,0.22345393896102905,0.17269070595502853,1,0.3103946119026119,0.5183731196642694,1.0
14,2,anti,p,0.22893494367599487,0.0,0.0,0.38099747474747475,0.2288074493408203,0.0,0.21739576756954193,0.17874983996152877,1,0.3103946119026119,0.5183731196642694,1.0
14,2,anti,k,0.22893494367599487,0.0,0.0,0.38099747474747475,0.2288074493408203,0.0,0.24335335940122604,0.15278802961111068,1,0.3103946119026119,0.5183731196642694,1.0
14,2,anti,o,0.22893494367599487,0.0,0.0,0.3816287878787879,0.2288074493408203,0.0,0.2170940652489662,0.17905084490776063,1,0.3103946119026119,0.5183731196642694,1.0
14,2,anti,pk,0.22893494367599487,0.0,0.0,0.38099747474747475,0.2288074493408203,0.0,0.23638044744729997,0.15976170301437378,1,0.3103946119026119,0.5183731196642694,1.0
14,2,anti,po,0.22893494367599487,0.0,0.0,0.3816287878787879,0.2288074493408203,0.0,0.2117800608277321,0.18436630666255951,1,0.3103946119026119,0.5183731196642694,1.0
14,2,anti,ko,0.22893494367599487,0.0,0.0,0.3816287878787879,0.2288074493408203,0.0,0.23634879440069198,0.15979279279708863,1,0.3103946119026119,0.5183731196642694,1.0
14,2,anti,pko,0.22893494367599487,0.0,0.0,0.3816287878787879,0.2288074493408203,0.0,0.23013533651828766,0.1660074695944786,1,0.3103946119026119,0.5183731196642694,1.0
14,3,controlled,none,1.046508550643921,0.0,0.0,0.017676767676767676,1.046508550643921,0.0,0.3335909277200699,0.06249782778322697,1,0.226571802946149,0.31585935025227674,1.0
14,3,controlled,p,1.046508550643921,0.0,0.0,0.017676767676767676,1.046508550643921,0.0,0.31102398931980135,0.08506465479731559,1,0.226571802946149,0.31585935025227674,1.0
14,3,controlled,k,1.046508550643921,0.0,0.0,0.017676767676767676,1.046508550643921,0.0,0.34969437718391416,0.04639497809112072,1,0.226571802946149,0.31585935025227674,1.0
14,3,controlled,o,1.046508550643921,0.0,0.0,0.017676767676767676,1.046508550643921,0.0,0.3518687665462494,0.044220028817653655,1,0.226571802946149,0.31585935025227674,1.0
14,3,controlled,pk,1.046508550643921,0.0,0.0,0.017676767676767676,1.046508550643921,0.0,0.33385522961616515,0.062233944237232205,1,0.226571802946149,0.31585935025227674,1.0
14,3,controlled,po,1.046508550643921,0.0,0.0,0.017676767676767676,1.046508550643921,0.0,0.34060111045837405,0.05548755563795567,1,0.226571802946149,0.31585935025227674,1.0
14,3,controlled,ko,1.046508550643921,0.0,0.0,0.017676767676767676,1.046508550643921,0.0,0.3617164880037308,0.034372894838452336,1,0.226571802946149,0.31585935025227674,1.0
14,3,controlled,pko,1.046508550643921,0.0,0.0,0.017676767676767676,1.046508550643921,0.0,0.3539991796016693,0.04209001921117306,1,0.226571802946149,0.31585935025227674,1.0
14,3,learned,none,1.046508550643921,0.0,0.0,0.017676767676767676,1.046508550643921,0.0,0.3335909277200699,0.06249782778322697,1,0.226571802946149,0.31585935025227674,1.0
14,3,learned,p,1.046508550643921,0.0,0.0,0.017676767676767676,1.046508550643921,0.0,0.33361057937145233,0.062478043138980865,1,0.226571802946149,0.31585935025227674,1.0
14,3,learned,k,1.046508550643921,0.0,0.0,0.017676767676767676,1.046508550643921,0.0,0.39140456914901733,0.004695807490497828,1,0.226571802946149,0.31585935025227674,1.0
14,3,learned,o,1.046508550643921,0.0,0.0,0.12247474747474747,1.046508550643921,0.0,0.34976342916488645,0.04632532447576523,1,0.226571802946149,0.31585935025227674,1.0
14,3,learned,pk,1.046508550643921,0.0,0.0,0.017676767676767676,1.046508550643921,0.0,0.3913145989179611,0.0047851518727838995,1,0.226571802946149,0.31585935025227674,1.0
14,3,learned,po,1.046508550643921,0.0,0.0,0.12247474747474747,1.046508550643921,0.0,0.3426425576210022,0.05344600118696689,1,0.226571802946149,0.31585935025227674,1.0
14,3,learned,ko,1.046508550643921,0.0,0.0,0.12247474747474747,1.046508550643921,0.0,0.3922452300786972,0.0038555919309146702,1,0.226571802946149,0.31585935025227674,1.0
14,3,learned,pko,1.046508550643921,0.0,0.0,0.12247474747474747,1.046508550643921,0.0,0.39184167981147766,0.004258365835994482,1,0.226571802946149,0.31585935025227674,1.0
14,3,shuffled,none,1.046508550643921,0.0,0.0,0.017676767676767676,1.046508550643921,0.0,0.3335909277200699,0.06249782778322697,1,0.226571802946149,0.31585935025227674,1.0
14,3,shuffled,p,1.046508550643921,0.0,0.0,0.017676767676767676,1.046508550643921,0.0,0.3312161237001419,0.06487246006727218,1,0.226571802946149,0.31585935025227674,1.0
14,3,shuffled,k,1.046508550643921,0.0,0.0,0.017676767676767676,1.046508550643921,0.0,0.34715828895568845,0.04893105495721102,1,0.226571802946149,0.31585935025227674,1.0
14,3,shuffled,o,1.046508550643921,0.0,0.0,0.012626262626262626,1.046508550643921,0.0,0.34060715436935424,0.055481626838445666,1,0.226571802946149,0.31585935025227674,1.0
14,3,shuffled,pk,1.046508550643921,0.0,0.0,0.017676767676767676,1.046508550643921,0.0,0.3460912823677063,0.04999783672392368,1,0.226571802946149,0.31585935025227674,1.0
14,3,shuffled,po,1.046508550643921,0.0,0.0,0.012626262626262626,1.046508550643921,0.0,0.3374852240085602,0.058603391796350476,1,0.226571802946149,0.31585935025227674,1.0
14,3,shuffled,ko,1.046508550643921,0.0,0.0,0.012626262626262626,1.046508550643921,0.0,0.3526455134153366,0.043443862721323966,1,0.226571802946149,0.31585935025227674,1.0
14,3,shuffled,pko,1.046508550643921,0.0,0.0,0.012626262626262626,1.046508550643921,0.0,0.3508904814720154,0.045198675617575644,1,0.226571802946149,0.31585935025227674,1.0
14,3,anti,none,1.046508550643921,0.0,0.0,0.017676767676767676,1.046508550643921,0.0,0.3335909277200699,0.06249782778322697,1,0.226571802946149,0.31585935025227674,1.0
14,3,anti,p,1.046508550643921,0.0,0.0,0.017676767676767676,1.046508550643921,0.0,0.3269370526075363,0.06915156096220017,1,0.226571802946149,0.31585935025227674,1.0
14,3,anti,k,1.046508550643921,0.0,0.0,0.017676767676767676,1.046508550643921,0.0,0.34814744293689726,0.047941886074841025,1,0.226571802946149,0.31585935025227674,1.0
14,3,anti,o,1.046508550643921,0.0,0.0,0.014835858585858586,1.046508550643921,0.0,0.3485278695821762,0.047560907527804376,1,0.226571802946149,0.31585935025227674,1.0
14,3,anti,pk,1.046508550643921,0.0,0.0,0.017676767676767676,1.046508550643921,0.0,0.3437733083963394,0.052315791696310045,1,0.226571802946149,0.31585935025227674,1.0
14,3,anti,po,1.046508550643921,0.0,0.0,0.014835858585858586,1.046508550643921,0.0,0.33781629204750063,0.05827233269810676,1,0.226571802946149,0.31585935025227674,1.0
14,3,anti,ko,1.046508550643921,0.0,0.0,0.014835858585858586,1.046508550643921,0.0,0.35951300859451296,0.03657634779810905,1,0.226571802946149,0.31585935025227674,1.0
14,3,anti,pko,1.046508550643921,0.0,0.0,0.014835858585858586,1.046508550643921,0.0,0.3523290425539017,0.043760084360837934,1,0.226571802946149,0.31585935025227674,1.0
15,1,controlled,none,0.05115747079253197,0.0,0.0,0.8273358585858586,0.05115747079253197,0.0,0.28737235963344576,0.1088531456887722,1,0.1774395745297511,0.7821512461045282,1.0
15,1,controlled,p,0.05115747079253197,0.0,0.0,0.8273358585858586,0.05115747079253197,0.0,0.2788402557373047,0.11739984974265098,1,0.1774395745297511,0.7821512461045282,1.0
15,1,controlled,k,0.05115747079253197,0.0,0.0,0.8273358585858586,0.05115747079253197,0.0,0.29886355996131897,0.09733000844717025,1,0.1774395745297511,0.7821512461045282,1.0
15,1,controlled,o,0.05115747079253197,0.0,0.0,0.8169191919191919,0.05115747079253197,0.0,0.28858034312725067,0.10764501616358757,1,0.1774395745297511,0.7821512461045282,1.0
15,1,controlled,pk,0.05115747079253197,0.0,0.0,0.8273358585858586,0.05115747079253197,0.0,0.29111596941947937,0.10508694052696228,1,0.1774395745297511,0.7821512461045282,1.0
15,1,controlled,po,0.05115747079253197,0.0,0.0,0.8169191919191919,0.05115747079253197,0.0,0.28151199221611023,0.11473175063729286,1,0.1774395745297511,0.7821512461045282,1.0
15,1,controlled,ko,0.05115747079253197,0.0,0.0,0.8169191919191919,0.05115747079253197,0.0,0.29906746447086335,0.09712702855467796,1,0.1774395745297511,0.7821512461045282,1.0
15,1,controlled,pko,0.05115747079253197,0.0,0.0,0.8169191919191919,0.05115747079253197,0.0,0.292387792468071,0.10381894707679748,1,0.1774395745297511,0.7821512461045282,1.0
15,1,learned,none,0.05115747079253197,0.0,0.0,0.8273358585858586,0.05115747079253197,0.0,0.28737235963344576,0.1088531456887722,1,0.1774395745297511,0.7821512461045282,1.0
15,1,learned,p,0.05115747079253197,0.0,0.0,0.8273358585858586,0.05115747079253197,0.0,0.2914709568023682,0.10474515855312347,1,0.1774395745297511,0.7821512461045282,1.0
15,1,learned,k,0.05115747079253197,0.0,0.0,0.8273358585858586,0.05115747079253197,0.0,0.35791583359241486,0.03821958228945732,1,0.1774395745297511,0.7821512461045282,1.0
15,1,learned,o,0.05115747079253197,0.0,0.0,0.4810606060606061,0.05115747079253197,0.0,0.2905277252197266,0.10569166615605355,1,0.1774395745297511,0.7821512461045282,1.0
15,1,learned,pk,0.051050639152526854,0.0,0.0,0.8273358585858586,0.05115747079253197,0.0,0.35926365852355957,0.03687155824154616,1,0.1774395745297511,0.7821512461045282,1.0
15,1,learned,po,0.05115747079253197,0.0,0.0,0.4810606060606061,0.05115747079253197,0.0,0.2913723558187485,0.1048690102994442,1,0.1774395745297511,0.7821512461045282,1.0
15,1,learned,ko,0.05115747079253197,0.0,0.0,0.4810606060606061,0.05115747079253197,0.0,0.3591204285621643,0.037013180740177634,1,0.1774395745297511,0.7821512461045282,1.0
15,1,learned,pko,0.051050639152526854,0.0,0.0,0.4810606060606061,0.05115747079253197,0.0,0.35870128571987153,0.037437024712562564,1,0.1774395745297511,0.7821512461045282,1.0
15,1,shuffled,none,0.05115747079253197,0.0,0.0,0.8273358585858586,0.05115747079253197,0.0,0.28737235963344576,0.1088531456887722,1,0.1774395745297511,0.7821512461045282,1.0
15,1,shuffled,p,0.05115747079253197,0.0,0.0,0.8273358585858586,0.05115747079253197,0.0,0.2842721909284592,0.11196939647197723,1,0.1774395745297511,0.7821512461045282,1.0
15,1,shuffled,k,0.05115747079253197,0.0,0.0,0.8273358585858586,0.05115747079253197,0.0,0.29878189861774446,0.09741400554776192,1,0.1774395745297511,0.7821512461045282,1.0
15,1,shuffled,o,0.05115747079253197,0.0,0.0,0.8393308080808081,0.05115747079253197,0.0,0.2875906854867935,0.10863498449325562,1,0.1774395745297511,0.7821512461045282,1.0
15,1,shuffled,pk,0.05115747079253197,0.0,0.0,0.8273358585858586,0.05115747079253197,0.0,0.2951993554830551,0.10100830271840096,1,0.1774395745297511,0.7821512461045282,1.0
15,1,shuffled,po,0.05115747079253197,0.0,0.0,0.8393308080808081,0.05115747079253197,0.0,0.28393703401088716,0.11230505630373955,1,0.1774395745297511,0.7821512461045282,1.0
15,1,shuffled,ko,0.05115747079253197,0.0,0.0,0.8393308080808081,0.05115747079253197,0.0,0.29899275600910186,0.09720322638750076,1,0.1774395745297511,0.7821512461045282,1.0
15,1,shuffled,pko,0.05115747079253197,0.0,0.0,0.8393308080808081,0.05115747079253197,0.0,0.2949238300323486,0.1012841820716858,1,0.1774395745297511,0.7821512461045282,1.0
15,1,anti,none,0.05115747079253197,0.0,0.0,0.8273358585858586,0.05115747079253197,0.0,0.28737235963344576,0.1088531456887722,1,0.1774395745297511,0.7821512461045282,1.0
15,1,anti,p,0.05115747079253197,0.0,0.0,0.8273358585858586,0.05115747079253197,0.0,0.28530195355415344,0.11094827800989152,1,0.1774395745297511,0.7821512461045282,1.0
15,1,anti,k,0.05115747079253197,0.0,0.0,0.8273358585858586,0.05115747079253197,0.0,0.29678904414176943,0.09940366819500923,1,0.1774395745297511,0.7821512461045282,1.0
15,1,anti,o,0.05115747079253197,0.0,0.0,0.8207070707070707,0.05115747079253197,0.0,0.2874848246574402,0.10874434188008308,1,0.1774395745297511,0.7821512461045282,1.0
15,1,anti,pk,0.05115747079253197,0.0,0.0,0.8273358585858586,0.05115747079253197,0.0,0.2943671107292175,0.10184098482131958,1,0.1774395745297511,0.7821512461045282,1.0
15,1,anti,po,0.05115747079253197,0.0,0.0,0.8207070707070707,0.05115747079253197,0.0,0.2852025330066681,0.11105832681059838,1,0.1774395745297511,0.7821512461045282,1.0
15,1,anti,ko,0.05115747079253197,0.0,0.0,0.8207070707070707,0.05115747079253197,0.0,0.29651022851467135,0.0996849574148655,1,0.1774395745297511,0.7821512461045282,1.0
15,1,anti,pko,0.05115747079253197,0.0,0.0,0.8207070707070707,0.05115747079253197,0.0,0.2939482361078262,0.10226691216230392,1,0.1774395745297511,0.7821512461045282,1.0
15,2,controlled,none,0.29233691096305847,0.0,0.0,0.5202020202020202,0.29233691096305847,0.0,0.29778812229633334,0.09832215383648872,1,0.2241531898250605,0.5592556692607018,1.0
15,2,controlled,p,0.29233691096305847,0.0,0.0,0.5202020202020202,0.29233691096305847,0.0,0.2883855104446411,0.1077246494591236,1,0.2241531898250605,0.5592556692607018,1.0
15,2,controlled,k,0.29233691096305847,0.0,0.0,0.5202020202020202,0.29233691096305847,0.0,0.31514463424682615,0.08096510283648968,1,0.2241531898250605,0.5592556692607018,1.0
15,2,controlled,o,0.29233691096305847,0.0,0.0,0.48579545454545453,0.29233691096305847,0.0,0.29603416919708253,0.1000767968595028,1,0.2241531898250605,0.5592556692607018,1.0
15,2,controlled,pk,0.29233691096305847,0.0,0.0,0.5202020202020202,0.29233691096305847,0.0,0.3047426551580429,0.09136689975857734,1,0.2241531898250605,0.5592556692607018,1.0
15,2,controlled,po,0.29233691096305847,0.0,0.0,0.48579545454545453,0.29233691096305847,0.0,0.29024257361888883,0.10586830675601959,1,0.2241531898250605,0.5592556692607018,1.0
15,2,controlled,ko,0.29233691096305847,0.0,0.0,0.48579545454545453,0.29233691096305847,0.0,0.3080024927854538,0.08810803592205048,1,0.2241531898250605,0.5592556692607018,1.0
15,2,controlled,pko,0.29233691096305847,0.0,0.0,0.48579545454545453,0.29233691096305847,0.0,0.3018541246652603,0.09425630420446396,1,0.2241531898250605,0.5592556692607018,1.0
15,2,learned,none,0.29233691096305847,0.0,0.0,0.5202020202020202,0.29233691096305847,0.0,0.29778812229633334,0.09832215383648872,1,0.2241531898250605,0.5592556692607018,1.0
15,2,learned,p,0.29233691096305847,0.0,0.0,0.5202020202020202,0.29233691096305847,0.0,0.29077787697315216,0.10532643795013427,1,0.2241531898250605,0.5592556692607018,1.0
15,2,learned,k,0.29233691096305847,0.0,0.0,0.5202020202020202,0.29233691096305847,0.0,0.3769154936075211,0.019198284763842822,1,0.2241531898250605,0.5592556692607018,1.0
15,2,learned,o,0.29233691096305847,0.0,0.0,0.20422979797979798,0.29233691096305847,0.0,0.29090106189250947,0.1052084743976593,1,0.2241531898250605,0.5592556692607018,1.0
15,2,learned,pk,0.29233691096305847,0.0,0.0,0.5202020202020202,0.29233691096305847,0.0,0.3774608552455902,0.018650210835039614,1,0.2241531898250605,0.5592556692607018,1.0
15,2,learned,po,0.29233691096305847,0.0,0.0,0.20422979797979798,0.29233691096305847,0.0,0.2839641094207764,0.11214196532964707,1,0.2241531898250605,0.5592556692607018,1.0
15,2,learned,ko,0.29233691096305847,0.0,0.0,0.20422979797979798,0.29233691096305847,0.0,0.37291554510593417,0.02319781146943569,1,0.2241531898250605,0.5592556692607018,1.0
15,2,learned,pko,0.29233691096305847,0.0,0.0,0.20422979797979798,0.29233691096305847,0.0,0.3731274247169495,0.022984357178211214,1,0.2241531898250605,0.5592556692607018,1.0
15,2,shuffled,none,0.29233691096305847,0.0,0.0,0.5202020202020202,0.29233691096305847,0.0,0.29778812229633334,0.09832215383648872,1,0.2241531898250605,0.5592556692607018,1.0
15,2,shuffled,p,0.29233691096305847,0.0,0.0,0.5202020202020202,0.29233691096305847,0.0,0.2913053721189499,0.10480294451117515,1,0.2241531898250605,0.5592556692607018,1.0
15,2,shuffled,k,0.29233691096305847,0.0,0.0,0.5202020202020202,0.29233691096305847,0.0,0.311138191819191,0.08497156836092472,1,0.2241531898250605,0.5592556692607018,1.0
15,2,shuffled,o,0.29233691096305847,0.0,0.0,0.5135732323232324,0.29233691096305847,0.0,0.29465516209602355,0.10145513340830803,1,0.2241531898250605,0.5592556692607018,1.0
15,2,shuffled,pk,0.29233691096305847,0.0,0.0,0.5202020202020202,0.29233691096305847,0.0,0.3037976622581482,0.09231070801615715,1,0.2241531898250605,0.5592556692607018,1.0
15,2,shuffled,po,0.29233691096305847,0.0,0.0,0.5135732323232324,0.29233691096305847,0.0,0.29064433872699735,0.10546409413218498,1,0.2241531898250605,0.5592556692607018,1.0
15,2,shuffled,ko,0.29233691096305847,0.0,0.0,0.5135732323232324,0.29233691096305847,0.0,0.30547555088996886,0.09063433110713959,1,0.2241531898250605,0.5592556692607018,1.0
15,2,shuffled,pko,0.29233691096305847,0.0,0.0,0.5135732323232324,0.29233691096305847,0.0,0.3005646049976349,0.09554398506879806,1,0.2241531898250605,0.5592556692607018,1.0
15,2,anti,none,0.29233691096305847,0.0,0.0,0.5202020202020202,0.29233691096305847,0.0,0.29778812229633334,0.09832215383648872,1,0.2241531898250605,0.5592556692607018,1.0
15,2,anti,p,0.29233691096305847,0.0,0.0,0.5202020202020202,0.29233691096305847,0.0,0.28871781527996065,0.10739189684391022,1,0.2241531898250605,0.5592556692607018,1.0
15,2,anti,k,0.29233691096305847,0.0,0.0,0.5202020202020202,0.29233691096305847,0.0,0.30423114597797396,0.09187911450862885,1,0.2241531898250605,0.5592556692607018,1.0
15,2,anti,o,0.29233691096305847,0.0,0.0,0.4876893939393939,0.29233691096305847,0.0,0.2941931664943695,0.10191795080900193,1,0.2241531898250605,0.5592556692607018,1.0
15,2,anti,pk,0.29233691096305847,0.0,0.0,0.5202020202020202,0.29233691096305847,0.0,0.2983265399932861,0.09778315052390099,1,0.2241531898250605,0.5592556692607018,1.0
15,2,anti,po,0.29233691096305847,0.0,0.0,0.4876893939393939,0.29233691096305847,0.0,0.28625362515449526,0.10985691845417023,1,0.2241531898250605,0.5592556692607018,1.0
15,2,anti,ko,0.29233691096305847,0.0,0.0,0.4876893939393939,0.29233691096305847,0.0,0.3002053201198578,0.09590571448206901,1,0.2241531898250605,0.5592556692607018,1.0
15,2,anti,pko,0.29233691096305847,0.0,0.0,0.4876893939393939,0.29233691096305847,0.0,0.29528898000717163,0.10082149133086205,1,0.2241531898250605,0.5592556692607018,1.0
15,3,controlled,none,0.11851919442415237,0.0,0.0,0.51010101010101,0.11851919442415237,0.0,0.2494509443640709,0.14671120941638946,1,0.7541181231840017,0.6294508140891213,1.0
15,3,controlled,p,0.11851919442415237,0.0,0.0,0.51010101010101,0.11851919442415237,0.0,0.2354869142174721,0.160672315210104,1,0.7541181231840017,0.6294508140891213,1.0
15,3,controlled,k,0.11851919442415237,0.0,0.0,0.51010101010101,0.11851919442415237,0.0,0.2827504500746727,0.11339850649237633,1,0.7541181231840017,0.6294508140891213,1.0
15,3,controlled,o,0.11851919442415237,0.0,0.0,0.5164141414141414,0.11851919442415237,0.0,0.22812730967998504,0.1680317312479019,1,0.7541181231840017,0.6294508140891213,1.0
15,3,controlled,pk,0.11851919442415237,0.0,0.0,0.51010101010101,0.11851919442415237,0.0,0.26137799471616746,0.13477012217044831,1,0.7541181231840017,0.6294508140891213,1.0
15,3,controlled,po,0.11851919442415237,0.0,0.0,0.5164141414141414,0.11851919442415237,0.0,0.22801479399204255,0.1681423544883728,1,0.7541181231840017,0.6294508140891213,1.0
15,3,controlled,ko,0.11851919442415237,0.0,0.0,0.5164141414141414,0.11851919442415237,0.0,0.24273140579462052,0.15341708213090896,1,0.7541181231840017,0.6294508140891213,1.0
15,3,controlled,pko,0.11851919442415237,0.0,0.0,0.5164141414141414,0.11851919442415237,0.0,0.2387829154729843,0.1573659174144268,1,0.7541181231840017,0.6294508140891213,1.0
15,3,learned,none,0.11851919442415237,0.0,0.0,0.51010101010101,0.11851919442415237,0.0,0.2494509443640709,0.14671120941638946,1,0.7541181231840017,0.6294508140891213,1.0
15,3,learned,p,0.11851919442415237,0.0,0.0,0.51010101010101,0.11851919442415237,0.0,0.23889956176280974,0.15725970566272734,1,0.7541181231840017,0.6294508140891213,1.0
15,3,learned,k,0.11851919442415237,0.0,0.0,0.51010101010101,0.11851919442415237,0.0,0.37152309715747833,0.024598801601678134,1,0.7541181231840017,0.6294508140891213,1.0
15,3,learned,o,0.11851919442415237,0.0,0.0,0.1846590909090909,0.11851919442415237,0.0,0.23185007274150848,0.1643090710043907,1,0.7541181231840017,0.6294508140891213,1.0
15,3,learned,pk,0.11851919442415237,0.0,0.0,0.51010101010101,0.11851919442415237,0.0,0.3671612054109573,0.028959142323583365,1,0.7541181231840017,0.6294508140891213,1.0
15,3,learned,po,0.11851919442415237,0.0,0.0,0.1846590909090909,0.11851919442415237,0.0,0.20535819381475448,0.19077102839946747,1,0.7541181231840017,0.6294508140891213,1.0
15,3,learned,ko,0.11851919442415237,0.0,0.0,0.1846590909090909,0.11851919442415237,0.0,0.36352425813674927,0.0325956579297781,1,0.7541181231840017,0.6294508140891213,1.0
15,3,learned,pko,0.11851919442415237,0.0,0.0,0.1846590909090909,0.11851919442415237,0.0,0.35381661355495453,0.04229879509657621,1,0.7541181231840017,0.6294508140891213,1.0
15,3,shuffled,none,0.11851919442415237,0.0,0.0,0.51010101010101,0.11851919442415237,0.0,0.2494509443640709,0.14671120941638946,1,0.7541181231840017,0.6294508140891213,1.0
15,3,shuffled,p,0.11851919442415237,0.0,0.0,0.51010101010101,0.11851919442415237,0.0,0.23862699866294862,0.15753564536571502,1,0.7541181231840017,0.6294508140891213,1.0
15,3,shuffled,k,0.11851919442415237,0.0,0.0,0.51010101010101,0.11851919442415237,0.0,0.268769308924675,0.1273827411234379,1,0.7541181231840017,0.6294508140891213,1.0
15,3,shuffled,o,0.11851919442415237,0.0,0.0,0.5157828282828283,0.11851919442415237,0.0,0.23010662347078323,0.16605456471443175,1,0.7541181231840017,0.6294508140891213,1.0
15,3,shuffled,pk,0.11851919442415237,0.0,0.0,0.51010101010101,0.11851919442415237,0.0,0.2588021606206894,0.13735166937112808,1,0.7541181231840017,0.6294508140891213,1.0
15,3,shuffled,po,0.11851919442415237,0.0,0.0,0.5157828282828283,0.11851919442415237,0.0,0.22380430996418,0.17235920578241348,1,0.7541181231840017,0.6294508140891213,1.0
15,3,shuffled,ko,0.11851919442415237,0.0,0.0,0.5157828282828283,0.11851919442415237,0.0,0.2423510804772377,0.1538002148270607,1,0.7541181231840017,0.6294508140891213,1.0
15,3,shuffled,pko,0.11851919442415237,0.0,0.0,0.5157828282828283,0.11851919442415237,0.0,0.2368889793753624,0.15926562249660492,1,0.7541181231840017,0.6294508140891213,1.0
15,3,anti,none,0.11851919442415237,0.0,0.0,0.51010101010101,0.11851919442415237,0.0,0.2494509443640709,0.14671120941638946,1,0.7541181231840017,0.6294508140891213,1.0
15,3,anti,p,0.11851919442415237,0.0,0.0,0.51010101010101,0.11851919442415237,0.0,0.23624181747436523,0.15998557209968567,1,0.7541181231840017,0.6294508140891213,1.0
15,3,anti,k,0.11851919442415237,0.0,0.0,0.51010101010101,0.11851919442415237,0.0,0.26680192947387693,0.12935016080737113,1,0.7541181231840017,0.6294508140891213,1.0
15,3,anti,o,0.11851919442415237,0.0,0.0,0.5220959595959596,0.11851919442415237,0.0,0.2547201901674271,0.14144009798765184,1,0.7541181231840017,0.6294508140891213,1.0
15,3,anti,pk,0.11851919442415237,0.0,0.0,0.51010101010101,0.11851919442415237,0.0,0.25491463094949723,0.1412459895014763,1,0.7541181231840017,0.6294508140891213,1.0
15,3,anti,po,0.11851919442415237,0.0,0.0,0.5220959595959596,0.11851919442415237,0.0,0.24052530378103257,0.15570187866687774,1,0.7541181231840017,0.6294508140891213,1.0
15,3,anti,ko,0.11851919442415237,0.0,0.0,0.5220959595959596,0.11851919442415237,0.0,0.27388180494308473,0.12226873412728309,1,0.7541181231840017,0.6294508140891213,1.0
15,3,anti,pko,0.11851919442415237,0.0,0.0,0.5220959595959596,0.11851919442415237,0.0,0.26091841161251067,0.13524196445941924,1,0.7541181231840017,0.6294508140891213,1.0
16,1,controlled,none,1.0652248859405518,0.0,0.0,0.05303030303030303,1.0652248859405518,0.0,0.34323843121528624,0.05284927301108837,1,0.08951529655929541,0.5505608524319413,1.0
16,1,controlled,p,1.0652248859405518,0.0,0.0,0.05303030303030303,1.0652248859405518,0.0,0.3328952699899673,0.06319262534379959,1,0.08951529655929541,0.5505608524319413,1.0
16,1,controlled,k,1.0652248859405518,0.0,0.0,0.05303030303030303,1.0652248859405518,0.0,0.35376053154468534,0.04232768304646015,1,0.08951529655929541,0.5505608524319413,1.0
16,1,controlled,o,1.0652248859405518,0.0,0.0,0.06407828282828283,1.0652248859405518,0.0,0.3421410948038101,0.053946612775325774,1,0.08951529655929541,0.5505608524319413,1.0
16,1,controlled,pk,1.0652248859405518,0.0,0.0,0.05303030303030303,1.0652248859405518,0.0,0.34540141820907594,0.05068695582449436,1,0.08951529655929541,0.5505608524319413,1.0
16,1,controlled,po,1.0652248859405518,0.0,0.0,0.06407828282828283,1.0652248859405518,0.0,0.3309367269277573,0.06515118330717087,1,0.08951529655929541,0.5505608524319413,1.0
16,1,controlled,ko,1.0652248859405518,0.0,0.0,0.06407828282828283,1.0652248859405518,0.0,0.35316788852214814,0.04292030707001686,1,0.08951529655929541,0.5505608524319413,1.0
16,1,controlled,pko,1.0652248859405518,0.0,0.0,0.06407828282828283,1.0652248859405518,0.0,0.34408930540084837,0.051999063789844514,1,0.08951529655929541,0.5505608524319413,1.0
16,1,learned,none,1.0652248859405518,0.0,0.0,0.05303030303030303,1.0652248859405518,0.0,0.34323843121528624,0.05284927301108837,1,0.08951529655929541,0.5505608524319413,1.0
16,1,learned,p,1.0652248859405518,0.0,0.0,0.05303030303030303,1.0652248859405518,0.0,0.3534823089838028,0.04260590691119433,1,0.08951529655929541,0.5505608524319413,1.0
16,1,learned,k,1.0652248859405518,0.0,0.0,0.05303030303030303,1.0652248859405518,0.0,0.3891450434923172,0.006951264035888016,1,0.08951529655929541,0.5505608524319413,1.0
16,1,learned,o,1.0652248859405518,0.0,0.0,0.18686868686868688,1.0652248859405518,0.0,0.3402771592140198,0.055810580402612685,1,0.08951529655929541,0.5505608524319413,1.0
16,1,learned,pk,1.0652248859405518,0.0,0.0,0.05303030303030303,1.0652248859405518,0.0,0.3902247577905655,0.005870986194349825,1,0.08951529655929541,0.5505608524319413,1.0
16,1,learned,po,1.0652248859405518,0.0,0.0,0.18686868686868688,1.0652248859405518,0.0,0.33343164920806884,0.06265659108757973,1,0.08951529655929541,0.5505608524319413,1.0
16,1,learned,ko,1.0652248859405518,0.0,0.0,0.18686868686868688,1.0652248859405518,0.0,0.3894668221473694,0.006629827665165067,1,0.08951529655929541,0.5505608524319413,1.0
16,1,learned,pko,1.0652248859405518,0.0,0.0,0.18686868686868688,1.0652248859405518,0.0,0.3883051335811615,0.007790817087516189,1,0.08951529655929541,0.5505608524319413,1.0
16,1,shuffled,none,1.0652248859405518,0.0,0.0,0.05303030303030303,1.0652248859405518,0.0,0.34323843121528624,0.05284927301108837,1,0.08951529655929541,0.5505608524319413,1.0
16,1,shuffled,p,1.0652248859405518,0.0,0.0,0.05303030303030303,1.0652248859405518,0.0,0.3464990437030792,0.04958839528262615,1,0.08951529655929541,0.5505608524319413,1.0
16,1,shuffled,k,1.0652248859405518,0.0,0.0,0.05303030303030303,1.0652248859405518,0.0,0.35444129407405855,0.04164683036506176,1,0.08951529655929541,0.5505608524319413,1.0
16,1,shuffled,o,1.0652248859405518,0.0,0.0,0.06092171717171717,1.0652248859405518,0.0,0.3262906104326248,0.06979705840349197,1,0.08951529655929541,0.5505608524319413,1.0
16,1,shuffled,pk,1.0652248859405518,0.0,0.0,0.05303030303030303,1.0652248859405518,0.0,0.3551595568656921,0.04092826992273331,1,0.08951529655929541,0.5505608524319413,1.0
16,1,shuffled,po,1.0652248859405518,0.0,0.0,0.06092171717171717,1.0652248859405518,0.0,0.33001886010169984,0.06606856398284436,1,0.08951529655929541,0.5505608524319413,1.0
16,1,shuffled,ko,1.0652248859405518,0.0,0.0,0.06092171717171717,1.0652248859405518,0.0,0.33907850086688995,0.05700958073139191,1,0.08951529655929541,0.5505608524319413,1.0
16,1,shuffled,pko,1.0652248859405518,0.0,0.0,0.06092171717171717,1.0652248859405518,0.0,0.34035309255123136,0.05573469735682011,1,0.08951529655929541,0.5505608524319413,1.0
16,1,anti,none,1.0652248859405518,0.0,0.0,0.05303030303030303,1.0652248859405518,0.0,0.34323843121528624,0.05284927301108837,1,0.08951529655929541,0.5505608524319413,1.0
16,1,anti,p,1.0652248859405518,0.0,0.0,0.05303030303030303,1.0652248859405518,0.0,0.33830315470695493,0.057784403860569,1,0.08951529655929541,0.5505608524319413,1.0
16,1,anti,k,1.0652248859405518,0.0,0.0,0.05303030303030303,1.0652248859405518,0.0,0.3539361089468002,0.04215202145278454,1,0.08951529655929541,0.5505608524319413,1.0
16,1,anti,o,1.0652248859405518,0.0,0.0,0.07007575757575757,1.0652248859405518,0.0,0.3397713840007782,0.05631633140146732,1,0.08951529655929541,0.5505608524319413,1.0
16,1,anti,pk,1.0652248859405518,0.0,0.0,0.05303030303030303,1.0652248859405518,0.0,0.3508087396621704,0.04527916125953198,1,0.08951529655929541,0.5505608524319413,1.0
16,1,anti,po,1.0652248859405518,0.0,0.0,0.07007575757575757,1.0652248859405518,0.0,0.33365208804607394,0.062435486167669293,1,0.08951529655929541,0.5505608524319413,1.0
16,1,anti,ko,1.0652248859405518,0.0,0.0,0.07007575757575757,1.0652248859405518,0.0,0.34997844099998476,0.04610971137881279,1,0.08951529655929541,0.5505608524319413,1.0
16,1,anti,pko,1.0652248859405518,0.0,0.0,0.07007575757575757,1.0652248859405518,0.0,0.34628074765205386,0.049807166680693626,1,0.08951529655929541,0.5505608524319413,1.0
16,2,controlled,none,-0.8650553703308106,0.0,0.001,0.0716540404040404,-0.8712266683578491,0.0,0.21360927820205688,0.1879500389099121,1,0.08652285606198924,0.30686969589167995,1.0
16,2,controlled,p,-0.8579816699028016,0.0,0.001,0.0716540404040404,-0.8629046678543091,0.0,0.2056833788752556,0.20179141014814378,1,0.08652285606198924,0.30686969589167995,1.0
16,2,controlled,k,-0.8675519704818726,0.0,0.001,0.0716540404040404,-0.8712266683578491,0.0,0.23833647817373277,0.15983618050813675,1,0.08652285606198924,0.30686969589167995,1.0
16,2,controlled,o,-0.8650553703308106,0.0,0.001,0.06786616161616162,-0.8712266683578491,0.0,0.21247790306806563,0.18906497955322266,1,0.08652285606198924,0.30686969589167995,1.0
16,2,controlled,pk,-0.8658875703811646,0.0,0.001,0.0716540404040404,-0.8712266683578491,0.0,0.22742158621549607,0.17247319966554642,1,0.08652285606198924,0.30686969589167995,1.0
16,2,controlled,po,-0.8617265701293946,0.0,0.001,0.06786616161616162,-0.8712266683578491,0.0,0.2064102441072464,0.19964486956596375,1,0.08652285606198924,0.30686969589167995,1.0
16,2,controlled,ko,-0.8675519704818726,0.0,0.001,0.06786616161616162,-0.8712266683578491,0.0,0.23372152894735337,0.16472727060317993,1,0.08652285606198924,0.30686969589167995,1.0
16,2,controlled,pko,-0.8658875703811646,0.0,0.001,0.06786616161616162,-0.8712266683578491,0.0,0.22567216157913209,0.17431823611259462,1,0.08652285606198924,0.30686969589167995,1.0
16,2,learned,none,-0.8650553703308106,0.0,0.001,0.0716540404040404,-0.8712266683578491,0.0,0.21360927820205688,0.1879500389099121,1,0.08652285606198924,0.30686969589167995,1.0
16,2,learned,p,-0.8658875703811646,0.0,0.001,0.0716540404040404,-0.8712266683578491,0.0,0.21599480956792833,0.18358879685401916,1,0.08652285606198924,0.30686969589167995,1.0
16,2,learned,k,-0.8706376194953919,0.0,0.0005,0.0716540404040404,-0.8712266683578491,0.0,0.3574493020772934,0.03875745441764593,1,0.08652285606198924,0.30686969589167995,1.0
16,2,learned,o,-0.862870728969574,0.0,0.001,0.20012626262626262,-0.8712266683578491,0.0,0.20483712255954742,0.19925060421228408,1,0.08652285606198924,0.30686969589167995,1.0
16,2,learned,pk,-0.8706376194953919,0.0,0.0005,0.0716540404040404,-0.8712266683578491,0.0,0.3612849056720734,0.03490860741585493,1,0.08652285606198924,0.30686969589167995,1.0
16,2,learned,po,-0.8650553703308106,0.0,0.001,0.20012626262626262,-0.854582667350769,0.0,0.20529768466949463,0.19699134081602096,1,0.08652285606198924,0.30686969589167995,1.0
16,2,learned,ko,-0.8706376194953919,0.0,0.0005,0.20012626262626262,-0.8712266683578491,0.0,0.36041379272937774,0.035786669701337814,1,0.08652285606198924,0.30686969589167995,1.0
16,2,learned,pko,-0.8706376194953919,0.0,0.0005,0.20012626262626262,-0.8712266683578491,0.0,0.36360461413860323,0.03259028801694512,1,0.08652285606198924,0.30686969589167995,1.0
16,2,shuffled,none,-0.8650553703308106,0.0,0.001,0.0716540404040404,-0.8712266683578491,0.0,0.21360927820205688,0.1879500389099121,1,0.08652285606198924,0.30686969589167995,1.0
16,2,shuffled,p,-0.8642231702804566,0.0,0.001,0.0716540404040404,-0.8712266683578491,0.0,0.20334552228450775,0.1998431369662285,1,0.08652285606198924,0.30686969589167995,1.0
16,2,shuffled,k,-0.8658875703811646,0.0,0.001,0.0716540404040404,-0.8712266683578491,0.0,0.23247946202754974,0.1666192516684532,1,0.08652285606198924,0.30686969589167995,1.0
16,2,shuffled,o,-0.8650553703308106,0.0,0.001,0.06660353535353536,-0.8712266683578491,0.0,0.2105471283197403,0.1916104644536972,1,0.08652285606198924,0.30686969589167995,1.0
16,2,shuffled,pk,-0.8658875703811646,0.0,0.001,0.0716540404040404,-0.8712266683578491,0.0,0.2226942151784897,0.1771973341703415,1,0.08652285606198924,0.30686969589167995,1.0
16,2,shuffled,po,-0.8642231702804566,0.0,0.001,0.06660353535353536,-0.8712266683578491,0.0,0.2040226012468338,0.19991435706615449,1,0.08652285606198924,0.30686969589167995,1.0
16,2,shuffled,ko,-0.8658875703811646,0.0,0.001,0.06660353535353536,-0.8712266683578491,0.0,0.22876246571540831,0.17063346803188323,1,0.08652285606198924,0.30686969589167995,1.0
16,2,shuffled,pko,-0.8658875703811646,0.0,0.001,0.06660353535353536,-0.8712266683578491,0.0,0.22184441536664962,0.17840979248285294,1,0.08652285606198924,0.30686969589167995,1.0
16,2,anti,none,-0.8650553703308106,0.0,0.001,0.0716540404040404,-0.8712266683578491,0.0,0.21360927820205688,0.1879500389099121,1,0.08652285606198924,0.30686969589167995,1.0
16,2,anti,p,-0.8650553703308106,0.0,0.001,0.0716540404040404,-0.8712266683578491,0.0,0.20069600492715836,0.2011704370379448,1,0.08652285606198924,0.30686969589167995,1.0
16,2,anti,k,-0.8658875703811646,0.0,0.001,0.0716540404040404,-0.8712266683578491,0.0,0.23007926791906358,0.1690850153565407,1,0.08652285606198924,0.30686969589167995,1.0
16,2,anti,o,-0.8650553703308106,0.0,0.001,0.06186868686868687,-0.8712266683578491,0.0,0.2100570559501648,0.1921093285083771,1,0.08652285606198924,0.30686969589167995,1.0
16,2,anti,pk,-0.8658875703811646,0.0,0.001,0.0716540404040404,-0.8712266683578491,0.0,0.2192396491765976,0.1800733670592308,1,0.08652285606198924,0.30686969589167995,1.0
16,2,anti,po,-0.8650553703308106,0.0,0.001,0.06186868686868687,-0.8712266683578491,0.0,0.20083661526441574,0.20165090411901473,1,0.08652285606198924,0.30686969589167995,1.0
16,2,anti,ko,-0.8658875703811646,0.0,0.001,0.06186868686868687,-0.8712266683578491,0.0,0.2260903686285019,0.17341082096099852,1,0.08652285606198924,0.30686969589167995,1.0
16,2,anti,pko,-0.8658875703811646,0.0,0.001,0.06186868686868687,-0.8712266683578491,0.0,0.21809588968753815,0.18156376332044602,1,0.08652285606198924,0.30686969589167995,1.0
16,3,controlled,none,0.7939805388450623,0.0,0.0,0.1414141414141414,0.7939805388450623,0.0,0.20191238671541215,0.19417946934700012,1,1.7101480474837327,0.5760410548016215,1.0
16,3,controlled,p,0.7939805388450623,0.0,0.0,0.1414141414141414,0.7939805388450623,0.0,0.19748868197202682,0.19860616326332092,1,1.7101480474837327,0.5760410548016215,1.0
16,3,controlled,k,0.7939805388450623,0.0,0.0,0.1414141414141414,0.7939805388450623,0.0,0.21027929335832596,0.18581302613019943,1,1.7101480474837327,0.5760410548016215,1.0
16,3,controlled,o,0.7939805388450623,0.0,0.0,0.1581439393939394,0.7939805388450623,0.0,0.20178457498550414,0.19430738538503647,1,1.7101480474837327,0.5760410548016215,1.0
16,3,controlled,pk,0.7939805388450623,0.0,0.0,0.1414141414141414,0.7939805388450623,0.0,0.20677696466445922,0.18931672871112823,1,1.7101480474837327,0.5760410548016215,1.0
16,3,controlled,po,0.7939805388450623,0.0,0.0,0.1581439393939394,0.7939805388450623,0.0,0.19731355011463164,0.19878137111663818,1,1.7101480474837327,0.5760410548016215,1.0
16,3,controlled,ko,0.7939805388450623,0.0,0.0,0.1581439393939394,0.7939805388450623,0.0,0.2102895900607109,0.1858028545975685,1,1.7101480474837327,0.5760410548016215,1.0
16,3,controlled,pko,0.7939805388450623,0.0,0.0,0.1581439393939394,0.7939805388450623,0.0,0.2067050576210022,0.18938874453306198,1,1.7101480474837327,0.5760410548016215,1.0
16,3,learned,none,0.7939805388450623,0.0,0.0,0.1414141414141414,0.7939805388450623,0.0,0.20191238671541215,0.19417946934700012,1,1.7101480474837327,0.5760410548016215,1.0
16,3,learned,p,0.7939805388450623,0.0,0.0,0.1414141414141414,0.7939805388450623,0.0,0.19771988391876222,0.19836983680725098,1,1.7101480474837327,0.5760410548016215,1.0
16,3,learned,k,0.7939805388450623,0.0,0.0,0.1414141414141414,0.7939805388450623,0.0,0.3410662323236465,0.05503832064568996,1,1.7101480474837327,0.5760410548016215,1.0
16,3,learned,o,0.7939805388450623,0.0,0.0,0.15593434343434343,0.7939805388450623,0.0,0.19565694332122802,0.20043529570102692,1,1.7101480474837327,0.5760410548016215,1.0
16,3,learned,pk,0.7939805388450623,0.0,0.0,0.1414141414141414,0.7939805388450623,0.0,0.3394844800233841,0.05661791525781155,1,1.7101480474837327,0.5760410548016215,1.0
16,3,learned,po,0.7939805388450623,0.0,0.0,0.15593434343434343,0.7939805388450623,0.0,0.18651487827301025,0.2095755472779274,1,1.7101480474837327,0.5760410548016215,1.0
16,3,learned,ko,0.7939805388450623,0.0,0.0,0.15593434343434343,0.7939805388450623,0.0,0.3598853588104248,0.036221213452517984,1,1.7101480474837327,0.5760410548016215,1.0
16,3,learned,pko,0.7939805388450623,0.0,0.0,0.15593434343434343,0.7939805388450623,0.0,0.3485860139131546,0.04751862213015556,1,1.7101480474837327,0.5760410548016215,1.0
16,3,shuffled,none,0.7939805388450623,0.0,0.0,0.1414141414141414,0.7939805388450623,0.0,0.20191238671541215,0.19417946934700012,1,1.7101480474837327,0.5760410548016215,1.0
16,3,shuffled,p,0.7939805388450623,0.0,0.0,0.1414141414141414,0.7939805388450623,0.0,0.19416565895080568,0.20192603766918182,1,1.7101480474837327,0.5760410548016215,1.0
16,3,shuffled,k,0.7939805388450623,0.0,0.0,0.1414141414141414,0.7939805388450623,0.0,0.20959577709436417,0.18649654984474182,1,1.7101480474837327,0.5760410548016215,1.0
16,3,shuffled,o,0.7939805388450623,0.0,0.0,0.19476010101010102,0.7939805388450623,0.0,0.20126819759607315,0.19482375979423522,1,1.7101480474837327,0.5760410548016215,1.0
16,3,shuffled,pk,0.7939805388450623,0.0,0.0,0.1414141414141414,0.7939805388450623,0.0,0.20493215769529344,0.19115985780954362,1,1.7101480474837327,0.5760410548016215,1.0
16,3,shuffled,po,0.7939805388450623,0.0,0.0,0.19476010101010102,0.7939805388450623,0.0,0.19367244690656663,0.20241940170526504,1,1.7101480474837327,0.5760410548016215,1.0
16,3,shuffled,ko,0.7939805388450623,0.0,0.0,0.19476010101010102,0.7939805388450623,0.0,0.2085465043783188,0.18754592388868332,1,1.7101480474837327,0.5760410548016215,1.0
16,3,shuffled,pko,0.7939805388450623,0.0,0.0,0.19476010101010102,0.7939805388450623,0.0,0.2040416955947876,0.1920504704117775,1,1.7101480474837327,0.5760410548016215,1.0
16,3,anti,none,0.7939805388450623,0.0,0.0,0.1414141414141414,0.7939805388450623,0.0,0.20191238671541215,0.19417946934700012,1,1.7101480474837327,0.5760410548016215,1.0
16,3,anti,p,0.7939805388450623,0.0,0.0,0.1414141414141414,0.7939805388450623,0.0,0.19295631498098373,0.20313456356525422,1,1.7101480474837327,0.5760410548016215,1.0
16,3,anti,k,0.7939805388450623,0.0,0.0,0.1414141414141414,0.7939805388450623,0.0,0.21685909628868102,0.17923338264226912,1,1.7101480474837327,0.5760410548016215,1.0
16,3,anti,o,0.7939805388450623,0.0,0.0,0.1672979797979798,0.7939805388450623,0.0,0.20211579352617265,0.19397611767053605,1,1.7101480474837327,0.5760410548016215,1.0
16,3,anti,pk,0.7939805388450623,0.0,0.0,0.1414141414141414,0.7939805388450623,0.0,0.20855436623096466,0.1875372275710106,1,1.7101480474837327,0.5760410548016215,1.0
16,3,anti,po,0.7939805388450623,0.0,0.0,0.1672979797979798,0.7939805388450623,0.0,0.19438625425100325,0.20170468986034393,1,1.7101480474837327,0.5760410548016215,1.0
16,3,anti,ko,0.7939805388450623,0.0,0.0,0.1672979797979798,0.7939805388450623,0.0,0.21614841669797896,0.17994410842657088,1,1.7101480474837327,0.5760410548016215,1.0
16,3,anti,pko,0.7939805388450623,0.0,0.0,0.1672979797979798,0.7939805388450623,0.0,0.20899079591035843,0.1871008589863777,1,1.7101480474837327,0.5760410548016215,1.0
17,1,controlled,none,0.22946743071079254,0.0,0.0,0.21369949494949494,0.2289569079875946,0.0,0.07896534353494644,0.3191555172204971,1,0.0505119993137641,1.1299275860386586,1.0
17,1,controlled,p,0.22997795343399047,0.0,0.0,0.21369949494949494,0.2289569079875946,0.0,0.09522770792245865,0.30305864214897155,1,0.0505119993137641,1.1299275860386586,1.0
17,1,controlled,k,0.22946743071079254,0.0,0.0,0.21369949494949494,0.2289569079875946,0.0,0.126028573513031,0.2712002396583557,1,0.0505119993137641,1.1299275860386586,1.0
17,1,controlled,o,0.22946743071079254,0.0,0.0,0.19507575757575757,0.2289569079875946,0.0,0.07625022530555725,0.3217249155044556,1,0.0505119993137641,1.1299275860386586,1.0
17,1,controlled,pk,0.22946743071079254,0.0,0.0,0.21369949494949494,0.2289569079875946,0.0,0.127303134649992,0.27001538723707197,1,0.0505119993137641,1.1299275860386586,1.0
17,1,controlled,po,0.22946743071079254,0.0,0.0,0.19507575757575757,0.2289569079875946,0.0,0.08930045291781426,0.30881684124469755,1,0.0505119993137641,1.1299275860386586,1.0
17,1,controlled,ko,0.22946743071079254,0.0,0.0,0.19507575757575757,0.2289569079875946,0.0,0.10867668315768242,0.2886899322271347,1,0.0505119993137641,1.1299275860386586,1.0
17,1,controlled,pko,0.22946743071079254,0.0,0.0,0.19507575757575757,0.2289569079875946,0.0,0.11449932157993317,0.28295789659023285,1,0.0505119993137641,1.1299275860386586,1.0
17,1,learned,none,0.22946743071079254,0.0,0.0,0.21369949494949494,0.2289569079875946,0.0,0.07896534353494644,0.3191555172204971,1,0.0505119993137641,1.1299275860386586,1.0
17,1,learned,p,0.22997795343399047,0.0,0.0,0.21369949494949494,0.2289569079875946,0.0,0.09083233252167702,0.3070262774825096,1,0.0505119993137641,1.1299275860386586,1.0
17,1,learned,k,0.2289569079875946,0.0,0.0,0.21369949494949494,0.2289569079875946,0.0,0.3124422520399094,0.08371789976954461,1,0.0505119993137641,1.1299275860386586,1.0
17,1,learned,o,0.22946743071079254,0.0,0.0,0.2048611111111111,0.2289569079875946,0.0,0.0845564566552639,0.3133608102798462,1,0.0505119993137641,1.1299275860386586,1.0
17,1,learned,pk,0.2289569079875946,0.0,0.0,0.21369949494949494,0.2289569079875946,0.0,0.3128339767456055,0.08332160711288453,1,0.0505119993137641,1.1299275860386586,1.0
17,1,learned,po,0.22921216785907744,0.0,0.0,0.2048611111111111,0.23406212031841278,0.0,0.07705628275871276,0.322217720746994,1,0.0505119993137641,1.1299275860386586,1.0
17,1,learned,ko,0.2289569079875946,0.0,0.0,0.2048611111111111,0.2289569079875946,0.0,0.35350537300109863,0.04262999650090933,1,0.0505119993137641,1.1299275860386586,1.0
17,1,learned,pko,0.2289569079875946,0.0,0.0,0.2048611111111111,0.2289569079875946,0.0,0.3528612405061722,0.04327426310628653,1,0.0505119993137641,1.1299275860386586,1.0
17,1,shuffled,none,0.22946743071079254,0.0,0.0,0.21369949494949494,0.2289569079875946,0.0,0.07896534353494644,0.3191555172204971,1,0.0505119993137641,1.1299275860386586,1.0
17,1,shuffled,p,0.23227530270814895,0.0,0.0,0.21369949494949494,0.23406212031841278,0.0,0.043382794968783854,0.36120869070291517,1,0.0505119993137641,1.1299275860386586,1.0
17,1,shuffled,k,0.2289569079875946,0.0,0.0,0.21369949494949494,0.2289569079875946,0.0,0.13449359759688378,0.2621153324842453,1,0.0505119993137641,1.1299275860386586,1.0
17,1,shuffled,o,0.22946743071079254,0.0,0.0,0.1846590909090909,0.2289569079875946,0.0,0.07847569957375526,0.31961110830307005,1,0.0505119993137641,1.1299275860386586,1.0
17,1,shuffled,pk,0.22946743071079254,0.0,0.0,0.21369949494949494,0.2289569079875946,0.0,0.0946152850985527,0.30291742980480196,1,0.0505119993137641,1.1299275860386586,1.0
17,1,shuffled,po,0.22997795343399047,0.0,0.0,0.1846590909090909,0.2289569079875946,0.0,0.06370388828217984,0.33557785749435426,1,0.0505119993137641,1.1299275860386586,1.0
17,1,shuffled,ko,0.22946743071079254,0.0,0.0,0.1846590909090909,0.2289569079875946,0.0,0.11035680696368218,0.28675850927829744,1,0.0505119993137641,1.1299275860386586,1.0
17,1,shuffled,pko,0.22946743071079254,0.0,0.0,0.1846590909090909,0.2289569079875946,0.0,0.09281350150704384,0.3048064783215523,1,0.0505119993137641,1.1299275860386586,1.0
17,1,anti,none,0.22946743071079254,0.0,0.0,0.21369949494949494,0.2289569079875946,0.0,0.07896534353494644,0.3191555172204971,1,0.0505119993137641,1.1299275860386586,1.0
17,1,anti,p,0.24301138371229172,0.0,0.002,0.21369949494949494,0.23406212031841278,0.0,0.0778014212846756,0.3431014358997345,1,0.0505119993137641,1.1299275860386586,1.0
17,1,anti,k,0.2289569079875946,0.0,0.0,0.21369949494949494,0.2289569079875946,0.0,0.1504478484392166,0.2459598734974861,1,0.0505119993137641,1.1299275860386586,1.0
17,1,anti,o,0.22946743071079254,0.0,0.0,0.1919191919191919,0.2289569079875946,0.0,0.0739072509109974,0.3241375952959061,1,0.0505119993137641,1.1299275860386586,1.0
17,1,anti,pk,0.22946743071079254,0.0,0.0,0.21369949494949494,0.2289569079875946,0.0,0.12586091160774232,0.2717116639018059,1,0.0505119993137641,1.1299275860386586,1.0
17,1,anti,po,0.23023321330547333,0.0,0.0,0.1919191919191919,0.2289569079875946,0.0,0.06930824741721153,0.32984364628791807,1,0.0505119993137641,1.1299275860386586,1.0
17,1,anti,ko,0.22946743071079254,0.0,0.0,0.1919191919191919,0.2289569079875946,0.0,0.11327635496854782,0.2838364988565445,1,0.0505119993137641,1.1299275860386586,1.0
17,1,anti,pko,0.22946743071079254,0.0,0.0,0.1919191919191919,0.2289569079875946,0.0,0.1043906718492508,0.293188089132309,1,0.0505119993137641,1.1299275860386586,1.0
17,2,controlled,none,0.3929928243160248,0.0,0.0,0.37247474747474746,0.3929928243160248,0.0,0.2551318719983101,0.14097791761159897,1,0.757065712052638,0.5646425012429965,1.0
17,2,controlled,p,0.3929928243160248,0.0,0.0,0.37247474747474746,0.3929928243160248,0.0,0.24793384671211244,0.14818624332547187,1,0.757065712052638,0.5646425012429965,1.0
17,2,controlled,k,0.3929928243160248,0.0,0.0,0.37247474747474746,0.3929928243160248,0.0,0.2767026096582413,0.11940674856305122,1,0.757065712052638,0.5646425012429965,1.0
17,2,controlled,o,0.3929928243160248,0.0,0.0,0.3658459595959596,0.3929928243160248,0.0,0.25236970037221906,0.14374014213681222,1,0.757065712052638,0.5646425012429965,1.0
17,2,controlled,pk,0.3929928243160248,0.0,0.0,0.37247474747474746,0.3929928243160248,0.0,0.26859510838985445,0.1275165371596813,1,0.757065712052638,0.5646425012429965,1.0
17,2,controlled,po,0.3929928243160248,0.0,0.0,0.3658459595959596,0.3929928243160248,0.0,0.24614667892456055,0.14997376278042793,1,0.757065712052638,0.5646425012429965,1.0
17,2,controlled,ko,0.3929928243160248,0.0,0.0,0.3658459595959596,0.3929928243160248,0.0,0.27186286449432373,0.12424653023481369,1,0.757065712052638,0.5646425012429965,1.0
17,2,controlled,pko,0.3929928243160248,0.0,0.0,0.3658459595959596,0.3929928243160248,0.0,0.2647326558828354,0.1313793070614338,1,0.757065712052638,0.5646425012429965,1.0
17,2,learned,none,0.3929928243160248,0.0,0.0,0.37247474747474746,0.3929928243160248,0.0,0.2551318719983101,0.14097791761159897,1,0.757065712052638,0.5646425012429965,1.0
17,2,learned,p,0.3929928243160248,0.0,0.0,0.37247474747474746,0.3929928243160248,0.0,0.26906542778015136,0.12703245207667352,1,0.757065712052638,0.5646425012429965,1.0
17,2,learned,k,0.3929928243160248,0.0,0.0,0.37247474747474746,0.3929928243160248,0.0,0.37873304486274717,0.01737926062196493,1,0.757065712052638,0.5646425012429965,1.0
17,2,learned,o,0.3929928243160248,0.0,0.0,0.20517676767676768,0.3929928243160248,0.0,0.24566379934549332,0.15044565200805665,1,0.757065712052638,0.5646425012429965,1.0
17,2,learned,pk,0.3929928243160248,0.0,0.0,0.37247474747474746,0.3929928243160248,0.0,0.38004353940486907,0.016064775176346302,1,0.757065712052638,0.5646425012429965,1.0
17,2,learned,po,0.3929928243160248,0.0,0.0,0.20517676767676768,0.3929928243160248,0.0,0.24013905078172684,0.15595580488443375,1,0.757065712052638,0.5646425012429965,1.0
17,2,learned,ko,0.3929928243160248,0.0,0.0,0.20517676767676768,0.3929928243160248,0.0,0.3799497902393341,0.016162766329944133,1,0.757065712052638,0.5646425012429965,1.0
17,2,learned,pko,0.3929928243160248,0.0,0.0,0.20517676767676768,0.3929928243160248,0.0,0.3789697289466858,0.017137626372277736,1,0.757065712052638,0.5646425012429965,1.0
17,2,shuffled,none,0.3929928243160248,0.0,0.0,0.37247474747474746,0.3929928243160248,0.0,0.2551318719983101,0.14097791761159897,1,0.757065712052638,0.5646425012429965,1.0
17,2,shuffled,p,0.3929928243160248,0.0,0.0,0.37247474747474746,0.3929928243160248,0.0,0.24676962643861772,0.14933827593922616,1,0.757065712052638,0.5646425012429965,1.0
17,2,shuffled,k,0.3929928243160248,0.0,0.0,0.37247474747474746,0.3929928243160248,0.0,0.273012113571167,0.12309697046875953,1,0.757065712052638,0.5646425012429965,1.0
17,2,shuffled,o,0.3929928243160248,0.0,0.0,0.3835227272727273,0.3929928243160248,0.0,0.2509242847561836,0.14518518447875978,1,0.757065712052638,0.5646425012429965,1.0
17,2,shuffled,pk,0.3929928243160248,0.0,0.0,0.37247474747474746,0.3929928243160248,0.0,0.2654249757528305,0.1306828022003174,1,0.757065712052638,0.5646425012429965,1.0
17,2,shuffled,po,0.3929928243160248,0.0,0.0,0.3835227272727273,0.3929928243160248,0.0,0.2452695295214653,0.15083815157413483,1,0.757065712052638,0.5646425012429965,1.0
17,2,shuffled,ko,0.3929928243160248,0.0,0.0,0.3835227272727273,0.3929928243160248,0.0,0.2673656105995178,0.1287432387471199,1,0.757065712052638,0.5646425012429965,1.0
17,2,shuffled,pko,0.3929928243160248,0.0,0.0,0.3835227272727273,0.3929928243160248,0.0,0.2618391364812851,0.13426851630210876,1,0.757065712052638,0.5646425012429965,1.0
17,2,anti,none,0.3929928243160248,0.0,0.0,0.37247474747474746,0.3929928243160248,0.0,0.2551318719983101,0.14097791761159897,1,0.757065712052638,0.5646425012429965,1.0
17,2,anti,p,0.3929928243160248,0.0,0.0,0.37247474747474746,0.3929928243160248,0.0,0.24220015555620195,0.1539078935980797,1,0.757065712052638,0.5646425012429965,1.0
17,2,anti,k,0.3929928243160248,0.0,0.0,0.37247474747474746,0.3929928243160248,0.0,0.27310376465320585,0.12300535663962364,1,0.757065712052638,0.5646425012429965,1.0
17,2,anti,o,0.3929928243160248,0.0,0.0,0.3648989898989899,0.3929928243160248,0.0,0.2537665873765945,0.1423428475856781,1,0.757065712052638,0.5646425012429965,1.0
17,2,anti,pk,0.3929928243160248,0.0,0.0,0.37247474747474746,0.3929928243160248,0.0,0.2628639876842499,0.13324381187558174,1,0.757065712052638,0.5646425012429965,1.0
17,2,anti,po,0.3929928243160248,0.0,0.0,0.3648989898989899,0.3929928243160248,0.0,0.24565023183822632,0.15045773833990098,1,0.757065712052638,0.5646425012429965,1.0
17,2,anti,ko,0.3929928243160248,0.0,0.0,0.3648989898989899,0.3929928243160248,0.0,0.2689525842666626,0.12715630680322648,1,0.757065712052638,0.5646425012429965,1.0
17,2,anti,pko,0.3929928243160248,0.0,0.0,0.3648989898989899,0.3929928243160248,0.0,0.2623046964406967,0.13380314782261848,1,0.757065712052638,0.5646425012429965,1.0
17,3,controlled,none,0.2683584690093994,0.0,0.0,0.4239267676767677,0.2683584690093994,0.0,0.32340585589408877,0.07271774709224701,1,0.08321320787488501,0.6257324129927324,1.0
17,3,controlled,p,0.2683584690093994,0.0,0.0,0.4239267676767677,0.2683584690093994,0.0,0.31181533336639405,0.08430810570716858,1,0.08321320787488501,0.6257324129927324,1.0
17,3,controlled,k,0.2683584690093994,0.0,0.0,0.4239267676767677,0.2683584690093994,0.0,0.33295133113861086,0.06316988468170166,1,0.08321320787488501,0.6257324129927324,1.0
17,3,controlled,o,0.2683584690093994,0.0,0.0,0.4466540404040404,0.2683584690093994,0.0,0.32367401123046874,0.07245021685957909,1,0.08321320787488501,0.6257324129927324,1.0
17,3,controlled,pk,0.2683584690093994,0.0,0.0,0.4239267676767677,0.2683584690093994,0.0,0.3245822131633759,0.07153861299157142,1,0.08321320787488501,0.6257324129927324,1.0
17,3,controlled,po,0.2683584690093994,0.0,0.0,0.4466540404040404,0.2683584690093994,0.0,0.31159336268901827,0.08453088402748107,1,0.08321320787488501,0.6257324129927324,1.0
17,3,controlled,ko,0.2683584690093994,0.0,0.0,0.4466540404040404,0.2683584690093994,0.0,0.3325526624917984,0.06356903612613678,1,0.08321320787488501,0.6257324129927324,1.0
17,3,controlled,pko,0.2683584690093994,0.0,0.0,0.4466540404040404,0.2683584690093994,0.0,0.3238576501607895,0.07226382195949554,1,0.08321320787488501,0.6257324129927324,1.0
17,3,learned,none,0.2683584690093994,0.0,0.0,0.4239267676767677,0.2683584690093994,0.0,0.32340585589408877,0.07271774709224701,1,0.08321320787488501,0.6257324129927324,1.0
17,3,learned,p,0.2683584690093994,0.0,0.0,0.4239267676767677,0.2683584690093994,0.0,0.3195453703403473,0.07657156735658646,1,0.08321320787488501,0.6257324129927324,1.0
17,3,learned,k,0.2683584690093994,0.0,0.0,0.4239267676767677,0.2683584690093994,0.0,0.38689700663089754,0.009216482331976295,1,0.08321320787488501,0.6257324129927324,1.0
17,3,learned,o,0.2683584690093994,0.0,0.0,0.1900252525252525,0.2683584690093994,0.0,0.3150682806968689,0.0810533907264471,1,0.08321320787488501,0.6257324129927324,1.0
17,3,learned,pk,0.2683584690093994,0.0,0.0,0.4239267676767677,0.2683584690093994,0.0,0.3865243703126907,0.009587425971403718,1,0.08321320787488501,0.6257324129927324,1.0
17,3,learned,po,0.2683584690093994,0.0,0.0,0.1900252525252525,0.2683584690093994,0.0,0.30705049335956575,0.08905883319675922,1,0.08321320787488501,0.6257324129927324,1.0
17,3,learned,ko,0.2683584690093994,0.0,0.0,0.1900252525252525,0.2683584690093994,0.0,0.3852791666984558,0.01083445930853486,1,0.08321320787488501,0.6257324129927324,1.0
17,3,learned,pko,0.2683584690093994,0.0,0.0,0.1900252525252525,0.2683584690093994,0.0,0.3837819516658783,0.012328089494258166,1,0.08321320787488501,0.6257324129927324,1.0
17,3,shuffled,none,0.2683584690093994,0.0,0.0,0.4239267676767677,0.2683584690093994,0.0,0.32340585589408877,0.07271774709224701,1,0.08321320787488501,0.6257324129927324,1.0
17,3,shuffled,p,0.2683584690093994,0.0,0.0,0.4239267676767677,0.2683584690093994,0.0,0.31939636170864105,0.07673261910676957,1,0.08321320787488501,0.6257324129927324,1.0
17,3,shuffled,k,0.2683584690093994,0.0,0.0,0.4239267676767677,0.2683584690093994,0.0,0.33124102652072906,0.06488052904605865,1,0.08321320787488501,0.6257324129927324,1.0
17,3,shuffled,o,0.2683584690093994,0.0,0.0,0.44349747474747475,0.2683584690093994,0.0,0.32291012108325956,0.07321276664733886,1,0.08321320787488501,0.6257324129927324,1.0
17,3,shuffled,pk,0.2683584690093994,0.0,0.0,0.4239267676767677,0.2683584690093994,0.0,0.3283454835414886,0.06777896843850613,1,0.08321320787488501,0.6257324129927324,1.0
17,3,shuffled,po,0.2683584690093994,0.0,0.0,0.44349747474747475,0.2683584690093994,0.0,0.31900650858879087,0.07712139412760735,1,0.08321320787488501,0.6257324129927324,1.0
17,3,shuffled,ko,0.2683584690093994,0.0,0.0,0.44349747474747475,0.2683584690093994,0.0,0.33070382177829744,0.06541712023317814,1,0.08321320787488501,0.6257324129927324,1.0
17,3,shuffled,pko,0.2683584690093994,0.0,0.0,0.44349747474747475,0.2683584690093994,0.0,0.3278757333755493,0.06824783124029636,1,0.08321320787488501,0.6257324129927324,1.0
17,3,anti,none,0.2683584690093994,0.0,0.0,0.4239267676767677,0.2683584690093994,0.0,0.32340585589408877,0.07271774709224701,1,0.08321320787488501,0.6257324129927324,1.0
17,3,anti,p,0.2683584690093994,0.0,0.0,0.4239267676767677,0.2683584690093994,0.0,0.3155112236738205,0.08061668649315834,1,0.08321320787488501,0.6257324129927324,1.0
17,3,anti,k,0.2683584690093994,0.0,0.0,0.4239267676767677,0.2683584690093994,0.0,0.3335930794477463,0.06252827458083629,1,0.08321320787488501,0.6257324129927324,1.0
17,3,anti,o,0.2683584690093994,0.0,0.0,0.4375,0.2683584690093994,0.0,0.32119077146053315,0.07493329830467702,1,0.08321320787488501,0.6257324129927324,1.0
17,3,anti,pk,0.2683584690093994,0.0,0.0,0.4239267676767677,0.2683584690093994,0.0,0.3260409623384476,0.07008319683372974,1,0.08321320787488501,0.6257324129927324,1.0
17,3,anti,po,0.2683584690093994,0.0,0.0,0.4375,0.2683584690093994,0.0,0.31495692431926725,0.08117272406816482,1,0.08321320787488501,0.6257324129927324,1.0
17,3,anti,ko,0.2683584690093994,0.0,0.0,0.4375,0.2683584690093994,0.0,0.3307203561067581,0.06540126539766788,1,0.08321320787488501,0.6257324129927324,1.0
17,3,anti,pko,0.2683584690093994,0.0,0.0,0.4375,0.2683584690093994,0.0,0.3246169060468674,0.07150856144726277,1,0.08321320787488501,0.6257324129927324,1.0
18,1,controlled,none,-0.12197601050138474,0.0,0.0,0.16382575757575757,-0.12197601050138474,0.0,0.26401992738246916,0.1324419006705284,1,0.7125273147977603,0.32582008636098875,1.0
18,1,controlled,p,-0.12197601050138474,0.0,0.0,0.16382575757575757,-0.12197601050138474,0.0,0.253651487827301,0.14282340034842492,1,0.7125273147977603,0.32582008636098875,1.0
18,1,controlled,k,-0.12197601050138474,0.0,0.0,0.16382575757575757,-0.12197601050138474,0.0,0.2870901167392731,0.10930309928953648,1,0.7125273147977603,0.32582008636098875,1.0
18,1,controlled,o,-0.12197601050138474,0.0,0.0,0.18813131313131312,-0.12197601050138474,0.0,0.2580191373825073,0.13844707384705543,1,0.7125273147977603,0.32582008636098875,1.0
18,1,controlled,pk,-0.12197601050138474,0.0,0.0,0.16382575757575757,-0.12197601050138474,0.0,0.2751547425985336,0.12125863917171956,1,0.7125273147977603,0.32582008636098875,1.0
18,1,controlled,po,-0.12197601050138474,0.0,0.0,0.18813131313131312,-0.12197601050138474,0.0,0.2500348210334778,0.14644654244184493,1,0.7125273147977603,0.32582008636098875,1.0
18,1,controlled,ko,-0.12197601050138474,0.0,0.0,0.18813131313131312,-0.12197601050138474,0.0,0.2792777895927429,0.11711804606020451,1,0.7125273147977603,0.32582008636098875,1.0
18,1,controlled,pko,-0.12197601050138474,0.0,0.0,0.18813131313131312,-0.12197601050138474,0.0,0.26952188909053804,0.1268956758081913,1,0.7125273147977603,0.32582008636098875,1.0
18,1,learned,none,-0.12197601050138474,0.0,0.0,0.16382575757575757,-0.12197601050138474,0.0,0.26401992738246916,0.1324419006705284,1,0.7125273147977603,0.32582008636098875,1.0
18,1,learned,p,-0.12197601050138474,0.0,0.0,0.16382575757575757,-0.12197601050138474,0.0,0.26578947305679324,0.1315874397754669,1,0.7125273147977603,0.32582008636098875,1.0
18,1,learned,k,-0.12197601050138474,0.0,0.0,0.16382575757575757,-0.12197601050138474,0.0,0.37254639267921447,0.023604405485093592,1,0.7125273147977603,0.32582008636098875,1.0
18,1,learned,o,-0.12197601050138474,0.0,0.0,0.1745580808080808,-0.12197601050138474,0.0,0.2638233512639999,0.13260850682854652,1,0.7125273147977603,0.32582008636098875,1.0
18,1,learned,pk,-0.12197601050138474,0.0,0.0,0.16382575757575757,-0.12197601050138474,0.0,0.3717214673757553,0.024456318840384482,1,0.7125273147977603,0.32582008636098875,1.0
18,1,learned,po,-0.12197601050138474,0.0,0.0,0.1745580808080808,-0.12197601050138474,0.0,0.2506145238876343,0.14582765698432923,1,0.7125273147977603,0.32582008636098875,1.0
18,1,learned,ko,-0.12197601050138474,0.0,0.0,0.1745580808080808,-0.12197601050138474,0.0,0.3785418480634689,0.017600193433463574,1,0.7125273147977603,0.32582008636098875,1.0
18,1,learned,pko,-0.12197601050138474,0.0,0.0,0.1745580808080808,-0.12197601050138474,0.0,0.3749187380075455,0.02122659459710121,1,0.7125273147977603,0.32582008636098875,1.0
18,1,shuffled,none,-0.12197601050138474,0.0,0.0,0.16382575757575757,-0.12197601050138474,0.0,0.26401992738246916,0.1324419006705284,1,0.7125273147977603,0.32582008636098875,1.0
18,1,shuffled,p,-0.12180951088666916,0.0,0.0,0.16382575757575757,-0.12197601050138474,0.0,0.24828566908836364,0.14849141612648964,1,0.7125273147977603,0.32582008636098875,1.0
18,1,shuffled,k,-0.12197601050138474,0.0,0.0,0.16382575757575757,-0.12197601050138474,0.0,0.2849873751401901,0.11136304438114167,1,0.7125273147977603,0.32582008636098875,1.0
18,1,shuffled,o,-0.12197601050138474,0.0,0.0,0.1865530303030303,-0.12197601050138474,0.0,0.2606576204299927,0.1357978031039238,1,0.7125273147977603,0.32582008636098875,1.0
18,1,shuffled,pk,-0.12197601050138474,0.0,0.0,0.16382575757575757,-0.12197601050138474,0.0,0.27006776332855226,0.1263651020824909,1,0.7125273147977603,0.32582008636098875,1.0
18,1,shuffled,po,-0.12180951088666916,0.0,0.0,0.1865530303030303,-0.12197601050138474,0.0,0.24635192304849624,0.15036801248788834,1,0.7125273147977603,0.32582008636098875,1.0
18,1,shuffled,ko,-0.12197601050138474,0.0,0.0,0.1865530303030303,-0.12197601050138474,0.0,0.28080464601516725,0.11555820032954216,1,0.7125273147977603,0.32582008636098875,1.0
18,1,shuffled,pko,-0.12197601050138474,0.0,0.0,0.1865530303030303,-0.12197601050138474,0.0,0.2671764701604843,0.12924873530864717,1,0.7125273147977603,0.32582008636098875,1.0
18,1,anti,none,-0.12197601050138474,0.0,0.0,0.16382575757575757,-0.12197601050138474,0.0,0.26401992738246916,0.1324419006705284,1,0.7125273147977603,0.32582008636098875,1.0
18,1,anti,p,-0.12197601050138474,0.0,0.0,0.16382575757575757,-0.12197601050138474,0.0,0.2599859327077866,0.136692126840353,1,0.7125273147977603,0.32582008636098875,1.0
18,1,anti,k,-0.12197601050138474,0.0,0.0,0.16382575757575757,-0.12197601050138474,0.0,0.276113885641098,0.12023940086364746,1,0.7125273147977603,0.32582008636098875,1.0
18,1,anti,o,-0.12197601050138474,0.0,0.0,0.17866161616161616,-0.12197601050138474,0.0,0.26192585974931715,0.1345229208469391,1,0.7125273147977603,0.32582008636098875,1.0
18,1,anti,pk,-0.12197601050138474,0.0,0.0,0.16382575757575757,-0.12197601050138474,0.0,0.27282257080078126,0.12360959574580192,1,0.7125273147977603,0.32582008636098875,1.0
18,1,anti,po,-0.12197601050138474,0.0,0.0,0.17866161616161616,-0.12197601050138474,0.0,0.25805440843105315,0.1385492727160454,1,0.7125273147977603,0.32582008636098875,1.0
18,1,anti,ko,-0.12197601050138474,0.0,0.0,0.17866161616161616,-0.12197601050138474,0.0,0.2740725427865982,0.12229365929961204,1,0.7125273147977603,0.32582008636098875,1.0
18,1,anti,pko,-0.12197601050138474,0.0,0.0,0.17866161616161616,-0.12197601050138474,0.0,0.2708702653646469,0.12554769590497017,1,0.7125273147977603,0.32582008636098875,1.0
18,2,controlled,none,0.9879672527313232,0.0,0.0,0.6237373737373737,0.9879672527313232,0.0,0.14264413192868233,0.2534575551748276,1,0.7120482409303073,1.25,1.0
18,2,controlled,p,0.9879672527313232,0.0,0.0,0.6237373737373737,0.9879672527313232,0.0,0.12387549877166748,0.27222869694232943,1,0.7120482409303073,1.25,1.0
18,2,controlled,k,0.9879672527313232,0.0,0.0,0.6237373737373737,0.9879672527313232,0.0,0.17826727628707886,0.21783386021852494,1,0.7120482409303073,1.25,1.0
18,2,controlled,o,0.9879672527313232,0.0,0.0,0.5975378787878788,0.9879672527313232,0.0,0.18973322957754135,0.20636989325284957,1,0.7120482409303073,1.25,1.0
18,2,controlled,pk,0.9879672527313232,0.0,0.0,0.6237373737373737,0.9879672527313232,0.0,0.15479642674326896,0.24130572080612184,1,0.7120482409303073,1.25,1.0
18,2,controlled,po,0.9879672527313232,0.0,0.0,0.5975378787878788,0.9879672527313232,0.0,0.18407917618751526,0.21202659904956817,1,0.7120482409303073,1.25,1.0
18,2,controlled,ko,0.9879672527313232,0.0,0.0,0.5975378787878788,0.9879672527313232,0.0,0.2038697823882103,0.1922329217195511,1,0.7120482409303073,1.25,1.0
18,2,controlled,pko,0.9879672527313232,0.0,0.0,0.5975378787878788,0.9879672527313232,0.0,0.1978575646877289,0.19824640154838563,1,0.7120482409303073,1.25,1.0
18,2,learned,none,0.9879672527313232,0.0,0.0,0.6237373737373737,0.9879672527313232,0.0,0.14264413192868233,0.2534575551748276,1,0.7120482409303073,1.25,1.0
18,2,learned,p,0.9879672527313232,0.0,0.0,0.6237373737373737,0.9879672527313232,0.0,0.15597987473011016,0.24011532962322235,1,0.7120482409303073,1.25,1.0
18,2,learned,k,0.9879672527313232,0.0,0.0,0.6237373737373737,0.9879672527313232,0.0,0.32339498698711394,0.0727090697735548,1,0.7120482409303073,1.25,1.0
18,2,learned,o,0.9879672527313232,0.0,0.0,0.21054292929292928,0.9879672527313232,0.0,0.18576433062553405,0.21033870726823806,1,0.7120482409303073,1.25,1.0
18,2,learned,pk,0.9879672527313232,0.0,0.0,0.6237373737373737,0.9879672527313232,0.0,0.3273052781820297,0.06879647970199584,1,0.7120482409303073,1.25,1.0
18,2,learned,po,0.9879672527313232,0.0,0.0,0.21054292929292928,0.9879672527313232,0.0,0.1974067434668541,0.1986861675977707,1,0.7120482409303073,1.25,1.0
18,2,learned,ko,0.9879672527313232,0.0,0.0,0.21054292929292928,0.9879672527313232,0.0,0.34342471957206727,0.052681354060769084,1,0.7120482409303073,1.25,1.0
18,2,learned,pko,0.9879672527313232,0.0,0.0,0.21054292929292928,0.9879672527313232,0.0,0.3413672685623169,0.05473545379936695,1,0.7120482409303073,1.25,1.0
18,2,shuffled,none,0.9879672527313232,0.0,0.0,0.6237373737373737,0.9879672527313232,0.0,0.14264413192868233,0.2534575551748276,1,0.7120482409303073,1.25,1.0
18,2,shuffled,p,0.9879672527313232,0.0,0.0,0.6237373737373737,0.9879672527313232,0.0,0.11224801763892174,0.28385344296693804,1,0.7120482409303073,1.25,1.0
18,2,shuffled,k,0.9879672527313232,0.0,0.0,0.6237373737373737,0.9879672527313232,0.0,0.21366239190101624,0.18243764191865922,1,0.7120482409303073,1.25,1.0
18,2,shuffled,o,0.9879672527313232,0.0,0.0,0.5909090909090909,0.9879672527313232,0.0,0.19034382849931716,0.20575910210609435,1,0.7120482409303073,1.25,1.0
18,2,shuffled,pk,0.9879672527313232,0.0,0.0,0.6237373737373737,0.9879672527313232,0.0,0.16517207473516465,0.23092708736658096,1,0.7120482409303073,1.25,1.0
18,2,shuffled,po,0.9879672527313232,0.0,0.0,0.5909090909090909,0.9879672527313232,0.0,0.1807965651154518,0.21530638933181762,1,0.7120482409303073,1.25,1.0
18,2,shuffled,ko,0.9879672527313232,0.0,0.0,0.5909090909090909,0.9879672527313232,0.0,0.21283227801322938,0.18326979577541352,1,0.7120482409303073,1.25,1.0
18,2,shuffled,pko,0.9879672527313232,0.0,0.0,0.5909090909090909,0.9879672527313232,0.0,0.2012126624584198,0.19488918781280518,1,0.7120482409303073,1.25,1.0
18,2,anti,none,0.9879672527313232,0.0,0.0,0.6237373737373737,0.9879672527313232,0.0,0.14264413192868233,0.2534575551748276,1,0.7120482409303073,1.25,1.0
18,2,anti,p,0.9879672527313232,0.0,0.0,0.6237373737373737,0.9879672527313232,0.0,0.13104595467448235,0.26505524218082427,1,0.7120482409303073,1.25,1.0
18,2,anti,k,0.9879672527313232,0.0,0.0,0.6237373737373737,0.9879672527313232,0.0,0.20093706995248795,0.19516275823116302,1,0.7120482409303073,1.25,1.0
18,2,anti,o,0.9879672527313232,0.0,0.0,0.6167929292929293,0.9879672527313232,0.0,0.184780852496624,0.21132226139307023,1,0.7120482409303073,1.25,1.0
18,2,anti,pk,0.9879672527313232,0.0,0.0,0.6237373737373737,0.9879672527313232,0.0,0.17668629288673401,0.21941258162260055,1,0.7120482409303073,1.25,1.0
18,2,anti,po,0.9879672527313232,0.0,0.0,0.6167929292929293,0.9879672527313232,0.0,0.17987468093633652,0.2162281334400177,1,0.7120482409303073,1.25,1.0
18,2,anti,ko,0.9879672527313232,0.0,0.0,0.6167929292929293,0.9879672527313232,0.0,0.2052391365170479,0.19086335599422455,1,0.7120482409303073,1.25,1.0
18,2,anti,pko,0.9879672527313232,0.0,0.0,0.6167929292929293,0.9879672527313232,0.0,0.19831787943840026,0.19778412580490112,1,0.7120482409303073,1.25,1.0
18,3,controlled,none,-0.03825611546635628,0.9997499999999999,0.0,0.022727272727272728,-0.033831045031547546,0.995,0.3017795652151108,0.09488535597920418,1,0.19568016922030426,0.316489885617549,1.0
18,3,controlled,p,-0.03825611546635628,0.9997499999999999,0.0,0.022727272727272728,-0.033831045031547546,0.995,0.29452452063560486,0.10227747187018395,1,0.19568016922030426,0.316489885617549,1.0
18,3,controlled,k,-0.03825611546635628,0.9997499999999999,0.0,0.022727272727272728,-0.033831045031547546,0.995,0.3171345055103302,0.07937794998288154,1,0.19568016922030426,0.316489885617549,1.0
18,3,controlled,o,-0.03825611546635628,0.9997499999999999,0.0,0.02683080808080808,-0.033831045031547546,0.995,0.30866411328315735,0.08816655874252319,1,0.19568016922030426,0.316489885617549,1.0
18,3,controlled,pk,-0.03825611546635628,0.9997499999999999,0.0,0.022727272727272728,-0.033831045031547546,0.995,0.3109936356544495,0.08560838997364044,1,0.19568016922030426,0.316489885617549,1.0
18,3,controlled,po,-0.03825611546635628,0.9997499999999999,0.0,0.02683080808080808,-0.033831045031547546,0.995,0.29947582483291624,0.09749235063791276,1,0.19568016922030426,0.316489885617549,1.0
18,3,controlled,ko,-0.03825611546635628,0.9997499999999999,0.0,0.02683080808080808,-0.033831045031547546,0.995,0.3234877914190292,0.07315501905977725,1,0.19568016922030426,0.316489885617549,1.0
18,3,controlled,pko,-0.03825611546635628,0.9997499999999999,0.0,0.02683080808080808,-0.033831045031547546,0.995,0.31582642793655397,0.08090906292200088,1,0.19568016922030426,0.316489885617549,1.0
18,3,learned,none,-0.03825611546635628,0.9997499999999999,0.0,0.022727272727272728,-0.033831045031547546,0.995,0.3017795652151108,0.09488535597920418,1,0.19568016922030426,0.316489885617549,1.0
18,3,learned,p,-0.03825611546635628,0.9997499999999999,0.0,0.022727272727272728,-0.033831045031547546,0.995,0.30385814011096957,0.09299212358891965,1,0.19568016922030426,0.316489885617549,1.0
18,3,learned,k,-0.03848901391029358,1.0,0.0,0.022727272727272728,-0.03848901391029358,1.0,0.37669790983200074,0.01948087364435196,1,0.19568016922030426,0.316489885617549,1.0
18,3,learned,o,-0.037790318578481676,0.9992500000000001,0.0,0.10479797979797979,-0.033831045031547546,0.995,0.3133667677640915,0.08380463495850562,1,0.19568016922030426,0.316489885617549,1.0
18,3,learned,pk,-0.03848901391029358,1.0,0.0,0.022727272727272728,-0.03848901391029358,1.0,0.3770329087972641,0.01915388349443674,1,0.19568016922030426,0.316489885617549,1.0
18,3,learned,po,-0.037790318578481676,0.9992500000000001,0.0,0.10479797979797979,-0.033831045031547546,0.995,0.32004005610942843,0.07720716185867786,1,0.19568016922030426,0.316489885617549,1.0
18,3,learned,ko,-0.03848901391029358,1.0,0.0,0.10479797979797979,-0.03848901391029358,1.0,0.38160322308540345,0.014586785156279803,1,0.19568016922030426,0.316489885617549,1.0
18,3,learned,pko,-0.03848901391029358,1.0,0.0,0.10479797979797979,-0.03848901391029358,1.0,0.38216897547245027,0.014022828452289105,1,0.19568016922030426,0.316489885617549,1.0
18,3,shuffled,none,-0.03825611546635628,0.9997499999999999,0.0,0.022727272727272728,-0.033831045031547546,0.995,0.3017795652151108,0.09488535597920418,1,0.19568016922030426,0.316489885617549,1.0
18,3,shuffled,p,-0.03825611546635628,0.9997499999999999,0.0,0.022727272727272728,-0.033831045031547546,0.995,0.297802546620369,0.0989596426486969,1,0.19568016922030426,0.316489885617549,1.0
18,3,shuffled,k,-0.03825611546635628,0.9997499999999999,0.0,0.022727272727272728,-0.033831045031547546,0.995,0.3213051944971085,0.0752270445227623,1,0.19568016922030426,0.316489885617549,1.0
18,3,shuffled,o,-0.03825611546635628,0.9997499999999999,0.0,0.020833333333333332,-0.033831045031547546,0.995,0.30746224224567414,0.08929281681776047,1,0.19568016922030426,0.316489885617549,1.0
18,3,shuffled,pk,-0.03825611546635628,0.9997499999999999,0.0,0.022727272727272728,-0.033831045031547546,0.995,0.3175560414791107,0.07904410362243652,1,0.19568016922030426,0.316489885617549,1.0
18,3,shuffled,po,-0.03825611546635628,0.9997499999999999,0.0,0.020833333333333332,-0.033831045031547546,0.995,0.3015062749385834,0.09535219743847848,1,0.19568016922030426,0.316489885617549,1.0
18,3,shuffled,ko,-0.03825611546635628,0.9997499999999999,0.0,0.020833333333333332,-0.033831045031547546,0.995,0.3240630000829697,0.072537786886096,1,0.19568016922030426,0.316489885617549,1.0
18,3,shuffled,pko,-0.03825611546635628,0.9997499999999999,0.0,0.020833333333333332,-0.033831045031547546,0.995,0.3190116822719574,0.07766160331666469,1,0.19568016922030426,0.316489885617549,1.0
18,3,anti,none,-0.03825611546635628,0.9997499999999999,0.0,0.022727272727272728,-0.033831045031547546,0.995,0.3017795652151108,0.09488535597920418,1,0.19568016922030426,0.316489885617549,1.0
18,3,anti,p,-0.03825611546635628,0.9997499999999999,0.0,0.022727272727272728,-0.033831045031547546,0.995,0.2949531525373459,0.10179680809378625,1,0.19568016922030426,0.316489885617549,1.0
18,3,anti,k,-0.03825611546635628,0.9997499999999999,0.0,0.022727272727272728,-0.033831045031547546,0.995,0.32392823696136475,0.07261094748973847,1,0.19568016922030426,0.316489885617549,1.0
18,3,anti,o,-0.03825611546635628,0.9997499999999999,0.0,0.025252525252525252,-0.033831045031547546,0.995,0.3069600522518158,0.08973578289151192,1,0.19568016922030426,0.316489885617549,1.0
18,3,anti,pk,-0.03825611546635628,0.9997499999999999,0.0,0.022727272727272728,-0.033831045031547546,0.995,0.31785803139209745,0.0787418894469738,1,0.19568016922030426,0.316489885617549,1.0
18,3,anti,po,-0.03825611546635628,0.9997499999999999,0.0,0.025252525252525252,-0.033831045031547546,0.995,0.2986373156309128,0.09814745038747788,1,0.19568016922030426,0.316489885617549,1.0
18,3,anti,ko,-0.03825611546635628,0.9997499999999999,0.0,0.025252525252525252,-0.033831045031547546,0.995,0.32525852918624876,0.07130336314439774,1,0.19568016922030426,0.316489885617549,1.0
18,3,anti,pko,-0.03825611546635628,0.9997499999999999,0.0,0.025252525252525252,-0.033831045031547546,0.995,0.31811030209064484,0.07851512841880322,1,0.19568016922030426,0.316489885617549,1.0
19,1,controlled,none,0.22844329476356506,0.0,0.0,0.5650252525252525,0.22844329476356506,0.0,0.2298721119761467,0.16643160879611968,1,-0.0009090625011992787,0.9485481072591808,1.0
19,1,controlled,p,0.22844329476356506,0.0,0.0,0.5650252525252525,0.22844329476356506,0.0,0.22239984720945358,0.1739184245467186,1,-0.0009090625011992787,0.9485481072591808,1.0
19,1,controlled,k,0.22844329476356506,0.0,0.0,0.5650252525252525,0.22844329476356506,0.0,0.24690648913383484,0.14935836791992188,1,-0.0009090625011992787,0.9485481072591808,1.0
19,1,controlled,o,0.22844329476356506,0.0,0.0,0.5700757575757576,0.22844329476356506,0.0,0.22657243460416793,0.16972221434116364,1,-0.0009090625011992787,0.9485481072591808,1.0
19,1,controlled,pk,0.22844329476356506,0.0,0.0,0.5650252525252525,0.22844329476356506,0.0,0.23863019198179244,0.15764572769403457,1,-0.0009090625011992787,0.9485481072591808,1.0
19,1,controlled,po,0.22844329476356506,0.0,0.0,0.5700757575757576,0.22844329476356506,0.0,0.21765536367893218,0.17865223586559295,1,-0.0009090625011992787,0.9485481072591808,1.0
19,1,controlled,ko,0.22844329476356506,0.0,0.0,0.5700757575757576,0.22844329476356506,0.0,0.24340029954910278,0.1528588131070137,1,-0.0009090625011992787,0.9485481072591808,1.0
19,1,controlled,pko,0.22844329476356506,0.0,0.0,0.5700757575757576,0.22844329476356506,0.0,0.2346873924136162,0.16158175617456436,1,-0.0009090625011992787,0.9485481072591808,1.0
19,1,learned,none,0.22844329476356506,0.0,0.0,0.5650252525252525,0.22844329476356506,0.0,0.2298721119761467,0.16643160879611968,1,-0.0009090625011992787,0.9485481072591808,1.0
19,1,learned,p,0.22844329476356506,0.0,0.0,0.5650252525252525,0.22844329476356506,0.0,0.22489316165447235,0.17144469767808915,1,-0.0009090625011992787,0.9485481072591808,1.0
19,1,learned,k,0.22844329476356506,0.0,0.0,0.5650252525252525,0.22844329476356506,0.0,0.3275791347026825,0.06857465989887715,1,-0.0009090625011992787,0.9485481072591808,1.0
19,1,learned,o,0.22844329476356506,0.0,0.0,0.3806818181818182,0.22844329476356506,0.0,0.23126590698957444,0.1650357022881508,1,-0.0009090625011992787,0.9485481072591808,1.0
19,1,learned,pk,0.22844329476356506,0.0,0.0,0.5650252525252525,0.22844329476356506,0.0,0.32219084799289704,0.07396789416670799,1,-0.0009090625011992787,0.9485481072591808,1.0
19,1,learned,po,0.22844329476356506,0.0,0.0,0.3806818181818182,0.22844329476356506,0.0,0.2338531032204628,0.16241388767957687,1,-0.0009090625011992787,0.9485481072591808,1.0
19,1,learned,ko,0.22844329476356506,0.0,0.0,0.3806818181818182,0.22844329476356506,0.0,0.3270468443632126,0.06910963766276837,1,-0.0009090625011992787,0.9485481072591808,1.0
19,1,learned,pko,0.22844329476356506,0.0,0.0,0.3806818181818182,0.22844329476356506,0.0,0.32674055099487304,0.06941004060208797,1,-0.0009090625011992787,0.9485481072591808,1.0
19,1,shuffled,none,0.22844329476356506,0.0,0.0,0.5650252525252525,0.22844329476356506,0.0,0.2298721119761467,0.16643160879611968,1,-0.0009090625011992787,0.9485481072591808,1.0
19,1,shuffled,p,0.22844329476356506,0.0,0.0,0.5650252525252525,0.22844329476356506,0.0,0.2188362568616867,0.17750366032123566,1,-0.0009090625011992787,0.9485481072591808,1.0
19,1,shuffled,k,0.22844329476356506,0.0,0.0,0.5650252525252525,0.22844329476356506,0.0,0.25379099547863004,0.14246392697095872,1,-0.0009090625011992787,0.9485481072591808,1.0
19,1,shuffled,o,0.22844329476356506,0.0,0.0,0.5321969696969697,0.22844329476356506,0.0,0.22980603873729705,0.16649093329906464,1,-0.0009090625011992787,0.9485481072591808,1.0
19,1,shuffled,pk,0.22844329476356506,0.0,0.0,0.5650252525252525,0.22844329476356506,0.0,0.241206556558609,0.1550727441906929,1,-0.0009090625011992787,0.9485481072591808,1.0
19,1,shuffled,po,0.22844329476356506,0.0,0.0,0.5321969696969697,0.22844329476356506,0.0,0.22156757563352586,0.17476412206888198,1,-0.0009090625011992787,0.9485481072591808,1.0
19,1,shuffled,ko,0.22844329476356506,0.0,0.0,0.5321969696969697,0.22844329476356506,0.0,0.24766581505537033,0.14858894422650337,1,-0.0009090625011992787,0.9485481072591808,1.0
19,1,shuffled,pko,0.22844329476356506,0.0,0.0,0.5321969696969697,0.22844329476356506,0.0,0.23874612748622895,0.15753307417035103,1,-0.0009090625011992787,0.9485481072591808,1.0
19,1,anti,none,0.22844329476356506,0.0,0.0,0.5650252525252525,0.22844329476356506,0.0,0.2298721119761467,0.16643160879611968,1,-0.0009090625011992787,0.9485481072591808,1.0
19,1,anti,p,0.22844329476356506,0.0,0.0,0.5650252525252525,0.22844329476356506,0.0,0.2215626522898674,0.17479269206523895,1,-0.0009090625011992787,0.9485481072591808,1.0
19,1,anti,k,0.22844329476356506,0.0,0.0,0.5650252525252525,0.22844329476356506,0.0,0.24724882543087007,0.14900334179401398,1,-0.0009090625011992787,0.9485481072591808,1.0
19,1,anti,o,0.22844329476356506,0.0,0.0,0.5703914141414141,0.22844329476356506,0.0,0.225069797039032,0.171224182844162,1,-0.0009090625011992787,0.9485481072591808,1.0
19,1,anti,pk,0.22844329476356506,0.0,0.0,0.5650252525252525,0.22844329476356506,0.0,0.23852248042821883,0.15776002705097197,1,-0.0009090625011992787,0.9485481072591808,1.0
19,1,anti,po,0.22844329476356506,0.0,0.0,0.5703914141414141,0.22844329476356506,0.0,0.22025534212589265,0.17609557658433914,1,-0.0009090625011992787,0.9485481072591808,1.0
19,1,anti,ko,0.22844329476356506,0.0,0.0,0.5703914141414141,0.22844329476356506,0.0,0.23981146961450578,0.1564347743988037,1,-0.0009090625011992787,0.9485481072591808,1.0
19,1,anti,pko,0.22844329476356506,0.0,0.0,0.5703914141414141,0.22844329476356506,0.0,0.23421979546546937,0.1620589330792427,1,-0.0009090625011992787,0.9485481072591808,1.0
19,2,controlled,none,0.43805062770843506,0.0,0.0,0.3263888888888889,0.43805062770843506,0.0,0.28275814056396487,0.11333672180771828,1,1.2882077176108313,0.47074600191766003,1.0
19,2,controlled,p,0.43805062770843506,0.0,0.0,0.3263888888888889,0.43805062770843506,0.0,0.27787327468395234,0.11822099909186363,1,1.2882077176108313,0.47074600191766003,1.0
19,2,controlled,k,0.43805062770843506,0.0,0.0,0.3263888888888889,0.43805062770843506,0.0,0.29419362246990205,0.10190239548683167,1,1.2882077176108313,0.47074600191766003,1.0
19,2,controlled,o,0.43805062770843506,0.0,0.0,0.3109217171717172,0.43805062770843506,0.0,0.2845277637243271,0.11156717017292976,1,1.2882077176108313,0.47074600191766003,1.0
19,2,controlled,pk,0.43805062770843506,0.0,0.0,0.3263888888888889,0.43805062770843506,0.0,0.2896211057901382,0.10647426843643189,1,1.2882077176108313,0.47074600191766003,1.0
19,2,controlled,po,0.43805062770843506,0.0,0.0,0.3109217171717172,0.43805062770843506,0.0,0.27979437410831454,0.11629993468523026,1,1.2882077176108313,0.47074600191766003,1.0
19,2,controlled,ko,0.43805062770843506,0.0,0.0,0.3109217171717172,0.43805062770843506,0.0,0.2956640511751175,0.10043204724788665,1,1.2882077176108313,0.47074600191766003,1.0
19,2,controlled,pko,0.43805062770843506,0.0,0.0,0.3109217171717172,0.43805062770843506,0.0,0.29130964279174804,0.10478579849004746,1,1.2882077176108313,0.47074600191766003,1.0
19,2,learned,none,0.43805062770843506,0.0,0.0,0.3263888888888889,0.43805062770843506,0.0,0.28275814056396487,0.11333672180771828,1,1.2882077176108313,0.47074600191766003,1.0
19,2,learned,p,0.43805062770843506,0.0,0.0,0.3263888888888889,0.43805062770843506,0.0,0.2847673326730728,0.11132564395666122,1,1.2882077176108313,0.47074600191766003,1.0
19,2,learned,k,0.43805062770843506,0.0,0.0,0.3263888888888889,0.43805062770843506,0.0,0.3724599540233612,0.023640899173915386,1,1.2882077176108313,0.47074600191766003,1.0
19,2,learned,o,0.43805062770843506,0.0,0.0,0.2067550505050505,0.43805062770843506,0.0,0.2940953731536865,0.10199918746948242,1,1.2882077176108313,0.47074600191766003,1.0
19,2,learned,pk,0.43805062770843506,0.0,0.0,0.3263888888888889,0.43805062770843506,0.0,0.371425649523735,0.02467389777302742,1,1.2882077176108313,0.47074600191766003,1.0
19,2,learned,po,0.43805062770843506,0.0,0.0,0.2067550505050505,0.43805062770843506,0.0,0.29375328719615934,0.1023388534784317,1,1.2882077176108313,0.47074600191766003,1.0
19,2,learned,ko,0.43805062770843506,0.0,0.0,0.2067550505050505,0.43805062770843506,0.0,0.37954099476337433,0.01656060731038451,1,1.2882077176108313,0.47074600191766003,1.0
19,2,learned,pko,0.43805062770843506,0.0,0.0,0.2067550505050505,0.43805062770843506,0.0,0.3773914247751236,0.018708326946944,1,1.2882077176108313,0.47074600191766003,1.0
19,2,shuffled,none,0.43805062770843506,0.0,0.0,0.3263888888888889,0.43805062770843506,0.0,0.28275814056396487,0.11333672180771828,1,1.2882077176108313,0.47074600191766003,1.0
19,2,shuffled,p,0.43805062770843506,0.0,0.0,0.3263888888888889,0.43805062770843506,0.0,0.28028232753276827,0.11581253632903099,1,1.2882077176108313,0.47074600191766003,1.0
19,2,shuffled,k,0.43805062770843506,0.0,0.0,0.3263888888888889,0.43805062770843506,0.0,0.29368141293525696,0.10241460502147674,1,1.2882077176108313,0.47074600191766003,1.0
19,2,shuffled,o,0.43805062770843506,0.0,0.0,0.3428030303030303,0.43805062770843506,0.0,0.28164000511169435,0.11445492506027222,1,1.2882077176108313,0.47074600191766003,1.0
19,2,shuffled,pk,0.43805062770843506,0.0,0.0,0.3263888888888889,0.43805062770843506,0.0,0.29053363502025603,0.10556229501962662,1,1.2882077176108313,0.47074600191766003,1.0
19,2,shuffled,po,0.43805062770843506,0.0,0.0,0.3428030303030303,0.43805062770843506,0.0,0.2787315517663956,0.11736335754394531,1,1.2882077176108313,0.47074600191766003,1.0
19,2,shuffled,ko,0.43805062770843506,0.0,0.0,0.3428030303030303,0.43805062770843506,0.0,0.29289025962352755,0.10320582687854767,1,1.2882077176108313,0.47074600191766003,1.0
19,2,shuffled,pko,0.43805062770843506,0.0,0.0,0.3428030303030303,0.43805062770843506,0.0,0.28936412930488586,0.10673185214400291,1,1.2882077176108313,0.47074600191766003,1.0
19,2,anti,none,0.43805062770843506,0.0,0.0,0.3263888888888889,0.43805062770843506,0.0,0.28275814056396487,0.11333672180771828,1,1.2882077176108313,0.47074600191766003,1.0
19,2,anti,p,0.43805062770843506,0.0,0.0,0.3263888888888889,0.43805062770843506,0.0,0.2703389018774033,0.12575956657528878,1,1.2882077176108313,0.47074600191766003,1.0
19,2,anti,k,0.43805062770843506,0.0,0.0,0.3263888888888889,0.43805062770843506,0.0,0.297471696138382,0.09862378165125847,1,1.2882077176108313,0.47074600191766003,1.0
19,2,anti,o,0.43805062770843506,0.0,0.0,0.34785353535353536,0.43805062770843506,0.0,0.28207927942276,0.11401556879281997,1,1.2882077176108313,0.47074600191766003,1.0
19,2,anti,pk,0.43805062770843506,0.0,0.0,0.3263888888888889,0.43805062770843506,0.0,0.2859884649515152,0.11010877341032028,1,1.2882077176108313,0.47074600191766003,1.0
19,2,anti,po,0.43805062770843506,0.0,0.0,0.34785353535353536,0.43805062770843506,0.0,0.27206850945949557,0.12402994632720947,1,1.2882077176108313,0.47074600191766003,1.0
19,2,anti,ko,0.43805062770843506,0.0,0.0,0.34785353535353536,0.43805062770843506,0.0,0.2954356521368027,0.10065979585051536,1,1.2882077176108313,0.47074600191766003,1.0
19,2,anti,pko,0.43805062770843506,0.0,0.0,0.34785353535353536,0.43805062770843506,0.0,0.28624518513679503,0.10985205098986625,1,1.2882077176108313,0.47074600191766003,1.0
19,3,controlled,none,-0.02121167369186878,0.0,0.0,0.432449494949495,-0.021839456632733345,0.0,0.1755817115306854,0.2211383566260338,1,0.8058901363531628,0.6580791577478051,1.0
19,3,controlled,p,-0.02121167369186878,0.0,0.0,0.432449494949495,-0.021839456632733345,0.0,0.15267206281423568,0.24457426220178605,1,0.8058901363531628,0.6580791577478051,1.0
19,3,controlled,k,-0.02121167369186878,0.0,0.0,0.432449494949495,-0.021839456632733345,0.0,0.2112455278635025,0.18514569103717804,1,0.8058901363531628,0.6580791577478051,1.0
19,3,controlled,o,-0.02121167369186878,0.0,0.0,0.4027777777777778,-0.021839456632733345,0.0,0.16428466141223907,0.23273252695798874,1,0.8058901363531628,0.6580791577478051,1.0
19,3,controlled,pk,-0.02121167369186878,0.0,0.0,0.432449494949495,-0.021839456632733345,0.0,0.18652683198451997,0.2100319042801857,1,0.8058901363531628,0.6580791577478051,1.0
19,3,controlled,po,-0.0208977822214365,0.0,0.0,0.4027777777777778,-0.021839456632733345,0.0,0.15099250972270967,0.2469377562403679,1,0.8058901363531628,0.6580791577478051,1.0
19,3,controlled,ko,-0.02121167369186878,0.0,0.0,0.4027777777777778,-0.021839456632733345,0.0,0.19250029176473618,0.20403537005186081,1,0.8058901363531628,0.6580791577478051,1.0
19,3,controlled,pko,-0.02121167369186878,0.0,0.0,0.4027777777777778,-0.021839456632733345,0.0,0.1771044686436653,0.21975088268518447,1,0.8058901363531628,0.6580791577478051,1.0
19,3,learned,none,-0.02121167369186878,0.0,0.0,0.432449494949495,-0.021839456632733345,0.0,0.1755817115306854,0.2211383566260338,1,0.8058901363531628,0.6580791577478051,1.0
19,3,learned,p,-0.02121167369186878,0.0,0.0,0.432449494949495,-0.021839456632733345,0.0,0.17553423196077347,0.22110180854797362,1,0.8058901363531628,0.6580791577478051,1.0
19,3,learned,k,-0.021524439007043837,0.0,0.0,0.432449494949495,-0.021839456632733345,0.0,0.3357178807258606,0.06044628322124481,1,0.8058901363531628,0.6580791577478051,1.0
19,3,learned,o,-0.02121167369186878,0.0,0.0,0.2380050505050505,-0.021839456632733345,0.0,0.177948459982872,0.21841756105422974,1,0.8058901363531628,0.6580791577478051,1.0
19,3,learned,pk,-0.021524439007043837,0.0,0.0,0.432449494949495,-0.021839456632733345,0.0,0.33380550146102905,0.0623560220003128,1,0.8058901363531628,0.6580791577478051,1.0
19,3,learned,po,-0.02121167369186878,0.0,0.0,0.2380050505050505,-0.021839456632733345,0.0,0.18173677623271942,0.2146260067820549,1,0.8058901363531628,0.6580791577478051,1.0
19,3,learned,ko,-0.021525565162301065,0.0,0.0,0.2380050505050505,-0.021839456632733345,0.0,0.3499098628759384,0.046233176812529565,1,0.8058901363531628,0.6580791577478051,1.0
19,3,learned,pko,-0.021525565162301065,0.0,0.0,0.2380050505050505,-0.021839456632733345,0.0,0.3499323546886444,0.04620931688696146,1,0.8058901363531628,0.6580791577478051,1.0
19,3,shuffled,none,-0.02121167369186878,0.0,0.0,0.432449494949495,-0.021839456632733345,0.0,0.1755817115306854,0.2211383566260338,1,0.8058901363531628,0.6580791577478051,1.0
19,3,shuffled,p,-0.02121167369186878,0.0,0.0,0.432449494949495,-0.021839456632733345,0.0,0.15646049082279206,0.24078841954469682,1,0.8058901363531628,0.6580791577478051,1.0
19,3,shuffled,k,-0.02121167369186878,0.0,0.0,0.432449494949495,-0.021839456632733345,0.0,0.2067486360669136,0.1896803379058838,1,0.8058901363531628,0.6580791577478051,1.0
19,3,shuffled,o,-0.02121167369186878,0.0,0.0,0.41382575757575757,-0.021839456632733345,0.0,0.16178762316703796,0.23469878733158112,1,0.8058901363531628,0.6580791577478051,1.0
19,3,shuffled,pk,-0.02121167369186878,0.0,0.0,0.432449494949495,-0.021839456632733345,0.0,0.18771372139453887,0.20891959965229034,1,0.8058901363531628,0.6580791577478051,1.0
19,3,shuffled,po,-0.02121167369186878,0.0,0.0,0.41382575757575757,-0.021839456632733345,0.0,0.14947738945484162,0.2472238779067993,1,0.8058901363531628,0.6580791577478051,1.0
19,3,shuffled,ko,-0.02121167369186878,0.0,0.0,0.41382575757575757,-0.021839456632733345,0.0,0.18803197145462036,0.2083096459507942,1,0.8058901363531628,0.6580791577478051,1.0
19,3,shuffled,pko,-0.02121167369186878,0.0,0.0,0.41382575757575757,-0.021839456632733345,0.0,0.17505626380443573,0.22137558758258818,1,0.8058901363531628,0.6580791577478051,1.0
19,3,anti,none,-0.02121167369186878,0.0,0.0,0.432449494949495,-0.021839456632733345,0.0,0.1755817115306854,0.2211383566260338,1,0.8058901363531628,0.6580791577478051,1.0
19,3,anti,p,-0.02121167369186878,0.0,0.0,0.432449494949495,-0.021839456632733345,0.0,0.17221308201551438,0.2245395451784134,1,0.8058901363531628,0.6580791577478051,1.0
19,3,anti,k,-0.02121167369186878,0.0,0.0,0.432449494949495,-0.021839456632733345,0.0,0.20036389231681823,0.19614859223365783,1,0.8058901363531628,0.6580791577478051,1.0
19,3,anti,o,-0.02121167369186878,0.0,0.0,0.39457070707070707,-0.021839456632733345,0.0,0.17606591433286667,0.2204510286450386,1,0.8058901363531628,0.6580791577478051,1.0
19,3,anti,pk,-0.02121167369186878,0.0,0.0,0.432449494949495,-0.021839456632733345,0.0,0.19564940631389618,0.20088332742452622,1,0.8058901363531628,0.6580791577478051,1.0
19,3,anti,po,-0.02121167369186878,0.0,0.0,0.39457070707070707,-0.021839456632733345,0.0,0.17217270284891129,0.2243649885058403,1,0.8058901363531628,0.6580791577478051,1.0
19,3,anti,ko,-0.02121167369186878,0.0,0.0,0.39457070707070707,-0.021839456632733345,0.0,0.19914007633924485,0.19724632501602174,1,0.8058901363531628,0.6580791577478051,1.0
19,3,anti,pko,-0.02121167369186878,0.0,0.0,0.39457070707070707,-0.021839456632733345,0.0,0.19421526342630385,0.20218488425016404,1,0.8058901363531628,0.6580791577478051,1.0
20,1,controlled,none,0.43233826756477356,0.0,0.0,0.4147727272727273,0.43233826756477356,0.0,0.3190893679857254,0.07701316997408866,1,-0.06790629145764149,0.6502376453433996,1.0
20,1,controlled,p,0.43233826756477356,0.0,0.0,0.4147727272727273,0.43233826756477356,0.0,0.3151336908340454,0.08096854165196418,1,-0.06790629145764149,0.6502376453433996,1.0
20,1,controlled,k,0.43233826756477356,0.0,0.0,0.4147727272727273,0.43233826756477356,0.0,0.3288962751626968,0.0672063872218132,1,-0.06790629145764149,0.6502376453433996,1.0
20,1,controlled,o,0.43233826756477356,0.0,0.0,0.4043560606060606,0.43233826756477356,0.0,0.3177777975797653,0.07832418829202652,1,-0.06790629145764149,0.6502376453433996,1.0
20,1,controlled,pk,0.43233826756477356,0.0,0.0,0.4147727272727273,0.43233826756477356,0.0,0.3262422621250153,0.06986001133918762,1,-0.06790629145764149,0.6502376453433996,1.0
20,1,controlled,po,0.43233826756477356,0.0,0.0,0.4043560606060606,0.43233826756477356,0.0,0.31289874017238617,0.0832030013203621,1,-0.06790629145764149,0.6502376453433996,1.0
20,1,controlled,ko,0.43233826756477356,0.0,0.0,0.4043560606060606,0.43233826756477356,0.0,0.3275954335927963,0.06850668527185917,1,-0.06790629145764149,0.6502376453433996,1.0
20,1,controlled,pko,0.43233826756477356,0.0,0.0,0.4043560606060606,0.43233826756477356,0.0,0.3241531938314438,0.07194860652089119,1,-0.06790629145764149,0.6502376453433996,1.0
20,1,learned,none,0.43233826756477356,0.0,0.0,0.4147727272727273,0.43233826756477356,0.0,0.3190893679857254,0.07701316997408866,1,-0.06790629145764149,0.6502376453433996,1.0
20,1,learned,p,0.43233826756477356,0.0,0.0,0.4147727272727273,0.43233826756477356,0.0,0.32411948442459104,0.07198365181684493,1,-0.06790629145764149,0.6502376453433996,1.0
20,1,learned,k,0.43233826756477356,0.0,0.0,0.4147727272727273,0.43233826756477356,0.0,0.3801011979579926,0.016003978066146375,1,-0.06790629145764149,0.6502376453433996,1.0
20,1,learned,o,0.43233826756477356,0.0,0.0,0.23958333333333334,0.43233826756477356,0.0,0.31371988654136657,0.08238248378038407,1,-0.06790629145764149,0.6502376453433996,1.0
20,1,learned,pk,0.43233826756477356,0.0,0.0,0.4147727272727273,0.43233826756477356,0.0,0.3804692566394806,0.015636094287037848,1,-0.06790629145764149,0.6502376453433996,1.0
20,1,learned,po,0.43233826756477356,0.0,0.0,0.23958333333333334,0.43233826756477356,0.0,0.32845962047576904,0.0676380980759859,1,-0.06790629145764149,0.6502376453433996,1.0
20,1,learned,ko,0.43233826756477356,0.0,0.0,0.23958333333333334,0.43233826756477356,0.0,0.38053486943244935,0.015570901241153479,1,-0.06790629145764149,0.6502376453433996,1.0
20,1,learned,pko,0.43233826756477356,0.0,0.0,0.23958333333333334,0.43233826756477356,0.0,0.3834436684846878,0.012660239823162556,1,-0.06790629145764149,0.6502376453433996,1.0
20,1,shuffled,none,0.43233826756477356,0.0,0.0,0.4147727272727273,0.43233826756477356,0.0,0.3190893679857254,0.07701316997408866,1,-0.06790629145764149,0.6502376453433996,1.0
20,1,shuffled,p,0.43233826756477356,0.0,0.0,0.4147727272727273,0.43233826756477356,0.0,0.30654546320438386,0.08955653607845307,1,-0.06790629145764149,0.6502376453433996,1.0
20,1,shuffled,k,0.43233826756477356,0.0,0.0,0.4147727272727273,0.43233826756477356,0.0,0.33154002726078036,0.06456265412271023,1,-0.06790629145764149,0.6502376453433996,1.0
20,1,shuffled,o,0.43233826756477356,0.0,0.0,0.4100378787878788,0.43233826756477356,0.0,0.3197615921497345,0.0763407327234745,1,-0.06790629145764149,0.6502376453433996,1.0
20,1,shuffled,pk,0.43233826756477356,0.0,0.0,0.4147727272727273,0.43233826756477356,0.0,0.322276970744133,0.0738250620663166,1,-0.06790629145764149,0.6502376453433996,1.0
20,1,shuffled,po,0.43233826756477356,0.0,0.0,0.4100378787878788,0.43233826756477356,0.0,0.31147686541080477,0.0846250258386135,1,-0.06790629145764149,0.6502376453433996,1.0
20,1,shuffled,ko,0.43233826756477356,0.0,0.0,0.4100378787878788,0.43233826756477356,0.0,0.33063972890377047,0.06546268276870251,1,-0.06790629145764149,0.6502376453433996,1.0
20,1,shuffled,pko,0.43233826756477356,0.0,0.0,0.4100378787878788,0.43233826756477356,0.0,0.3243553340435028,0.071746576577425,1,-0.06790629145764149,0.6502376453433996,1.0
20,1,anti,none,0.43233826756477356,0.0,0.0,0.4147727272727273,0.43233826756477356,0.0,0.3190893679857254,0.07701316997408866,1,-0.06790629145764149,0.6502376453433996,1.0
20,1,anti,p,0.43233826756477356,0.0,0.0,0.4147727272727273,0.43233826756477356,0.0,0.3020136088132858,0.09408882409334182,1,-0.06790629145764149,0.6502376453433996,1.0
20,1,anti,k,0.43233826756477356,0.0,0.0,0.4147727272727273,0.43233826756477356,0.0,0.3322686105966568,0.06383407153189183,1,-0.06790629145764149,0.6502376453433996,1.0
20,1,anti,o,0.43233826756477356,0.0,0.0,0.4144570707070707,0.43233826756477356,0.0,0.31974037289619445,0.07636191621422768,1,-0.06790629145764149,0.6502376453433996,1.0
20,1,anti,pk,0.43233826756477356,0.0,0.0,0.4147727272727273,0.43233826756477356,0.0,0.3203030854463577,0.07579931393265724,1,-0.06790629145764149,0.6502376453433996,1.0
20,1,anti,po,0.43233826756477356,0.0,0.0,0.4144570707070707,0.43233826756477356,0.0,0.3109991490840912,0.08510321453213691,1,-0.06790629145764149,0.6502376453433996,1.0
20,1,anti,ko,0.43233826756477356,0.0,0.0,0.4144570707070707,0.43233826756477356,0.0,0.33045072555541993,0.06565168686211109,1,-0.06790629145764149,0.6502376453433996,1.0
20,1,anti,pko,0.43233826756477356,0.0,0.0,0.4144570707070707,0.43233826756477356,0.0,0.3236112117767334,0.0724911481142044,1,-0.06790629145764149,0.6502376453433996,1.0
20,2,controlled,none,0.6863361597061157,0.0,0.0,0.02335858585858586,0.6863361597061157,0.0,0.37374629974365237,0.022346294298768044,1,0.5051637517018783,0.1331732657320663,1.0
20,2,controlled,p,0.6863361597061157,0.0,0.0,0.02335858585858586,0.6863361597061157,0.0,0.3692811578512192,0.02681166436523199,1,0.5051637517018783,0.1331732657320663,1.0
20,2,controlled,k,0.6863361597061157,0.0,0.0,0.02335858585858586,0.6863361597061157,0.0,0.3806074857711792,0.015485673723742367,1,0.5051637517018783,0.1331732657320663,1.0
20,2,controlled,o,0.6863361597061157,0.0,0.0,0.025883838383838384,0.6863361597061157,0.0,0.36941891014575956,0.026673667784780263,1,0.5051637517018783,0.1331732657320663,1.0
20,2,controlled,pk,0.6863361597061157,0.0,0.0,0.02335858585858586,0.6863361597061157,0.0,0.3768841207027435,0.019209207314997912,1,0.5051637517018783,0.1331732657320663,1.0
20,2,controlled,po,0.6863361597061157,0.0,0.0,0.025883838383838384,0.6863361597061157,0.0,0.3667399823665619,0.029352841340005396,1,0.5051637517018783,0.1331732657320663,1.0
20,2,controlled,ko,0.6863361597061157,0.0,0.0,0.025883838383838384,0.6863361597061157,0.0,0.3776856780052185,0.018407487589865924,1,0.5051637517018783,0.1331732657320663,1.0
20,2,controlled,pko,0.6863361597061157,0.0,0.0,0.025883838383838384,0.6863361597061157,0.0,0.37515739500522616,0.02093591969460249,1,0.5051637517018783,0.1331732657320663,1.0
20,2,learned,none,0.6863361597061157,0.0,0.0,0.02335858585858586,0.6863361597061157,0.0,0.37374629974365237,0.022346294298768044,1,0.5051637517018783,0.1331732657320663,1.0
20,2,learned,p,0.6863361597061157,0.0,0.0,0.02335858585858586,0.6863361597061157,0.0,0.3778066158294678,0.01828511608764529,1,0.5051637517018783,0.1331732657320663,1.0
20,2,learned,k,0.6863361597061157,0.0,0.0,0.02335858585858586,0.6863361597061157,0.0,0.3906124264001846,0.005488230299670249,1,0.5051637517018783,0.1331732657320663,1.0
20,2,learned,o,0.6863361597061157,0.0,0.0,0.11174242424242424,0.6863361597061157,0.0,0.3681460291147232,0.027946637384593485,1,0.5051637517018783,0.1331732657320663,1.0
20,2,learned,pk,0.6863361597061157,0.0,0.0,0.02335858585858586,0.6863361597061157,0.0,0.39145825505256654,0.0046410317532718185,1,0.5051637517018783,0.1331732657320663,1.0
20,2,learned,po,0.6863361597061157,0.0,0.0,0.11174242424242424,0.6863361597061157,0.0,0.3710978001356125,0.024993816483765842,1,0.5051637517018783,0.1331732657320663,1.0
20,2,learned,ko,0.6863361597061157,0.0,0.0,0.11174242424242424,0.6863361597061157,0.0,0.39020684361457825,0.005894725490361452,1,0.5051637517018783,0.1331732657320663,1.0
20,2,learned,pko,0.6863361597061157,0.0,0.0,0.11174242424242424,0.6863361597061157,0.0,0.39061025679111483,0.005489709146786481,1,0.5051637517018783,0.1331732657320663,1.0
20,2,shuffled,none,0.6863361597061157,0.0,0.0,0.02335858585858586,0.6863361597061157,0.0,0.37374629974365237,0.022346294298768044,1,0.5051637517018783,0.1331732657320663,1.0
20,2,shuffled,p,0.6863361597061157,0.0,0.0,0.02335858585858586,0.6863361597061157,0.0,0.3764659404754639,0.019626914896070956,1,0.5051637517018783,0.1331732657320663,1.0
20,2,shuffled,k,0.6863361597061157,0.0,0.0,0.02335858585858586,0.6863361597061157,0.0,0.3789962589740753,0.017096917098388075,1,0.5051637517018783,0.1331732657320663,1.0
20,2,shuffled,o,0.6863361597061157,0.0,0.0,0.019886363636363636,0.6863361597061157,0.0,0.3440264493227005,0.05206610150635242,1,0.5051637517018783,0.1331732657320663,1.0
20,2,shuffled,pk,0.6863361597061157,0.0,0.0,0.02335858585858586,0.6863361597061157,0.0,0.38058897852897644,0.015504380105994642,1,0.5051637517018783,0.1331732657320663,1.0
20,2,shuffled,po,0.6863361597061157,0.0,0.0,0.019886363636363636,0.6863361597061157,0.0,0.3481279343366623,0.04796488974243403,1,0.5051637517018783,0.1331732657320663,1.0
20,2,shuffled,ko,0.6863361597061157,0.0,0.0,0.019886363636363636,0.6863361597061157,0.0,0.35343403518199923,0.04265912100672722,1,0.5051637517018783,0.1331732657320663,1.0
20,2,shuffled,pko,0.6863361597061157,0.0,0.0,0.019886363636363636,0.6863361597061157,0.0,0.35623188614845275,0.03986142929643392,1,0.5051637517018783,0.1331732657320663,1.0
20,2,anti,none,0.6863361597061157,0.0,0.0,0.02335858585858586,0.6863361597061157,0.0,0.37374629974365237,0.022346294298768044,1,0.5051637517018783,0.1331732657320663,1.0
20,2,anti,p,0.6863361597061157,0.0,0.0,0.02335858585858586,0.6863361597061157,0.0,0.37452158629894255,0.021570461429655553,1,0.5051637517018783,0.1331732657320663,1.0
20,2,anti,k,0.6863361597061157,0.0,0.0,0.02335858585858586,0.6863361597061157,0.0,0.3777697026729584,0.018323542922735213,1,0.5051637517018783,0.1331732657320663,1.0
20,2,anti,o,0.6863361597061157,0.0,0.0,0.022727272727272728,0.6863361597061157,0.0,0.3622823566198349,0.03381026647984982,1,0.5051637517018783,0.1331732657320663,1.0
20,2,anti,pk,0.6863361597061157,0.0,0.0,0.02335858585858586,0.6863361597061157,0.0,0.37838236391544344,0.01771031115204096,1,0.5051637517018783,0.1331732657320663,1.0
20,2,anti,po,0.6863361597061157,0.0,0.0,0.022727272727272728,0.6863361597061157,0.0,0.3634739875793457,0.032618113234639166,1,0.5051637517018783,0.1331732657320663,1.0
20,2,anti,ko,0.6863361597061157,0.0,0.0,0.022727272727272728,0.6863361597061157,0.0,0.36819206476211547,0.027901211101561785,1,0.5051637517018783,0.1331732657320663,1.0
20,2,anti,pko,0.6863361597061157,0.0,0.0,0.022727272727272728,0.6863361597061157,0.0,0.36922653913497927,0.026866185106337072,1,0.5051637517018783,0.1331732657320663,1.0
20,3,controlled,none,1.0767756700515747,0.0,0.0,0.003787878787878788,1.0767756700515747,0.0,0.288884037733078,0.10723436549305916,1,0.18668010795905954,0.4275274025849739,1.0
20,3,controlled,p,1.0767756700515747,0.0,0.0,0.003787878787878788,1.0767756700515747,0.0,0.23909989297389983,0.15707516968250274,1,0.18668010795905954,0.4275274025849739,1.0
20,3,controlled,k,1.0767756700515747,0.0,0.0,0.003787878787878788,1.0767756700515747,0.0,0.32314455807209014,0.07296558991074562,1,0.18668010795905954,0.4275274025849739,1.0
20,3,controlled,o,1.0767756700515747,0.0,0.0,0.006628787878787879,1.0767756700515747,0.0,0.25011155307292937,0.14599502980709075,1,0.18668010795905954,0.4275274025849739,1.0
20,3,controlled,pk,1.0767756700515747,0.0,0.0,0.003787878787878788,1.0767756700515747,0.0,0.28901898860931396,0.10709766037762165,1,0.18668010795905954,0.4275274025849739,1.0
20,3,controlled,po,1.0767756700515747,0.0,0.0,0.006628787878787879,1.0767756700515747,0.0,0.2274687558412552,0.16868786364793778,1,0.18668010795905954,0.4275274025849739,1.0
20,3,controlled,ko,1.0767756700515747,0.0,0.0,0.006628787878787879,1.0767756700515747,0.0,0.2687038451433182,0.12739755362272262,1,0.18668010795905954,0.4275274025849739,1.0
20,3,controlled,pko,1.0767756700515747,0.0,0.0,0.006628787878787879,1.0767756700515747,0.0,0.25372243821620943,0.14238230884075165,1,0.18668010795905954,0.4275274025849739,1.0
20,3,learned,none,1.0767756700515747,0.0,0.0,0.003787878787878788,1.0767756700515747,0.0,0.288884037733078,0.10723436549305916,1,0.18668010795905954,0.4275274025849739,1.0
20,3,learned,p,1.0767756700515747,0.0,0.0,0.003787878787878788,1.0767756700515747,0.0,0.26335459649562837,0.13277612179517745,1,0.18668010795905954,0.4275274025849739,1.0
20,3,learned,k,1.0767756700515747,0.0,0.0,0.003787878787878788,1.0767756700515747,0.0,0.37333487570285795,0.022774304752238093,1,0.18668010795905954,0.4275274025849739,1.0
20,3,learned,o,1.0767756700515747,0.0,0.0,0.13541666666666666,1.0767756700515747,0.0,0.2519513130187988,0.14415596425533295,1,0.18668010795905954,0.4275274025849739,1.0
20,3,learned,pk,1.0767756700515747,0.0,0.0,0.003787878787878788,1.0767756700515747,0.0,0.3719135195016861,0.024195021158084272,1,0.18668010795905954,0.4275274025849739,1.0
20,3,learned,po,1.0767756700515747,0.0,0.0,0.13541666666666666,1.0767756700515747,0.0,0.21487012803554534,0.18125531375408171,1,0.18668010795905954,0.4275274025849739,1.0
20,3,learned,ko,1.0767756700515747,0.0,0.0,0.13541666666666666,1.0767756700515747,0.0,0.37424673736095426,0.02186356158927083,1,0.18668010795905954,0.4275274025849739,1.0
20,3,learned,pko,1.0767756700515747,0.0,0.0,0.13541666666666666,1.0767756700515747,0.0,0.37370060980319975,0.022409973107278346,1,0.18668010795905954,0.4275274025849739,1.0
20,3,shuffled,none,1.0767756700515747,0.0,0.0,0.003787878787878788,1.0767756700515747,0.0,0.288884037733078,0.10723436549305916,1,0.18668010795905954,0.4275274025849739,1.0
20,3,shuffled,p,1.0767756700515747,0.0,0.0,0.003787878787878788,1.0767756700515747,0.0,0.24238423109054566,0.1537305608391762,1,0.18668010795905954,0.4275274025849739,1.0
20,3,shuffled,k,1.0767756700515747,0.0,0.0,0.003787878787878788,1.0767756700515747,0.0,0.3220965027809143,0.07401492670178414,1,0.18668010795905954,0.4275274025849739,1.0
20,3,shuffled,o,1.0767756700515747,0.0,0.0,0.008522727272727272,1.0767756700515747,0.0,0.26318173110485077,0.132924821972847,1,0.18668010795905954,0.4275274025849739,1.0
20,3,shuffled,pk,1.0767756700515747,0.0,0.0,0.003787878787878788,1.0767756700515747,0.0,0.2901759535074234,0.10593530908226967,1,0.18668010795905954,0.4275274025849739,1.0
20,3,shuffled,po,1.0767756700515747,0.0,0.0,0.008522727272727272,1.0767756700515747,0.0,0.25229751169681547,0.14380281865596772,1,0.18668010795905954,0.4275274025849739,1.0
20,3,shuffled,ko,1.0767756700515747,0.0,0.0,0.008522727272727272,1.0767756700515747,0.0,0.27691796123981477,0.1191838651895523,1,0.18668010795905954,0.4275274025849739,1.0
20,3,shuffled,pko,1.0767756700515747,0.0,0.0,0.008522727272727272,1.0767756700515747,0.0,0.2694986253976822,0.12660154104232788,1,0.18668010795905954,0.4275274025849739,1.0
20,3,anti,none,1.0767756700515747,0.0,0.0,0.003787878787878788,1.0767756700515747,0.0,0.288884037733078,0.10723436549305916,1,0.18668010795905954,0.4275274025849739,1.0
20,3,anti,p,1.0767756700515747,0.0,0.0,0.003787878787878788,1.0767756700515747,0.0,0.26314622461795806,0.13297020196914672,1,0.18668010795905954,0.4275274025849739,1.0
20,3,anti,k,1.0767756700515747,0.0,0.0,0.003787878787878788,1.0767756700515747,0.0,0.3124601036310196,0.08364958008751273,1,0.18668010795905954,0.4275274025849739,1.0
20,3,anti,o,1.0767756700515747,0.0,0.0,0.013888888888888888,1.0767756700515747,0.0,0.26911519169807435,0.12699146196246147,1,0.18668010795905954,0.4275274025849739,1.0
20,3,anti,pk,1.0767756700515747,0.0,0.0,0.003787878787878788,1.0767756700515747,0.0,0.29785122722387314,0.09825986847281457,1,0.18668010795905954,0.4275274025849739,1.0
20,3,anti,po,1.0767756700515747,0.0,0.0,0.013888888888888888,1.0767756700515747,0.0,0.25601179897785187,0.14008799344301223,1,0.18668010795905954,0.4275274025849739,1.0
20,3,anti,ko,1.0767756700515747,0.0,0.0,0.013888888888888888,1.0767756700515747,0.0,0.28556312024593355,0.11053816974163055,1,0.18668010795905954,0.4275274025849739,1.0
20,3,anti,pko,1.0767756700515747,0.0,0.0,0.013888888888888888,1.0767756700515747,0.0,0.27667967081069944,0.11942021399736405,1,0.18668010795905954,0.4275274025849739,1.0
21,1,controlled,none,0.2750430405139923,0.0,0.0,0.23547979797979798,0.2750430405139923,0.0,0.22924969643354415,0.16687216311693193,1,0.5423891858184213,0.3134659854818945,1.0
21,1,controlled,p,0.2750430405139923,0.0,0.0,0.23547979797979798,0.2750430405139923,0.0,0.21922659873962402,0.1768963858485222,1,0.5423891858184213,0.3134659854818945,1.0
21,1,controlled,k,0.2750430405139923,0.0,0.0,0.23547979797979798,0.2750430405139923,0.0,0.252352936565876,0.14376435354351996,1,0.5423891858184213,0.3134659854818945,1.0
21,1,controlled,o,0.2750430405139923,0.0,0.0,0.2335858585858586,0.2750430405139923,0.0,0.22810522019863128,0.16801885962486268,1,0.5423891858184213,0.3134659854818945,1.0
21,1,controlled,pk,0.2750430405139923,0.0,0.0,0.23547979797979798,0.2750430405139923,0.0,0.241925448179245,0.15419284477829934,1,0.5423891858184213,0.3134659854818945,1.0
21,1,controlled,po,0.2750430405139923,0.0,0.0,0.2335858585858586,0.2750430405139923,0.0,0.2181776061654091,0.1779480054974556,1,0.5423891858184213,0.3134659854818945,1.0
21,1,controlled,ko,0.2750430405139923,0.0,0.0,0.2335858585858586,0.2750430405139923,0.0,0.2527053654193878,0.1434137739241123,1,0.5423891858184213,0.3134659854818945,1.0
21,1,controlled,pko,0.2750430405139923,0.0,0.0,0.2335858585858586,0.2750430405139923,0.0,0.24227209389209747,0.15384836941957475,1,0.5423891858184213,0.3134659854818945,1.0
21,1,learned,none,0.2750430405139923,0.0,0.0,0.23547979797979798,0.2750430405139923,0.0,0.22924969643354415,0.16687216311693193,1,0.5423891858184213,0.3134659854818945,1.0
21,1,learned,p,0.2750430405139923,0.0,0.0,0.23547979797979798,0.2750430405139923,0.0,0.2250033900141716,0.1711331769824028,1,0.5423891858184213,0.3134659854818945,1.0
21,1,learned,k,0.2750430405139923,0.0,0.0,0.23547979797979798,0.2750430405139923,0.0,0.3574178725481033,0.038698278553783896,1,0.5423891858184213,0.3134659854818945,1.0
21,1,learned,o,0.2750430405139923,0.0,0.0,0.1909722222222222,0.2750430405139923,0.0,0.23916227221488953,0.156957645714283,1,0.5423891858184213,0.3134659854818945,1.0
21,1,learned,pk,0.2750430405139923,0.0,0.0,0.23547979797979798,0.2750430405139923,0.0,0.35345879197120667,0.04266165979206562,1,0.5423891858184213,0.3134659854818945,1.0
21,1,learned,po,0.2750430405139923,0.0,0.0,0.1909722222222222,0.2750430405139923,0.0,0.2516037330031395,0.14452186301350595,1,0.5423891858184213,0.3134659854818945,1.0
21,1,learned,ko,0.2750430405139923,0.0,0.0,0.1909722222222222,0.2750430405139923,0.0,0.3704274624586105,0.025688695162534712,1,0.5423891858184213,0.3134659854818945,1.0
21,1,learned,pko,0.2750430405139923,0.0,0.0,0.1909722222222222,0.2750430405139923,0.0,0.3719614565372467,0.024155667051672935,1,0.5423891858184213,0.3134659854818945,1.0
21,1,shuffled,none,0.2750430405139923,0.0,0.0,0.23547979797979798,0.2750430405139923,0.0,0.22924969643354415,0.16687216311693193,1,0.5423891858184213,0.3134659854818945,1.0
21,1,shuffled,p,0.2750430405139923,0.0,0.0,0.23547979797979798,0.2750430405139923,0.0,0.21598933786153793,0.1801367923617363,1,0.5423891858184213,0.3134659854818945,1.0
21,1,shuffled,k,0.2750430405139923,0.0,0.0,0.23547979797979798,0.2750430405139923,0.0,0.24827225506305695,0.14784465730190277,1,0.5423891858184213,0.3134659854818945,1.0
21,1,shuffled,o,0.2750430405139923,0.0,0.0,0.21464646464646464,0.2750430405139923,0.0,0.2276548221707344,0.16846915036439897,1,0.5423891858184213,0.3134659854818945,1.0
21,1,shuffled,pk,0.2750430405139923,0.0,0.0,0.23547979797979798,0.2750430405139923,0.0,0.2364325225353241,0.15968570858240128,1,0.5423891858184213,0.3134659854818945,1.0
21,1,shuffled,po,0.2750430405139923,0.0,0.0,0.21464646464646464,0.2750430405139923,0.0,0.21701080203056336,0.1791178345680237,1,0.5423891858184213,0.3134659854818945,1.0
21,1,shuffled,ko,0.2750430405139923,0.0,0.0,0.21464646464646464,0.2750430405139923,0.0,0.2454735070466995,0.1506451517343521,1,0.5423891858184213,0.3134659854818945,1.0
21,1,shuffled,pko,0.2750430405139923,0.0,0.0,0.21464646464646464,0.2750430405139923,0.0,0.23585484474897384,0.16026544123888015,1,0.5423891858184213,0.3134659854818945,1.0
21,1,anti,none,0.2750430405139923,0.0,0.0,0.23547979797979798,0.2750430405139923,0.0,0.22924969643354415,0.16687216311693193,1,0.5423891858184213,0.3134659854818945,1.0
21,1,anti,p,0.2750430405139923,0.0,0.0,0.23547979797979798,0.2750430405139923,0.0,0.21634449660778046,0.17977850139141083,1,0.5423891858184213,0.3134659854818945,1.0
21,1,anti,k,0.2750430405139923,0.0,0.0,0.23547979797979798,0.2750430405139923,0.0,0.25359785109758376,0.14252043291926383,1,0.5423891858184213,0.3134659854818945,1.0
21,1,anti,o,0.2750430405139923,0.0,0.0,0.22790404040404041,0.2750430405139923,0.0,0.22785558998584748,0.1682680830359459,1,0.5423891858184213,0.3134659854818945,1.0
21,1,anti,pk,0.2750430405139923,0.0,0.0,0.23547979797979798,0.2750430405139923,0.0,0.2409049838781357,0.15521411150693892,1,0.5423891858184213,0.3134659854818945,1.0
21,1,anti,po,0.2750430405139923,0.0,0.0,0.22790404040404041,0.2750430405139923,0.0,0.21701646149158477,0.17910863906145097,1,0.5423891858184213,0.3134659854818945,1.0
21,1,anti,ko,0.2750430405139923,0.0,0.0,0.22790404040404041,0.2750430405139923,0.0,0.2513645887374878,0.14475523084402084,1,0.5423891858184213,0.3134659854818945,1.0
21,1,anti,pko,0.2750430405139923,0.0,0.0,0.22790404040404041,0.2750430405139923,0.0,0.24055049568414688,0.1555703803896904,1,0.5423891858184213,0.3134659854818945,1.0
21,2,controlled,none,0.5202140212059021,0.0,0.0,0.24526515151515152,0.5202140212059021,0.0,0.2030125692486763,0.1931029215455055,1,0.16593522106769346,0.6174507826563767,1.0
21,2,controlled,p,0.5202140212059021,0.0,0.0,0.24526515151515152,0.5202140212059021,0.0,0.18688989132642747,0.20922526270151137,1,0.16593522106769346,0.6174507826563767,1.0
21,2,controlled,k,0.5202140212059021,0.0,0.0,0.24526515151515152,0.5202140212059021,0.0,0.2311401069164276,0.1649746850132942,1,0.16593522106769346,0.6174507826563767,1.0
21,2,controlled,o,0.5202140212059021,0.0,0.0,0.22032828282828282,0.5202140212059021,0.0,0.22040747106075287,0.17570798099040985,1,0.16593522106769346,0.6174507826563767,1.0
21,2,controlled,pk,0.5202140212059021,0.0,0.0,0.24526515151515152,0.5202140212059021,0.0,0.21572792232036592,0.18038649260997772,1,0.16593522106769346,0.6174507826563767,1.0
21,2,controlled,po,0.5202140212059021,0.0,0.0,0.22032828282828282,0.5202140212059021,0.0,0.20848453640937806,0.18763048499822615,1,0.16593522106769346,0.6174507826563767,1.0
21,2,controlled,ko,0.5202140212059021,0.0,0.0,0.22032828282828282,0.5202140212059021,0.0,0.24353843331336975,0.15257642269134522,1,0.16593522106769346,0.6174507826563767,1.0
21,2,controlled,pko,0.5202140212059021,0.0,0.0,0.22032828282828282,0.5202140212059021,0.0,0.23174910992383957,0.1643652841448784,1,0.16593522106769346,0.6174507826563767,1.0
21,2,learned,none,0.5202140212059021,0.0,0.0,0.24526515151515152,0.5202140212059021,0.0,0.2030125692486763,0.1931029215455055,1,0.16593522106769346,0.6174507826563767,1.0
21,2,learned,p,0.5202140212059021,0.0,0.0,0.24526515151515152,0.5202140212059021,0.0,0.1905256226658821,0.20558575987815858,1,0.16593522106769346,0.6174507826563767,1.0
21,2,learned,k,0.5202140212059021,0.0,0.0,0.24526515151515152,0.5202140212059021,0.0,0.3491234928369522,0.046990036964416504,1,0.16593522106769346,0.6174507826563767,1.0
21,2,learned,o,0.5202140212059021,0.0,0.0,0.16098484848484848,0.5202140212059021,0.0,0.22554297745227814,0.17057294100522996,1,0.16593522106769346,0.6174507826563767,1.0
21,2,learned,pk,0.5202140212059021,0.0,0.0,0.24526515151515152,0.5202140212059021,0.0,0.34325753152370453,0.05285405479371548,1,0.16593522106769346,0.6174507826563767,1.0
21,2,learned,po,0.5202140212059021,0.0,0.0,0.16098484848484848,0.5202140212059021,0.0,0.20369637459516526,0.1924130618572235,1,0.16593522106769346,0.6174507826563767,1.0
21,2,learned,ko,0.5202140212059021,0.0,0.0,0.16098484848484848,0.5202140212059021,0.0,0.36437351405620577,0.03174071349203587,1,0.16593522106769346,0.6174507826563767,1.0
21,2,learned,pko,0.5202140212059021,0.0,0.0,0.16098484848484848,0.5202140212059021,0.0,0.3580597579479218,0.03805147297680378,1,0.16593522106769346,0.6174507826563767,1.0
21,2,shuffled,none,0.5202140212059021,0.0,0.0,0.24526515151515152,0.5202140212059021,0.0,0.2030125692486763,0.1931029215455055,1,0.16593522106769346,0.6174507826563767,1.0
21,2,shuffled,p,0.5202140212059021,0.0,0.0,0.24526515151515152,0.5202140212059021,0.0,0.1847920760512352,0.21133197993040084,1,0.16593522106769346,0.6174507826563767,1.0
21,2,shuffled,k,0.5202140212059021,0.0,0.0,0.24526515151515152,0.5202140212059021,0.0,0.22584557980298997,0.17026934623718262,1,0.16593522106769346,0.6174507826563767,1.0
21,2,shuffled,o,0.5202140212059021,0.0,0.0,0.24147727272727273,0.5202140212059021,0.0,0.21410477459430693,0.18201061487197875,1,0.16593522106769346,0.6174507826563767,1.0
21,2,shuffled,pk,0.5202140212059021,0.0,0.0,0.24526515151515152,0.5202140212059021,0.0,0.2100045397877693,0.18611344546079636,1,0.16593522106769346,0.6174507826563767,1.0
21,2,shuffled,po,0.5202140212059021,0.0,0.0,0.24147727272727273,0.5202140212059021,0.0,0.20303190797567366,0.19309161901473998,1,0.16593522106769346,0.6174507826563767,1.0
21,2,shuffled,ko,0.5202140212059021,0.0,0.0,0.24147727272727273,0.5202140212059021,0.0,0.23164744526147843,0.1644674301147461,1,0.16593522106769346,0.6174507826563767,1.0
21,2,shuffled,pko,0.5202140212059021,0.0,0.0,0.24147727272727273,0.5202140212059021,0.0,0.2216906175017357,0.17442697733640672,1,0.16593522106769346,0.6174507826563767,1.0
21,2,anti,none,0.5202140212059021,0.0,0.0,0.24526515151515152,0.5202140212059021,0.0,0.2030125692486763,0.1931029215455055,1,0.16593522106769346,0.6174507826563767,1.0
21,2,anti,p,0.5202140212059021,0.0,0.0,0.24526515151515152,0.5202140212059021,0.0,0.18257443010807037,0.21354916840791702,1,0.16593522106769346,0.6174507826563767,1.0
21,2,anti,k,0.5202140212059021,0.0,0.0,0.24526515151515152,0.5202140212059021,0.0,0.23025553673505783,0.16585930436849594,1,0.16593522106769346,0.6174507826563767,1.0
21,2,anti,o,0.5202140212059021,0.0,0.0,0.23768939393939395,0.5202140212059021,0.0,0.2110801249742508,0.18503520786762237,1,0.16593522106769346,0.6174507826563767,1.0
21,2,anti,pk,0.5202140212059021,0.0,0.0,0.24526515151515152,0.5202140212059021,0.0,0.21205714643001555,0.1840606838464737,1,0.16593522106769346,0.6174507826563767,1.0
21,2,anti,po,0.5202140212059021,0.0,0.0,0.23768939393939395,0.5202140212059021,0.0,0.19603869467973709,0.20008425414562225,1,0.16593522106769346,0.6174507826563767,1.0
21,2,anti,ko,0.5202140212059021,0.0,0.0,0.23768939393939395,0.5202140212059021,0.0,0.23404546678066254,0.1620693102478981,1,0.16593522106769346,0.6174507826563767,1.0
21,2,anti,pko,0.5202140212059021,0.0,0.0,0.23768939393939395,0.5202140212059021,0.0,0.22039915770292282,0.1757182076573372,1,0.16593522106769346,0.6174507826563767,1.0
21,3,controlled,none,0.7077270746231079,0.0,0.0,0.8547979797979798,0.7077270746231079,0.0,0.16659859120845794,0.2295520380139351,0,0.0,1.25,1.0
21,3,controlled,p,0.7077270746231079,0.0,0.0,0.8547979797979798,0.7077270746231079,0.0,0.14893433600664138,0.24722113758325576,0,0.0,1.25,1.0
21,3,controlled,k,0.7077270746231079,0.0,0.0,0.8547979797979798,0.7077270746231079,0.0,0.1877414718270302,0.20839930921792985,0,0.0,1.25,1.0
21,3,controlled,o,0.7077270746231079,0.0,0.0,0.8762626262626263,0.7077270746231079,0.0,0.17618354707956313,0.2199711874127388,0,0.0,1.25,1.0
21,3,controlled,pk,0.7077270746231079,0.0,0.0,0.8547979797979798,0.7077270746231079,0.0,0.17303886264562607,0.22310495227575303,0,0.0,1.25,1.0
21,3,controlled,po,0.7077270746231079,0.0,0.0,0.8762626262626263,0.7077270746231079,0.0,0.16414583921432496,0.23201460838317872,0,0.0,1.25,1.0
21,3,controlled,ko,0.7077270746231079,0.0,0.0,0.8762626262626263,0.7077270746231079,0.0,0.1935602381825447,0.20258372873067856,0,0.0,1.25,1.0
21,3,controlled,pko,0.7077270746231079,0.0,0.0,0.8762626262626263,0.7077270746231079,0.0,0.1838140904903412,0.2123334988951683,0,0.0,1.25,1.0
21,3,learned,none,0.7077270746231079,0.0,0.0,0.8547979797979798,0.7077270746231079,0.0,0.16659859120845794,0.2295520380139351,0,0.0,1.25,1.0
21,3,learned,p,0.7077270746231079,0.0,0.0,0.8547979797979798,0.7077270746231079,0.0,0.17744526714086534,0.2187158450484276,0,0.0,1.25,1.0
21,3,learned,k,0.7077270746231079,0.0,0.0,0.8547979797979798,0.7077270746231079,0.0,0.3343327730894089,0.06178538277745247,0,0.0,1.25,1.0
21,3,learned,o,0.7077270746231079,0.0,0.0,0.35858585858585856,0.7077270746231079,0.0,0.17214533388614656,0.22399611622095109,0,0.0,1.25,1.0
21,3,learned,pk,0.7077270746231079,0.0,0.0,0.8547979797979798,0.7077270746231079,0.0,0.33925851583480837,0.056862964481115344,0,0.0,1.25,1.0
21,3,learned,po,0.7077270746231079,0.0,0.0,0.35858585858585856,0.7077270746231079,0.0,0.17462699711322785,0.221501861512661,0,0.0,1.25,1.0
21,3,learned,ko,0.7077270746231079,0.0,0.0,0.35858585858585856,0.7077270746231079,0.0,0.34074598252773286,0.055370403453707695,0,0.0,1.25,1.0
21,3,learned,pko,0.7077270746231079,0.0,0.0,0.35858585858585856,0.7077270746231079,0.0,0.3458860844373703,0.05023021847009659,0,0.0,1.25,1.0
21,3,shuffled,none,0.7077270746231079,0.0,0.0,0.8547979797979798,0.7077270746231079,0.0,0.16659859120845794,0.2295520380139351,0,0.0,1.25,1.0
21,3,shuffled,p,0.7077270746231079,0.0,0.0,0.8547979797979798,0.7077270746231079,0.0,0.168332014977932,0.22782204300165176,0,0.0,1.25,1.0
21,3,shuffled,k,0.7077270746231079,0.0,0.0,0.8547979797979798,0.7077270746231079,0.0,0.18488627523183823,0.21125488579273224,0,0.0,1.25,1.0
21,3,shuffled,o,0.7077270746231079,0.0,0.0,0.8740530303030303,0.7077270746231079,0.0,0.17021632939577103,0.2259403184056282,0,0.0,1.25,1.0
21,3,shuffled,pk,0.7077270746231079,0.0,0.0,0.8547979797979798,0.7077270746231079,0.0,0.18531358391046523,0.21083028465509415,0,0.0,1.25,1.0
21,3,shuffled,po,0.7077270746231079,0.0,0.0,0.8740530303030303,0.7077270746231079,0.0,0.1746903732419014,0.22147447764873504,0,0.0,1.25,1.0
21,3,shuffled,ko,0.7077270746231079,0.0,0.0,0.8740530303030303,0.7077270746231079,0.0,0.189614936709404,0.20652923732995987,0,0.0,1.25,1.0
21,3,shuffled,pko,0.7077270746231079,0.0,0.0,0.8740530303030303,0.7077270746231079,0.0,0.19210763573646544,0.20404213517904282,0,0.0,1.25,1.0
21,3,anti,none,0.7077270746231079,0.0,0.0,0.8547979797979798,0.7077270746231079,0.0,0.16659859120845794,0.2295520380139351,0,0.0,1.25,1.0
21,3,anti,p,0.7077270746231079,0.0,0.0,0.8547979797979798,0.7077270746231079,0.0,0.14974596127867698,0.24640971124172212,0,0.0,1.25,1.0
21,3,anti,k,0.7077270746231079,0.0,0.0,0.8547979797979798,0.7077270746231079,0.0,0.19595119059085847,0.20018620043992996,0,0.0,1.25,1.0
21,3,anti,o,0.7077270746231079,0.0,0.0,0.889520202020202,0.7077270746231079,0.0,0.1684944897890091,0.2276640087366104,0,0.0,1.25,1.0
21,3,anti,pk,0.7077270746231079,0.0,0.0,0.8547979797979798,0.7077270746231079,0.0,0.1805763363838196,0.21556388288736344,0,0.0,1.25,1.0
21,3,anti,po,0.7077270746231079,0.0,0.0,0.889520202020202,0.7077270746231079,0.0,0.1597759559750557,0.23639464229345322,0,0.0,1.25,1.0
21,3,anti,ko,0.7077270746231079,0.0,0.0,0.889520202020202,0.7077270746231079,0.0,0.2006955400109291,0.1954440474510193,0,0.0,1.25,1.0
21,3,anti,pko,0.7077270746231079,0.0,0.0,0.889520202020202,0.7077270746231079,0.0,0.19081370234489442,0.20533156096935273,0,0.0,1.25,1.0
22,1,controlled,none,0.45626968145370483,0.0,0.0,0.35637626262626265,0.45626968145370483,0.0,0.25317518413066864,0.14294667392969132,1,-0.02123047301215275,0.7051189258394134,1.0
22,1,controlled,p,0.45626968145370483,0.0,0.0,0.35637626262626265,0.45626968145370483,0.0,0.2485453337430954,0.1475764259696007,1,-0.02123047301215275,0.7051189258394134,1.0
22,1,controlled,k,0.45626968145370483,0.0,0.0,0.35637626262626265,0.45626968145370483,0.0,0.2624148905277252,0.13370516002178193,1,-0.02123047301215275,0.7051189258394134,1.0
22,1,controlled,o,0.45626968145370483,0.0,0.0,0.3371212121212121,0.45626968145370483,0.0,0.25316264033317565,0.14295853078365325,1,-0.02123047301215275,0.7051189258394134,1.0
22,1,controlled,pk,0.45626968145370483,0.0,0.0,0.35637626262626265,0.45626968145370483,0.0,0.2578109085559845,0.1383090689778328,1,-0.02123047301215275,0.7051189258394134,1.0
22,1,controlled,po,0.45626968145370483,0.0,0.0,0.3371212121212121,0.45626968145370483,0.0,0.24869321286678314,0.14742800295352937,1,-0.02123047301215275,0.7051189258394134,1.0
22,1,controlled,ko,0.45626968145370483,0.0,0.0,0.3371212121212121,0.45626968145370483,0.0,0.26216945648193357,0.13395003005862235,1,-0.02123047301215275,0.7051189258394134,1.0
22,1,controlled,pko,0.45626968145370483,0.0,0.0,0.3371212121212121,0.45626968145370483,0.0,0.2577357620000839,0.13838376998901367,1,-0.02123047301215275,0.7051189258394134,1.0
22,1,learned,none,0.45626968145370483,0.0,0.0,0.35637626262626265,0.45626968145370483,0.0,0.25317518413066864,0.14294667392969132,1,-0.02123047301215275,0.7051189258394134,1.0
22,1,learned,p,0.45626968145370483,0.0,0.0,0.35637626262626265,0.45626968145370483,0.0,0.25437673926353455,0.1417471542954445,1,-0.02123047301215275,0.7051189258394134,1.0
22,1,learned,k,0.45626968145370483,0.0,0.0,0.35637626262626265,0.45626968145370483,0.0,0.3168854981660843,0.07922886461019515,1,-0.02123047301215275,0.7051189258394134,1.0
22,1,learned,o,0.45626968145370483,0.0,0.0,0.27904040404040403,0.45626968145370483,0.0,0.2532138004899025,0.14290755838155747,1,-0.02123047301215275,0.7051189258394134,1.0
22,1,learned,pk,0.45626968145370483,0.0,0.0,0.35637626262626265,0.45626968145370483,0.0,0.3161897361278534,0.07992574572563171,1,-0.02123047301215275,0.7051189258394134,1.0
22,1,learned,po,0.45626968145370483,0.0,0.0,0.27904040404040403,0.45626968145370483,0.0,0.25488257110118867,0.1412355750799179,1,-0.02123047301215275,0.7051189258394134,1.0
22,1,learned,ko,0.45626968145370483,0.0,0.0,0.27904040404040403,0.45626968145370483,0.0,0.3212204396724701,0.07489332295954228,1,-0.02123047301215275,0.7051189258394134,1.0
22,1,learned,pko,0.45626968145370483,0.0,0.0,0.27904040404040403,0.45626968145370483,0.0,0.32020986676216123,0.07590270787477493,1,-0.02123047301215275,0.7051189258394134,1.0
22,1,shuffled,none,0.45626968145370483,0.0,0.0,0.35637626262626265,0.45626968145370483,0.0,0.25317518413066864,0.14294667392969132,1,-0.02123047301215275,0.7051189258394134,1.0
22,1,shuffled,p,0.45626968145370483,0.0,0.0,0.35637626262626265,0.45626968145370483,0.0,0.2473910629749298,0.1487326517701149,1,-0.02123047301215275,0.7051189258394134,1.0
22,1,shuffled,k,0.45626968145370483,0.0,0.0,0.35637626262626265,0.45626968145370483,0.0,0.2615985691547394,0.13452113568782806,1,-0.02123047301215275,0.7051189258394134,1.0
22,1,shuffled,o,0.45626968145370483,0.0,0.0,0.3178661616161616,0.45626968145370483,0.0,0.25403146743774413,0.14208985567092897,1,-0.02123047301215275,0.7051189258394134,1.0
22,1,shuffled,pk,0.45626968145370483,0.0,0.0,0.35637626262626265,0.45626968145370483,0.0,0.2559696793556213,0.14015117287635803,1,-0.02123047301215275,0.7051189258394134,1.0
22,1,shuffled,po,0.45626968145370483,0.0,0.0,0.3178661616161616,0.45626968145370483,0.0,0.24929416924715042,0.14682923704385759,1,-0.02123047301215275,0.7051189258394134,1.0
22,1,shuffled,ko,0.45626968145370483,0.0,0.0,0.3178661616161616,0.45626968145370483,0.0,0.2615814030170441,0.13453818410634993,1,-0.02123047301215275,0.7051189258394134,1.0
22,1,shuffled,pko,0.45626968145370483,0.0,0.0,0.3178661616161616,0.45626968145370483,0.0,0.2570026755332947,0.13911841958761215,1,-0.02123047301215275,0.7051189258394134,1.0
22,1,anti,none,0.45626968145370483,0.0,0.0,0.35637626262626265,0.45626968145370483,0.0,0.25317518413066864,0.14294667392969132,1,-0.02123047301215275,0.7051189258394134,1.0
22,1,anti,p,0.45626968145370483,0.0,0.0,0.35637626262626265,0.45626968145370483,0.0,0.2470545709133148,0.14906875640153885,1,-0.02123047301215275,0.7051189258394134,1.0
22,1,anti,k,0.45626968145370483,0.0,0.0,0.35637626262626265,0.45626968145370483,0.0,0.2661431640386581,0.1299761489033699,1,-0.02123047301215275,0.7051189258394134,1.0
22,1,anti,o,0.45626968145370483,0.0,0.0,0.3402777777777778,0.45626968145370483,0.0,0.25227891802787783,0.14384252727031707,1,-0.02123047301215275,0.7051189258394134,1.0
22,1,anti,pk,0.45626968145370483,0.0,0.0,0.35637626262626265,0.45626968145370483,0.0,0.2587115615606308,0.1374086394906044,1,-0.02123047301215275,0.7051189258394134,1.0
22,1,anti,po,0.45626968145370483,0.0,0.0,0.3402777777777778,0.45626968145370483,0.0,0.2469413995742798,0.14918133467435837,1,-0.02123047301215275,0.7051189258394134,1.0
22,1,anti,ko,0.45626968145370483,0.0,0.0,0.3402777777777778,0.45626968145370483,0.0,0.2635349780321121,0.13258436769247056,1,-0.02123047301215275,0.7051189258394134,1.0
22,1,anti,pko,0.45626968145370483,0.0,0.0,0.3402777777777778,0.45626968145370483,0.0,0.25738010704517367,0.13874018490314483,1,-0.02123047301215275,0.7051189258394134,1.0
22,2,controlled,none,-0.10276243984699249,0.9980000000000001,0.001,0.8001893939393939,-0.1048358753323555,1.0,0.06437312588095664,0.33268154561519625,1,0.7299343709549525,1.0893000801063117,1.0
22,2,controlled,p,-0.10216537117958069,0.9975000000000002,0.0015,0.8001893939393939,-0.1048358753323555,1.0,0.04810022935271263,0.34937009811401365,1,0.7299343709549525,1.0893000801063117,1.0
22,2,controlled,k,-0.10362897962331771,0.9985,0.0,0.8001893939393939,-0.1048358753323555,1.0,0.1465927891433239,0.24986405521631241,1,0.7299343709549525,1.0893000801063117,1.0
22,2,controlled,o,-0.10276243984699249,0.9980000000000001,0.001,0.773989898989899,-0.1048358753323555,1.0,0.07591112852096557,0.3213233232498169,1,0.7299343709549525,1.0893000801063117,1.0
22,2,controlled,pk,-0.10362897962331771,0.9985,0.0,0.8001893939393939,-0.1048358753323555,1.0,0.11228444054722786,0.28428647220134734,1,0.7299343709549525,1.0893000801063117,1.0
22,2,controlled,po,-0.10216537117958069,0.9975000000000002,0.0015,0.773989898989899,-0.1048358753323555,1.0,0.06451957747340202,0.3334056705236435,1,0.7299343709549525,1.0893000801063117,1.0
22,2,controlled,ko,-0.10362897962331771,0.9985,0.0,0.773989898989899,-0.1048358753323555,1.0,0.11690609604120254,0.2797226160764694,1,0.7299343709549525,1.0893000801063117,1.0
22,2,controlled,pko,-0.10362897962331771,0.9985,0.0,0.773989898989899,-0.1048358753323555,1.0,0.10068683922290803,0.2961836069822311,1,0.7299343709549525,1.0893000801063117,1.0
22,2,learned,none,-0.10276243984699249,0.9980000000000001,0.001,0.8001893939393939,-0.1048358753323555,1.0,0.06437312588095664,0.33268154561519625,1,0.7299343709549525,1.0893000801063117,1.0
22,2,learned,p,-0.10216537117958069,0.9975000000000002,0.0015,0.8001893939393939,-0.1048358753323555,1.0,0.062028349936008455,0.3352584779262543,1,0.7299343709549525,1.0893000801063117,1.0
22,2,learned,k,-0.1048358753323555,1.0,0.0,0.8001893939393939,-0.1048358753323555,1.0,0.31756546199321745,0.07858211919665337,1,0.7299343709549525,1.0893000801063117,1.0
22,2,learned,o,-0.10243484079837799,0.9975000000000002,0.001,0.22569444444444445,-0.1048358753323555,1.0,0.07142808511853219,0.3259759783744812,1,0.7299343709549525,1.0893000801063117,1.0
22,2,learned,pk,-0.1048358753323555,1.0,0.0,0.8001893939393939,-0.1048358753323555,1.0,0.31662208735942843,0.07952722646296025,1,0.7299343709549525,1.0893000801063117,1.0
22,2,learned,po,-0.10362897962331771,0.9985,0.0,0.22569444444444445,-0.1048358753323555,1.0,0.08390476368367672,0.31360936164855957,1,0.7299343709549525,1.0893000801063117,1.0
22,2,learned,ko,-0.1048358753323555,1.0,0.0,0.22569444444444445,-0.1048358753323555,1.0,0.35683165192604066,0.03930966779589653,1,0.7299343709549525,1.0893000801063117,1.0
22,2,learned,pko,-0.1048358753323555,1.0,0.0,0.22569444444444445,-0.1048358753323555,1.0,0.35423772037029266,0.041900447383522985,1,0.7299343709549525,1.0893000801063117,1.0
22,2,shuffled,none,-0.10276243984699249,0.9980000000000001,0.001,0.8001893939393939,-0.1048358753323555,1.0,0.06437312588095664,0.33268154561519625,1,0.7299343709549525,1.0893000801063117,1.0
22,2,shuffled,p,-0.10216537117958069,0.9975000000000002,0.0015,0.8001893939393939,-0.1048358753323555,1.0,0.0674023400992155,0.33005461692810056,1,0.7299343709549525,1.0893000801063117,1.0
22,2,shuffled,k,-0.10362897962331771,0.9985,0.0,0.8001893939393939,-0.1048358753323555,1.0,0.16879482120275496,0.22765561640262605,1,0.7299343709549525,1.0893000801063117,1.0
22,2,shuffled,o,-0.10243484079837799,0.9975000000000002,0.001,0.7676767676767676,-0.1048358753323555,1.0,0.055956020206213,0.34146722555160525,1,0.7299343709549525,1.0893000801063117,1.0
22,2,shuffled,pk,-0.10362897962331771,0.9985,0.0,0.8001893939393939,-0.1048358753323555,1.0,0.14279010370373726,0.25376380532979964,1,0.7299343709549525,1.0893000801063117,1.0
22,2,shuffled,po,-0.10183777213096619,0.9970000000000002,0.0015,0.7676767676767676,-0.1048358753323555,1.0,0.04996260404586792,0.3485213667154312,1,0.7299343709549525,1.0893000801063117,1.0
22,2,shuffled,ko,-0.10362897962331771,0.9985,0.0,0.7676767676767676,-0.1048358753323555,1.0,0.0939192958176136,0.302701398730278,1,0.7299343709549525,1.0893000801063117,1.0
22,2,shuffled,pko,-0.10362897962331771,0.9985,0.0,0.7676767676767676,-0.1048358753323555,1.0,0.08171953037381172,0.31520696729421616,1,0.7299343709549525,1.0893000801063117,1.0
22,2,anti,none,-0.10276243984699249,0.9980000000000001,0.001,0.8001893939393939,-0.1048358753323555,1.0,0.06437312588095664,0.33268154561519625,1,0.7299343709549525,1.0893000801063117,1.0
22,2,anti,p,-0.10216537117958069,0.9975000000000002,0.0015,0.8001893939393939,-0.1048358753323555,1.0,0.044823873043060306,0.3525454580783844,1,0.7299343709549525,1.0893000801063117,1.0
22,2,anti,k,-0.10362897962331771,0.9985,0.0,0.8001893939393939,-0.1048358753323555,1.0,0.14631971567869187,0.2501900434494019,1,0.7299343709549525,1.0893000801063117,1.0
22,2,anti,o,-0.1030319094657898,0.9980000000000001,0.0005,0.7537878787878788,-0.1048358753323555,1.0,0.08050865903496743,0.31662012040615084,1,0.7299343709549525,1.0893000801063117,1.0
22,2,anti,pk,-0.10362897962331771,0.9985,0.0,0.8001893939393939,-0.1048358753323555,1.0,0.11213188618421555,0.284478360414505,1,0.7299343709549525,1.0893000801063117,1.0
22,2,anti,po,-0.10216537117958069,0.9975000000000002,0.0015,0.7537878787878788,-0.1048358753323555,1.0,0.06463875882327556,0.33286663591861726,1,0.7299343709549525,1.0893000801063117,1.0
22,2,anti,ko,-0.10362897962331771,0.9985,0.0,0.7537878787878788,-0.1048358753323555,1.0,0.12570450827479362,0.270918133854866,1,0.7299343709549525,1.0893000801063117,1.0
22,2,anti,pko,-0.10362897962331771,0.9985,0.0,0.7537878787878788,-0.1048358753323555,1.0,0.10771634057164192,0.2890546530485153,1,0.7299343709549525,1.0893000801063117,1.0
22,3,controlled,none,0.28168347477912903,0.0,0.0,0.5157828282828283,0.28168347477912903,0.0,0.14627106189727784,0.25003996938467027,1,0.20579990893254663,1.2076409403437343,1.0
22,3,controlled,p,0.28168347477912903,0.0,0.0,0.5157828282828283,0.28168347477912903,0.0,0.1410953938961029,0.2552272751927376,1,0.20579990893254663,1.2076409403437343,1.0
22,3,controlled,k,0.28168347477912903,0.0,0.0,0.5157828282828283,0.28168347477912903,0.0,0.17107958495616912,0.22510693222284317,1,0.20579990893254663,1.2076409403437343,1.0
22,3,controlled,o,0.28168347477912903,0.0,0.0,0.5195707070707071,0.28168347477912903,0.0,0.140181864798069,0.2561287134885788,1,0.20579990893254663,1.2076409403437343,1.0
22,3,controlled,pk,0.28168347477912903,0.0,0.0,0.5157828282828283,0.28168347477912903,0.0,0.1600246474146843,0.23616349399089814,1,0.20579990893254663,1.2076409403437343,1.0
22,3,controlled,po,0.28168347477912903,0.0,0.0,0.5195707070707071,0.28168347477912903,0.0,0.1365249752998352,0.2597976505756378,1,0.20579990893254663,1.2076409403437343,1.0
22,3,controlled,ko,0.28168347477912903,0.0,0.0,0.5195707070707071,0.28168347477912903,0.0,0.16125972270965577,0.23493589609861373,1,0.20579990893254663,1.2076409403437343,1.0
22,3,controlled,pko,0.28168347477912903,0.0,0.0,0.5195707070707071,0.28168347477912903,0.0,0.15416741818189622,0.2420310214161873,1,0.20579990893254663,1.2076409403437343,1.0
22,3,learned,none,0.28168347477912903,0.0,0.0,0.5157828282828283,0.28168347477912903,0.0,0.14627106189727784,0.25003996938467027,1,0.20579990893254663,1.2076409403437343,1.0
22,3,learned,p,0.28168347477912903,0.0,0.0,0.5157828282828283,0.28168347477912903,0.0,0.1440386801958084,0.25227530002593995,1,0.20579990893254663,1.2076409403437343,1.0
22,3,learned,k,0.28168347477912903,0.0,0.0,0.5157828282828283,0.28168347477912903,0.0,0.2378911107778549,0.1582433119416237,1,0.20579990893254663,1.2076409403437343,1.0
22,3,learned,o,0.28168347477912903,0.0,0.0,0.32954545454545453,0.28168347477912903,0.0,0.16740000247955322,0.2289941653609276,1,0.20579990893254663,1.2076409403437343,1.0
22,3,learned,pk,0.28168347477912903,0.0,0.0,0.5157828282828283,0.28168347477912903,0.0,0.23567133992910386,0.1604642778635025,1,0.20579990893254663,1.2076409403437343,1.0
22,3,learned,po,0.28168347477912903,0.0,0.0,0.32954545454545453,0.28168347477912903,0.0,0.16330452710390092,0.23305958658456802,1,0.20579990893254663,1.2076409403437343,1.0
22,3,learned,ko,0.28168347477912903,0.0,0.0,0.32954545454545453,0.28168347477912903,0.0,0.2801466748118401,0.11598873808979988,1,0.20579990893254663,1.2076409403437343,1.0
22,3,learned,pko,0.28168347477912903,0.0,0.0,0.32954545454545453,0.28168347477912903,0.0,0.27715631723403933,0.11897851973772049,1,0.20579990893254663,1.2076409403437343,1.0
22,3,shuffled,none,0.28168347477912903,0.0,0.0,0.5157828282828283,0.28168347477912903,0.0,0.14627106189727784,0.25003996938467027,1,0.20579990893254663,1.2076409403437343,1.0
22,3,shuffled,p,0.28168347477912903,0.0,0.0,0.5157828282828283,0.28168347477912903,0.0,0.1316867306828499,0.2646667093038559,1,0.20579990893254663,1.2076409403437343,1.0
22,3,shuffled,k,0.28168347477912903,0.0,0.0,0.5157828282828283,0.28168347477912903,0.0,0.16695215106010436,0.22925978899002075,1,0.20579990893254663,1.2076409403437343,1.0
22,3,shuffled,o,0.28168347477912903,0.0,0.0,0.5347222222222222,0.28168347477912903,0.0,0.13890210762619973,0.25741050094366075,1,0.20579990893254663,1.2076409403437343,1.0
22,3,shuffled,pk,0.28168347477912903,0.0,0.0,0.5157828282828283,0.28168347477912903,0.0,0.15275105983018875,0.2434779405593872,1,0.20579990893254663,1.2076409403437343,1.0
22,3,shuffled,po,0.28168347477912903,0.0,0.0,0.5347222222222222,0.28168347477912903,0.0,0.126199059933424,0.27015891671180725,1,0.20579990893254663,1.2076409403437343,1.0
22,3,shuffled,ko,0.28168347477912903,0.0,0.0,0.5347222222222222,0.28168347477912903,0.0,0.15888550132513046,0.2373304545879364,1,0.20579990893254663,1.2076409403437343,1.0
22,3,shuffled,pko,0.28168347477912903,0.0,0.0,0.5347222222222222,0.28168347477912903,0.0,0.146333010494709,0.24990230053663254,1,0.20579990893254663,1.2076409403437343,1.0
22,3,anti,none,0.28168347477912903,0.0,0.0,0.5157828282828283,0.28168347477912903,0.0,0.14627106189727784,0.25003996938467027,1,0.20579990893254663,1.2076409403437343,1.0
22,3,anti,p,0.28168347477912903,0.0,0.0,0.5157828282828283,0.28168347477912903,0.0,0.13707005977630615,0.2593482434749603,1,0.20579990893254663,1.2076409403437343,1.0
22,3,anti,k,0.28168347477912903,0.0,0.0,0.5157828282828283,0.28168347477912903,0.0,0.16306957900524138,0.2331575945019722,1,0.20579990893254663,1.2076409403437343,1.0
22,3,anti,o,0.28168347477912903,0.0,0.0,0.5160984848484849,0.28168347477912903,0.0,0.1414557822048664,0.2548534646630287,1,0.20579990893254663,1.2076409403437343,1.0
22,3,anti,pk,0.28168347477912903,0.0,0.0,0.5157828282828283,0.28168347477912903,0.0,0.15409562289714812,0.24218119978904723,1,0.20579990893254663,1.2076409403437343,1.0
22,3,anti,po,0.28168347477912903,0.0,0.0,0.5160984848484849,0.28168347477912903,0.0,0.13056754022836686,0.2658586025238037,1,0.20579990893254663,1.2076409403437343,1.0
22,3,anti,ko,0.28168347477912903,0.0,0.0,0.5160984848484849,0.28168347477912903,0.0,0.16041994243860244,0.23580136895179749,1,0.20579990893254663,1.2076409403437343,1.0
22,3,anti,pko,0.28168347477912903,0.0,0.0,0.5160984848484849,0.28168347477912903,0.0,0.14945636838674545,0.24681683033704757,1,0.20579990893254663,1.2076409403437343,1.0
23,1,controlled,none,-0.19409538805484772,1.0,0.0,0.08207070707070707,-0.19409538805484772,1.0,0.24132246673107147,0.15482994318008422,1,0.4419446038932902,-0.18096914903734987,1.0
23,1,controlled,p,-0.19409538805484772,1.0,0.0,0.08207070707070707,-0.19409538805484772,1.0,0.2268117368221283,0.16934599205851555,1,0.4419446038932902,-0.18096914903734987,1.0
23,1,controlled,k,-0.19409538805484772,1.0,0.0,0.08207070707070707,-0.19409538805484772,1.0,0.2693800747394562,0.1267671249806881,1,0.4419446038932902,-0.18096914903734987,1.0
23,1,controlled,o,-0.19409538805484772,1.0,0.0,0.07891414141414141,-0.19409538805484772,1.0,0.2558127224445343,0.14034173190593718,1,0.4419446038932902,-0.18096914903734987,1.0
23,1,controlled,pk,-0.19409538805484772,1.0,0.0,0.08207070707070707,-0.19409538805484772,1.0,0.2517056792974472,0.14444570764899253,1,0.4419446038932902,-0.18096914903734987,1.0
23,1,controlled,po,-0.19409538805484772,1.0,0.0,0.07891414141414141,-0.19409538805484772,1.0,0.24659909158945084,0.14956107065081597,1,0.4419446038932902,-0.18096914903734987,1.0
23,1,controlled,ko,-0.19409538805484772,1.0,0.0,0.07891414141414141,-0.19409538805484772,1.0,0.27515330612659455,0.12099587917327881,1,0.4419446038932902,-0.18096914903734987,1.0
23,1,controlled,pko,-0.19409538805484772,1.0,0.0,0.07891414141414141,-0.19409538805484772,1.0,0.26499082148075104,0.13116292431950569,1,0.4419446038932902,-0.18096914903734987,1.0
23,1,learned,none,-0.19409538805484772,1.0,0.0,0.08207070707070707,-0.19409538805484772,1.0,0.24132246673107147,0.15482994318008422,1,0.4419446038932902,-0.18096914903734987,1.0
23,1,learned,p,-0.19409538805484772,1.0,0.0,0.08207070707070707,-0.19409538805484772,1.0,0.24098593592643738,0.15527132675051689,1,0.4419446038932902,-0.18096914903734987,1.0
23,1,learned,k,-0.19409538805484772,1.0,0.0,0.08207070707070707,-0.19409538805484772,1.0,0.3614756911993027,0.034644565917551516,1,0.4419446038932902,-0.18096914903734987,1.0
23,1,learned,o,-0.19409538805484772,1.0,0.0,0.14772727272727273,-0.19409538805484772,1.0,0.25941199958324435,0.13673838675022126,1,0.4419446038932902,-0.18096914903734987,1.0
23,1,learned,pk,-0.19409538805484772,1.0,0.0,0.08207070707070707,-0.19409538805484772,1.0,0.36196019053459166,0.03417058475315571,1,0.4419446038932902,-0.18096914903734987,1.0
23,1,learned,po,-0.19409538805484772,1.0,0.0,0.14772727272727273,-0.19409538805484772,1.0,0.261979341506958,0.13420163169503213,1,0.4419446038932902,-0.18096914903734987,1.0
23,1,learned,ko,-0.19409538805484772,1.0,0.0,0.14772727272727273,-0.19409538805484772,1.0,0.3737545520067215,0.022364922147244216,1,0.4419446038932902,-0.18096914903734987,1.0
23,1,learned,pko,-0.19409538805484772,1.0,0.0,0.14772727272727273,-0.19409538805484772,1.0,0.3750913590192795,0.021029595099389554,1,0.4419446038932902,-0.18096914903734987,1.0
23,1,shuffled,none,-0.19409538805484772,1.0,0.0,0.08207070707070707,-0.19409538805484772,1.0,0.24132246673107147,0.15482994318008422,1,0.4419446038932902,-0.18096914903734987,1.0
23,1,shuffled,p,-0.19409538805484772,1.0,0.0,0.08207070707070707,-0.19409538805484772,1.0,0.22414457201957702,0.1720121130347252,1,0.4419446038932902,-0.18096914903734987,1.0
23,1,shuffled,k,-0.19409538805484772,1.0,0.0,0.08207070707070707,-0.19409538805484772,1.0,0.26597868502140043,0.1301684446632862,1,0.4419446038932902,-0.18096914903734987,1.0
23,1,shuffled,o,-0.19409538805484772,1.0,0.0,0.08996212121212122,-0.19409538805484772,1.0,0.2547676578164101,0.14138491526246072,1,0.4419446038932902,-0.18096914903734987,1.0
23,1,shuffled,pk,-0.19409538805484772,1.0,0.0,0.08207070707070707,-0.19409538805484772,1.0,0.24938234239816665,0.146768169850111,1,0.4419446038932902,-0.18096914903734987,1.0
23,1,shuffled,po,-0.19409538805484772,1.0,0.0,0.08996212121212122,-0.19409538805484772,1.0,0.2408103436231613,0.15534565299749375,1,0.4419446038932902,-0.18096914903734987,1.0
23,1,shuffled,ko,-0.19409538805484772,1.0,0.0,0.08996212121212122,-0.19409538805484772,1.0,0.27248690128326414,0.12366063296794891,1,0.4419446038932902,-0.18096914903734987,1.0
23,1,shuffled,pko,-0.19409538805484772,1.0,0.0,0.08996212121212122,-0.19409538805484772,1.0,0.2607096016407013,0.1354406140744686,1,0.4419446038932902,-0.18096914903734987,1.0
23,1,anti,none,-0.19409538805484772,1.0,0.0,0.08207070707070707,-0.19409538805484772,1.0,0.24132246673107147,0.15482994318008422,1,0.4419446038932902,-0.18096914903734987,1.0
23,1,anti,p,-0.19409538805484772,1.0,0.0,0.08207070707070707,-0.19409538805484772,1.0,0.2338761419057846,0.1622800759971142,1,0.4419446038932902,-0.18096914903734987,1.0
23,1,anti,k,-0.19409538805484772,1.0,0.0,0.08207070707070707,-0.19409538805484772,1.0,0.2584189623594284,0.1377282790839672,1,0.4419446038932902,-0.18096914903734987,1.0
23,1,anti,o,-0.19409538805484772,1.0,0.0,0.08049242424242424,-0.19409538805484772,1.0,0.2528574541211128,0.14329559206962586,1,0.4419446038932902,-0.18096914903734987,1.0
23,1,anti,pk,-0.19409538805484772,1.0,0.0,0.08207070707070707,-0.19409538805484772,1.0,0.2510551244020462,0.14509519189596176,1,0.4419446038932902,-0.18096914903734987,1.0
23,1,anti,po,-0.19409538805484772,1.0,0.0,0.08049242424242424,-0.19409538805484772,1.0,0.24565970301628112,0.15049650222063066,1,0.4419446038932902,-0.18096914903734987,1.0
23,1,anti,ko,-0.19409538805484772,1.0,0.0,0.08049242424242424,-0.19409538805484772,1.0,0.2693930447101593,0.12675507515668868,1,0.4419446038932902,-0.18096914903734987,1.0
23,1,anti,pko,-0.19409538805484772,1.0,0.0,0.08049242424242424,-0.19409538805484772,1.0,0.2627157956361771,0.13343488201498985,1,0.4419446038932902,-0.18096914903734987,1.0
23,2,controlled,none,1.25,0.0,0.0,0.001893939393939394,1.25,0.0,0.2780437469482422,0.11805449426174164,1,0.01365508293558905,0.20543427847002688,1.0
23,2,controlled,p,1.249845290184021,0.0,0.0,0.001893939393939394,1.25,0.0,0.22807569205760955,0.16806330233812333,1,0.01365508293558905,0.20543427847002688,1.0
23,2,controlled,k,1.25,0.0,0.0,0.001893939393939394,1.25,0.0,0.30044212341308596,0.09565338715910912,1,0.01365508293558905,0.20543427847002688,1.0
23,2,controlled,o,1.25,0.0,0.0,0.0025252525252525255,1.25,0.0,0.1887774273753166,0.2073212519288063,1,0.01365508293558905,0.20543427847002688,1.0
23,2,controlled,pk,1.25,0.0,0.0,0.001893939393939394,1.25,0.0,0.2769834637641907,0.11911609172821044,1,0.01365508293558905,0.20543427847002688,1.0
23,2,controlled,po,1.249845290184021,0.0,0.0,0.0025252525252525255,1.25,0.0,0.18872745484113693,0.20741190314292907,1,0.01365508293558905,0.20543427847002688,1.0
23,2,controlled,ko,1.25,0.0,0.0,0.0025252525252525255,1.25,0.0,0.22154551446437837,0.1745503507554531,1,0.01365508293558905,0.20543427847002688,1.0
23,2,controlled,pko,1.25,0.0,0.0,0.0025252525252525255,1.25,0.0,0.21835654675960542,0.17774331867694854,1,0.01365508293558905,0.20543427847002688,1.0
23,2,learned,none,1.25,0.0,0.0,0.001893939393939394,1.25,0.0,0.2780437469482422,0.11805449426174164,1,0.01365508293558905,0.20543427847002688,1.0
23,2,learned,p,1.25,0.0,0.0,0.001893939393939394,1.25,0.0,0.2266898199915886,0.1694105640053749,1,0.01365508293558905,0.20543427847002688,1.0
23,2,learned,k,1.25,0.0,0.0,0.001893939393939394,1.25,0.0,0.3831351071596146,0.012969658896327018,1,0.01365508293558905,0.20543427847002688,1.0
23,2,learned,o,1.25,0.0,0.0,0.11742424242424243,1.25,0.0,0.17992882877588273,0.2161690205335617,1,0.01365508293558905,0.20543427847002688,1.0
23,2,learned,pk,1.25,0.0,0.0,0.001893939393939394,1.25,0.0,0.37343660891056063,0.02266679797321558,1,0.01365508293558905,0.20543427847002688,1.0
23,2,learned,po,1.25,0.0,0.0,0.11742424242424243,1.25,0.0,0.13210902512073516,0.26398999989032745,1,0.01365508293558905,0.20543427847002688,1.0
23,2,learned,ko,1.25,0.0,0.0,0.11742424242424243,1.25,0.0,0.3848906546831131,0.011217080941423773,1,0.01365508293558905,0.20543427847002688,1.0
23,2,learned,pko,1.25,0.0,0.0,0.11742424242424243,1.25,0.0,0.3766867250204086,0.019419076666235924,1,0.01365508293558905,0.20543427847002688,1.0
23,2,shuffled,none,1.25,0.0,0.0,0.001893939393939394,1.25,0.0,0.2780437469482422,0.11805449426174164,1,0.01365508293558905,0.20543427847002688,1.0
23,2,shuffled,p,1.25,0.0,0.0,0.001893939393939394,1.25,0.0,0.2470041498541832,0.14915731623768808,1,0.01365508293558905,0.20543427847002688,1.0
23,2,shuffled,k,1.25,0.0,0.0,0.001893939393939394,1.25,0.0,0.2990618646144867,0.09703348167240619,1,0.01365508293558905,0.20543427847002688,1.0
23,2,shuffled,o,1.25,0.0,0.0,0.0,1.25,0.0,0.3072896510362625,0.08880920186638833,1,0.01365508293558905,0.20543427847002688,1.0
23,2,shuffled,pk,1.25,0.0,0.0,0.001893939393939394,1.25,0.0,0.2795269265770912,0.11657257378101349,1,0.01365508293558905,0.20543427847002688,1.0
23,2,shuffled,po,1.25,0.0,0.0,0.0,1.25,0.0,0.2915909647941589,0.10457100793719291,1,0.01365508293558905,0.20543427847002688,1.0
23,2,shuffled,ko,1.25,0.0,0.0,0.0,1.25,0.0,0.32271865010261536,0.07337726727128029,1,0.01365508293558905,0.20543427847002688,1.0
23,2,shuffled,pko,1.25,0.0,0.0,0.0,1.25,0.0,0.31082357168197633,0.0852763868868351,1,0.01365508293558905,0.20543427847002688,1.0
23,2,anti,none,1.25,0.0,0.0,0.001893939393939394,1.25,0.0,0.2780437469482422,0.11805449426174164,1,0.01365508293558905,0.20543427847002688,1.0
23,2,anti,p,1.25,0.0,0.0,0.001893939393939394,1.25,0.0,0.22619425803422927,0.16990186423063278,1,0.01365508293558905,0.20543427847002688,1.0
23,2,anti,k,1.25,0.0,0.0,0.001893939393939394,1.25,0.0,0.3097566455602646,0.08633933290839195,1,0.01365508293558905,0.20543427847002688,1.0
23,2,anti,o,1.25,0.0,0.0,0.0025252525252525255,1.25,0.0,0.2143990531563759,0.18172046542167664,1,0.01365508293558905,0.20543427847002688,1.0
23,2,anti,pk,1.25,0.0,0.0,0.001893939393939394,1.25,0.0,0.28322600573301315,0.11286883652210236,1,0.01365508293558905,0.20543427847002688,1.0
23,2,anti,po,1.25,0.0,0.0,0.0025252525252525255,1.25,0.0,0.19858018904924393,0.19753901213407515,1,0.01365508293558905,0.20543427847002688,1.0
23,2,anti,ko,1.25,0.0,0.0,0.0025252525252525255,1.25,0.0,0.2506358355283737,0.145474748685956,1,0.01365508293558905,0.20543427847002688,1.0
23,2,anti,pko,1.25,0.0,0.0,0.0025252525252525255,1.25,0.0,0.24067771583795547,0.1554327055811882,1,0.01365508293558905,0.20543427847002688,1.0
23,3,controlled,none,0.16279350221157074,0.0,0.0,0.9472853535353535,0.16279350221157074,0.0,0.16645575761795045,0.22998109459877014,1,0.7660453059182937,1.25,1.0
23,3,controlled,p,0.163337105512619,0.0,0.0005,0.9472853535353535,0.16279350221157074,0.0,0.14109751135110854,0.2555652499198914,1,0.7660453059182937,1.25,1.0
23,3,controlled,k,0.16279350221157074,0.0,0.0,0.9472853535353535,0.16279350221157074,0.0,0.20694610029458999,0.1892978772521019,1,0.7660453059182937,1.25,1.0
23,3,controlled,o,0.163337105512619,0.0,0.0005,0.9387626262626263,0.16279350221157074,0.0,0.16256690323352813,0.23388015925884248,1,0.7660453059182937,1.25,1.0
23,3,controlled,pk,0.16279350221157074,0.0,0.0,0.9472853535353535,0.16279350221157074,0.0,0.18334126919507981,0.21297719031572343,1,0.7660453059182937,1.25,1.0
23,3,controlled,po,0.163337105512619,0.0,0.0005,0.9387626262626263,0.16279350221157074,0.0,0.1444846883416176,0.2520821988582611,1,0.7660453059182937,1.25,1.0
23,3,controlled,ko,0.16279350221157074,0.0,0.0,0.9387626262626263,0.16279350221157074,0.0,0.20035599023103715,0.1958996281027794,1,0.7660453059182937,1.25,1.0
23,3,controlled,pko,0.16279350221157074,0.0,0.0,0.9387626262626263,0.16279350221157074,0.0,0.18269692212343216,0.2136020079255104,1,0.7660453059182937,1.25,1.0
23,3,learned,none,0.16279350221157074,0.0,0.0,0.9472853535353535,0.16279350221157074,0.0,0.16645575761795045,0.22998109459877014,1,0.7660453059182937,1.25,1.0
23,3,learned,p,0.16279350221157074,0.0,0.0,0.9472853535353535,0.16279350221157074,0.0,0.1734187200665474,0.22286090552806853,1,0.7660453059182937,1.25,1.0
23,3,learned,k,0.16279350221157074,0.0,0.0,0.9472853535353535,0.16279350221157074,0.0,0.3715563893318176,0.02456578202545643,1,0.7660453059182937,1.25,1.0
23,3,learned,o,0.163337105512619,0.0,0.0005,0.2159090909090909,0.16279350221157074,0.0,0.18171508908271788,0.21487200558185576,1,0.7660453059182937,1.25,1.0
23,3,learned,pk,0.16279350221157074,0.0,0.0,0.9472853535353535,0.16279350221157074,0.0,0.3697550863027573,0.02636127360165119,1,0.7660453059182937,1.25,1.0
23,3,learned,po,0.16279350221157074,0.0,0.0,0.2159090909090909,0.16279350221157074,0.0,0.18610398322343827,0.21015919744968414,1,0.7660453059182937,1.25,1.0
23,3,learned,ko,0.16279350221157074,0.0,0.0,0.2159090909090909,0.16279350221157074,0.0,0.38047294318675995,0.01564872730523348,1,0.7660453059182937,1.25,1.0
23,3,learned,pko,0.16279350221157074,0.0,0.0,0.2159090909090909,0.16279350221157074,0.0,0.38048864901065826,0.015628354623913765,1,0.7660453059182937,1.25,1.0
23,3,shuffled,none,0.16279350221157074,0.0,0.0,0.9472853535353535,0.16279350221157074,0.0,0.16645575761795045,0.22998109459877014,1,0.7660453059182937,1.25,1.0
23,3,shuffled,p,0.163337105512619,0.0,0.0005,0.9472853535353535,0.16279350221157074,0.0,0.11354066729545594,0.28313312828540804,1,0.7660453059182937,1.25,1.0
23,3,shuffled,k,0.16279350221157074,0.0,0.0,0.9472853535353535,0.16279350221157074,0.0,0.2262840062379837,0.16992845237255097,1,0.7660453059182937,1.25,1.0
23,3,shuffled,o,0.16279350221157074,0.0,0.0,0.9324494949494949,0.16279350221157074,0.0,0.15544689446687698,0.241005240380764,1,0.7660453059182937,1.25,1.0
23,3,shuffled,pk,0.16279350221157074,0.0,0.0,0.9472853535353535,0.16279350221157074,0.0,0.17537688761949538,0.22088916897773742,1,0.7660453059182937,1.25,1.0
23,3,shuffled,po,0.163337105512619,0.0,0.0005,0.9324494949494949,0.16279350221157074,0.0,0.13153067976236343,0.26509714424610137,1,0.7660453059182937,1.25,1.0
23,3,shuffled,ko,0.16279350221157074,0.0,0.0,0.9324494949494949,0.16279350221157074,0.0,0.19890379011631013,0.19736432731151582,1,0.7660453059182937,1.25,1.0
23,3,shuffled,pko,0.16279350221157074,0.0,0.0,0.9324494949494949,0.16279350221157074,0.0,0.1754414588212967,0.22089480459690095,1,0.7660453059182937,1.25,1.0
23,3,anti,none,0.16279350221157074,0.0,0.0,0.9472853535353535,0.16279350221157074,0.0,0.16645575761795045,0.22998109459877014,1,0.7660453059182937,1.25,1.0
23,3,anti,p,0.16360890716314316,0.0,0.0007500000000000001,0.9472853535353535,0.16822952032089233,0.0,0.11431303843855858,0.28250356018543243,1,0.7660453059182937,1.25,1.0
23,3,anti,k,0.16279350221157074,0.0,0.0,0.9472853535353535,0.16279350221157074,0.0,0.22740404158830643,0.16880286782979964,1,0.7660453059182937,1.25,1.0
23,3,anti,o,0.163337105512619,0.0,0.0005,0.9327651515151515,0.16279350221157074,0.0,0.15379277914762496,0.2426789328455925,1,0.7660453059182937,1.25,1.0
23,3,anti,pk,0.16279350221157074,0.0,0.0,0.9472853535353535,0.16279350221157074,0.0,0.1788740411400795,0.21740564554929734,1,0.7660453059182937,1.25,1.0
23,3,anti,po,0.163337105512619,0.0,0.0005,0.9327651515151515,0.16279350221157074,0.0,0.13550590053200723,0.2611194342374802,1,0.7660453059182937,1.25,1.0
23,3,anti,ko,0.16279350221157074,0.0,0.0,0.9327651515151515,0.16279350221157074,0.0,0.1961234301328659,0.2001538246870041,1,0.7660453059182937,1.25,1.0
23,3,anti,pko,0.16279350221157074,0.0,0.0,0.9327651515151515,0.16279350221157074,0.0,0.1785758838057518,0.21775635629892348,1,0.7660453059182937,1.25,1.0
24,1,controlled,none,1.1311110258102417,0.0,0.0,0.12342171717171717,1.1311110258102417,0.0,0.18686608076095582,0.20922441631555558,1,0.33063594931597456,0.9712567595817707,1.0
24,1,controlled,p,1.1311110258102417,0.0,0.0,0.12342171717171717,1.1311110258102417,0.0,0.17067424207925797,0.22543378174304962,1,0.33063594931597456,0.9712567595817707,1.0
24,1,controlled,k,1.1311110258102417,0.0,0.0,0.12342171717171717,1.1311110258102417,0.0,0.21768673807382583,0.17840415239334106,1,0.33063594931597456,0.9712567595817707,1.0
24,1,controlled,o,1.1311110258102417,0.0,0.0,0.24337121212121213,1.1311110258102417,0.0,0.17564676254987716,0.22044412642717362,1,0.33063594931597456,0.9712567595817707,1.0
24,1,controlled,pk,1.1311110258102417,0.0,0.0,0.12342171717171717,1.1311110258102417,0.0,0.2016478195786476,0.19444690272212029,1,0.33063594931597456,0.9712567595817707,1.0
24,1,controlled,po,1.1311110258102417,0.0,0.0,0.24337121212121213,1.1311110258102417,0.0,0.1614351451396942,0.23467326164245605,1,0.33063594931597456,0.9712567595817707,1.0
24,1,controlled,ko,1.1311110258102417,0.0,0.0,0.24337121212121213,1.1311110258102417,0.0,0.20118623673915864,0.19490501657128334,1,0.33063594931597456,0.9712567595817707,1.0
24,1,controlled,pko,1.1311110258102417,0.0,0.0,0.24337121212121213,1.1311110258102417,0.0,0.18770240545272826,0.20839270651340486,1,0.33063594931597456,0.9712567595817707,1.0
24,1,learned,none,1.1311110258102417,0.0,0.0,0.12342171717171717,1.1311110258102417,0.0,0.18686608076095582,0.20922441631555558,1,0.33063594931597456,0.9712567595817707,1.0
24,1,learned,p,1.1311110258102417,0.0,0.0,0.12342171717171717,1.1311110258102417,0.0,0.18925178050994873,0.20683741495013236,1,0.33063594931597456,0.9712567595817707,1.0
24,1,learned,k,1.1311110258102417,0.0,0.0,0.12342171717171717,1.1311110258102417,0.0,0.35562499463558195,0.040472949668765065,1,0.33063594931597456,0.9712567595817707,1.0
24,1,learned,o,1.1311110258102417,0.0,0.0,0.20612373737373738,1.1311110258102417,0.0,0.16032699942588807,0.23576440066099166,1,0.33063594931597456,0.9712567595817707,1.0
24,1,learned,pk,1.1311110258102417,0.0,0.0,0.12342171717171717,1.1311110258102417,0.0,0.35654829144477845,0.03954807668924332,1,0.33063594931597456,0.9712567595817707,1.0
24,1,learned,po,1.1311110258102417,0.0,0.0,0.20612373737373738,1.1311110258102417,0.0,0.17169412970542908,0.22439515739679336,1,0.33063594931597456,0.9712567595817707,1.0
24,1,learned,ko,1.1311110258102417,0.0,0.0,0.20612373737373738,1.1311110258102417,0.0,0.3682945311069489,0.027806740999221802,1,0.33063594931597456,0.9712567595817707,1.0
24,1,learned,pko,1.1311110258102417,0.0,0.0,0.20612373737373738,1.1311110258102417,0.0,0.3635638803243637,0.03253483772277832,1,0.33063594931597456,0.9712567595817707,1.0
24,1,shuffled,none,1.1311110258102417,0.0,0.0,0.12342171717171717,1.1311110258102417,0.0,0.18686608076095582,0.20922441631555558,1,0.33063594931597456,0.9712567595817707,1.0
24,1,shuffled,p,1.1311110258102417,0.0,0.0,0.12342171717171717,1.1311110258102417,0.0,0.16414760649204255,0.23194272816181183,1,0.33063594931597456,0.9712567595817707,1.0
24,1,shuffled,k,1.1311110258102417,0.0,0.0,0.12342171717171717,1.1311110258102417,0.0,0.22800049036741257,0.16809101775288582,1,0.33063594931597456,0.9712567595817707,1.0
24,1,shuffled,o,1.1311110258102417,0.0,0.0,0.2380050505050505,1.1311110258102417,0.0,0.19364238381385804,0.20244848877191543,1,0.33063594931597456,0.9712567595817707,1.0
24,1,shuffled,pk,1.1311110258102417,0.0,0.0,0.12342171717171717,1.1311110258102417,0.0,0.20320601761341095,0.19288488775491713,1,0.33063594931597456,0.9712567595817707,1.0
24,1,shuffled,po,1.1311110258102417,0.0,0.0,0.2380050505050505,1.1311110258102417,0.0,0.1812278911471367,0.21486287862062453,1,0.33063594931597456,0.9712567595817707,1.0
24,1,shuffled,ko,1.1311110258102417,0.0,0.0,0.2380050505050505,1.1311110258102417,0.0,0.21456020027399064,0.18153100609779357,1,0.33063594931597456,0.9712567595817707,1.0
24,1,shuffled,pko,1.1311110258102417,0.0,0.0,0.2380050505050505,1.1311110258102417,0.0,0.20226070284843445,0.19383017718791962,1,0.33063594931597456,0.9712567595817707,1.0
24,1,anti,none,1.1311110258102417,0.0,0.0,0.12342171717171717,1.1311110258102417,0.0,0.18686608076095582,0.20922441631555558,1,0.33063594931597456,0.9712567595817707,1.0
24,1,anti,p,1.1311110258102417,0.0,0.0,0.12342171717171717,1.1311110258102417,0.0,0.1621157705783844,0.23397325798869134,1,0.33063594931597456,0.9712567595817707,1.0
24,1,anti,k,1.1311110258102417,0.0,0.0,0.12342171717171717,1.1311110258102417,0.0,0.22890169769525529,0.16718936823308467,1,0.33063594931597456,0.9712567595817707,1.0
24,1,anti,o,1.1311110258102417,0.0,0.0,0.07796717171717171,1.1311110258102417,0.0,0.18320076316595077,0.21288949400186538,1,0.33063594931597456,0.9712567595817707,1.0
24,1,anti,pk,1.1311110258102417,0.0,0.0,0.12342171717171717,1.1311110258102417,0.0,0.2019161894917488,0.1941739223897457,1,0.33063594931597456,0.9712567595817707,1.0
24,1,anti,po,1.1311110258102417,0.0,0.0,0.07796717171717171,1.1311110258102417,0.0,0.17042376548051835,0.22566506564617156,1,0.33063594931597456,0.9712567595817707,1.0
24,1,anti,ko,1.1311110258102417,0.0,0.0,0.07796717171717171,1.1311110258102417,0.0,0.21692228317260742,0.17916808053851127,1,0.33063594931597456,0.9712567595817707,1.0
24,1,anti,pko,1.1311110258102417,0.0,0.0,0.07796717171717171,1.1311110258102417,0.0,0.20300490260124207,0.1930846355855465,1,0.33063594931597456,0.9712567595817707,1.0
24,2,controlled,none,0.8537810444831848,0.0,0.0,0.07954545454545454,0.8537810444831848,0.0,0.32839988470077514,0.06769919320940972,1,-0.010134520292431282,0.5573915517379967,1.0
24,2,controlled,p,0.8537810444831848,0.0,0.0,0.07954545454545454,0.8537810444831848,0.0,0.3189388751983643,0.0771612785756588,1,-0.010134520292431282,0.5573915517379967,1.0
24,2,controlled,k,0.8537810444831848,0.0,0.0,0.07954545454545454,0.8537810444831848,0.0,0.3390838146209717,0.0570152897387743,1,-0.010134520292431282,0.5573915517379967,1.0
24,2,controlled,o,0.8537810444831848,0.0,0.0,0.10890151515151515,0.8537810444831848,0.0,0.3270972967147827,0.06900160983204842,1,-0.010134520292431282,0.5573915517379967,1.0
24,2,controlled,pk,0.8537810444831848,0.0,0.0,0.07954545454545454,0.8537810444831848,0.0,0.3319613605737686,0.06413840167224408,1,-0.010134520292431282,0.5573915517379967,1.0
24,2,controlled,po,0.8537810444831848,0.0,0.0,0.10890151515151515,0.8537810444831848,0.0,0.31681073904037477,0.07928925976157189,1,-0.010134520292431282,0.5573915517379967,1.0
24,2,controlled,ko,0.8537810444831848,0.0,0.0,0.10890151515151515,0.8537810444831848,0.0,0.33839837908744813,0.05770054906606674,1,-0.010134520292431282,0.5573915517379967,1.0
24,2,controlled,pko,0.8537810444831848,0.0,0.0,0.10890151515151515,0.8537810444831848,0.0,0.3307226002216339,0.06537701487541199,1,-0.010134520292431282,0.5573915517379967,1.0
24,2,learned,none,0.8537810444831848,0.0,0.0,0.07954545454545454,0.8537810444831848,0.0,0.32839988470077514,0.06769919320940972,1,-0.010134520292431282,0.5573915517379967,1.0
24,2,learned,p,0.8537810444831848,0.0,0.0,0.07954545454545454,0.8537810444831848,0.0,0.32972919940948486,0.06636916548013687,1,-0.010134520292431282,0.5573915517379967,1.0
24,2,learned,k,0.8537810444831848,0.0,0.0,0.07954545454545454,0.8537810444831848,0.0,0.3804290652275085,0.015673247817903756,1,-0.010134520292431282,0.5573915517379967,1.0
24,2,learned,o,0.8537810444831848,0.0,0.0,0.1856060606060606,0.8537810444831848,0.0,0.33363158702850343,0.062467877939343455,1,-0.010134520292431282,0.5573915517379967,1.0
24,2,learned,pk,0.8537810444831848,0.0,0.0,0.07954545454545454,0.8537810444831848,0.0,0.3803126275539398,0.015788855589926244,1,-0.010134520292431282,0.5573915517379967,1.0
24,2,learned,po,0.8537810444831848,0.0,0.0,0.1856060606060606,0.8537810444831848,0.0,0.33538196980953217,0.06071633063256741,1,-0.010134520292431282,0.5573915517379967,1.0
24,2,learned,ko,0.8537810444831848,0.0,0.0,0.1856060606060606,0.8537810444831848,0.0,0.38555939495563507,0.010544554283842444,1,-0.010134520292431282,0.5573915517379967,1.0
24,2,learned,pko,0.8537810444831848,0.0,0.0,0.1856060606060606,0.8537810444831848,0.0,0.3852697193622589,0.010832835407927632,1,-0.010134520292431282,0.5573915517379967,1.0
24,2,shuffled,none,0.8537810444831848,0.0,0.0,0.07954545454545454,0.8537810444831848,0.0,0.32839988470077514,0.06769919320940972,1,-0.010134520292431282,0.5573915517379967,1.0
24,2,shuffled,p,0.8537810444831848,0.0,0.0,0.07954545454545454,0.8537810444831848,0.0,0.32032872140407564,0.07576994821429253,1,-0.010134520292431282,0.5573915517379967,1.0
24,2,shuffled,k,0.8537810444831848,0.0,0.0,0.07954545454545454,0.8537810444831848,0.0,0.34008892476558683,0.05601024627685547,1,-0.010134520292431282,0.5573915517379967,1.0
24,2,shuffled,o,0.8537810444831848,0.0,0.0,0.08396464646464646,0.8537810444831848,0.0,0.3277301102876663,0.06836908906698227,1,-0.010134520292431282,0.5573915517379967,1.0
24,2,shuffled,pk,0.8537810444831848,0.0,0.0,0.07954545454545454,0.8537810444831848,0.0,0.3328034669160843,0.06329534165561199,1,-0.010134520292431282,0.5573915517379967,1.0
24,2,shuffled,po,0.8537810444831848,0.0,0.0,0.08396464646464646,0.8537810444831848,0.0,0.32419174015522,0.07190704345703125,1,-0.010134520292431282,0.5573915517379967,1.0
24,2,shuffled,ko,0.8537810444831848,0.0,0.0,0.08396464646464646,0.8537810444831848,0.0,0.33963528275489807,0.05646398961544037,1,-0.010134520292431282,0.5573915517379967,1.0
24,2,shuffled,pko,0.8537810444831848,0.0,0.0,0.08396464646464646,0.8537810444831848,0.0,0.33559224009513855,0.060506642982363704,1,-0.010134520292431282,0.5573915517379967,1.0
24,2,anti,none,0.8537810444831848,0.0,0.0,0.07954545454545454,0.8537810444831848,0.0,0.32839988470077514,0.06769919320940972,1,-0.010134520292431282,0.5573915517379967,1.0
24,2,anti,p,0.8537810444831848,0.0,0.0,0.07954545454545454,0.8537810444831848,0.0,0.32141582667827606,0.07468173578381539,1,-0.010134520292431282,0.5573915517379967,1.0
24,2,anti,k,0.8537810444831848,0.0,0.0,0.07954545454545454,0.8537810444831848,0.0,0.3395056456327438,0.05659306384623051,1,-0.010134520292431282,0.5573915517379967,1.0
24,2,anti,o,0.8537810444831848,0.0,0.0,0.0726010101010101,0.8537810444831848,0.0,0.33079110383987426,0.06530810296535491,1,-0.010134520292431282,0.5573915517379967,1.0
24,2,anti,pk,0.8537810444831848,0.0,0.0,0.07954545454545454,0.8537810444831848,0.0,0.3333005875349045,0.06279729045927525,1,-0.010134520292431282,0.5573915517379967,1.0
24,2,anti,po,0.8537810444831848,0.0,0.0,0.0726010101010101,0.8537810444831848,0.0,0.3254121631383896,0.07068548202514649,1,-0.010134520292431282,0.5573915517379967,1.0
24,2,anti,ko,0.8537810444831848,0.0,0.0,0.0726010101010101,0.8537810444831848,0.0,0.34161781072616576,0.05448101870715618,1,-0.010134520292431282,0.5573915517379967,1.0
24,2,anti,pko,0.8537810444831848,0.0,0.0,0.0726010101010101,0.8537810444831848,0.0,0.33674089312553407,0.059357063844799995,1,-0.010134520292431282,0.5573915517379967,1.0
24,3,controlled,none,1.1046315431594849,0.0,0.0,0.22253787878787878,1.1046315431594849,0.0,0.22629742622375487,0.16979663521051408,1,-0.19310670931177668,0.912973329167141,1.0
24,3,controlled,p,1.1046315431594849,0.0,0.0,0.22253787878787878,1.1046315431594849,0.0,0.21504899114370346,0.18107082694768906,1,-0.19310670931177668,0.912973329167141,1.0
24,3,controlled,k,1.1046315431594849,0.0,0.0,0.22253787878787878,1.1046315431594849,0.0,0.27539444863796236,0.12069849148392678,1,-0.19310670931177668,0.912973329167141,1.0
24,3,controlled,o,1.1046315431594849,0.0,0.0,0.22474747474747475,1.1046315431594849,0.0,0.23570723831653595,0.16038695722818375,1,-0.19310670931177668,0.912973329167141,1.0
24,3,controlled,pk,1.1046315431594849,0.0,0.0,0.22253787878787878,1.1046315431594849,0.0,0.2455484539270401,0.15054737254977227,1,-0.19310670931177668,0.912973329167141,1.0
24,3,controlled,po,1.1046315431594849,0.0,0.0,0.22474747474747475,1.1046315431594849,0.0,0.22952842563390732,0.1665915936231613,1,-0.19310670931177668,0.912973329167141,1.0
24,3,controlled,ko,1.1046315431594849,0.0,0.0,0.22474747474747475,1.1046315431594849,0.0,0.2617206245660782,0.13437208980321885,1,-0.19310670931177668,0.912973329167141,1.0
24,3,controlled,pko,1.1046315431594849,0.0,0.0,0.22474747474747475,1.1046315431594849,0.0,0.25093993097543715,0.14515578895807266,1,-0.19310670931177668,0.912973329167141,1.0
24,3,learned,none,1.1046315431594849,0.0,0.0,0.22253787878787878,1.1046315431594849,0.0,0.22629742622375487,0.16979663521051408,1,-0.19310670931177668,0.912973329167141,1.0
24,3,learned,p,1.1046315431594849,0.0,0.0,0.22253787878787878,1.1046315431594849,0.0,0.21751607954502106,0.17857596278190613,1,-0.19310670931177668,0.912973329167141,1.0
24,3,learned,k,1.1046315431594849,0.0,0.0,0.22253787878787878,1.1046315431594849,0.0,0.37389388084411623,0.022210286278277636,1,-0.19310670931177668,0.912973329167141,1.0
24,3,learned,o,1.1046315431594849,0.0,0.0,0.1726641414141414,1.1046315431594849,0.0,0.23647596389055253,0.15961819589138032,1,-0.19310670931177668,0.912973329167141,1.0
24,3,learned,pk,1.1046315431594849,0.0,0.0,0.22253787878787878,1.1046315431594849,0.0,0.3739535480737686,0.022149397060275078,1,-0.19310670931177668,0.912973329167141,1.0
24,3,learned,po,1.1046315431594849,0.0,0.0,0.1726641414141414,1.1046315431594849,0.0,0.22178427875041962,0.17430855333805084,1,-0.19310670931177668,0.912973329167141,1.0
24,3,learned,ko,1.1046315431594849,0.0,0.0,0.1726641414141414,1.1046315431594849,0.0,0.379736590385437,0.01636869553476572,1,-0.19310670931177668,0.912973329167141,1.0
24,3,learned,pko,1.1046315431594849,0.0,0.0,0.1726641414141414,1.1046315431594849,0.0,0.37831768989562986,0.017787345312535764,1,-0.19310670931177668,0.912973329167141,1.0
24,3,shuffled,none,1.1046315431594849,0.0,0.0,0.22253787878787878,1.1046315431594849,0.0,0.22629742622375487,0.16979663521051408,1,-0.19310670931177668,0.912973329167141,1.0
24,3,shuffled,p,1.1046315431594849,0.0,0.0,0.22253787878787878,1.1046315431594849,0.0,0.2190601795911789,0.17706277668476106,1,-0.19310670931177668,0.912973329167141,1.0
24,3,shuffled,k,1.1046315431594849,0.0,0.0,0.22253787878787878,1.1046315431594849,0.0,0.24644540697336198,0.14964733719825746,1,-0.19310670931177668,0.912973329167141,1.0
24,3,shuffled,o,1.1046315431594849,0.0,0.0,0.22411616161616163,1.1046315431594849,0.0,0.22511641085147857,0.17097788155078888,1,-0.19310670931177668,0.912973329167141,1.0
24,3,shuffled,pk,1.1046315431594849,0.0,0.0,0.22253787878787878,1.1046315431594849,0.0,0.24060885310173036,0.15548639744520187,1,-0.19310670931177668,0.912973329167141,1.0
24,3,shuffled,po,1.1046315431594849,0.0,0.0,0.22411616161616163,1.1046315431594849,0.0,0.21767666339874267,0.17844654470682145,1,-0.19310670931177668,0.912973329167141,1.0
24,3,shuffled,ko,1.1046315431594849,0.0,0.0,0.22411616161616163,1.1046315431594849,0.0,0.24542516171932222,0.15066761821508406,1,-0.19310670931177668,0.912973329167141,1.0
24,3,shuffled,pko,1.1046315431594849,0.0,0.0,0.22411616161616163,1.1046315431594849,0.0,0.23936979323625565,0.15672554820775986,1,-0.19310670931177668,0.912973329167141,1.0
24,3,anti,none,1.1046315431594849,0.0,0.0,0.22253787878787878,1.1046315431594849,0.0,0.22629742622375487,0.16979663521051408,1,-0.19310670931177668,0.912973329167141,1.0
24,3,anti,p,1.1046315431594849,0.0,0.0,0.22253787878787878,1.1046315431594849,0.0,0.21005674451589584,0.18603528887033463,1,-0.19310670931177668,0.912973329167141,1.0
24,3,anti,k,1.1046315431594849,0.0,0.0,0.22253787878787878,1.1046315431594849,0.0,0.25754204392433167,0.13855074271559714,1,-0.19310670931177668,0.912973329167141,1.0
24,3,anti,o,1.1046315431594849,0.0,0.0,0.2326388888888889,1.1046315431594849,0.0,0.2239032045006752,0.17219117730855943,1,-0.19310670931177668,0.912973329167141,1.0
24,3,anti,pk,1.1046315431594849,0.0,0.0,0.22253787878787878,1.1046315431594849,0.0,0.24055323153734207,0.1555381402373314,1,-0.19310670931177668,0.912973329167141,1.0
24,3,anti,po,1.1046315431594849,0.0,0.0,0.2326388888888889,1.1046315431594849,0.0,0.20894104093313218,0.18715140074491501,1,-0.19310670931177668,0.912973329167141,1.0
24,3,anti,ko,1.1046315431594849,0.0,0.0,0.2326388888888889,1.1046315431594849,0.0,0.25315807610750196,0.14293477684259415,1,-0.19310670931177668,0.912973329167141,1.0
24,3,anti,pko,1.1046315431594849,0.0,0.0,0.2326388888888889,1.1046315431594849,0.0,0.2372313618659973,0.1588602215051651,1,-0.19310670931177668,0.912973329167141,1.0
25,1,controlled,none,-0.09941145032644272,1.0,0.0,0.5905934343434344,-0.09941145032644272,1.0,0.3073894679546356,0.08873627409338951,1,0.413357848569508,0.32179225917283666,1.0
25,1,controlled,p,-0.09941145032644272,1.0,0.0,0.5905934343434344,-0.09941145032644272,1.0,0.30019513368606565,0.09593132063746453,1,0.413357848569508,0.32179225917283666,1.0
25,1,controlled,k,-0.09941145032644272,1.0,0.0,0.5905934343434344,-0.09941145032644272,1.0,0.31567690670490267,0.08044704124331474,1,0.413357848569508,0.32179225917283666,1.0
25,1,controlled,o,-0.09941145032644272,1.0,0.0,0.610479797979798,-0.09941145032644272,1.0,0.3070224285125732,0.08910361006855964,1,0.413357848569508,0.32179225917283666,1.0
25,1,controlled,pk,-0.09941145032644272,1.0,0.0,0.5905934343434344,-0.09941145032644272,1.0,0.31025866568088534,0.0858656145632267,1,0.413357848569508,0.32179225917283666,1.0
25,1,controlled,po,-0.09941145032644272,1.0,0.0,0.610479797979798,-0.09941145032644272,1.0,0.2990369886159897,0.09709000959992409,1,0.413357848569508,0.32179225917283666,1.0
25,1,controlled,ko,-0.09941145032644272,1.0,0.0,0.610479797979798,-0.09941145032644272,1.0,0.31558818817138673,0.0805359859019518,1,0.413357848569508,0.32179225917283666,1.0
25,1,controlled,pko,-0.09941145032644272,1.0,0.0,0.610479797979798,-0.09941145032644272,1.0,0.3094586580991745,0.08666605353355408,1,0.413357848569508,0.32179225917283666,1.0
25,1,learned,none,-0.09941145032644272,1.0,0.0,0.5905934343434344,-0.09941145032644272,1.0,0.3073894679546356,0.08873627409338951,1,0.413357848569508,0.32179225917283666,1.0
25,1,learned,p,-0.09941145032644272,1.0,0.0,0.5905934343434344,-0.09941145032644272,1.0,0.30282770097255707,0.09338816404342651,1,0.413357848569508,0.32179225917283666,1.0
25,1,learned,k,-0.09941145032644272,1.0,0.0,0.5905934343434344,-0.09941145032644272,1.0,0.3868120402097702,0.009304322628304362,1,0.413357848569508,0.32179225917283666,1.0
25,1,learned,o,-0.09941145032644272,1.0,0.0,0.21275252525252525,-0.09941145032644272,1.0,0.3069036900997162,0.08922007530927659,1,0.413357848569508,0.32179225917283666,1.0
25,1,learned,pk,-0.09941145032644272,1.0,0.0,0.5905934343434344,-0.09941145032644272,1.0,0.38542110919952394,0.010707904305309057,1,0.413357848569508,0.32179225917283666,1.0
25,1,learned,po,-0.09941145032644272,1.0,0.0,0.21275252525252525,-0.09941145032644272,1.0,0.32209586501121523,0.07405173145234585,1,0.413357848569508,0.32179225917283666,1.0
25,1,learned,ko,-0.09941145032644272,1.0,0.0,0.21275252525252525,-0.09941145032644272,1.0,0.38632898330688475,0.009786530770361424,1,0.413357848569508,0.32179225917283666,1.0
25,1,learned,pko,-0.09941145032644272,1.0,0.0,0.21275252525252525,-0.09941145032644272,1.0,0.38815056681633,0.007968978164717555,1,0.413357848569508,0.32179225917283666,1.0
25,1,shuffled,none,-0.09941145032644272,1.0,0.0,0.5905934343434344,-0.09941145032644272,1.0,0.3073894679546356,0.08873627409338951,1,0.413357848569508,0.32179225917283666,1.0
25,1,shuffled,p,-0.09941145032644272,1.0,0.0,0.5905934343434344,-0.09941145032644272,1.0,0.29800280928611755,0.09812412559986114,1,0.413357848569508,0.32179225917283666,1.0
25,1,shuffled,k,-0.09941145032644272,1.0,0.0,0.5905934343434344,-0.09941145032644272,1.0,0.31655154228210447,0.07957230433821678,1,0.413357848569508,0.32179225917283666,1.0
25,1,shuffled,o,-0.09941145032644272,1.0,0.0,0.5707070707070707,-0.09941145032644272,1.0,0.30693158209323884,0.08919322043657303,1,0.413357848569508,0.32179225917283666,1.0
25,1,shuffled,pk,-0.09941145032644272,1.0,0.0,0.5905934343434344,-0.09941145032644272,1.0,0.30958146452903745,0.08654321357607841,1,0.413357848569508,0.32179225917283666,1.0
25,1,shuffled,po,-0.09941145032644272,1.0,0.0,0.5707070707070707,-0.09941145032644272,1.0,0.2988133907318115,0.09731268286705017,1,0.413357848569508,0.32179225917283666,1.0
25,1,shuffled,ko,-0.09941145032644272,1.0,0.0,0.5707070707070707,-0.09941145032644272,1.0,0.31562586426734923,0.08049738630652428,1,0.413357848569508,0.32179225917283666,1.0
25,1,shuffled,pko,-0.09941145032644272,1.0,0.0,0.5707070707070707,-0.09941145032644272,1.0,0.30973419547080994,0.08638994172215461,1,0.413357848569508,0.32179225917283666,1.0
25,1,anti,none,-0.09941145032644272,1.0,0.0,0.5905934343434344,-0.09941145032644272,1.0,0.3073894679546356,0.08873627409338951,1,0.413357848569508,0.32179225917283666,1.0
25,1,anti,p,-0.09941145032644272,1.0,0.0,0.5905934343434344,-0.09941145032644272,1.0,0.2974731922149658,0.09865533113479615,1,0.413357848569508,0.32179225917283666,1.0
25,1,anti,k,-0.09941145032644272,1.0,0.0,0.5905934343434344,-0.09941145032644272,1.0,0.3169114410877228,0.0792123582214117,1,0.413357848569508,0.32179225917283666,1.0
25,1,anti,o,-0.09941145032644272,1.0,0.0,0.5858585858585859,-0.09941145032644272,1.0,0.30652712285518646,0.08959849551320076,1,0.413357848569508,0.32179225917283666,1.0
25,1,anti,pk,-0.09941145032644272,1.0,0.0,0.5905934343434344,-0.09941145032644272,1.0,0.30994013547897337,0.08618547692894936,1,0.413357848569508,0.32179225917283666,1.0
25,1,anti,po,-0.09941145032644272,1.0,0.0,0.5858585858585859,-0.09941145032644272,1.0,0.29755819141864776,0.09857041910290718,1,0.413357848569508,0.32179225917283666,1.0
25,1,anti,ko,-0.09941145032644272,1.0,0.0,0.5858585858585859,-0.09941145032644272,1.0,0.3157678246498108,0.08035596422851085,1,0.413357848569508,0.32179225917283666,1.0
25,1,anti,pko,-0.09941145032644272,1.0,0.0,0.5858585858585859,-0.09941145032644272,1.0,0.30959564447402954,0.08653013035655022,1,0.413357848569508,0.32179225917283666,1.0
25,2,controlled,none,-0.052981036901474,0.9984999999999999,0.001,0.8999368686868687,-0.0547209158539772,1.0,0.168412509560585,0.22938669174909593,1,-0.049185385104552566,1.25,1.0
25,2,controlled,p,-0.052981036901474,0.9984999999999999,0.001,0.8999368686868687,-0.0547209158539772,1.0,0.16070943474769592,0.23744868189096452,1,-0.049185385104552566,1.25,1.0
25,2,controlled,k,-0.05363339632749557,0.9990000000000001,0.0005,0.8999368686868687,-0.0547209158539772,1.0,0.1893578439950943,0.20757030546665192,1,-0.049185385104552566,1.25,1.0
25,2,controlled,o,-0.052981036901474,0.9984999999999999,0.001,0.9087752525252525,-0.0547209158539772,1.0,0.15815784484148027,0.23988227397203446,1,-0.049185385104552566,1.25,1.0
25,2,controlled,pk,-0.052981036901474,0.9984999999999999,0.001,0.8999368686868687,-0.0547209158539772,1.0,0.17955966740846635,0.21751196533441544,1,-0.049185385104552566,1.25,1.0
25,2,controlled,po,-0.052328675985336304,0.9980000000000001,0.0015,0.9087752525252525,-0.0547209158539772,1.0,0.14905329421162605,0.24937766790390015,1,-0.049185385104552566,1.25,1.0
25,2,controlled,ko,-0.05363339632749557,0.9990000000000001,0.0005,0.9087752525252525,-0.0547209158539772,1.0,0.18262723684310914,0.21436861902475357,1,-0.049185385104552566,1.25,1.0
25,2,controlled,pko,-0.052981036901474,0.9984999999999999,0.001,0.9087752525252525,-0.0547209158539772,1.0,0.17149660885334014,0.22564355731010438,1,-0.049185385104552566,1.25,1.0
25,2,learned,none,-0.052981036901474,0.9984999999999999,0.001,0.8999368686868687,-0.0547209158539772,1.0,0.168412509560585,0.22938669174909593,1,-0.049185385104552566,1.25,1.0
25,2,learned,p,-0.052981036901474,0.9984999999999999,0.001,0.8999368686868687,-0.0547209158539772,1.0,0.17845677584409714,0.2190909892320633,1,-0.049185385104552566,1.25,1.0
25,2,learned,k,-0.05485410690307617,0.9994999999999998,0.0,0.8999368686868687,-0.0547209158539772,1.0,0.29469144344329834,0.10151865594089031,1,-0.049185385104552566,1.25,1.0
25,2,learned,o,-0.052981036901474,0.9984999999999999,0.001,0.36332070707070707,-0.0547209158539772,1.0,0.14663496911525725,0.25077965259552004,1,-0.049185385104552566,1.25,1.0
25,2,learned,pk,-0.05485410690307617,0.9994999999999998,0.0,0.8999368686868687,-0.0547209158539772,1.0,0.2924107849597931,0.1037919744849205,1,-0.049185385104552566,1.25,1.0
25,2,learned,po,-0.052981036901474,0.9984999999999999,0.001,0.36332070707070707,-0.0547209158539772,1.0,0.14438248723745345,0.2526227280497551,1,-0.049185385104552566,1.25,1.0
25,2,learned,ko,-0.05485410690307617,0.9994999999999998,0.0,0.36332070707070707,-0.0547209158539772,1.0,0.33144988119602203,0.06471805721521377,1,-0.049185385104552566,1.25,1.0
25,2,learned,pko,-0.0547209158539772,1.0,0.0,0.36332070707070707,-0.0547209158539772,1.0,0.32700190246105193,0.06915753595530987,1,-0.049185385104552566,1.25,1.0
25,2,shuffled,none,-0.052981036901474,0.9984999999999999,0.001,0.8999368686868687,-0.0547209158539772,1.0,0.168412509560585,0.22938669174909593,1,-0.049185385104552566,1.25,1.0
25,2,shuffled,p,-0.052981036901474,0.9984999999999999,0.001,0.8999368686868687,-0.0547209158539772,1.0,0.1663026660680771,0.23184610456228255,1,-0.049185385104552566,1.25,1.0
25,2,shuffled,k,-0.05363339632749557,0.9990000000000001,0.0005,0.8999368686868687,-0.0547209158539772,1.0,0.19370296597480774,0.2031235858798027,1,-0.049185385104552566,1.25,1.0
25,2,shuffled,o,-0.052981036901474,0.9984999999999999,0.001,0.8945707070707071,-0.0547209158539772,1.0,0.1698378399014473,0.22792974561452867,1,-0.049185385104552566,1.25,1.0
25,2,shuffled,pk,-0.05363339632749557,0.9990000000000001,0.0005,0.8999368686868687,-0.0547209158539772,1.0,0.1869772955775261,0.20996521711349486,1,-0.049185385104552566,1.25,1.0
25,2,shuffled,po,-0.052981036901474,0.9984999999999999,0.001,0.8945707070707071,-0.0547209158539772,1.0,0.1661063015460968,0.23201367557048796,1,-0.049185385104552566,1.25,1.0
25,2,shuffled,ko,-0.05363339632749557,0.9990000000000001,0.0005,0.8945707070707071,-0.0547209158539772,1.0,0.1894078880548477,0.2074880599975586,1,-0.049185385104552566,1.25,1.0
25,2,shuffled,pko,-0.05363339632749557,0.9990000000000001,0.0005,0.8945707070707071,-0.0547209158539772,1.0,0.18431675732135772,0.21271543353796005,1,-0.049185385104552566,1.25,1.0
25,2,anti,none,-0.052981036901474,0.9984999999999999,0.001,0.8999368686868687,-0.0547209158539772,1.0,0.168412509560585,0.22938669174909593,1,-0.049185385104552566,1.25,1.0
25,2,anti,p,-0.052328675985336304,0.9980000000000001,0.0015,0.8999368686868687,-0.0547209158539772,1.0,0.16530293077230454,0.23326038867235183,1,-0.049185385104552566,1.25,1.0
25,2,anti,k,-0.05363339632749557,0.9990000000000001,0.0005,0.8999368686868687,-0.0547209158539772,1.0,0.18415094465017318,0.2126474380493164,1,-0.049185385104552566,1.25,1.0
25,2,anti,o,-0.052981036901474,0.9984999999999999,0.001,0.9169823232323232,-0.0547209158539772,1.0,0.1593579024076462,0.2385834202170372,1,-0.049185385104552566,1.25,1.0
25,2,anti,pk,-0.05363339632749557,0.9990000000000001,0.0005,0.8999368686868687,-0.0547209158539772,1.0,0.17976876199245453,0.2172800749540329,1,-0.049185385104552566,1.25,1.0
25,2,anti,po,-0.052328675985336304,0.9980000000000001,0.0015,0.9169823232323232,-0.0547209158539772,1.0,0.15688617080450057,0.2418751060962677,1,-0.049185385104552566,1.25,1.0
25,2,anti,ko,-0.05363339632749557,0.9990000000000001,0.0005,0.9169823232323232,-0.0547209158539772,1.0,0.17655508518218993,0.22036940306425096,1,-0.049185385104552566,1.25,1.0
25,2,anti,pko,-0.052981036901474,0.9984999999999999,0.001,0.9169823232323232,-0.0547209158539772,1.0,0.17289156168699266,0.22432775646448136,1,-0.049185385104552566,1.25,1.0
25,3,controlled,none,-0.1251506805419922,0.0,0.0,0.7383207070707071,-0.1251506805419922,0.0,0.1664232462644577,0.2299332469701767,1,0.3526328082338742,0.753896235734004,1.0
25,3,controlled,p,-0.1251506805419922,0.0,0.0,0.7383207070707071,-0.1251506805419922,0.0,0.15140410959720613,0.2449774757027626,1,0.3526328082338742,0.753896235734004,1.0
25,3,controlled,k,-0.1251506805419922,0.0,0.0,0.7383207070707071,-0.1251506805419922,0.0,0.19253721982240676,0.203726926445961,1,0.3526328082338742,0.753896235734004,1.0
25,3,controlled,o,-0.1251506805419922,0.0,0.0,0.7099116161616161,-0.1251506805419922,0.0,0.1639676570892334,0.23242124766111374,1,0.3526328082338742,0.753896235734004,1.0
25,3,controlled,pk,-0.1251506805419922,0.0,0.0,0.7383207070707071,-0.1251506805419922,0.0,0.1770654186606407,0.21921104192733765,1,0.3526328082338742,0.753896235734004,1.0
25,3,controlled,po,-0.1251506805419922,0.0,0.0,0.7099116161616161,-0.1251506805419922,0.0,0.1503078281879425,0.24611138701438903,1,0.3526328082338742,0.753896235734004,1.0
25,3,controlled,ko,-0.1251506805419922,0.0,0.0,0.7099116161616161,-0.1251506805419922,0.0,0.18972640186548234,0.20655806213617325,1,0.3526328082338742,0.753896235734004,1.0
25,3,controlled,pko,-0.1251506805419922,0.0,0.0,0.7099116161616161,-0.1251506805419922,0.0,0.17537301331758498,0.22092680037021636,1,0.3526328082338742,0.753896235734004,1.0
25,3,learned,none,-0.1251506805419922,0.0,0.0,0.7383207070707071,-0.1251506805419922,0.0,0.1664232462644577,0.2299332469701767,1,0.3526328082338742,0.753896235734004,1.0
25,3,learned,p,-0.1251506805419922,0.0,0.0,0.7383207070707071,-0.1251506805419922,0.0,0.1651024714112282,0.2312510073184967,1,0.3526328082338742,0.753896235734004,1.0
25,3,learned,k,-0.1251506805419922,0.0,0.0,0.7383207070707071,-0.1251506805419922,0.0,0.27247920632362366,0.12369072586297988,1,0.3526328082338742,0.753896235734004,1.0
25,3,learned,o,-0.1251506805419922,0.0,0.0,0.4412878787878788,-0.1251506805419922,0.0,0.168034191429615,0.22830969840288162,1,0.3526328082338742,0.753896235734004,1.0
25,3,learned,pk,-0.1251506805419922,0.0,0.0,0.7383207070707071,-0.1251506805419922,0.0,0.2718919157981873,0.12427766248583794,1,0.3526328082338742,0.753896235734004,1.0
25,3,learned,po,-0.1251506805419922,0.0,0.0,0.4412878787878788,-0.1251506805419922,0.0,0.16439468860626222,0.23192628026008605,1,0.3526328082338742,0.753896235734004,1.0
25,3,learned,ko,-0.1251506805419922,0.0,0.0,0.4412878787878788,-0.1251506805419922,0.0,0.29345267713069917,0.10270569249987602,1,0.3526328082338742,0.753896235734004,1.0
25,3,learned,pko,-0.1251506805419922,0.0,0.0,0.4412878787878788,-0.1251506805419922,0.0,0.29034252762794494,0.10581312254071236,1,0.3526328082338742,0.753896235734004,1.0
25,3,shuffled,none,-0.1251506805419922,0.0,0.0,0.7383207070707071,-0.1251506805419922,0.0,0.1664232462644577,0.2299332469701767,1,0.3526328082338742,0.753896235734004,1.0
25,3,shuffled,p,-0.1251506805419922,0.0,0.0,0.7383207070707071,-0.1251506805419922,0.0,0.15675221383571625,0.2397482603788376,1,0.3526328082338742,0.753896235734004,1.0
25,3,shuffled,k,-0.1251506805419922,0.0,0.0,0.7383207070707071,-0.1251506805419922,0.0,0.18880661725997924,0.2074573665857315,1,0.3526328082338742,0.753896235734004,1.0
25,3,shuffled,o,-0.1251506805419922,0.0,0.0,0.7209595959595959,-0.1251506805419922,0.0,0.1686483398079872,0.22772255688905715,1,0.3526328082338742,0.753896235734004,1.0
25,3,shuffled,pk,-0.1251506805419922,0.0,0.0,0.7383207070707071,-0.1251506805419922,0.0,0.17857238352298738,0.21776057928800582,1,0.3526328082338742,0.753896235734004,1.0
25,3,shuffled,po,-0.1251506805419922,0.0,0.0,0.7209595959595959,-0.1251506805419922,0.0,0.15875192284584044,0.23770922422409058,1,0.3526328082338742,0.753896235734004,1.0
25,3,shuffled,ko,-0.1251506805419922,0.0,0.0,0.7209595959595959,-0.1251506805419922,0.0,0.19056339263916017,0.2057172730565071,1,0.3526328082338742,0.753896235734004,1.0
25,3,shuffled,pko,-0.1251506805419922,0.0,0.0,0.7209595959595959,-0.1251506805419922,0.0,0.18021883964538574,0.2161100223660469,1,0.3526328082338742,0.753896235734004,1.0
25,3,anti,none,-0.1251506805419922,0.0,0.0,0.7383207070707071,-0.1251506805419922,0.0,0.1664232462644577,0.2299332469701767,1,0.3526328082338742,0.753896235734004,1.0
25,3,anti,p,-0.1251506805419922,0.0,0.0,0.7383207070707071,-0.1251506805419922,0.0,0.1549483507871628,0.24151961952447892,1,0.3526328082338742,0.753896235734004,1.0
25,3,anti,k,-0.1251506805419922,0.0,0.0,0.7383207070707071,-0.1251506805419922,0.0,0.1910635307431221,0.20520395040512085,1,0.3526328082338742,0.753896235734004,1.0
25,3,anti,o,-0.1251506805419922,0.0,0.0,0.7250631313131313,-0.1251506805419922,0.0,0.1648041918873787,0.23156341016292573,1,0.3526328082338742,0.753896235734004,1.0
25,3,anti,pk,-0.1251506805419922,0.0,0.0,0.7383207070707071,-0.1251506805419922,0.0,0.17932675778865814,0.2170010983943939,1,0.3526328082338742,0.753896235734004,1.0
25,3,anti,po,-0.1251506805419922,0.0,0.0,0.7250631313131313,-0.1251506805419922,0.0,0.15545490831136705,0.24101829826831817,1,0.3526328082338742,0.753896235734004,1.0
25,3,anti,ko,-0.1251506805419922,0.0,0.0,0.7250631313131313,-0.1251506805419922,0.0,0.188478484749794,0.20779914408922195,1,0.3526328082338742,0.753896235734004,1.0
25,3,anti,pko,-0.1251506805419922,0.0,0.0,0.7250631313131313,-0.1251506805419922,0.0,0.17879691869020461,0.21753970980644227,1,0.3526328082338742,0.753896235734004,1.0
26,1,controlled,none,0.03296195715665817,0.0,0.0,0.547979797979798,0.03296195715665817,0.0,0.29654242396354674,0.0997639887034893,1,0.07674109054967854,0.6215699270051226,1.0
26,1,controlled,p,0.03310898467898369,0.0,0.0,0.547979797979798,0.03296195715665817,0.0,0.29294041991233827,0.10415755063295365,1,0.07674109054967854,0.6215699270051226,1.0
26,1,controlled,k,0.03296195715665817,0.0,0.0,0.547979797979798,0.03296195715665817,0.0,0.3060281813144684,0.09021592810750008,1,0.07674109054967854,0.6215699270051226,1.0
26,1,controlled,o,0.03296195715665817,0.0,0.0,0.5565025252525253,0.03296195715665817,0.0,0.29764693379402163,0.09866574853658676,1,0.07674109054967854,0.6215699270051226,1.0
26,1,controlled,pk,0.03296195715665817,0.0,0.0,0.547979797979798,0.03296195715665817,0.0,0.30228725969791415,0.09408962428569793,1,0.07674109054967854,0.6215699270051226,1.0
26,1,controlled,po,0.03310898467898369,0.0,0.0,0.5565025252525253,0.03296195715665817,0.0,0.29353414475917816,0.10299257561564445,1,0.07674109054967854,0.6215699270051226,1.0
26,1,controlled,ko,0.03296195715665817,0.0,0.0,0.5565025252525253,0.03296195715665817,0.0,0.3070827305316925,0.08918538615107537,1,0.07674109054967854,0.6215699270051226,1.0
26,1,controlled,pko,0.03296195715665817,0.0,0.0,0.5565025252525253,0.03296195715665817,0.0,0.3031457483768463,0.0931660734117031,1,0.07674109054967854,0.6215699270051226,1.0
26,1,learned,none,0.03296195715665817,0.0,0.0,0.547979797979798,0.03296195715665817,0.0,0.29654242396354674,0.0997639887034893,1,0.07674109054967854,0.6215699270051226,1.0
26,1,learned,p,0.03296195715665817,0.0,0.0,0.547979797979798,0.03296195715665817,0.0,0.2700989231467247,0.12630214914679527,1,0.07674109054967854,0.6215699270051226,1.0
26,1,learned,k,0.03296195715665817,0.0,0.0,0.547979797979798,0.03296195715665817,0.0,0.3828273147344589,0.013317116349935532,1,0.07674109054967854,0.6215699270051226,1.0
26,1,learned,o,0.03296195715665817,0.0,0.0,0.21275252525252525,0.03296195715665817,0.0,0.2930122524499893,0.10321755111217498,1,0.07674109054967854,0.6215699270051226,1.0
26,1,learned,pk,0.03296195715665817,0.0,0.0,0.547979797979798,0.03296195715665817,0.0,0.3776089072227478,0.018540363200008868,1,0.07674109054967854,0.6215699270051226,1.0
26,1,learned,po,0.03296195715665817,0.0,0.0,0.21275252525252525,0.03296195715665817,0.0,0.2838578402996063,0.1124294251203537,1,0.07674109054967854,0.6215699270051226,1.0
26,1,learned,ko,0.03296195715665817,0.0,0.0,0.21275252525252525,0.03296195715665817,0.0,0.38269021213054655,0.013445957563817501,1,0.07674109054967854,0.6215699270051226,1.0
26,1,learned,pko,0.03296195715665817,0.0,0.0,0.21275252525252525,0.03296195715665817,0.0,0.38007961213588715,0.01606179978698492,1,0.07674109054967854,0.6215699270051226,1.0
26,1,shuffled,none,0.03296195715665817,0.0,0.0,0.547979797979798,0.03296195715665817,0.0,0.29654242396354674,0.0997639887034893,1,0.07674109054967854,0.6215699270051226,1.0
26,1,shuffled,p,0.03296195715665817,0.0,0.0,0.547979797979798,0.03296195715665817,0.0,0.29317916333675387,0.10318315476179123,1,0.07674109054967854,0.6215699270051226,1.0
26,1,shuffled,k,0.03296195715665817,0.0,0.0,0.547979797979798,0.03296195715665817,0.0,0.3043255388736725,0.09193111434578896,1,0.07674109054967854,0.6215699270051226,1.0
26,1,shuffled,o,0.03296195715665817,0.0,0.0,0.5426136363636364,0.03296195715665817,0.0,0.2985012948513031,0.0977981835603714,1,0.07674109054967854,0.6215699270051226,1.0
26,1,shuffled,pk,0.03296195715665817,0.0,0.0,0.547979797979798,0.03296195715665817,0.0,0.30199186205863954,0.09430060163140297,1,0.07674109054967854,0.6215699270051226,1.0
26,1,shuffled,po,0.03296195715665817,0.0,0.0,0.5426136363636364,0.03296195715665817,0.0,0.295110359787941,0.10121252611279488,1,0.07674109054967854,0.6215699270051226,1.0
26,1,shuffled,ko,0.03296195715665817,0.0,0.0,0.5426136363636364,0.03296195715665817,0.0,0.3060827046632767,0.09017724990844726,1,0.07674109054967854,0.6215699270051226,1.0
26,1,shuffled,pko,0.03296195715665817,0.0,0.0,0.5426136363636364,0.03296195715665817,0.0,0.3037325620651245,0.09254658594727516,1,0.07674109054967854,0.6215699270051226,1.0
26,1,anti,none,0.03296195715665817,0.0,0.0,0.547979797979798,0.03296195715665817,0.0,0.29654242396354674,0.0997639887034893,1,0.07674109054967854,0.6215699270051226,1.0
26,1,anti,p,0.03296195715665817,0.0,0.0,0.547979797979798,0.03296195715665817,0.0,0.285214301943779,0.1110883228480816,1,0.07674109054967854,0.6215699270051226,1.0
26,1,anti,k,0.03296195715665817,0.0,0.0,0.547979797979798,0.03296195715665817,0.0,0.30705030262470245,0.08921787962317466,1,0.07674109054967854,0.6215699270051226,1.0
26,1,anti,o,0.03296195715665817,0.0,0.0,0.5464015151515151,0.03296195715665817,0.0,0.2987793147563934,0.09752272665500641,1,0.07674109054967854,0.6215699270051226,1.0
26,1,anti,pk,0.03296195715665817,0.0,0.0,0.547979797979798,0.03296195715665817,0.0,0.2984701007604599,0.09779853150248527,1,0.07674109054967854,0.6215699270051226,1.0
26,1,anti,po,0.03296195715665817,0.0,0.0,0.5464015151515151,0.03296195715665817,0.0,0.28802208602428436,0.10827748253941535,1,0.07674109054967854,0.6215699270051226,1.0
26,1,anti,ko,0.03296195715665817,0.0,0.0,0.5464015151515151,0.03296195715665817,0.0,0.30909453332424164,0.08717281594872475,1,0.07674109054967854,0.6215699270051226,1.0
26,1,anti,pko,0.03296195715665817,0.0,0.0,0.5464015151515151,0.03296195715665817,0.0,0.30090968012809755,0.09535919278860092,1,0.07674109054967854,0.6215699270051226,1.0
26,2,controlled,none,-0.06180385500192642,1.0,0.0,0.9378156565656566,-0.06180385500192642,1.0,0.15699114948511123,0.2394910454750061,1,0.31023230585588624,0.9513633460651493,1.0
26,2,controlled,p,-0.06180385500192642,1.0,0.0,0.9378156565656566,-0.06180385500192642,1.0,0.12451498359441757,0.2721045404672623,1,0.31023230585588624,0.9513633460651493,1.0
26,2,controlled,k,-0.06180385500192642,1.0,0.0,0.9378156565656566,-0.06180385500192642,1.0,0.22306976616382598,0.17316637933254242,1,0.31023230585588624,0.9513633460651493,1.0
26,2,controlled,o,-0.06180385500192642,1.0,0.0,0.9340277777777778,-0.06180385500192642,1.0,0.15482823848724364,0.2416691154241562,1,0.31023230585588624,0.9513633460651493,1.0
26,2,controlled,pk,-0.06180385500192642,1.0,0.0,0.9378156565656566,-0.06180385500192642,1.0,0.18863455057144166,0.20763175189495087,1,0.31023230585588624,0.9513633460651493,1.0
26,2,controlled,po,-0.06180385500192642,1.0,0.0,0.9340277777777778,-0.06180385500192642,1.0,0.13051769882440567,0.2661218881607056,1,0.31023230585588624,0.9513633460651493,1.0
26,2,controlled,ko,-0.06180385500192642,1.0,0.0,0.9340277777777778,-0.06180385500192642,1.0,0.1929008573293686,0.20337907075881959,1,0.31023230585588624,0.9513633460651493,1.0
26,2,controlled,pko,-0.06180385500192642,1.0,0.0,0.9340277777777778,-0.06180385500192642,1.0,0.17038299590349198,0.22594426423311234,1,0.31023230585588624,0.9513633460651493,1.0
26,2,learned,none,-0.06180385500192642,1.0,0.0,0.9378156565656566,-0.06180385500192642,1.0,0.15699114948511123,0.2394910454750061,1,0.31023230585588624,0.9513633460651493,1.0
26,2,learned,p,-0.06180385500192642,1.0,0.0,0.9378156565656566,-0.06180385500192642,1.0,0.1468015916645527,0.2497776374220848,1,0.31023230585588624,0.9513633460651493,1.0
26,2,learned,k,-0.06180385500192642,1.0,0.0,0.9378156565656566,-0.06180385500192642,1.0,0.3380860656499863,0.058046473935246465,1,0.31023230585588624,0.9513633460651493,1.0
26,2,learned,o,-0.06180385500192642,1.0,0.0,0.2342171717171717,-0.06180385500192642,1.0,0.21262300461530687,0.18381656110286712,1,0.31023230585588624,0.9513633460651493,1.0
26,2,learned,pk,-0.06180385500192642,1.0,0.0,0.9378156565656566,-0.06180385500192642,1.0,0.3279160618782043,0.06821578741073608,1,0.31023230585588624,0.9513633460651493,1.0
26,2,learned,po,-0.06180385500192642,1.0,0.0,0.2342171717171717,-0.06180385500192642,1.0,0.23144145607948302,0.16474467515945435,1,0.31023230585588624,0.9513633460651493,1.0
26,2,learned,ko,-0.06180385500192642,1.0,0.0,0.2342171717171717,-0.06180385500192642,1.0,0.3754375994205475,0.020689096301794052,1,0.31023230585588624,0.9513633460651493,1.0
26,2,learned,pko,-0.06180385500192642,1.0,0.0,0.2342171717171717,-0.06180385500192642,1.0,0.3751223772764206,0.020998118352144955,1,0.31023230585588624,0.9513633460651493,1.0
26,2,shuffled,none,-0.06180385500192642,1.0,0.0,0.9378156565656566,-0.06180385500192642,1.0,0.15699114948511123,0.2394910454750061,1,0.31023230585588624,0.9513633460651493,1.0
26,2,shuffled,p,-0.06180385500192642,1.0,0.0,0.9378156565656566,-0.06180385500192642,1.0,0.15225423201918603,0.24436476081609726,1,0.31023230585588624,0.9513633460651493,1.0
26,2,shuffled,k,-0.06180385500192642,1.0,0.0,0.9378156565656566,-0.06180385500192642,1.0,0.2022873878479004,0.19397795721888542,1,0.31023230585588624,0.9513633460651493,1.0
26,2,shuffled,o,-0.06180385500192642,1.0,0.0,0.9292929292929293,-0.06180385500192642,1.0,0.16166092902421952,0.2349037528038025,1,0.31023230585588624,0.9513633460651493,1.0
26,2,shuffled,pk,-0.06180385500192642,1.0,0.0,0.9378156565656566,-0.06180385500192642,1.0,0.19095863550901412,0.20534748658537866,1,0.31023230585588624,0.9513633460651493,1.0
26,2,shuffled,po,-0.06180385500192642,1.0,0.0,0.9292929292929293,-0.06180385500192642,1.0,0.15401010811328888,0.2427173599600792,1,0.31023230585588624,0.9513633460651493,1.0
26,2,shuffled,ko,-0.06180385500192642,1.0,0.0,0.9292929292929293,-0.06180385500192642,1.0,0.19032568484544754,0.20601015985012056,1,0.31023230585588624,0.9513633460651493,1.0
26,2,shuffled,pko,-0.06180385500192642,1.0,0.0,0.9292929292929293,-0.06180385500192642,1.0,0.18137537837028503,0.21502527296543122,1,0.31023230585588624,0.9513633460651493,1.0
26,2,anti,none,-0.06180385500192642,1.0,0.0,0.9378156565656566,-0.06180385500192642,1.0,0.15699114948511123,0.2394910454750061,1,0.31023230585588624,0.9513633460651493,1.0
26,2,anti,p,-0.06180385500192642,1.0,0.0,0.9378156565656566,-0.06180385500192642,1.0,0.15457240715622902,0.2420441046357155,1,0.31023230585588624,0.9513633460651493,1.0
26,2,anti,k,-0.06180385500192642,1.0,0.0,0.9378156565656566,-0.06180385500192642,1.0,0.18833507895469664,0.2079649768769741,1,0.31023230585588624,0.9513633460651493,1.0
26,2,anti,o,-0.06180385500192642,1.0,0.0,0.9220328282828283,-0.06180385500192642,1.0,0.1458192601799965,0.25069819688796996,1,0.31023230585588624,0.9513633460651493,1.0
26,2,anti,pk,-0.06180385500192642,1.0,0.0,0.9378156565656566,-0.06180385500192642,1.0,0.18171974569559096,0.21463214457035065,1,0.31023230585588624,0.9513633460651493,1.0
26,2,anti,po,-0.06180385500192642,1.0,0.0,0.9220328282828283,-0.06180385500192642,1.0,0.1358702450990677,0.2607747629284859,1,0.31023230585588624,0.9513633460651493,1.0
26,2,anti,ko,-0.06180385500192642,1.0,0.0,0.9220328282828283,-0.06180385500192642,1.0,0.17181944698095322,0.22450896352529526,1,0.31023230585588624,0.9513633460651493,1.0
26,2,anti,pko,-0.06180385500192642,1.0,0.0,0.9220328282828283,-0.06180385500192642,1.0,0.1620189756155014,0.23436425477266312,1,0.31023230585588624,0.9513633460651493,1.0
26,3,controlled,none,0.31176844239234924,0.0,0.0,0.45738636363636365,0.31176844239234924,0.0,0.16040323972702025,0.2357730895280838,1,0.43846012798098616,0.7991199454114142,1.0
26,3,controlled,p,0.31176844239234924,0.0,0.0,0.45738636363636365,0.31176844239234924,0.0,0.14439657777547837,0.251784648001194,1,0.43846012798098616,0.7991199454114142,1.0
26,3,controlled,k,0.31176844239234924,0.0,0.0,0.45738636363636365,0.31176844239234924,0.0,0.19153085649013518,0.20462789684534072,1,0.43846012798098616,0.7991199454114142,1.0
26,3,controlled,o,0.31176844239234924,0.0,0.0,0.4917929292929293,0.31176844239234924,0.0,0.16243978589773178,0.23373936861753464,1,0.43846012798098616,0.7991199454114142,1.0
26,3,controlled,pk,0.31176844239234924,0.0,0.0,0.45738636363636365,0.31176844239234924,0.0,0.17466786205768586,0.22149408757686614,1,0.43846012798098616,0.7991199454114142,1.0
26,3,controlled,po,0.31176844239234924,0.0,0.0,0.4917929292929293,0.31176844239234924,0.0,0.14614576250314712,0.25003784000873563,1,0.43846012798098616,0.7991199454114142,1.0
26,3,controlled,ko,0.31176844239234924,0.0,0.0,0.4917929292929293,0.31176844239234924,0.0,0.19374810457229613,0.20241269767284392,1,0.43846012798098616,0.7991199454114142,1.0
26,3,controlled,pko,0.31176844239234924,0.0,0.0,0.4917929292929293,0.31176844239234924,0.0,0.1769828289747238,0.2191808357834816,1,0.43846012798098616,0.7991199454114142,1.0
26,3,learned,none,0.31176844239234924,0.0,0.0,0.45738636363636365,0.31176844239234924,0.0,0.16040323972702025,0.2357730895280838,1,0.43846012798098616,0.7991199454114142,1.0
26,3,learned,p,0.31176844239234924,0.0,0.0,0.45738636363636365,0.31176844239234924,0.0,0.1613703191280365,0.23479292988777162,1,0.43846012798098616,0.7991199454114142,1.0
26,3,learned,k,0.31176844239234924,0.0,0.0,0.45738636363636365,0.31176844239234924,0.0,0.2884592950344086,0.10767069607973098,1,0.43846012798098616,0.7991199454114142,1.0
26,3,learned,o,0.31176844239234924,0.0,0.0,0.3033459595959596,0.31176844239234924,0.0,0.1621761217713356,0.2339990332722664,1,0.43846012798098616,0.7991199454114142,1.0
26,3,learned,pk,0.31176844239234924,0.0,0.0,0.45738636363636365,0.31176844239234924,0.0,0.28784255385398866,0.1082847073674202,1,0.43846012798098616,0.7991199454114142,1.0
26,3,learned,po,0.31176844239234924,0.0,0.0,0.3033459595959596,0.31176844239234924,0.0,0.16114241629838943,0.23501410186290742,1,0.43846012798098616,0.7991199454114142,1.0
26,3,learned,ko,0.31176844239234924,0.0,0.0,0.3033459595959596,0.31176844239234924,0.0,0.30471445620059967,0.09141307696700096,1,0.43846012798098616,0.7991199454114142,1.0
26,3,learned,pko,0.31176844239234924,0.0,0.0,0.3033459595959596,0.31176844239234924,0.0,0.3031101167201996,0.09301372244954109,1,0.43846012798098616,0.7991199454114142,1.0
26,3,shuffled,none,0.31176844239234924,0.0,0.0,0.45738636363636365,0.31176844239234924,0.0,0.16040323972702025,0.2357730895280838,1,0.43846012798098616,0.7991199454114142,1.0
26,3,shuffled,p,0.31176844239234924,0.0,0.0,0.45738636363636365,0.31176844239234924,0.0,0.15714751332998275,0.23903287202119827,1,0.43846012798098616,0.7991199454114142,1.0
26,3,shuffled,k,0.31176844239234924,0.0,0.0,0.45738636363636365,0.31176844239234924,0.0,0.17812923938035966,0.2180331602692604,1,0.43846012798098616,0.7991199454114142,1.0
26,3,shuffled,o,0.31176844239234924,0.0,0.0,0.4788510101010101,0.31176844239234924,0.0,0.17881131321191787,0.21736690998077393,1,0.43846012798098616,0.7991199454114142,1.0
26,3,shuffled,pk,0.31176844239234924,0.0,0.0,0.45738636363636365,0.31176844239234924,0.0,0.1745980218052864,0.22156744599342346,1,0.43846012798098616,0.7991199454114142,1.0
26,3,shuffled,po,0.31176844239234924,0.0,0.0,0.4788510101010101,0.31176844239234924,0.0,0.17514692842960358,0.2210351213812828,1,0.43846012798098616,0.7991199454114142,1.0
26,3,shuffled,ko,0.31176844239234924,0.0,0.0,0.4788510101010101,0.31176844239234924,0.0,0.19711635559797286,0.19904743880033493,1,0.43846012798098616,0.7991199454114142,1.0
26,3,shuffled,pko,0.31176844239234924,0.0,0.0,0.4788510101010101,0.31176844239234924,0.0,0.19304744601249696,0.2031192436814308,1,0.43846012798098616,0.7991199454114142,1.0
26,3,anti,none,0.31176844239234924,0.0,0.0,0.45738636363636365,0.31176844239234924,0.0,0.16040323972702025,0.2357730895280838,1,0.43846012798098616,0.7991199454114142,1.0
26,3,anti,p,0.31176844239234924,0.0,0.0,0.45738636363636365,0.31176844239234924,0.0,0.15623643547296523,0.23995570242404937,1,0.43846012798098616,0.7991199454114142,1.0
26,3,anti,k,0.31176844239234924,0.0,0.0,0.45738636363636365,0.31176844239234924,0.0,0.17697588801383973,0.21918741166591643,1,0.43846012798098616,0.7991199454114142,1.0
26,3,anti,o,0.31176844239234924,0.0,0.0,0.4756944444444444,0.31176844239234924,0.0,0.17378973364830017,0.22238893657922745,1,0.43846012798098616,0.7991199454114142,1.0
26,3,anti,pk,0.31176844239234924,0.0,0.0,0.45738636363636365,0.31176844239234924,0.0,0.1730797842144966,0.2230950966477394,1,0.43846012798098616,0.7991199454114142,1.0
26,3,anti,po,0.31176844239234924,0.0,0.0,0.4756944444444444,0.31176844239234924,0.0,0.16947202235460282,0.22672077417373657,1,0.43846012798098616,0.7991199454114142,1.0
26,3,anti,ko,0.31176844239234924,0.0,0.0,0.4756944444444444,0.31176844239234924,0.0,0.19043135195970534,0.20573374778032302,1,0.43846012798098616,0.7991199454114142,1.0
26,3,anti,pko,0.31176844239234924,0.0,0.0,0.4756944444444444,0.31176844239234924,0.0,0.18640409857034684,0.20977143347263336,1,0.43846012798098616,0.7991199454114142,1.0
27,1,controlled,none,0.5460997819900513,0.0,0.0,0.8210227272727273,0.5460997819900513,0.0,0.14494455009698867,0.25115605890750886,1,0.07576100297435413,0.8948269256484653,1.0
27,1,controlled,p,0.5460997819900513,0.0,0.0,0.8210227272727273,0.5460997819900513,0.0,0.14287207871675492,0.2532296493649483,1,0.07576100297435413,0.8948269256484653,1.0
27,1,controlled,k,0.5460997819900513,0.0,0.0,0.8210227272727273,0.5460997819900513,0.0,0.17013737708330154,0.22596250474452972,1,0.07576100297435413,0.8948269256484653,1.0
27,1,controlled,o,0.5460997819900513,0.0,0.0,0.8276515151515151,0.5460997819900513,0.0,0.1552426688373089,0.2408577412366867,1,0.07576100297435413,0.8948269256484653,1.0
27,1,controlled,pk,0.5460997819900513,0.0,0.0,0.8210227272727273,0.5460997819900513,0.0,0.1661023497581482,0.22999826818704605,1,0.07576100297435413,0.8948269256484653,1.0
27,1,controlled,po,0.5460997819900513,0.0,0.0,0.8276515151515151,0.5460997819900513,0.0,0.15495862886309625,0.24114288687705993,1,0.07576100297435413,0.8948269256484653,1.0
27,1,controlled,ko,0.5460997819900513,0.0,0.0,0.8276515151515151,0.5460997819900513,0.0,0.17845232784748077,0.21764747500419618,1,0.07576100297435413,0.8948269256484653,1.0
27,1,controlled,pko,0.5460997819900513,0.0,0.0,0.8276515151515151,0.5460997819900513,0.0,0.17588786631822587,0.22021264284849168,1,0.07576100297435413,0.8948269256484653,1.0
27,1,learned,none,0.5460997819900513,0.0,0.0,0.8210227272727273,0.5460997819900513,0.0,0.14494455009698867,0.25115605890750886,1,0.07576100297435413,0.8948269256484653,1.0
27,1,learned,p,0.5460997819900513,0.0,0.0,0.8210227272727273,0.5460997819900513,0.0,0.157489812374115,0.2386087030172348,1,0.07576100297435413,0.8948269256484653,1.0
27,1,learned,k,0.5460997819900513,0.0,0.0,0.8210227272727273,0.5460997819900513,0.0,0.31160458028316496,0.08449504040181637,1,0.07576100297435413,0.8948269256484653,1.0
27,1,learned,o,0.5460997819900513,0.0,0.0,0.3885732323232323,0.5460997819900513,0.0,0.1724367156624794,0.22366416901350022,1,0.07576100297435413,0.8948269256484653,1.0
27,1,learned,pk,0.5460997819900513,0.0,0.0,0.8210227272727273,0.5460997819900513,0.0,0.31733368933200834,0.0787654910236597,1,0.07576100297435413,0.8948269256484653,1.0
27,1,learned,po,0.5460997819900513,0.0,0.0,0.3885732323232323,0.5460997819900513,0.0,0.16525200754404068,0.230844147503376,1,0.07576100297435413,0.8948269256484653,1.0
27,1,learned,ko,0.5460997819900513,0.0,0.0,0.3885732323232323,0.5460997819900513,0.0,0.33333376348018645,0.06276696324348449,1,0.07576100297435413,0.8948269256484653,1.0
27,1,learned,pko,0.5460997819900513,0.0,0.0,0.3885732323232323,0.5460997819900513,0.0,0.3326732814311981,0.06342611350119114,1,0.07576100297435413,0.8948269256484653,1.0
27,1,shuffled,none,0.5460997819900513,0.0,0.0,0.8210227272727273,0.5460997819900513,0.0,0.14494455009698867,0.25115605890750886,1,0.07576100297435413,0.8948269256484653,1.0
27,1,shuffled,p,0.5460997819900513,0.0,0.0,0.8210227272727273,0.5460997819900513,0.0,0.1389894224703312,0.25711123645305634,1,0.07576100297435413,0.8948269256484653,1.0
27,1,shuffled,k,0.5460997819900513,0.0,0.0,0.8210227272727273,0.5460997819900513,0.0,0.1802751064300537,0.21582380831241607,1,0.07576100297435413,0.8948269256484653,1.0
27,1,shuffled,o,0.5460997819900513,0.0,0.0,0.8241792929292929,0.5460997819900513,0.0,0.14561372697353364,0.25048660933971406,1,0.07576100297435413,0.8948269256484653,1.0
27,1,shuffled,pk,0.5460997819900513,0.0,0.0,0.8210227272727273,0.5460997819900513,0.0,0.171687950193882,0.22441087663173676,1,0.07576100297435413,0.8948269256484653,1.0
27,1,shuffled,po,0.5460997819900513,0.0,0.0,0.8241792929292929,0.5460997819900513,0.0,0.14190990328788758,0.25419042706489564,1,0.07576100297435413,0.8948269256484653,1.0
27,1,shuffled,ko,0.5460997819900513,0.0,0.0,0.8241792929292929,0.5460997819900513,0.0,0.1768980637192726,0.219200998544693,1,0.07576100297435413,0.8948269256484653,1.0
27,1,shuffled,pko,0.5460997819900513,0.0,0.0,0.8241792929292929,0.5460997819900513,0.0,0.17126595377922058,0.22483302503824235,1,0.07576100297435413,0.8948269256484653,1.0
27,1,anti,none,0.5460997819900513,0.0,0.0,0.8210227272727273,0.5460997819900513,0.0,0.14494455009698867,0.25115605890750886,1,0.07576100297435413,0.8948269256484653,1.0
27,1,anti,p,0.5460997819900513,0.0,0.0,0.8210227272727273,0.5460997819900513,0.0,0.10671618059277535,0.28938438892364504,1,0.07576100297435413,0.8948269256484653,1.0
27,1,anti,k,0.5460997819900513,0.0,0.0,0.8210227272727273,0.5460997819900513,0.0,0.20386843830347062,0.19223018512129783,1,0.07576100297435413,0.8948269256484653,1.0
27,1,anti,o,0.5460997819900513,0.0,0.0,0.8178661616161617,0.5460997819900513,0.0,0.1471261464059353,0.24897428900003432,1,0.07576100297435413,0.8948269256484653,1.0
27,1,anti,pk,0.5460997819900513,0.0,0.0,0.8210227272727273,0.5460997819900513,0.0,0.16334933489561082,0.23274892419576645,1,0.07576100297435413,0.8948269256484653,1.0
27,1,anti,po,0.5460997819900513,0.0,0.0,0.8178661616161617,0.5460997819900513,0.0,0.1254853717982769,0.27061509639024733,1,0.07576100297435413,0.8948269256484653,1.0
27,1,anti,ko,0.5460997819900513,0.0,0.0,0.8178661616161617,0.5460997819900513,0.0,0.18336050659418107,0.21273873299360274,1,0.07576100297435413,0.8948269256484653,1.0
27,1,anti,pko,0.5460997819900513,0.0,0.0,0.8178661616161617,0.5460997819900513,0.0,0.16381637006998062,0.23228269517421724,1,0.07576100297435413,0.8948269256484653,1.0
27,2,controlled,none,-0.14710635989904403,0.0,0.0,0.10227272727272728,-0.14841796457767487,0.0,0.17630850225687028,0.22083206623792648,1,1.1575371738326452,0.474495427536102,1.0
27,2,controlled,p,-0.14710635989904403,0.0,0.0,0.10227272727272728,-0.14841796457767487,0.0,0.12171068415045738,0.2758173644542694,1,1.1575371738326452,0.474495427536102,1.0
27,2,controlled,k,-0.14751810431480408,0.0,0.0,0.10227272727272728,-0.14841796457767487,0.0,0.2202288329601288,0.17646162062883378,1,1.1575371738326452,0.474495427536102,1.0
27,2,controlled,o,-0.14751810431480408,0.0,0.0,0.22569444444444445,-0.14841796457767487,0.0,0.1301789291203022,0.2666140243411064,1,1.1575371738326452,0.474495427536102,1.0
27,2,controlled,pk,-0.14751810431480408,0.0,0.0,0.10227272727272728,-0.14841796457767487,0.0,0.1831909403204918,0.21370001882314682,1,1.1575371738326452,0.474495427536102,1.0
27,2,controlled,po,-0.14710635989904403,0.0,0.0,0.22569444444444445,-0.14841796457767487,0.0,0.12122262865304947,0.27572470903396606,1,1.1575371738326452,0.474495427536102,1.0
27,2,controlled,ko,-0.14751810431480408,0.0,0.0,0.22569444444444445,-0.14841796457767487,0.0,0.15637220740318297,0.24015976190567018,1,1.1575371738326452,0.474495427536102,1.0
27,2,controlled,pko,-0.14751810431480408,0.0,0.0,0.22569444444444445,-0.14841796457767487,0.0,0.14575180113315583,0.2508816882967949,1,1.1575371738326452,0.474495427536102,1.0
27,2,learned,none,-0.14710635989904403,0.0,0.0,0.10227272727272728,-0.14841796457767487,0.0,0.17630850225687028,0.22083206623792648,1,1.1575371738326452,0.474495427536102,1.0
27,2,learned,p,-0.1471827283501625,0.0,0.0,0.10227272727272728,-0.14841796457767487,0.0,0.17184668481349946,0.22523357421159745,1,1.1575371738326452,0.474495427536102,1.0
27,2,learned,k,-0.1480062186717987,0.0,0.0,0.10227272727272728,-0.14841796457767487,0.0,0.367921245098114,0.028227345552295446,1,1.1575371738326452,0.474495427536102,1.0
27,2,learned,o,-0.14751810431480408,0.0,0.0,0.17487373737373738,-0.14841796457767487,0.0,0.12157858237624168,0.2749726131558418,1,1.1575371738326452,0.474495427536102,1.0
27,2,learned,pk,-0.1480062186717987,0.0,0.0,0.10227272727272728,-0.14841796457767487,0.0,0.3645981103181839,0.03154363166540861,1,1.1575371738326452,0.474495427536102,1.0
27,2,learned,po,-0.14759447276592255,0.0,0.0,0.17487373737373738,-0.14841796457767487,0.0,0.11611905917525292,0.2804064840078354,1,1.1575371738326452,0.474495427536102,1.0
27,2,learned,ko,-0.1480062186717987,0.0,0.0,0.17487373737373738,-0.14841796457767487,0.0,0.3690148115158081,0.027118554152548314,1,1.1575371738326452,0.474495427536102,1.0
27,2,learned,pko,-0.1480062186717987,0.0,0.0,0.17487373737373738,-0.14841796457767487,0.0,0.3673370063304901,0.02879406902939081,1,1.1575371738326452,0.474495427536102,1.0
27,2,shuffled,none,-0.14710635989904403,0.0,0.0,0.10227272727272728,-0.14841796457767487,0.0,0.17630850225687028,0.22083206623792648,1,1.1575371738326452,0.474495427536102,1.0
27,2,shuffled,p,-0.14710635989904403,0.0,0.0,0.10227272727272728,-0.14841796457767487,0.0,0.1606769546866417,0.2366356298327446,1,1.1575371738326452,0.474495427536102,1.0
27,2,shuffled,k,-0.14751810431480408,0.0,0.0,0.10227272727272728,-0.14841796457767487,0.0,0.21306457817554475,0.18359637558460234,1,1.1575371738326452,0.474495427536102,1.0
27,2,shuffled,o,-0.14751810431480408,0.0,0.0,0.16003787878787878,-0.14841796457767487,0.0,0.14727424681186677,0.24938666820526123,1,1.1575371738326452,0.474495427536102,1.0
27,2,shuffled,pk,-0.14751810431480408,0.0,0.0,0.10227272727272728,-0.14841796457767487,0.0,0.19675839841365814,0.19999588653445244,1,1.1575371738326452,0.474495427536102,1.0
27,2,shuffled,po,-0.14751810431480408,0.0,0.0,0.16003787878787878,-0.14841796457767487,0.0,0.1394975207746029,0.2572143107652664,1,1.1575371738326452,0.474495427536102,1.0
27,2,shuffled,ko,-0.14792985022068023,0.0,0.0,0.16003787878787878,-0.14841796457767487,0.0,0.17302470207214354,0.22340387850999832,1,1.1575371738326452,0.474495427536102,1.0
27,2,shuffled,pko,-0.14751810431480408,0.0,0.0,0.16003787878787878,-0.14841796457767487,0.0,0.1649600550532341,0.23151117712259292,1,1.1575371738326452,0.474495427536102,1.0
27,2,anti,none,-0.14710635989904403,0.0,0.0,0.10227272727272728,-0.14841796457767487,0.0,0.17630850225687028,0.22083206623792648,1,1.1575371738326452,0.474495427536102,1.0
27,2,anti,p,-0.14710635989904403,0.0,0.0,0.10227272727272728,-0.14841796457767487,0.0,0.16498864889144899,0.23257754743099213,1,1.1575371738326452,0.474495427536102,1.0
27,2,anti,k,-0.14751810431480408,0.0,0.0,0.10227272727272728,-0.14841796457767487,0.0,0.19890879094600677,0.19770112931728362,1,1.1575371738326452,0.474495427536102,1.0
27,2,anti,o,-0.14710635989904403,0.0,0.0,0.17708333333333334,-0.14841796457767487,0.0,0.15904407650232316,0.23811590075492858,1,1.1575371738326452,0.474495427536102,1.0
27,2,anti,pk,-0.14751810431480408,0.0,0.0,0.10227272727272728,-0.14841796457767487,0.0,0.1894014671444893,0.20737679153680802,1,1.1575371738326452,0.474495427536102,1.0
27,2,anti,po,-0.146694615483284,0.0,0.0,0.17708333333333334,-0.14841796457767487,0.0,0.14677272439002992,0.25081421732902526,1,1.1575371738326452,0.474495427536102,1.0
27,2,anti,ko,-0.14751810431480408,0.0,0.0,0.17708333333333334,-0.14841796457767487,0.0,0.17858362197875977,0.21808528900146484,1,1.1575371738326452,0.474495427536102,1.0
27,2,anti,pko,-0.14710635989904403,0.0,0.0,0.17708333333333334,-0.14841796457767487,0.0,0.16853043884038926,0.2283347338438034,1,1.1575371738326452,0.474495427536102,1.0
27,3,controlled,none,-0.45175268650054934,0.0,0.00125,0.8690025252525253,-0.44745680689811707,0.0,0.17561541199684144,0.22218019068241118,1,1.4982876296358258,0.9534094009674721,1.0
27,3,controlled,p,-0.45104873180389404,0.0,0.0017499999999999998,0.8690025252525253,-0.44745680689811707,0.0,0.16008406579494477,0.23914364725351334,1,1.4982876296358258,0.9534094009674721,1.0
27,3,controlled,k,-0.45424266457557677,0.0,0.0,0.8690025252525253,-0.4544963538646698,0.0,0.20374011099338532,0.19297958463430404,1,1.4982876296358258,0.9534094009674721,1.0
27,3,controlled,o,-0.45104873180389404,0.0,0.0017499999999999998,0.8832070707070707,-0.44745680689811707,0.0,0.17784836292266845,0.21997584849596025,1,1.4982876296358258,0.9534094009674721,1.0
27,3,controlled,pk,-0.4529485285282135,0.0,0.0007500000000000001,0.8690025252525253,-0.44745680689811707,0.0,0.18801082223653792,0.2090974435210228,1,1.4982876296358258,0.9534094009674721,1.0
27,3,controlled,po,-0.45104873180389404,0.0,0.0017499999999999998,0.8832070707070707,-0.44745680689811707,0.0,0.16276991367340088,0.23644727915525438,1,1.4982876296358258,0.9534094009674721,1.0
27,3,controlled,ko,-0.45424266457557677,0.0,0.0,0.8832070707070707,-0.4544963538646698,0.0,0.20534176528453826,0.19139351099729537,1,1.4982876296358258,0.9534094009674721,1.0
27,3,controlled,pko,-0.4529485285282135,0.0,0.0007500000000000001,0.8832070707070707,-0.44745680689811707,0.0,0.1902403265237808,0.2068778395652771,1,1.4982876296358258,0.9534094009674721,1.0
27,3,learned,none,-0.45175268650054934,0.0,0.00125,0.8690025252525253,-0.44745680689811707,0.0,0.17561541199684144,0.22218019068241118,1,1.4982876296358258,0.9534094009674721,1.0
27,3,learned,p,-0.45353870987892153,0.0,0.0005,0.8690025252525253,-0.4544963538646698,0.0,0.17947732359170915,0.21783510744571685,1,1.4982876296358258,0.9534094009674721,1.0
27,3,learned,k,-0.4544963538646698,0.0,0.0,0.8690025252525253,-0.4544963538646698,0.0,0.37100725173950194,0.02513094274327159,1,1.4982876296358258,0.9534094009674721,1.0
27,3,learned,o,-0.45104873180389404,0.0,0.0017499999999999998,0.26452020202020204,-0.44745680689811707,0.0,0.1972593292593956,0.20101530402898787,1,1.4982876296358258,0.9534094009674721,1.0
27,3,learned,pk,-0.4544963538646698,0.0,0.0,0.8690025252525253,-0.4544963538646698,0.0,0.3659497708082199,0.03018648289144039,1,1.4982876296358258,0.9534094009674721,1.0
27,3,learned,po,-0.4537923991680145,0.0,0.0005,0.26452020202020204,-0.4544963538646698,0.0,0.22166645526885986,0.1749644622206688,1,1.4982876296358258,0.9534094009674721,1.0
27,3,learned,ko,-0.4544963538646698,0.0,0.0,0.26452020202020204,-0.4544963538646698,0.0,0.381200036406517,0.014933229330927134,1,1.4982876296358258,0.9534094009674721,1.0
27,3,learned,pko,-0.4544963538646698,0.0,0.0,0.26452020202020204,-0.4544963538646698,0.0,0.38097235560417175,0.01515455418266356,1,1.4982876296358258,0.9534094009674721,1.0
27,3,shuffled,none,-0.45175268650054934,0.0,0.00125,0.8690025252525253,-0.44745680689811707,0.0,0.17561541199684144,0.22218019068241118,1,1.4982876296358258,0.9534094009674721,1.0
27,3,shuffled,p,-0.45104873180389404,0.0,0.0017499999999999998,0.8690025252525253,-0.44745680689811707,0.0,0.16746241748332977,0.230466091632843,1,1.4982876296358258,0.9534094009674721,1.0
27,3,shuffled,k,-0.4531867325305939,0.0,0.0007500000000000001,0.8690025252525253,-0.44745680689811707,0.0,0.2084351271390915,0.18845792710781098,1,1.4982876296358258,0.9534094009674721,1.0
27,3,shuffled,o,-0.4522445797920227,0.0,0.00125,0.8809974747474747,-0.44745680689811707,0.0,0.17935894131660463,0.2182299390435219,1,1.4982876296358258,0.9534094009674721,1.0
27,3,shuffled,pk,-0.4529485285282135,0.0,0.0007500000000000001,0.8690025252525253,-0.44745680689811707,0.0,0.19875235855579376,0.19819043278694154,1,1.4982876296358258,0.9534094009674721,1.0
27,3,shuffled,po,-0.4515406250953674,0.0,0.0017499999999999998,0.8809974747474747,-0.44745680689811707,0.0,0.1709328591823578,0.2267789661884308,1,1.4982876296358258,0.9534094009674721,1.0
27,3,shuffled,ko,-0.4538906872272491,0.0,0.00025,0.8809974747474747,-0.44745680689811707,0.0,0.20911030769348143,0.18773983865976335,1,1.4982876296358258,0.9534094009674721,1.0
27,3,shuffled,pko,-0.4529485285282135,0.0,0.0007500000000000001,0.8809974747474747,-0.44745680689811707,0.0,0.19977058619260787,0.19713085144758224,1,1.4982876296358258,0.9534094009674721,1.0
27,3,anti,none,-0.45175268650054934,0.0,0.00125,0.8690025252525253,-0.44745680689811707,0.0,0.17561541199684144,0.22218019068241118,1,1.4982876296358258,0.9534094009674721,1.0
27,3,anti,p,-0.45104873180389404,0.0,0.0017499999999999998,0.8690025252525253,-0.44745680689811707,0.0,0.16541295349597931,0.23264410048723222,1,1.4982876296358258,0.9534094009674721,1.0
27,3,anti,k,-0.4531867325305939,0.0,0.0007500000000000001,0.8690025252525253,-0.44745680689811707,0.0,0.21023454368114472,0.18668609410524367,1,1.4982876296358258,0.9534094009674721,1.0
27,3,anti,o,-0.4517788290977478,0.0,0.0017499999999999998,0.8819444444444444,-0.44745680689811707,0.0,0.1825861781835556,0.2151092693209648,1,1.4982876296358258,0.9534094009674721,1.0
27,3,anti,pk,-0.4529485285282135,0.0,0.0007500000000000001,0.8690025252525253,-0.44745680689811707,0.0,0.1981948047876358,0.19883160293102264,1,1.4982876296358258,0.9534094009674721,1.0
27,3,anti,po,-0.4515406250953674,0.0,0.0017499999999999998,0.8819444444444444,-0.44745680689811707,0.0,0.17221134006977082,0.22573504447937012,1,1.4982876296358258,0.9534094009674721,1.0
27,3,anti,ko,-0.4531867325305939,0.0,0.0007500000000000001,0.8819444444444444,-0.44745680689811707,0.0,0.2156562864780426,0.18123902827501298,1,1.4982876296358258,0.9534094009674721,1.0
27,3,anti,pko,-0.4531867325305939,0.0,0.0007500000000000001,0.8819444444444444,-0.44745680689811707,0.0,0.20390579253435134,0.1930947408080101,1,1.4982876296358258,0.9534094009674721,1.0
28,1,controlled,none,-0.1495494693517685,1.0,0.0,0.3784722222222222,-0.1495494693517685,1.0,0.2870489567518234,0.10919303707778454,1,0.3026401242266784,0.5328350888621314,1.0
28,1,controlled,p,-0.1495494693517685,1.0,0.0,0.3784722222222222,-0.1495494693517685,1.0,0.2719270020723343,0.12433492988348008,1,0.3026401242266784,0.5328350888621314,1.0
28,1,controlled,k,-0.1495494693517685,1.0,0.0,0.3784722222222222,-0.1495494693517685,1.0,0.3021861642599106,0.09402902498841285,1,0.3026401242266784,0.5328350888621314,1.0
28,1,controlled,o,-0.1495494693517685,1.0,0.0,0.3661616161616162,-0.1495494693517685,1.0,0.2985133916139603,0.0977390069514513,1,0.3026401242266784,0.5328350888621314,1.0
28,1,controlled,pk,-0.1495494693517685,1.0,0.0,0.3784722222222222,-0.1495494693517685,1.0,0.28836328387260435,0.10786596685647964,1,0.3026401242266784,0.5328350888621314,1.0
28,1,controlled,po,-0.1495494693517685,1.0,0.0,0.3661616161616162,-0.1495494693517685,1.0,0.2866582781076431,0.10961479544639588,1,0.3026401242266784,0.5328350888621314,1.0
28,1,controlled,ko,-0.1495494693517685,1.0,0.0,0.3661616161616162,-0.1495494693517685,1.0,0.31008687019348147,0.08613951578736305,1,0.3026401242266784,0.5328350888621314,1.0
28,1,controlled,pko,-0.1495494693517685,1.0,0.0,0.3661616161616162,-0.1495494693517685,1.0,0.2998148679733276,0.09642685577273369,1,0.3026401242266784,0.5328350888621314,1.0
28,1,learned,none,-0.1495494693517685,1.0,0.0,0.3784722222222222,-0.1495494693517685,1.0,0.2870489567518234,0.10919303707778454,1,0.3026401242266784,0.5328350888621314,1.0
28,1,learned,p,-0.1495494693517685,1.0,0.0,0.3784722222222222,-0.1495494693517685,1.0,0.27968930304050443,0.11666561588644982,1,0.3026401242266784,0.5328350888621314,1.0
28,1,learned,k,-0.1495494693517685,1.0,0.0,0.3784722222222222,-0.1495494693517685,1.0,0.3713490903377533,0.024788262881338598,1,0.3026401242266784,0.5328350888621314,1.0
28,1,learned,o,-0.1495494693517685,1.0,0.0,0.2326388888888889,-0.1495494693517685,1.0,0.3044478803873062,0.09179412573575974,1,0.3026401242266784,0.5328350888621314,1.0
28,1,learned,pk,-0.1495494693517685,1.0,0.0,0.3784722222222222,-0.1495494693517685,1.0,0.36706582009792327,0.029082858003675938,1,0.3026401242266784,0.5328350888621314,1.0
28,1,learned,po,-0.1495494693517685,1.0,0.0,0.2326388888888889,-0.1495494693517685,1.0,0.30759990513324736,0.08871824070811271,1,0.3026401242266784,0.5328350888621314,1.0
28,1,learned,ko,-0.1495494693517685,1.0,0.0,0.2326388888888889,-0.1495494693517685,1.0,0.37410341799259184,0.022038641944527627,1,0.3026401242266784,0.5328350888621314,1.0
28,1,learned,pko,-0.1495494693517685,1.0,0.0,0.2326388888888889,-0.1495494693517685,1.0,0.37431575655937194,0.021834333427250385,1,0.3026401242266784,0.5328350888621314,1.0
28,1,shuffled,none,-0.1495494693517685,1.0,0.0,0.3784722222222222,-0.1495494693517685,1.0,0.2870489567518234,0.10919303707778454,1,0.3026401242266784,0.5328350888621314,1.0
28,1,shuffled,p,-0.1495494693517685,1.0,0.0,0.3784722222222222,-0.1495494693517685,1.0,0.2793253183364868,0.11694622039794922,1,0.3026401242266784,0.5328350888621314,1.0
28,1,shuffled,k,-0.1495494693517685,1.0,0.0,0.3784722222222222,-0.1495494693517685,1.0,0.2978604048490524,0.09835829623043538,1,0.3026401242266784,0.5328350888621314,1.0
28,1,shuffled,o,-0.1495494693517685,1.0,0.0,0.369949494949495,-0.1495494693517685,1.0,0.30034773945808413,0.09590626172721387,1,0.3026401242266784,0.5328350888621314,1.0
28,1,shuffled,pk,-0.1495494693517685,1.0,0.0,0.3784722222222222,-0.1495494693517685,1.0,0.2912893146276474,0.1049514152109623,1,0.3026401242266784,0.5328350888621314,1.0
28,1,shuffled,po,-0.1495494693517685,1.0,0.0,0.369949494949495,-0.1495494693517685,1.0,0.29297349154949187,0.10330504924058914,1,0.3026401242266784,0.5328350888621314,1.0
28,1,shuffled,ko,-0.1495494693517685,1.0,0.0,0.369949494949495,-0.1495494693517685,1.0,0.309892937541008,0.08633697703480721,1,0.3026401242266784,0.5328350888621314,1.0
28,1,shuffled,pko,-0.1495494693517685,1.0,0.0,0.369949494949495,-0.1495494693517685,1.0,0.3037828981876373,0.09246561974287033,1,0.3026401242266784,0.5328350888621314,1.0
28,1,anti,none,-0.1495494693517685,1.0,0.0,0.3784722222222222,-0.1495494693517685,1.0,0.2870489567518234,0.10919303707778454,1,0.3026401242266784,0.5328350888621314,1.0
28,1,anti,p,-0.1495494693517685,1.0,0.0,0.3784722222222222,-0.1495494693517685,1.0,0.2836369514465332,0.11262569352984428,1,0.3026401242266784,0.5328350888621314,1.0
28,1,anti,k,-0.1495494693517685,1.0,0.0,0.3784722222222222,-0.1495494693517685,1.0,0.29662458300590516,0.09959707409143448,1,0.3026401242266784,0.5328350888621314,1.0
28,1,anti,o,-0.1495494693517685,1.0,0.0,0.3648989898989899,-0.1495494693517685,1.0,0.296154847741127,0.10010902807116509,1,0.3026401242266784,0.5328350888621314,1.0
28,1,anti,pk,-0.1495494693517685,1.0,0.0,0.3784722222222222,-0.1495494693517685,1.0,0.2932544708251953,0.1029835246503353,1,0.3026401242266784,0.5328350888621314,1.0
28,1,anti,po,-0.1495494693517685,1.0,0.0,0.3648989898989899,-0.1495494693517685,1.0,0.29298623502254484,0.10329494699835777,1,0.3026401242266784,0.5328350888621314,1.0
28,1,anti,ko,-0.1495494693517685,1.0,0.0,0.3648989898989899,-0.1495494693517685,1.0,0.3055625051259995,0.09067758806049823,1,0.3026401242266784,0.5328350888621314,1.0
28,1,anti,pko,-0.1495494693517685,1.0,0.0,0.3648989898989899,-0.1495494693517685,1.0,0.3024238973855972,0.09382989555597306,1,0.3026401242266784,0.5328350888621314,1.0
28,2,controlled,none,-0.8827708661556244,0.0,0.009250000000000001,0.8781565656565656,-0.8856538534164429,0.0,0.11813668236136436,0.29069012254476545,1,0.9924269144300246,1.25,1.0
28,2,controlled,p,-0.8664741277694702,0.0,0.01325,0.8781565656565656,-0.8577955365180969,0.0,0.11683555245399475,0.30588235557079313,1,0.9924269144300246,1.25,1.0
28,2,controlled,k,-0.8994743347167968,0.0,0.002,0.8781565656565656,-0.9053633213043213,0.0,0.14740104153752326,0.25264446139335633,1,0.9924269144300246,1.25,1.0
28,2,controlled,o,-0.8773052275180817,0.0,0.010250000000000002,0.8671085858585859,-0.8856538534164429,0.0,0.10305232629179954,0.311137980222702,1,0.9924269144300246,1.25,1.0
28,2,controlled,pk,-0.8925616323947907,0.0,0.005,0.8781565656565656,-0.8964306712150574,0.0,0.13558079525828362,0.26770382225513456,1,0.9924269144300246,1.25,1.0
28,2,controlled,po,-0.8621208429336548,0.0,0.014750000000000001,0.8671085858585859,-0.8577955365180969,0.0,0.09858840480446815,0.3331454277038574,1,0.9924269144300246,1.25,1.0
28,2,controlled,ko,-0.8966101288795472,0.0,0.0025,0.8671085858585859,-0.9053633213043213,0.0,0.12617553025484085,0.2754085138440132,1,0.9924269144300246,1.25,1.0
28,2,controlled,pko,-0.8901446163654327,0.0,0.005,0.8671085858585859,-0.8964306712150574,0.0,0.11446034908294678,0.2913100033998489,1,0.9924269144300246,1.25,1.0
28,2,learned,none,-0.8827708661556244,0.0,0.009250000000000001,0.8781565656565656,-0.8856538534164429,0.0,0.11813668236136436,0.29069012254476545,1,0.9924269144300246,1.25,1.0
28,2,learned,p,-0.8819692134857178,0.0,0.009500000000000001,0.8781565656565656,-0.8748770356178284,0.0,0.11302261874079704,0.29656555950641633,1,0.9924269144300246,1.25,1.0
28,2,learned,k,-0.9053633213043213,0.0,0.0,0.8781565656565656,-0.9053633213043213,0.0,0.3050727128982544,0.09118568673729896,1,0.9924269144300246,1.25,1.0
28,2,learned,o,-0.8405426442623138,0.0,0.02125,0.2967171717171717,-0.8577955365180969,0.0,0.10553273633122444,0.344279283285141,1,0.9924269144300246,1.25,1.0
28,2,learned,pk,-0.9053633213043213,0.0,0.0,0.8781565656565656,-0.9053633213043213,0.0,0.2982879251241684,0.09796424433588982,1,0.9924269144300246,1.25,1.0
28,2,learned,po,-0.8496200144290924,0.0,0.016249999999999997,0.2967171717171717,-0.8509455919265747,0.0,0.10632281899452209,0.33648487031459806,1,0.9924269144300246,1.25,1.0
28,2,learned,ko,-0.9053633213043213,0.0,0.0,0.2967171717171717,-0.9053633213043213,0.0,0.3402142107486725,0.05603112578392029,1,0.9924269144300246,1.25,1.0
28,2,learned,pko,-0.9053633213043213,0.0,0.0,0.2967171717171717,-0.9053633213043213,0.0,0.3340081572532654,0.062232494726777075,1,0.9924269144300246,1.25,1.0
28,2,shuffled,none,-0.8827708661556244,0.0,0.009250000000000001,0.8781565656565656,-0.8856538534164429,0.0,0.11813668236136436,0.29069012254476545,1,0.9924269144300246,1.25,1.0
28,2,shuffled,p,-0.867159116268158,0.0,0.01325,0.8781565656565656,-0.8577955365180969,0.0,0.12587712332606316,0.2966438069939613,1,0.9924269144300246,1.25,1.0
28,2,shuffled,k,-0.8973189890384674,0.0,0.0030000000000000005,0.8781565656565656,-0.9053633213043213,0.0,0.13128849118947983,0.26948922872543335,1,0.9924269144300246,1.25,1.0
28,2,shuffled,o,-0.8773052275180817,0.0,0.010250000000000002,0.8589015151515151,-0.8856538534164429,0.0,0.1020076185464859,0.3121601104736328,1,0.9924269144300246,1.25,1.0
28,2,shuffled,pk,-0.8871732115745544,0.0,0.0075,0.8781565656565656,-0.8964306712150574,0.0,0.1331765092909336,0.2716278702020645,1,0.9924269144300246,1.25,1.0
28,2,shuffled,po,-0.8619125664234162,0.0,0.014750000000000001,0.8589015151515151,-0.8577955365180969,0.0,0.11093156933784484,0.32045588791370394,1,0.9924269144300246,1.25,1.0
28,2,shuffled,ko,-0.8944547832012176,0.0,0.0035000000000000005,0.8589015151515151,-0.9053633213043213,0.0,0.11307886987924576,0.2894298195838928,1,0.9924269144300246,1.25,1.0
28,2,shuffled,pko,-0.8832313120365143,0.0,0.0085,0.8589015151515151,-0.8964306712150574,0.0,0.11547146439552307,0.29208814650774,1,0.9924269144300246,1.25,1.0
28,2,anti,none,-0.8827708661556244,0.0,0.009250000000000001,0.8781565656565656,-0.8856538534164429,0.0,0.11813668236136436,0.29069012254476545,1,0.9924269144300246,1.25,1.0
28,2,anti,p,-0.8813387513160705,0.0,0.009500000000000001,0.8781565656565656,-0.8748770356178284,0.0,0.11722553446888924,0.2930119961500168,1,0.9924269144300246,1.25,1.0
28,2,anti,k,-0.8973189890384674,0.0,0.0030000000000000005,0.8781565656565656,-0.9053633213043213,0.0,0.137912318110466,0.26382082551717756,1,0.9924269144300246,1.25,1.0
28,2,anti,o,-0.8844790101051331,0.0,0.00875,0.8731060606060606,-0.8856538534164429,0.0,0.0988397590816021,0.3082126468420029,1,0.9924269144300246,1.25,1.0
28,2,anti,pk,-0.8968723595142365,0.0,0.0030000000000000005,0.8781565656565656,-0.8964306712150574,0.0,0.13399262428283693,0.26825645565986633,1,0.9924269144300246,1.25,1.0
28,2,anti,po,-0.8830468952655792,0.0,0.009000000000000001,0.8731060606060606,-0.8748770356178284,0.0,0.09916598945856095,0.3091472268104553,1,0.9924269144300246,1.25,1.0
28,2,anti,ko,-0.8973189890384674,0.0,0.0030000000000000005,0.8731060606060606,-0.9053633213043213,0.0,0.1175570622086525,0.28379025161266325,1,0.9924269144300246,1.25,1.0
28,2,anti,pko,-0.894716989994049,0.0,0.004,0.8731060606060606,-0.8964306712150574,0.0,0.11506211906671523,0.2868020862340927,1,0.9924269144300246,1.25,1.0
28,3,controlled,none,0.18720397353172302,0.0,0.0,0.020517676767676768,0.18720397353172302,0.0,0.26165257692337035,0.13460658937692643,1,0.3860799069751434,0.10868066894967854,1.0
28,3,controlled,p,0.18720397353172302,0.0,0.0,0.020517676767676768,0.18720397353172302,0.0,0.2405685767531395,0.15571824163198472,1,0.3860799069751434,0.10868066894967854,1.0
28,3,controlled,k,0.18720397353172302,0.0,0.0,0.020517676767676768,0.18720397353172302,0.0,0.291641828417778,0.10458762869238854,1,0.3860799069751434,0.10868066894967854,1.0
28,3,controlled,o,0.18720397353172302,0.0,0.0,0.022727272727272728,0.18720397353172302,0.0,0.28569799065589907,0.11055860444903373,1,0.3860799069751434,0.10868066894967854,1.0
28,3,controlled,pk,0.18720397353172302,0.0,0.0,0.020517676767676768,0.18720397353172302,0.0,0.2744752138853073,0.12177460491657258,1,0.3860799069751434,0.10868066894967854,1.0
28,3,controlled,po,0.18720397353172302,0.0,0.0,0.022727272727272728,0.18720397353172302,0.0,0.2719324558973312,0.12434219643473625,1,0.3860799069751434,0.10868066894967854,1.0
28,3,controlled,ko,0.18720397353172302,0.0,0.0,0.022727272727272728,0.18720397353172302,0.0,0.3043493628501892,0.09188307002186775,1,0.3860799069751434,0.10868066894967854,1.0
28,3,controlled,pko,0.18720397353172302,0.0,0.0,0.022727272727272728,0.18720397353172302,0.0,0.2942894220352173,0.10195728242397309,1,0.3860799069751434,0.10868066894967854,1.0
28,3,learned,none,0.18720397353172302,0.0,0.0,0.020517676767676768,0.18720397353172302,0.0,0.26165257692337035,0.13460658937692643,1,0.3860799069751434,0.10868066894967854,1.0
28,3,learned,p,0.18720397353172302,0.0,0.0,0.020517676767676768,0.18720397353172302,0.0,0.2785672277212143,0.11768649965524673,1,0.3860799069751434,0.10868066894967854,1.0
28,3,learned,k,0.18720397353172302,0.0,0.0,0.020517676767676768,0.18720397353172302,0.0,0.37267575562000277,0.02345469230785966,1,0.3860799069751434,0.10868066894967854,1.0
28,3,learned,o,0.18720397353172302,0.0,0.0,0.1442550505050505,0.18720397353172302,0.0,0.2885718494653702,0.10768454819917679,1,0.3860799069751434,0.10868066894967854,1.0
28,3,learned,pk,0.18720397353172302,0.0,0.0,0.020517676767676768,0.18720397353172302,0.0,0.3753480017185211,0.02077930923551321,1,0.3860799069751434,0.10868066894967854,1.0
28,3,learned,po,0.18720397353172302,0.0,0.0,0.1442550505050505,0.18720397353172302,0.0,0.2965529471635818,0.09968189671635627,1,0.3860799069751434,0.10868066894967854,1.0
28,3,learned,ko,0.18720397353172302,0.0,0.0,0.1442550505050505,0.18720397353172302,0.0,0.3827159821987152,0.013409734424203634,1,0.3860799069751434,0.10868066894967854,1.0
28,3,learned,pko,0.18720397353172302,0.0,0.0,0.1442550505050505,0.18720397353172302,0.0,0.3845163434743881,0.011606435757130384,1,0.3860799069751434,0.10868066894967854,1.0
28,3,shuffled,none,0.18720397353172302,0.0,0.0,0.020517676767676768,0.18720397353172302,0.0,0.26165257692337035,0.13460658937692643,1,0.3860799069751434,0.10868066894967854,1.0
28,3,shuffled,p,0.18720397353172302,0.0,0.0,0.020517676767676768,0.18720397353172302,0.0,0.21588421911001204,0.1804020881652832,1,0.3860799069751434,0.10868066894967854,1.0
28,3,shuffled,k,0.18720397353172302,0.0,0.0,0.020517676767676768,0.18720397353172302,0.0,0.32140973508358,0.07482180371880531,1,0.3860799069751434,0.10868066894967854,1.0
28,3,shuffled,o,0.18720397353172302,0.0,0.0,0.016098484848484848,0.18720397353172302,0.0,0.2649660110473633,0.1312972366809845,1,0.3860799069751434,0.10868066894967854,1.0
28,3,shuffled,pk,0.18720397353172302,0.0,0.0,0.020517676767676768,0.18720397353172302,0.0,0.2670301526784897,0.1292205885052681,1,0.3860799069751434,0.10868066894967854,1.0
28,3,shuffled,po,0.18720397353172302,0.0,0.0,0.016098484848484848,0.18720397353172302,0.0,0.2410118743777275,0.15527466386556626,1,0.3860799069751434,0.10868066894967854,1.0
28,3,shuffled,ko,0.18720397353172302,0.0,0.0,0.016098484848484848,0.18720397353172302,0.0,0.29770170748233793,0.098534095287323,1,0.3860799069751434,0.10868066894967854,1.0
28,3,shuffled,pko,0.18720397353172302,0.0,0.0,0.016098484848484848,0.18720397353172302,0.0,0.27485636472702024,0.12139697000384331,1,0.3860799069751434,0.10868066894967854,1.0
28,3,anti,none,0.18720397353172302,0.0,0.0,0.020517676767676768,0.18720397353172302,0.0,0.26165257692337035,0.13460658937692643,1,0.3860799069751434,0.10868066894967854,1.0
28,3,anti,p,0.18720397353172302,0.0,0.0,0.020517676767676768,0.18720397353172302,0.0,0.2538784384727478,0.14240521043539048,1,0.3860799069751434,0.10868066894967854,1.0
28,3,anti,k,0.18720397353172302,0.0,0.0,0.020517676767676768,0.18720397353172302,0.0,0.2907667815685272,0.10546301603317261,1,0.3860799069751434,0.10868066894967854,1.0
28,3,anti,o,0.18720397353172302,0.0,0.0,0.023989898989898988,0.18720397353172302,0.0,0.27832397520542146,0.1179373674094677,1,0.3860799069751434,0.10868066894967854,1.0
28,3,anti,pk,0.18720397353172302,0.0,0.0,0.020517676767676768,0.18720397353172302,0.0,0.2801099896430969,0.11613833680748939,1,0.3860799069751434,0.10868066894967854,1.0
28,3,anti,po,0.18720397353172302,0.0,0.0,0.023989898989898988,0.18720397353172302,0.0,0.2735841512680054,0.12269440591335297,1,0.3860799069751434,0.10868066894967854,1.0
28,3,anti,ko,0.18720397353172302,0.0,0.0,0.023989898989898988,0.18720397353172302,0.0,0.3013869047164917,0.09484854564070702,1,0.3860799069751434,0.10868066894967854,1.0
28,3,anti,pko,0.18720397353172302,0.0,0.0,0.023989898989898988,0.18720397353172302,0.0,0.29433206617832186,0.1019172914326191,1,0.3860799069751434,0.10868066894967854,1.0
29,1,controlled,none,0.02376714162528515,0.0,0.0,0.4409722222222222,0.02376714162528515,0.0,0.25110868364572525,0.14520887285470963,1,0.5687810852033701,0.6676201902355756,1.0
29,1,controlled,p,0.02376714162528515,0.0,0.0,0.4409722222222222,0.02376714162528515,0.0,0.24135737717151642,0.15501653105020524,1,0.5687810852033701,0.6676201902355756,1.0
29,1,controlled,k,0.02376714162528515,0.0,0.0,0.4409722222222222,0.02376714162528515,0.0,0.27575480937957764,0.12050512060523033,1,0.5687810852033701,0.6676201902355756,1.0
29,1,controlled,o,0.02376714162528515,0.0,0.0,0.444760101010101,0.02376714162528515,0.0,0.24458662420511246,0.15174650251865388,1,0.5687810852033701,0.6676201902355756,1.0
29,1,controlled,pk,0.02376714162528515,0.0,0.0,0.4409722222222222,0.02376714162528515,0.0,0.2666231423616409,0.1296641744673252,1,0.5687810852033701,0.6676201902355756,1.0
29,1,controlled,po,0.02376714162528515,0.0,0.0,0.444760101010101,0.02376714162528515,0.0,0.2339952513575554,0.1623937278985977,1,0.5687810852033701,0.6676201902355756,1.0
29,1,controlled,ko,0.02376714162528515,0.0,0.0,0.444760101010101,0.02376714162528515,0.0,0.2662206321954727,0.13005443066358566,1,0.5687810852033701,0.6676201902355756,1.0
29,1,controlled,pko,0.02376714162528515,0.0,0.0,0.444760101010101,0.02376714162528515,0.0,0.2566442757844925,0.1396588146686554,1,0.5687810852033701,0.6676201902355756,1.0
29,1,learned,none,0.02376714162528515,0.0,0.0,0.4409722222222222,0.02376714162528515,0.0,0.25110868364572525,0.14520887285470963,1,0.5687810852033701,0.6676201902355756,1.0
29,1,learned,p,0.02376714162528515,0.0,0.0,0.4409722222222222,0.02376714162528515,0.0,0.24255277812480927,0.15386396273970604,1,0.5687810852033701,0.6676201902355756,1.0
29,1,learned,k,0.02376714162528515,0.0,0.0,0.4409722222222222,0.02376714162528515,0.0,0.362313711643219,0.03382840678095818,1,0.5687810852033701,0.6676201902355756,1.0
29,1,learned,o,0.02376714162528515,0.0,0.0,0.22727272727272727,0.02376714162528515,0.0,0.22435813397169113,0.17195387184619904,1,0.5687810852033701,0.6676201902355756,1.0
29,1,learned,pk,0.02376714162528515,0.0,0.0,0.4409722222222222,0.02376714162528515,0.0,0.3585368305444717,0.037610404379665854,1,0.5687810852033701,0.6676201902355756,1.0
29,1,learned,po,0.02376714162528515,0.0,0.0,0.22727272727272727,0.02376714162528515,0.0,0.2224540889263153,0.1738427311182022,1,0.5687810852033701,0.6676201902355756,1.0
29,1,learned,ko,0.02376714162528515,0.0,0.0,0.22727272727272727,0.02376714162528515,0.0,0.3630553334951401,0.03308290410786867,1,0.5687810852033701,0.6676201902355756,1.0
29,1,learned,pko,0.02376714162528515,0.0,0.0,0.22727272727272727,0.02376714162528515,0.0,0.35954916179180146,0.036588933505117896,1,0.5687810852033701,0.6676201902355756,1.0
29,1,shuffled,none,0.02376714162528515,0.0,0.0,0.4409722222222222,0.02376714162528515,0.0,0.25110868364572525,0.14520887285470963,1,0.5687810852033701,0.6676201902355756,1.0
29,1,shuffled,p,0.02376714162528515,0.0,0.0,0.4409722222222222,0.02376714162528515,0.0,0.2518283247947693,0.14450173676013947,1,0.5687810852033701,0.6676201902355756,1.0
29,1,shuffled,k,0.02376714162528515,0.0,0.0,0.4409722222222222,0.02376714162528515,0.0,0.26949801445007326,0.12677166163921355,1,0.5687810852033701,0.6676201902355756,1.0
29,1,shuffled,o,0.02376714162528515,0.0,0.0,0.4797979797979798,0.02376714162528515,0.0,0.25665935426950454,0.13968031406402587,1,0.5687810852033701,0.6676201902355756,1.0
29,1,shuffled,pk,0.02376714162528515,0.0,0.0,0.4409722222222222,0.02376714162528515,0.0,0.269376614689827,0.12690381482243537,1,0.5687810852033701,0.6676201902355756,1.0
29,1,shuffled,po,0.02376714162528515,0.0,0.0,0.4797979797979798,0.02376714162528515,0.0,0.2533161997795105,0.1430416703224182,1,0.5687810852033701,0.6676201902355756,1.0
29,1,shuffled,ko,0.02376714162528515,0.0,0.0,0.4797979797979798,0.02376714162528515,0.0,0.2714800894260406,0.12480672895908355,1,0.5687810852033701,0.6676201902355756,1.0
29,1,shuffled,pko,0.02376714162528515,0.0,0.0,0.4797979797979798,0.02376714162528515,0.0,0.2684668615460396,0.12783510759472846,1,0.5687810852033701,0.6676201902355756,1.0
29,1,anti,none,0.02376714162528515,0.0,0.0,0.4409722222222222,0.02376714162528515,0.0,0.25110868364572525,0.14520887285470963,1,0.5687810852033701,0.6676201902355756,1.0
29,1,anti,p,0.02376714162528515,0.0,0.0,0.4409722222222222,0.02376714162528515,0.0,0.2438441827893257,0.15248313397169114,1,0.5687810852033701,0.6676201902355756,1.0
29,1,anti,k,0.02376714162528515,0.0,0.0,0.4409722222222222,0.02376714162528515,0.0,0.2657926380634308,0.13048095405101776,1,0.5687810852033701,0.6676201902355756,1.0
29,1,anti,o,0.02376714162528515,0.0,0.0,0.4567550505050505,0.02376714162528515,0.0,0.2526595234870911,0.1436783067882061,1,0.5687810852033701,0.6676201902355756,1.0
29,1,anti,pk,0.02376714162528515,0.0,0.0,0.4409722222222222,0.02376714162528515,0.0,0.2598519027233124,0.1364327371120453,1,0.5687810852033701,0.6676201902355756,1.0
29,1,anti,po,0.02376714162528515,0.0,0.0,0.4567550505050505,0.02376714162528515,0.0,0.24432187527418137,0.1520296335220337,1,0.5687810852033701,0.6676201902355756,1.0
29,1,anti,ko,0.02376714162528515,0.0,0.0,0.4567550505050505,0.02376714162528515,0.0,0.2665600687265396,0.1297276072204113,1,0.5687810852033701,0.6676201902355756,1.0
29,1,anti,pko,0.02376714162528515,0.0,0.0,0.4567550505050505,0.02376714162528515,0.0,0.2596897304058075,0.13661172538995742,1,0.5687810852033701,0.6676201902355756,1.0
29,2,controlled,none,0.014323308132588863,0.0,0.0,0.47821969696969696,0.014323308132588863,0.0,0.17476655542850494,0.2214697703719139,1,0.06810916086713678,0.6859722567244999,1.0
29,2,controlled,p,0.014323308132588863,0.0,0.0,0.47821969696969696,0.014323308132588863,0.0,0.1734188586473465,0.22285202890634537,1,0.06810916086713678,0.6859722567244999,1.0
29,2,controlled,k,0.014323308132588863,0.0,0.0,0.47821969696969696,0.014323308132588863,0.0,0.18726428598165512,0.20893189758062364,1,0.06810916086713678,0.6859722567244999,1.0
29,2,controlled,o,0.014323308132588863,0.0,0.0,0.4652777777777778,0.014323308132588863,0.0,0.17328592538833618,0.22297338843345643,1,0.06810916086713678,0.6859722567244999,1.0
29,2,controlled,pk,0.014323308132588863,0.0,0.0,0.47821969696969696,0.014323308132588863,0.0,0.18559928089380265,0.2106156602501869,1,0.06810916086713678,0.6859722567244999,1.0
29,2,controlled,po,0.014323308132588863,0.0,0.0,0.4652777777777778,0.014323308132588863,0.0,0.17077100574970244,0.22553696781396865,1,0.06810916086713678,0.6859722567244999,1.0
29,2,controlled,ko,0.014323308132588863,0.0,0.0,0.4652777777777778,0.014323308132588863,0.0,0.1852213978767395,0.210990372300148,1,0.06810916086713678,0.6859722567244999,1.0
29,2,controlled,pko,0.014323308132588863,0.0,0.0,0.4652777777777778,0.014323308132588863,0.0,0.18264179229736327,0.21359711289405822,1,0.06810916086713678,0.6859722567244999,1.0
29,2,learned,none,0.014323308132588863,0.0,0.0,0.47821969696969696,0.014323308132588863,0.0,0.17476655542850494,0.2214697703719139,1,0.06810916086713678,0.6859722567244999,1.0
29,2,learned,p,0.014323308132588863,0.0,0.0,0.47821969696969696,0.014323308132588863,0.0,0.1605950191617012,0.23562471866607665,1,0.06810916086713678,0.6859722567244999,1.0
29,2,learned,k,0.014323308132588863,0.0,0.0,0.47821969696969696,0.014323308132588863,0.0,0.32412498295307157,0.07200102508068085,1,0.06810916086713678,0.6859722567244999,1.0
29,2,learned,o,0.014323308132588863,0.0,0.0,0.22727272727272727,0.014323308132588863,0.0,0.1797276943922043,0.21649460941553117,1,0.06810916086713678,0.6859722567244999,1.0
29,2,learned,pk,0.014323308132588863,0.0,0.0,0.47821969696969696,0.014323308132588863,0.0,0.31727500557899474,0.0788493350148201,1,0.06810916086713678,0.6859722567244999,1.0
29,2,learned,po,0.014323308132588863,0.0,0.0,0.22727272727272727,0.014323308132588863,0.0,0.17350174188613893,0.22267746776342393,1,0.06810916086713678,0.6859722567244999,1.0
29,2,learned,ko,0.014323308132588863,0.0,0.0,0.22727272727272727,0.014323308132588863,0.0,0.3351453751325607,0.06097863912582398,1,0.06810916086713678,0.6859722567244999,1.0
29,2,learned,pko,0.014323308132588863,0.0,0.0,0.22727272727272727,0.014323308132588863,0.0,0.3303296446800232,0.06579030305147171,1,0.06810916086713678,0.6859722567244999,1.0
29,2,shuffled,none,0.014323308132588863,0.0,0.0,0.47821969696969696,0.014323308132588863,0.0,0.17476655542850494,0.2214697703719139,1,0.06810916086713678,0.6859722567244999,1.0
29,2,shuffled,p,0.014323308132588863,0.0,0.0,0.47821969696969696,0.014323308132588863,0.0,0.16256111711263657,0.2337118551135063,1,0.06810916086713678,0.6859722567244999,1.0
29,2,shuffled,k,0.014323308132588863,0.0,0.0,0.47821969696969696,0.014323308132588863,0.0,0.1927729591727257,0.2034215196967125,1,0.06810916086713678,0.6859722567244999,1.0
29,2,shuffled,o,0.014323308132588863,0.0,0.0,0.4690656565656566,0.014323308132588863,0.0,0.17352200597524642,0.22276837080717088,1,0.06810916086713678,0.6859722567244999,1.0
29,2,shuffled,pk,0.014323308132588863,0.0,0.0,0.47821969696969696,0.014323308132588863,0.0,0.18122009038925171,0.21499352902173996,1,0.06810916086713678,0.6859722567244999,1.0
29,2,shuffled,po,0.014323308132588863,0.0,0.0,0.4690656565656566,0.014323308132588863,0.0,0.16328789293766022,0.2330761507153511,1,0.06810916086713678,0.6859722567244999,1.0
29,2,shuffled,ko,0.014323308132588863,0.0,0.0,0.4690656565656566,0.014323308132588863,0.0,0.19005340933799744,0.20617285519838333,1,0.06810916086713678,0.6859722567244999,1.0
29,2,shuffled,pko,0.014323308132588863,0.0,0.0,0.4690656565656566,0.014323308132588863,0.0,0.18019051253795623,0.21607454866170883,1,0.06810916086713678,0.6859722567244999,1.0
29,2,anti,none,0.014323308132588863,0.0,0.0,0.47821969696969696,0.014323308132588863,0.0,0.17476655542850494,0.2214697703719139,1,0.06810916086713678,0.6859722567244999,1.0
29,2,anti,p,0.014323308132588863,0.0,0.0,0.47821969696969696,0.014323308132588863,0.0,0.15856700837612153,0.23767764270305633,1,0.06810916086713678,0.6859722567244999,1.0
29,2,anti,k,0.014323308132588863,0.0,0.0,0.47821969696969696,0.014323308132588863,0.0,0.20106489956378937,0.19512102603912354,1,0.06810916086713678,0.6859722567244999,1.0
29,2,anti,o,0.014323308132588863,0.0,0.0,0.46433080808080807,0.014323308132588863,0.0,0.17640284597873687,0.21983300894498825,1,0.06810916086713678,0.6859722567244999,1.0
29,2,anti,pk,0.014323308132588863,0.0,0.0,0.47821969696969696,0.014323308132588863,0.0,0.1827383056282997,0.21345148235559464,1,0.06810916086713678,0.6859722567244999,1.0
29,2,anti,po,0.014323308132588863,0.0,0.0,0.46433080808080807,0.014323308132588863,0.0,0.1642203837633133,0.23202388882637023,1,0.06810916086713678,0.6859722567244999,1.0
29,2,anti,ko,0.014323308132588863,0.0,0.0,0.46433080808080807,0.014323308132588863,0.0,0.19778017997741698,0.19841106086969376,1,0.06810916086713678,0.6859722567244999,1.0
29,2,anti,pko,0.014323308132588863,0.0,0.0,0.46433080808080807,0.014323308132588863,0.0,0.18442464917898177,0.21177119314670562,1,0.06810916086713678,0.6859722567244999,1.0
29,3,controlled,none,-0.592083477973938,0.9990000000000001,0.0,0.19602272727272727,-0.5929474830627441,1.0,0.33112803399562835,0.06723423190414905,1,0.13574983586389233,0.5504145039610169,1.0
29,3,controlled,p,-0.5911390304565429,0.9980000000000001,0.0005,0.19602272727272727,-0.5929474830627441,1.0,0.3178671389818192,0.0809976801276207,1,0.13574983586389233,0.5504145039610169,1.0
29,3,controlled,k,-0.592083477973938,0.9990000000000001,0.0,0.19602272727272727,-0.5929474830627441,1.0,0.3380629628896713,0.0593605063855648,1,0.13574983586389233,0.5504145039610169,1.0
29,3,controlled,o,-0.592083477973938,0.9990000000000001,0.0,0.21243686868686867,-0.5929474830627441,1.0,0.33165490329265596,0.06620474122464656,1,0.13574983586389233,0.5504145039610169,1.0
29,3,controlled,pk,-0.592083477973938,0.9990000000000001,0.0,0.19602272727272727,-0.5929474830627441,1.0,0.32850512862205505,0.06918999999761581,1,0.13574983586389233,0.5504145039610169,1.0
29,3,controlled,po,-0.592083477973938,0.9990000000000001,0.0,0.21243686868686867,-0.5929474830627441,1.0,0.3196828305721283,0.07859852239489555,1,0.13574983586389233,0.5504145039610169,1.0
29,3,controlled,ko,-0.592083477973938,0.9990000000000001,0.0,0.21243686868686867,-0.5929474830627441,1.0,0.337331622838974,0.059831945784389974,1,0.13574983586389233,0.5504145039610169,1.0
29,3,controlled,pko,-0.592083477973938,0.9990000000000001,0.0,0.21243686868686867,-0.5929474830627441,1.0,0.32939008474349973,0.06801457405090332,1,0.13574983586389233,0.5504145039610169,1.0
29,3,learned,none,-0.592083477973938,0.9990000000000001,0.0,0.19602272727272727,-0.5929474830627441,1.0,0.33112803399562835,0.06723423190414905,1,0.13574983586389233,0.5504145039610169,1.0
29,3,learned,p,-0.5925747156143188,0.9995,0.0,0.19602272727272727,-0.5929474830627441,1.0,0.3197410762310028,0.0779637660831213,1,0.13574983586389233,0.5504145039610169,1.0
29,3,learned,k,-0.5929474830627441,1.0,0.0,0.19602272727272727,-0.5929474830627441,1.0,0.39043856263160703,0.005732221761718392,1,0.13574983586389233,0.5504145039610169,1.0
29,3,learned,o,-0.5911390304565429,0.9980000000000001,0.0005,0.15056818181818182,-0.5929474830627441,1.0,0.33485912084579467,0.06444596871733665,1,0.13574983586389233,0.5504145039610169,1.0
29,3,learned,pk,-0.5929474830627441,1.0,0.0,0.19602272727272727,-0.5929474830627441,1.0,0.3891868680715561,0.006976008205674589,1,0.13574983586389233,0.5504145039610169,1.0
29,3,learned,po,-0.5893853366374969,0.9965,0.0,0.15056818181818182,-0.5929474830627441,1.0,0.3314380407333374,0.07504350002855062,1,0.13574983586389233,0.5504145039610169,1.0
29,3,learned,ko,-0.5929474830627441,1.0,0.0,0.15056818181818182,-0.5929474830627441,1.0,0.39142942428588867,0.0047451262827962635,1,0.13574983586389233,0.5504145039610169,1.0
29,3,learned,pko,-0.5929474830627441,1.0,0.0,0.15056818181818182,-0.5929474830627441,1.0,0.39021241664886475,0.005959503166377544,1,0.13574983586389233,0.5504145039610169,1.0
29,3,shuffled,none,-0.592083477973938,0.9990000000000001,0.0,0.19602272727272727,-0.5929474830627441,1.0,0.33112803399562835,0.06723423190414905,1,0.13574983586389233,0.5504145039610169,1.0
29,3,shuffled,p,-0.5911390304565429,0.9980000000000001,0.0005,0.19602272727272727,-0.5929474830627441,1.0,0.32180516719818114,0.077494677901268,1,0.13574983586389233,0.5504145039610169,1.0
29,3,shuffled,k,-0.592083477973938,0.9990000000000001,0.0,0.19602272727272727,-0.5929474830627441,1.0,0.3378129839897156,0.059564989805221555,1,0.13574983586389233,0.5504145039610169,1.0
29,3,shuffled,o,-0.5911390304565429,0.9980000000000001,0.0005,0.1903409090909091,-0.5929474830627441,1.0,0.33200269639492036,0.06756683923304081,1,0.13574983586389233,0.5504145039610169,1.0
29,3,shuffled,pk,-0.592083477973938,0.9990000000000001,0.0,0.19602272727272727,-0.5929474830627441,1.0,0.3306219309568405,0.06723351702094078,1,0.13574983586389233,0.5504145039610169,1.0
29,3,shuffled,po,-0.5905096530914307,0.9975,0.0005,0.1903409090909091,-0.5929474830627441,1.0,0.32260371148586275,0.07810893431305885,1,0.13574983586389233,0.5504145039610169,1.0
29,3,shuffled,ko,-0.592083477973938,0.9990000000000001,0.0,0.1903409090909091,-0.5929474830627441,1.0,0.3385728865861893,0.059478477016091345,1,0.13574983586389233,0.5504145039610169,1.0
29,3,shuffled,pko,-0.5911390304565429,0.9980000000000001,0.0005,0.1903409090909091,-0.5929474830627441,1.0,0.3312690407037735,0.06736533269286156,1,0.13574983586389233,0.5504145039610169,1.0
29,3,anti,none,-0.592083477973938,0.9990000000000001,0.0,0.19602272727272727,-0.5929474830627441,1.0,0.33112803399562835,0.06723423190414905,1,0.13574983586389233,0.5504145039610169,1.0
29,3,anti,p,-0.5911390304565429,0.9980000000000001,0.0005,0.19602272727272727,-0.5929474830627441,1.0,0.3248035401105881,0.07451400682330131,1,0.13574983586389233,0.5504145039610169,1.0
29,3,anti,k,-0.592083477973938,0.9990000000000001,0.0,0.19602272727272727,-0.5929474830627441,1.0,0.3348423570394516,0.06262375488877296,1,0.13574983586389233,0.5504145039610169,1.0
29,3,anti,o,-0.592083477973938,0.9990000000000001,0.0,0.19570707070707072,-0.5929474830627441,1.0,0.33302789330482485,0.0651687167584896,1,0.13574983586389233,0.5504145039610169,1.0
29,3,anti,pk,-0.592083477973938,0.9990000000000001,0.0,0.19602272727272727,-0.5929474830627441,1.0,0.33169967234134673,0.06629347130656242,1,0.13574983586389233,0.5504145039610169,1.0
29,3,anti,po,-0.5917107105255127,0.9984999999999999,0.0,0.19570707070707072,-0.5929474830627441,1.0,0.3266560614109039,0.07240682691335679,1,0.13574983586389233,0.5504145039610169,1.0
29,3,anti,ko,-0.592083477973938,0.9990000000000001,0.0,0.19570707070707072,-0.5929474830627441,1.0,0.336991623044014,0.06038128882646561,1,0.13574983586389233,0.5504145039610169,1.0
29,3,anti,pko,-0.592083477973938,0.9990000000000001,0.0,0.19570707070707072,-0.5929474830627441,1.0,0.3338320255279541,0.06402763761579991,1,0.13574983586389233,0.5504145039610169,1.0
30,1,controlled,none,0.637559711933136,0.0,0.0,0.11742424242424243,0.637559711933136,0.0,0.32353819608688356,0.07255287617444992,1,0.3832615470774544,0.31948119518202606,1.0
30,1,controlled,p,0.637559711933136,0.0,0.0,0.11742424242424243,0.637559711933136,0.0,0.31213806569576263,0.08395322784781456,1,0.3832615470774544,0.31948119518202606,1.0
30,1,controlled,k,0.637559711933136,0.0,0.0,0.11742424242424243,0.637559711933136,0.0,0.3385674089193344,0.05752434842288494,1,0.3832615470774544,0.31948119518202606,1.0
30,1,controlled,o,0.637559711933136,0.0,0.0,0.12152777777777778,0.637559711933136,0.0,0.3372835606336594,0.05880752578377724,1,0.3832615470774544,0.31948119518202606,1.0
30,1,controlled,pk,0.637559711933136,0.0,0.0,0.11742424242424243,0.637559711933136,0.0,0.32919980585575104,0.06689197570085526,1,0.3832615470774544,0.31948119518202606,1.0
30,1,controlled,po,0.637559711933136,0.0,0.0,0.12152777777777778,0.637559711933136,0.0,0.3267367333173752,0.06935456991195679,1,0.3832615470774544,0.31948119518202606,1.0
30,1,controlled,ko,0.637559711933136,0.0,0.0,0.12152777777777778,0.637559711933136,0.0,0.34935641288757324,0.0467353668063879,1,0.3832615470774544,0.31948119518202606,1.0
30,1,controlled,pko,0.637559711933136,0.0,0.0,0.12152777777777778,0.637559711933136,0.0,0.3411667048931122,0.05492510460317135,1,0.3832615470774544,0.31948119518202606,1.0
30,1,learned,none,0.637559711933136,0.0,0.0,0.11742424242424243,0.637559711933136,0.0,0.32353819608688356,0.07255287617444992,1,0.3832615470774544,0.31948119518202606,1.0
30,1,learned,p,0.637559711933136,0.0,0.0,0.11742424242424243,0.637559711933136,0.0,0.33414226174354555,0.06195011306554079,1,0.3832615470774544,0.31948119518202606,1.0
30,1,learned,k,0.637559711933136,0.0,0.0,0.11742424242424243,0.637559711933136,0.0,0.38665477335453036,0.009446823550388218,1,0.3832615470774544,0.31948119518202606,1.0
30,1,learned,o,0.637559711933136,0.0,0.0,0.1537247474747475,0.637559711933136,0.0,0.35377807915210724,0.04231299422681332,1,0.3832615470774544,0.31948119518202606,1.0
30,1,learned,pk,0.637559711933136,0.0,0.0,0.11742424242424243,0.637559711933136,0.0,0.38730768859386444,0.00879338956438005,1,0.3832615470774544,0.31948119518202606,1.0
30,1,learned,po,0.637559711933136,0.0,0.0,0.1537247474747475,0.637559711933136,0.0,0.36169289946556094,0.03439923468977213,1,0.3832615470774544,0.31948119518202606,1.0
30,1,learned,ko,0.637559711933136,0.0,0.0,0.1537247474747475,0.637559711933136,0.0,0.3899366080760956,0.006165003986097872,1,0.3832615470774544,0.31948119518202606,1.0
30,1,learned,pko,0.637559711933136,0.0,0.0,0.1537247474747475,0.637559711933136,0.0,0.3907502740621567,0.00535037973895669,1,0.3832615470774544,0.31948119518202606,1.0
30,1,shuffled,none,0.637559711933136,0.0,0.0,0.11742424242424243,0.637559711933136,0.0,0.32353819608688356,0.07255287617444992,1,0.3832615470774544,0.31948119518202606,1.0
30,1,shuffled,p,0.637559711933136,0.0,0.0,0.11742424242424243,0.637559711933136,0.0,0.31710984408855436,0.07898049876093864,1,0.3832615470774544,0.31948119518202606,1.0
30,1,shuffled,k,0.637559711933136,0.0,0.0,0.11742424242424243,0.637559711933136,0.0,0.33793532848358154,0.05815639942884445,1,0.3832615470774544,0.31948119518202606,1.0
30,1,shuffled,o,0.637559711933136,0.0,0.0,0.09816919191919192,0.637559711933136,0.0,0.3349476486444473,0.061143405735492706,1,0.3832615470774544,0.31948119518202606,1.0
30,1,shuffled,pk,0.637559711933136,0.0,0.0,0.11742424242424243,0.637559711933136,0.0,0.3317506223917007,0.06434044651687146,1,0.3832615470774544,0.31948119518202606,1.0
30,1,shuffled,po,0.637559711933136,0.0,0.0,0.09816919191919192,0.637559711933136,0.0,0.33165903985500333,0.06443133912980556,1,0.3832615470774544,0.31948119518202606,1.0
30,1,shuffled,ko,0.637559711933136,0.0,0.0,0.09816919191919192,0.637559711933136,0.0,0.34619176387786865,0.04989989697933197,1,0.3832615470774544,0.31948119518202606,1.0
30,1,shuffled,pko,0.637559711933136,0.0,0.0,0.09816919191919192,0.637559711933136,0.0,0.3428718775510788,0.053219185397028926,1,0.3832615470774544,0.31948119518202606,1.0
30,1,anti,none,0.637559711933136,0.0,0.0,0.11742424242424243,0.637559711933136,0.0,0.32353819608688356,0.07255287617444992,1,0.3832615470774544,0.31948119518202606,1.0
30,1,anti,p,0.637559711933136,0.0,0.0,0.11742424242424243,0.637559711933136,0.0,0.3056344598531723,0.09045629948377609,1,0.3832615470774544,0.31948119518202606,1.0
30,1,anti,k,0.637559711933136,0.0,0.0,0.11742424242424243,0.637559711933136,0.0,0.338685342669487,0.057406433299183844,1,0.3832615470774544,0.31948119518202606,1.0
30,1,anti,o,0.637559711933136,0.0,0.0,0.11174242424242424,0.637559711933136,0.0,0.34552986919879913,0.050561247020959856,1,0.3832615470774544,0.31948119518202606,1.0
30,1,anti,pk,0.637559711933136,0.0,0.0,0.11742424242424243,0.637559711933136,0.0,0.32515721917152407,0.07093414142727852,1,0.3832615470774544,0.31948119518202606,1.0
30,1,anti,po,0.637559711933136,0.0,0.0,0.11174242424242424,0.637559711933136,0.0,0.33492803275585176,0.06116282045841217,1,0.3832615470774544,0.31948119518202606,1.0
30,1,anti,ko,0.637559711933136,0.0,0.0,0.11174242424242424,0.637559711933136,0.0,0.35472564995288847,0.0413661502301693,1,0.3832615470774544,0.31948119518202606,1.0
30,1,anti,pko,0.637559711933136,0.0,0.0,0.11174242424242424,0.637559711933136,0.0,0.34765251278877257,0.0484389066696167,1,0.3832615470774544,0.31948119518202606,1.0
30,2,controlled,none,0.6686553955078125,0.0,0.0,0.08175505050505051,0.6686553955078125,0.0,0.33173364102840425,0.0643585603684187,1,0.5623907646962759,0.2577968206839386,1.0
30,2,controlled,p,0.6686553955078125,0.0,0.0,0.08175505050505051,0.6686553955078125,0.0,0.32333034574985503,0.07278072386980057,1,0.5623907646962759,0.2577968206839386,1.0
30,2,controlled,k,0.6686553955078125,0.0,0.0,0.08175505050505051,0.6686553955078125,0.0,0.3438580632209778,0.052233075350522996,1,0.5623907646962759,0.2577968206839386,1.0
30,2,controlled,o,0.6686553955078125,0.0,0.0,0.06944444444444445,0.6686553955078125,0.0,0.331546413898468,0.0645457461476326,1,0.5623907646962759,0.2577968206839386,1.0
30,2,controlled,pk,0.6686553955078125,0.0,0.0,0.08175505050505051,0.6686553955078125,0.0,0.3366078794002533,0.05948604121804237,1,0.5623907646962759,0.2577968206839386,1.0
30,2,controlled,po,0.6686553955078125,0.0,0.0,0.06944444444444445,0.6686553955078125,0.0,0.32327964901924133,0.07283139228820801,1,0.5623907646962759,0.2577968206839386,1.0
30,2,controlled,ko,0.6686553955078125,0.0,0.0,0.06944444444444445,0.6686553955078125,0.0,0.34335085451602937,0.0527402076870203,1,0.5623907646962759,0.2577968206839386,1.0
30,2,controlled,pko,0.6686553955078125,0.0,0.0,0.06944444444444445,0.6686553955078125,0.0,0.3360741287469864,0.06001974418759346,1,0.5623907646962759,0.2577968206839386,1.0
30,2,learned,none,0.6686553955078125,0.0,0.0,0.08175505050505051,0.6686553955078125,0.0,0.33173364102840425,0.0643585603684187,1,0.5623907646962759,0.2577968206839386,1.0
30,2,learned,p,0.6686553955078125,0.0,0.0,0.08175505050505051,0.6686553955078125,0.0,0.32395319640636444,0.0721407625824213,1,0.5623907646962759,0.2577968206839386,1.0
30,2,learned,k,0.6686553955078125,0.0,0.0,0.08175505050505051,0.6686553955078125,0.0,0.3895693689584732,0.00653133955784142,1,0.5623907646962759,0.2577968206839386,1.0
30,2,learned,o,0.6686553955078125,0.0,0.0,0.14741161616161616,0.6686553955078125,0.0,0.3344031125307083,0.06168908253312111,1,0.5623907646962759,0.2577968206839386,1.0
30,2,learned,pk,0.6686553955078125,0.0,0.0,0.08175505050505051,0.6686553955078125,0.0,0.38775952756404874,0.008339736238121986,1,0.5623907646962759,0.2577968206839386,1.0
30,2,learned,po,0.6686553955078125,0.0,0.0,0.14741161616161616,0.6686553955078125,0.0,0.31178994178771974,0.08430439829826356,1,0.5623907646962759,0.2577968206839386,1.0
30,2,learned,ko,0.6686553955078125,0.0,0.0,0.14741161616161616,0.6686553955078125,0.0,0.3893907368183136,0.006709827296435833,1,0.5623907646962759,0.2577968206839386,1.0
30,2,learned,pko,0.6686553955078125,0.0,0.0,0.14741161616161616,0.6686553955078125,0.0,0.3853969186544418,0.010703085968270899,1,0.5623907646962759,0.2577968206839386,1.0
30,2,shuffled,none,0.6686553955078125,0.0,0.0,0.08175505050505051,0.6686553955078125,0.0,0.33173364102840425,0.0643585603684187,1,0.5623907646962759,0.2577968206839386,1.0
30,2,shuffled,p,0.6686553955078125,0.0,0.0,0.08175505050505051,0.6686553955078125,0.0,0.31636710464954376,0.07972726821899415,1,0.5623907646962759,0.2577968206839386,1.0
30,2,shuffled,k,0.6686553955078125,0.0,0.0,0.08175505050505051,0.6686553955078125,0.0,0.3442708343267441,0.05182057339698076,1,0.5623907646962759,0.2577968206839386,1.0
30,2,shuffled,o,0.6686553955078125,0.0,0.0,0.08428030303030302,0.6686553955078125,0.0,0.3328197866678238,0.06327241696417332,1,0.5623907646962759,0.2577968206839386,1.0
30,2,shuffled,pk,0.6686553955078125,0.0,0.0,0.08175505050505051,0.6686553955078125,0.0,0.3339954257011414,0.06209640279412269,1,0.5623907646962759,0.2577968206839386,1.0
30,2,shuffled,po,0.6686553955078125,0.0,0.0,0.08428030303030302,0.6686553955078125,0.0,0.3170968025922775,0.07899757847189903,1,0.5623907646962759,0.2577968206839386,1.0
30,2,shuffled,ko,0.6686553955078125,0.0,0.0,0.08428030303030302,0.6686553955078125,0.0,0.34530202448368075,0.05078939534723759,1,0.5623907646962759,0.2577968206839386,1.0
30,2,shuffled,pko,0.6686553955078125,0.0,0.0,0.08428030303030302,0.6686553955078125,0.0,0.33458639681339264,0.06150544062256813,1,0.5623907646962759,0.2577968206839386,1.0
30,2,anti,none,0.6686553955078125,0.0,0.0,0.08175505050505051,0.6686553955078125,0.0,0.33173364102840425,0.0643585603684187,1,0.5623907646962759,0.2577968206839386,1.0
30,2,anti,p,0.6686553955078125,0.0,0.0,0.08175505050505051,0.6686553955078125,0.0,0.3185177594423294,0.07757227048277855,1,0.5623907646962759,0.2577968206839386,1.0
30,2,anti,k,0.6686553955078125,0.0,0.0,0.08175505050505051,0.6686553955078125,0.0,0.345117449760437,0.05097408108413219,1,0.5623907646962759,0.2577968206839386,1.0
30,2,anti,o,0.6686553955078125,0.0,0.0,0.07481060606060606,0.6686553955078125,0.0,0.3311511158943176,0.06494108214974403,1,0.5623907646962759,0.2577968206839386,1.0
30,2,anti,pk,0.6686553955078125,0.0,0.0,0.08175505050505051,0.6686553955078125,0.0,0.3350756734609604,0.061014586314558986,1,0.5623907646962759,0.2577968206839386,1.0
30,2,anti,po,0.6686553955078125,0.0,0.0,0.07481060606060606,0.6686553955078125,0.0,0.3201590657234192,0.07593095228075981,1,0.5623907646962759,0.2577968206839386,1.0
30,2,anti,ko,0.6686553955078125,0.0,0.0,0.07481060606060606,0.6686553955078125,0.0,0.3436998248100281,0.052391753531992435,1,0.5623907646962759,0.2577968206839386,1.0
30,2,anti,pko,0.6686553955078125,0.0,0.0,0.07481060606060606,0.6686553955078125,0.0,0.33528062999248504,0.060809673741459846,1,0.5623907646962759,0.2577968206839386,1.0
30,3,controlled,none,-0.13272793889045714,0.9995,0.0005,0.9845328282828283,-0.13341964781284332,1.0,0.09220368042588234,0.3047150030732155,1,0.27825304347008556,1.25,1.0
30,3,controlled,p,-0.13134451806545258,0.9984999999999999,0.0015,0.9845328282828283,-0.13341964781284332,1.0,0.07399732358753681,0.3233584314584732,1,0.27825304347008556,1.25,1.0
30,3,controlled,k,-0.13272793889045714,0.9995,0.0005,0.9845328282828283,-0.13341964781284332,1.0,0.12389543801546096,0.2724227845668793,1,0.27825304347008556,1.25,1.0
30,3,controlled,o,-0.13272793889045714,0.9995,0.0005,0.9851641414141414,-0.13341964781284332,1.0,0.08519206196069717,0.31166857331991193,1,0.27825304347008556,1.25,1.0
30,3,controlled,pk,-0.13272793889045714,0.9995,0.0005,0.9845328282828283,-0.13341964781284332,1.0,0.11262737065553666,0.283766034245491,1,0.27825304347008556,1.25,1.0
30,3,controlled,po,-0.13134451806545258,0.9984999999999999,0.0015,0.9851641414141414,-0.13341964781284332,1.0,0.07167356610298156,0.32564609348773954,1,0.27825304347008556,1.25,1.0
30,3,controlled,ko,-0.13272793889045714,0.9995,0.0005,0.9851641414141414,-0.13341964781284332,1.0,0.11858337819576263,0.2777651622891426,1,0.27825304347008556,1.25,1.0
30,3,controlled,pko,-0.13272793889045714,0.9995,0.0005,0.9851641414141414,-0.13341964781284332,1.0,0.10694752112030984,0.28950457125902174,1,0.27825304347008556,1.25,1.0
30,3,learned,none,-0.13272793889045714,0.9995,0.0005,0.9845328282828283,-0.13341964781284332,1.0,0.09220368042588234,0.3047150030732155,1,0.27825304347008556,1.25,1.0
30,3,learned,p,-0.13272793889045714,0.9995,0.0005,0.9845328282828283,-0.13341964781284332,1.0,0.08623728752136231,0.310621502995491,1,0.27825304347008556,1.25,1.0
30,3,learned,k,-0.13341964781284332,1.0,0.0,0.9845328282828283,-0.13341964781284332,1.0,0.34300879538059237,0.053113289549946784,1,0.27825304347008556,1.25,1.0
30,3,learned,o,-0.13182168900966645,0.9984999999999999,0.001,0.24305555555555555,-0.13341964781284332,1.0,0.13040848523378373,0.26699980944395063,1,0.27825304347008556,1.25,1.0
30,3,learned,pk,-0.13341964781284332,1.0,0.0,0.9845328282828283,-0.13341964781284332,1.0,0.34218522906303406,0.05393552929162979,1,0.27825304347008556,1.25,1.0
30,3,learned,po,-0.13272793889045714,0.9995,0.0005,0.24305555555555555,-0.13341964781284332,1.0,0.11640402302145958,0.28014581799507143,1,0.27825304347008556,1.25,1.0
30,3,learned,ko,-0.13341964781284332,1.0,0.0,0.24305555555555555,-0.13341964781284332,1.0,0.37003369331359864,0.026092231180518864,1,0.27825304347008556,1.25,1.0
30,3,learned,pko,-0.13341964781284332,1.0,0.0,0.24305555555555555,-0.13341964781284332,1.0,0.3658669859170914,0.03025494571775198,1,0.27825304347008556,1.25,1.0
30,3,shuffled,none,-0.13272793889045714,0.9995,0.0005,0.9845328282828283,-0.13341964781284332,1.0,0.09220368042588234,0.3047150030732155,1,0.27825304347008556,1.25,1.0
30,3,shuffled,p,-0.13134451806545258,0.9984999999999999,0.0015,0.9845328282828283,-0.13341964781284332,1.0,0.09238371104002,0.3049395754933357,1,0.27825304347008556,1.25,1.0
30,3,shuffled,k,-0.13272793889045714,0.9995,0.0005,0.9845328282828283,-0.13341964781284332,1.0,0.11821166276931763,0.2781178534030914,1,0.27825304347008556,1.25,1.0
30,3,shuffled,o,-0.13272793889045714,0.9995,0.0005,0.9769570707070707,-0.13341964781284332,1.0,0.11056993901729584,0.2863526836037636,1,0.27825304347008556,1.25,1.0
30,3,shuffled,pk,-0.13272793889045714,0.9995,0.0005,0.9845328282828283,-0.13341964781284332,1.0,0.1141209989786148,0.28228518813848497,1,0.27825304347008556,1.25,1.0
30,3,shuffled,po,-0.13134451806545258,0.9984999999999999,0.0015,0.9769570707070707,-0.13341964781284332,1.0,0.10832288712263108,0.28904944509267805,1,0.27825304347008556,1.25,1.0
30,3,shuffled,ko,-0.13272793889045714,0.9995,0.0005,0.9769570707070707,-0.13341964781284332,1.0,0.13928123489022254,0.25713871121406556,1,0.27825304347008556,1.25,1.0
30,3,shuffled,pko,-0.13272793889045714,0.9995,0.0005,0.9769570707070707,-0.13341964781284332,1.0,0.13358505070209503,0.26296422109007833,1,0.27825304347008556,1.25,1.0
30,3,anti,none,-0.13272793889045714,0.9995,0.0005,0.9845328282828283,-0.13341964781284332,1.0,0.09220368042588234,0.3047150030732155,1,0.27825304347008556,1.25,1.0
30,3,anti,p,-0.13134451806545258,0.9984999999999999,0.0015,0.9845328282828283,-0.13341964781284332,1.0,0.08984916843473911,0.3074761271476746,1,0.27825304347008556,1.25,1.0
30,3,anti,k,-0.13272793889045714,0.9995,0.0005,0.9845328282828283,-0.13341964781284332,1.0,0.1334659166634083,0.26282165497541427,1,0.27825304347008556,1.25,1.0
30,3,anti,o,-0.13272793889045714,0.9995,0.0005,0.9728535353535354,-0.13341964781284332,1.0,0.12378399595618247,0.27319862842559817,1,0.27825304347008556,1.25,1.0
30,3,anti,pk,-0.13272793889045714,0.9995,0.0005,0.9845328282828283,-0.13341964781284332,1.0,0.12368287518620491,0.2726597398519516,1,0.27825304347008556,1.25,1.0
30,3,anti,po,-0.13134451806545258,0.9984999999999999,0.0015,0.9728535353535354,-0.13341964781284332,1.0,0.11300505548715592,0.28437909185886384,1,0.27825304347008556,1.25,1.0
30,3,anti,ko,-0.13272793889045714,0.9995,0.0005,0.9728535353535354,-0.13341964781284332,1.0,0.15466802939772606,0.24176949113607407,1,0.27825304347008556,1.25,1.0
30,3,anti,pko,-0.13272793889045714,0.9995,0.0005,0.9728535353535354,-0.13341964781284332,1.0,0.14529048800468444,0.2512600526213646,1,0.27825304347008556,1.25,1.0
31,1,controlled,none,0.6867986917495728,0.0,0.0,0.5517676767676768,0.6867986917495728,0.0,0.16285465955734252,0.2332500621676445,1,-0.051292308136652906,0.8980721826692872,1.0
31,1,controlled,p,0.6867986917495728,0.0,0.0,0.5517676767676768,0.6867986917495728,0.0,0.1514510542154312,0.24465347230434417,1,-0.051292308136652906,0.8980721826692872,1.0
31,1,controlled,k,0.6867986917495728,0.0,0.0,0.5517676767676768,0.6867986917495728,0.0,0.19379159510135652,0.2023123472929001,1,-0.051292308136652906,0.8980721826692872,1.0
31,1,controlled,o,0.6867986917495728,0.0,0.0,0.53125,0.6867986917495728,0.0,0.16553274691104888,0.23057162016630173,1,-0.051292308136652906,0.8980721826692872,1.0
31,1,controlled,pk,0.6867986917495728,0.0,0.0,0.5517676767676768,0.6867986917495728,0.0,0.17631198316812516,0.2197915121912956,1,-0.051292308136652906,0.8980721826692872,1.0
31,1,controlled,po,0.6867986917495728,0.0,0.0,0.53125,0.6867986917495728,0.0,0.15284289568662643,0.24326122552156448,1,-0.051292308136652906,0.8980721826692872,1.0
31,1,controlled,ko,0.6867986917495728,0.0,0.0,0.53125,0.6867986917495728,0.0,0.18832152038812638,0.20778248459100723,1,-0.051292308136652906,0.8980721826692872,1.0
31,1,controlled,pko,0.6867986917495728,0.0,0.0,0.53125,0.6867986917495728,0.0,0.1753142610192299,0.22078936994075776,1,-0.051292308136652906,0.8980721826692872,1.0
31,1,learned,none,0.6867986917495728,0.0,0.0,0.5517676767676768,0.6867986917495728,0.0,0.16285465955734252,0.2332500621676445,1,-0.051292308136652906,0.8980721826692872,1.0
31,1,learned,p,0.6867986917495728,0.0,0.0,0.5517676767676768,0.6867986917495728,0.0,0.15601583570241928,0.24009255617856978,1,-0.051292308136652906,0.8980721826692872,1.0
31,1,learned,k,0.6867986917495728,0.0,0.0,0.5517676767676768,0.6867986917495728,0.0,0.2896527826786041,0.10645292475819587,1,-0.051292308136652906,0.8980721826692872,1.0
31,1,learned,o,0.6867986917495728,0.0,0.0,0.2875631313131313,0.6867986917495728,0.0,0.16002262383699417,0.23608149886131286,1,-0.051292308136652906,0.8980721826692872,1.0
31,1,learned,pk,0.6867986917495728,0.0,0.0,0.5517676767676768,0.6867986917495728,0.0,0.28661654591560365,0.10949070304632187,1,-0.051292308136652906,0.8980721826692872,1.0
31,1,learned,po,0.6867986917495728,0.0,0.0,0.2875631313131313,0.6867986917495728,0.0,0.16135171204805374,0.23474917858839034,1,-0.051292308136652906,0.8980721826692872,1.0
31,1,learned,ko,0.6867986917495728,0.0,0.0,0.2875631313131313,0.6867986917495728,0.0,0.3055299997329712,0.09057556241750717,1,-0.051292308136652906,0.8980721826692872,1.0
31,1,learned,pko,0.6867986917495728,0.0,0.0,0.2875631313131313,0.6867986917495728,0.0,0.30487167537212373,0.09123246744275093,1,-0.051292308136652906,0.8980721826692872,1.0
31,1,shuffled,none,0.6867986917495728,0.0,0.0,0.5517676767676768,0.6867986917495728,0.0,0.16285465955734252,0.2332500621676445,1,-0.051292308136652906,0.8980721826692872,1.0
31,1,shuffled,p,0.6867986917495728,0.0,0.0,0.5517676767676768,0.6867986917495728,0.0,0.14973190873861314,0.24637261033058167,1,-0.051292308136652906,0.8980721826692872,1.0
31,1,shuffled,k,0.6867986917495728,0.0,0.0,0.5517676767676768,0.6867986917495728,0.0,0.19848274290561677,0.19762087613344193,1,-0.051292308136652906,0.8980721826692872,1.0
31,1,shuffled,o,0.6867986917495728,0.0,0.0,0.54135101010101,0.6867986917495728,0.0,0.16456452757120132,0.2315401017665863,1,-0.051292308136652906,0.8980721826692872,1.0
31,1,shuffled,pk,0.6867986917495728,0.0,0.0,0.5517676767676768,0.6867986917495728,0.0,0.18344364166259766,0.21265967190265656,1,-0.051292308136652906,0.8980721826692872,1.0
31,1,shuffled,po,0.6867986917495728,0.0,0.0,0.54135101010101,0.6867986917495728,0.0,0.15629090666770934,0.2398134797811508,1,-0.051292308136652906,0.8980721826692872,1.0
31,1,shuffled,ko,0.6867986917495728,0.0,0.0,0.54135101010101,0.6867986917495728,0.0,0.1870139241218567,0.2090901955962181,1,-0.051292308136652906,0.8980721826692872,1.0
31,1,shuffled,pko,0.6867986917495728,0.0,0.0,0.54135101010101,0.6867986917495728,0.0,0.1784454643726349,0.21765843480825425,1,-0.051292308136652906,0.8980721826692872,1.0
31,1,anti,none,0.6867986917495728,0.0,0.0,0.5517676767676768,0.6867986917495728,0.0,0.16285465955734252,0.2332500621676445,1,-0.051292308136652906,0.8980721826692872,1.0
31,1,anti,p,0.6867986917495728,0.0,0.0,0.5517676767676768,0.6867986917495728,0.0,0.1512279689311981,0.2448778599500656,1,-0.051292308136652906,0.8980721826692872,1.0
31,1,anti,k,0.6867986917495728,0.0,0.0,0.5517676767676768,0.6867986917495728,0.0,0.1950153589248657,0.20108845233917236,1,-0.051292308136652906,0.8980721826692872,1.0
31,1,anti,o,0.6867986917495728,0.0,0.0,0.5391414141414141,0.6867986917495728,0.0,0.14240391030907631,0.25370001792907715,1,-0.051292308136652906,0.8980721826692872,1.0
31,1,anti,pk,0.6867986917495728,0.0,0.0,0.5517676767676768,0.6867986917495728,0.0,0.18183058649301528,0.2142738938331604,1,-0.051292308136652906,0.8980721826692872,1.0
31,1,anti,po,0.6867986917495728,0.0,0.0,0.5391414141414141,0.6867986917495728,0.0,0.13875684067606925,0.2573480844497681,1,-0.051292308136652906,0.8980721826692872,1.0
31,1,anti,ko,0.6867986917495728,0.0,0.0,0.5391414141414141,0.6867986917495728,0.0,0.16580425351858138,0.2302991643548012,1,-0.051292308136652906,0.8980721826692872,1.0
31,1,anti,pko,0.6867986917495728,0.0,0.0,0.5391414141414141,0.6867986917495728,0.0,0.1604800544679165,0.23562406301498412,1,-0.051292308136652906,0.8980721826692872,1.0
31,2,controlled,none,0.5577435493469238,0.0,0.0,0.1590909090909091,0.5577435493469238,0.0,0.2207600697875023,0.175337553024292,1,0.5032546868673056,0.4085833915459035,1.0
31,2,controlled,p,0.5577435493469238,0.0,0.0,0.1590909090909091,0.5577435493469238,0.0,0.20721933841705323,0.18887877464294434,1,0.5032546868673056,0.4085833915459035,1.0
31,2,controlled,k,0.5577435493469238,0.0,0.0,0.1590909090909091,0.5577435493469238,0.0,0.24284382462501525,0.1532541662454605,1,0.5032546868673056,0.4085833915459035,1.0
31,2,controlled,o,0.5577435493469238,0.0,0.0,0.13857323232323232,0.5577435493469238,0.0,0.21998826116323472,0.17610943615436553,1,0.5032546868673056,0.4085833915459035,1.0
31,2,controlled,pk,0.5577435493469238,0.0,0.0,0.1590909090909091,0.5577435493469238,0.0,0.23157700002193451,0.16452070623636245,1,0.5032546868673056,0.4085833915459035,1.0
31,2,controlled,po,0.5577435493469238,0.0,0.0,0.13857323232323232,0.5577435493469238,0.0,0.20801595449447632,0.1880822643637657,1,0.5032546868673056,0.4085833915459035,1.0
31,2,controlled,ko,0.5577435493469238,0.0,0.0,0.13857323232323232,0.5577435493469238,0.0,0.24204919785261153,0.15404880195856094,1,0.5032546868673056,0.4085833915459035,1.0
31,2,controlled,pko,0.5577435493469238,0.0,0.0,0.13857323232323232,0.5577435493469238,0.0,0.23185190856456755,0.16424584984779358,1,0.5032546868673056,0.4085833915459035,1.0
31,2,learned,none,0.5577435493469238,0.0,0.0,0.1590909090909091,0.5577435493469238,0.0,0.2207600697875023,0.175337553024292,1,0.5032546868673056,0.4085833915459035,1.0
31,2,learned,p,0.5577435493469238,0.0,0.0,0.1590909090909091,0.5577435493469238,0.0,0.22301241457462312,0.17308253794908524,1,0.5032546868673056,0.4085833915459035,1.0
31,2,learned,k,0.5577435493469238,0.0,0.0,0.1590909090909091,0.5577435493469238,0.0,0.35510415136814116,0.04099974222481251,1,0.5032546868673056,0.4085833915459035,1.0
31,2,learned,o,0.5577435493469238,0.0,0.0,0.21306818181818182,0.5577435493469238,0.0,0.2181692138314247,0.17792875468730926,1,0.5032546868673056,0.4085833915459035,1.0
31,2,learned,pk,0.5577435493469238,0.0,0.0,0.1590909090909091,0.5577435493469238,0.0,0.3494875967502594,0.04661382883787155,1,0.5032546868673056,0.4085833915459035,1.0
31,2,learned,po,0.5577435493469238,0.0,0.0,0.21306818181818182,0.5577435493469238,0.0,0.2114582985639572,0.18464109897613526,1,0.5032546868673056,0.4085833915459035,1.0
31,2,learned,ko,0.5577435493469238,0.0,0.0,0.21306818181818182,0.5577435493469238,0.0,0.36612996459007263,0.02997577004134655,1,0.5032546868673056,0.4085833915459035,1.0
31,2,learned,pko,0.5577435493469238,0.0,0.0,0.21306818181818182,0.5577435493469238,0.0,0.35888066589832307,0.03722412884235382,1,0.5032546868673056,0.4085833915459035,1.0
31,2,shuffled,none,0.5577435493469238,0.0,0.0,0.1590909090909091,0.5577435493469238,0.0,0.2207600697875023,0.175337553024292,1,0.5032546868673056,0.4085833915459035,1.0
31,2,shuffled,p,0.5577435493469238,0.0,0.0,0.1590909090909091,0.5577435493469238,0.0,0.20648301094770433,0.18962742537260055,1,0.5032546868673056,0.4085833915459035,1.0
31,2,shuffled,k,0.5577435493469238,0.0,0.0,0.1590909090909091,0.5577435493469238,0.0,0.23957788497209548,0.15651996210217475,1,0.5032546868673056,0.4085833915459035,1.0
31,2,shuffled,o,0.5577435493469238,0.0,0.0,0.1597222222222222,0.5577435493469238,0.0,0.22364484369754792,0.17245276570320128,1,0.5032546868673056,0.4085833915459035,1.0
31,2,shuffled,pk,0.5577435493469238,0.0,0.0,0.1590909090909091,0.5577435493469238,0.0,0.22993611842393874,0.1661637768149376,1,0.5032546868673056,0.4085833915459035,1.0
31,2,shuffled,po,0.5577435493469238,0.0,0.0,0.1597222222222222,0.5577435493469238,0.0,0.20899774730205536,0.18711269199848174,1,0.5032546868673056,0.4085833915459035,1.0
31,2,shuffled,ko,0.5577435493469238,0.0,0.0,0.1597222222222222,0.5577435493469238,0.0,0.24768732041120528,0.148410514742136,1,0.5032546868673056,0.4085833915459035,1.0
31,2,shuffled,pko,0.5577435493469238,0.0,0.0,0.1597222222222222,0.5577435493469238,0.0,0.23636957556009291,0.15973029509186745,1,0.5032546868673056,0.4085833915459035,1.0
31,2,anti,none,0.5577435493469238,0.0,0.0,0.1590909090909091,0.5577435493469238,0.0,0.2207600697875023,0.175337553024292,1,0.5032546868673056,0.4085833915459035,1.0
31,2,anti,p,0.5577435493469238,0.0,0.0,0.1590909090909091,0.5577435493469238,0.0,0.2126634418964386,0.18343341127038001,1,0.5032546868673056,0.4085833915459035,1.0
31,2,anti,k,0.5577435493469238,0.0,0.0,0.1590909090909091,0.5577435493469238,0.0,0.24138704389333726,0.15471067428588867,1,0.5032546868673056,0.4085833915459035,1.0
31,2,anti,o,0.5577435493469238,0.0,0.0,0.13731060606060605,0.5577435493469238,0.0,0.21845348924398422,0.17764396220445633,1,0.5032546868673056,0.4085833915459035,1.0
31,2,anti,pk,0.5577435493469238,0.0,0.0,0.1590909090909091,0.5577435493469238,0.0,0.23333347588777542,0.16276396363973616,1,0.5032546868673056,0.4085833915459035,1.0
31,2,anti,po,0.5577435493469238,0.0,0.0,0.13731060606060605,0.5577435493469238,0.0,0.2127491995692253,0.18334746807813646,1,0.5032546868673056,0.4085833915459035,1.0
31,2,anti,ko,0.5577435493469238,0.0,0.0,0.13731060606060605,0.5577435493469238,0.0,0.2392169564962387,0.15688056796789168,1,0.5032546868673056,0.4085833915459035,1.0
31,2,anti,pko,0.5577435493469238,0.0,0.0,0.13731060606060605,0.5577435493469238,0.0,0.23276428282260894,0.16333297342061998,1,0.5032546868673056,0.4085833915459035,1.0
31,3,controlled,none,0.25843334197998047,0.0,0.0,0.7121212121212122,0.25843334197998047,0.0,0.1784697011113167,0.21789448708295822,1,0.11378757026874808,1.25,1.0
31,3,controlled,p,0.25843334197998047,0.0,0.0,0.7121212121212122,0.25843334197998047,0.0,0.18206171542406083,0.21431393027305604,1,0.11378757026874808,1.25,1.0
31,3,controlled,k,0.25843334197998047,0.0,0.0,0.7121212121212122,0.25843334197998047,0.0,0.20001572221517563,0.19626710712909698,1,0.11378757026874808,1.25,1.0
31,3,controlled,o,0.25843334197998047,0.0,0.0,0.6875,0.25843334197998047,0.0,0.1812492921948433,0.21512462198734283,1,0.11378757026874808,1.25,1.0
31,3,controlled,pk,0.25843334197998047,0.0,0.0,0.7121212121212122,0.25843334197998047,0.0,0.20173804163932801,0.19455104917287827,1,0.11378757026874808,1.25,1.0
31,3,controlled,po,0.25843334197998047,0.0,0.0,0.6875,0.25843334197998047,0.0,0.18556509763002396,0.21082244366407393,1,0.11378757026874808,1.25,1.0
31,3,controlled,ko,0.25843334197998047,0.0,0.0,0.6875,0.25843334197998047,0.0,0.20058167725801468,0.1957111269235611,1,0.11378757026874808,1.25,1.0
31,3,controlled,pko,0.25843334197998047,0.0,0.0,0.6875,0.25843334197998047,0.0,0.20329946279525757,0.19300132542848586,1,0.11378757026874808,1.25,1.0
31,3,learned,none,0.25843334197998047,0.0,0.0,0.7121212121212122,0.25843334197998047,0.0,0.1784697011113167,0.21789448708295822,1,0.11378757026874808,1.25,1.0
31,3,learned,p,0.25843334197998047,0.0,0.0,0.7121212121212122,0.25843334197998047,0.0,0.1884905681014061,0.2077639952301979,1,0.11378757026874808,1.25,1.0
31,3,learned,k,0.25843334197998047,0.0,0.0,0.7121212121212122,0.25843334197998047,0.0,0.3255175560712814,0.0706131212413311,1,0.11378757026874808,1.25,1.0
31,3,learned,o,0.25843334197998047,0.0,0.0,0.29608585858585856,0.25843334197998047,0.0,0.1781899258494377,0.21823845356702803,1,0.11378757026874808,1.25,1.0
31,3,learned,pk,0.25843334197998047,0.0,0.0,0.7121212121212122,0.25843334197998047,0.0,0.32899888753890993,0.06712659262120724,1,0.11378757026874808,1.25,1.0
31,3,learned,po,0.25843334197998047,0.0,0.0,0.29608585858585856,0.25843334197998047,0.0,0.17303091734647752,0.22324591130018234,1,0.11378757026874808,1.25,1.0
31,3,learned,ko,0.25843334197998047,0.0,0.0,0.29608585858585856,0.25843334197998047,0.0,0.3481976181268692,0.04792979285120964,1,0.11378757026874808,1.25,1.0
31,3,learned,pko,0.25843334197998047,0.0,0.0,0.29608585858585856,0.25843334197998047,0.0,0.34573334753513335,0.050389638915657994,1,0.11378757026874808,1.25,1.0
31,3,shuffled,none,0.25843334197998047,0.0,0.0,0.7121212121212122,0.25843334197998047,0.0,0.1784697011113167,0.21789448708295822,1,0.11378757026874808,1.25,1.0
31,3,shuffled,p,0.25843334197998047,0.0,0.0,0.7121212121212122,0.25843334197998047,0.0,0.17391712963581085,0.22254943251609802,1,0.11378757026874808,1.25,1.0
31,3,shuffled,k,0.25843334197998047,0.0,0.0,0.7121212121212122,0.25843334197998047,0.0,0.20423149019479753,0.19203110337257384,1,0.11378757026874808,1.25,1.0
31,3,shuffled,o,0.25843334197998047,0.0,0.0,0.6609848484848485,0.25843334197998047,0.0,0.18016444146633148,0.21620558798313141,1,0.11378757026874808,1.25,1.0
31,3,shuffled,pk,0.25843334197998047,0.0,0.0,0.7121212121212122,0.25843334197998047,0.0,0.19909780770540236,0.197214837372303,1,0.11378757026874808,1.25,1.0
31,3,shuffled,po,0.25843334197998047,0.0,0.0,0.6609848484848485,0.25843334197998047,0.0,0.17756413221359252,0.21890660673379897,1,0.11378757026874808,1.25,1.0
31,3,shuffled,ko,0.25843334197998047,0.0,0.0,0.6609848484848485,0.25843334197998047,0.0,0.20335378497838974,0.19291933327913285,1,0.11378757026874808,1.25,1.0
31,3,shuffled,pko,0.25843334197998047,0.0,0.0,0.6609848484848485,0.25843334197998047,0.0,0.1996540904045105,0.1966716840863228,1,0.11378757026874808,1.25,1.0
31,3,anti,none,0.25843334197998047,0.0,0.0,0.7121212121212122,0.25843334197998047,0.0,0.1784697011113167,0.21789448708295822,1,0.11378757026874808,1.25,1.0
31,3,anti,p,0.25843334197998047,0.0,0.0,0.7121212121212122,0.25843334197998047,0.0,0.18128646463155745,0.21519022583961486,1,0.11378757026874808,1.25,1.0
31,3,anti,k,0.25843334197998047,0.0,0.0,0.7121212121212122,0.25843334197998047,0.0,0.22063637673854827,0.17559508979320526,1,0.11378757026874808,1.25,1.0
31,3,anti,o,0.25843334197998047,0.0,0.0,0.6859217171717171,0.25843334197998047,0.0,0.18624950647354127,0.21012312322854995,1,0.11378757026874808,1.25,1.0
31,3,anti,pk,0.25843334197998047,0.0,0.0,0.7121212121212122,0.25843334197998047,0.0,0.2140674337744713,0.18220557123422623,1,0.11378757026874808,1.25,1.0
31,3,anti,po,0.25843334197998047,0.0,0.0,0.6859217171717171,0.25843334197998047,0.0,0.1812973514199257,0.2152233451604843,1,0.11378757026874808,1.25,1.0
31,3,anti,ko,0.25843334197998047,0.0,0.0,0.6859217171717171,0.25843334197998047,0.0,0.22124605029821395,0.1749985173344612,1,0.11378757026874808,1.25,1.0
31,3,anti,pko,0.25843334197998047,0.0,0.0,0.6859217171717171,0.25843334197998047,0.0,0.2141184076666832,0.182186159491539,1,0.11378757026874808,1.25,1.0
32,1,controlled,none,0.8380072712898254,0.0,0.0,0.2727272727272727,0.8380072712898254,0.0,0.15041830614209176,0.24567265808582306,1,0.4549973271514865,0.8031955948756765,1.0
32,1,controlled,p,0.8380072712898254,0.0,0.0,0.2727272727272727,0.8380072712898254,0.0,0.11473307609558106,0.28135772943496706,1,0.4549973271514865,0.8031955948756765,1.0
32,1,controlled,k,0.8380072712898254,0.0,0.0,0.2727272727272727,0.8380072712898254,0.0,0.19242846518754958,0.2036630094051361,1,0.4549973271514865,0.8031955948756765,1.0
32,1,controlled,o,0.8380072712898254,0.0,0.0,0.4116161616161616,0.8380072712898254,0.0,0.13829315602779388,0.25779864341020586,1,0.4549973271514865,0.8031955948756765,1.0
32,1,controlled,pk,0.8380072712898254,0.0,0.0,0.2727272727272727,0.8380072712898254,0.0,0.1666204273700714,0.2294708639383316,1,0.4549973271514865,0.8031955948756765,1.0
32,1,controlled,po,0.8380072712898254,0.0,0.0,0.4116161616161616,0.8380072712898254,0.0,0.12338859215378761,0.2727031409740448,1,0.4549973271514865,0.8031955948756765,1.0
32,1,controlled,ko,0.8380072712898254,0.0,0.0,0.4116161616161616,0.8380072712898254,0.0,0.1706293597817421,0.22546288818120958,1,0.4549973271514865,0.8031955948756765,1.0
32,1,controlled,pko,0.8380072712898254,0.0,0.0,0.4116161616161616,0.8380072712898254,0.0,0.15606212466955185,0.24003005474805833,1,0.4549973271514865,0.8031955948756765,1.0
32,1,learned,none,0.8380072712898254,0.0,0.0,0.2727272727272727,0.8380072712898254,0.0,0.15041830614209176,0.24567265808582306,1,0.4549973271514865,0.8031955948756765,1.0
32,1,learned,p,0.8380072712898254,0.0,0.0,0.2727272727272727,0.8380072712898254,0.0,0.1482606641948223,0.24782892167568207,1,0.4549973271514865,0.8031955948756765,1.0
32,1,learned,k,0.8380072712898254,0.0,0.0,0.2727272727272727,0.8380072712898254,0.0,0.3318908900022507,0.06420766934752464,1,0.4549973271514865,0.8031955948756765,1.0
32,1,learned,o,0.8380072712898254,0.0,0.0,0.2509469696969697,0.8380072712898254,0.0,0.13737688064575196,0.25871493518352506,1,0.4549973271514865,0.8031955948756765,1.0
32,1,learned,pk,0.8380072712898254,0.0,0.0,0.2727272727272727,0.8380072712898254,0.0,0.3336397737264633,0.06245696060359478,1,0.4549973271514865,0.8031955948756765,1.0
32,1,learned,po,0.8380072712898254,0.0,0.0,0.2509469696969697,0.8380072712898254,0.0,0.13536321222782136,0.2607265517115593,1,0.4549973271514865,0.8031955948756765,1.0
32,1,learned,ko,0.8380072712898254,0.0,0.0,0.2509469696969697,0.8380072712898254,0.0,0.3322443813085556,0.06385514363646508,1,0.4549973271514865,0.8031955948756765,1.0
32,1,learned,pko,0.8380072712898254,0.0,0.0,0.2509469696969697,0.8380072712898254,0.0,0.333498415350914,0.06259916685521602,1,0.4549973271514865,0.8031955948756765,1.0
32,1,shuffled,none,0.8380072712898254,0.0,0.0,0.2727272727272727,0.8380072712898254,0.0,0.15041830614209176,0.24567265808582306,1,0.4549973271514865,0.8031955948756765,1.0
32,1,shuffled,p,0.8380072712898254,0.0,0.0,0.2727272727272727,0.8380072712898254,0.0,0.1320107765495777,0.2640798479318619,1,0.4549973271514865,0.8031955948756765,1.0
32,1,shuffled,k,0.8380072712898254,0.0,0.0,0.2727272727272727,0.8380072712898254,0.0,0.1848890572786331,0.2112025201320648,1,0.4549973271514865,0.8031955948756765,1.0
32,1,shuffled,o,0.8380072712898254,0.0,0.0,0.42297979797979796,0.8380072712898254,0.0,0.13295734971761702,0.26313442587852476,1,0.4549973271514865,0.8031955948756765,1.0
32,1,shuffled,pk,0.8380072712898254,0.0,0.0,0.2727272727272727,0.8380072712898254,0.0,0.16684978753328322,0.22924137338995934,1,0.4549973271514865,0.8031955948756765,1.0
32,1,shuffled,po,0.8380072712898254,0.0,0.0,0.42297979797979796,0.8380072712898254,0.0,0.12098314538598061,0.2751083418726921,1,0.4549973271514865,0.8031955948756765,1.0
32,1,shuffled,ko,0.8380072712898254,0.0,0.0,0.42297979797979796,0.8380072712898254,0.0,0.16012410670518876,0.23596831858158113,1,0.4549973271514865,0.8031955948756765,1.0
32,1,shuffled,pko,0.8380072712898254,0.0,0.0,0.42297979797979796,0.8380072712898254,0.0,0.14802831113338472,0.24806376695632934,1,0.4549973271514865,0.8031955948756765,1.0
32,1,anti,none,0.8380072712898254,0.0,0.0,0.2727272727272727,0.8380072712898254,0.0,0.15041830614209176,0.24567265808582306,1,0.4549973271514865,0.8031955948756765,1.0
32,1,anti,p,0.8380072712898254,0.0,0.0,0.2727272727272727,0.8380072712898254,0.0,0.13341567739844323,0.2626749321818352,1,0.4549973271514865,0.8031955948756765,1.0
32,1,anti,k,0.8380072712898254,0.0,0.0,0.2727272727272727,0.8380072712898254,0.0,0.19097536355257033,0.2051161840558052,1,0.4549973271514865,0.8031955948756765,1.0
32,1,anti,o,0.8380072712898254,0.0,0.0,0.2563131313131313,0.8380072712898254,0.0,0.15060720443725586,0.24548378139734267,1,0.4549973271514865,0.8031955948756765,1.0
32,1,anti,pk,0.8380072712898254,0.0,0.0,0.2727272727272727,0.8380072712898254,0.0,0.17192972600460052,0.2241613745689392,1,0.4549973271514865,0.8031955948756765,1.0
32,1,anti,po,0.8380072712898254,0.0,0.0,0.2563131313131313,0.8380072712898254,0.0,0.14096976667642594,0.25512091219425204,1,0.4549973271514865,0.8031955948756765,1.0
32,1,anti,ko,0.8380072712898254,0.0,0.0,0.2563131313131313,0.8380072712898254,0.0,0.17763905823230744,0.21845257431268691,1,0.4549973271514865,0.8031955948756765,1.0
32,1,anti,pko,0.8380072712898254,0.0,0.0,0.2563131313131313,0.8380072712898254,0.0,0.1669717401266098,0.22911951690912247,1,0.4549973271514865,0.8031955948756765,1.0
32,2,controlled,none,0.36182159185409546,0.0,0.0,0.2894570707070707,0.36182159185409546,0.0,0.2160052165389061,0.1800900176167488,1,0.6186808463124223,0.3485152714887427,1.0
32,2,controlled,p,0.36182159185409546,0.0,0.0,0.2894570707070707,0.36182159185409546,0.0,0.20509079545736314,0.19100362807512283,1,0.6186808463124223,0.3485152714887427,1.0
32,2,controlled,k,0.36182159185409546,0.0,0.0,0.2894570707070707,0.36182159185409546,0.0,0.2317282885313034,0.1643674299120903,1,0.6186808463124223,0.3485152714887427,1.0
32,2,controlled,o,0.36182159185409546,0.0,0.0,0.30303030303030304,0.36182159185409546,0.0,0.22145287990570067,0.17464217841625213,1,0.6186808463124223,0.3485152714887427,1.0
32,2,controlled,pk,0.36182159185409546,0.0,0.0,0.2894570707070707,0.36182159185409546,0.0,0.22125496715307236,0.17484014630317687,1,0.6186808463124223,0.3485152714887427,1.0
32,2,controlled,po,0.36182159185409546,0.0,0.0,0.30303030303030304,0.36182159185409546,0.0,0.21217736303806306,0.18391693979501725,1,0.6186808463124223,0.3485152714887427,1.0
32,2,controlled,ko,0.36182159185409546,0.0,0.0,0.30303030303030304,0.36182159185409546,0.0,0.23582281172275543,0.1602727562189102,1,0.6186808463124223,0.3485152714887427,1.0
32,2,controlled,pko,0.36182159185409546,0.0,0.0,0.30303030303030304,0.36182159185409546,0.0,0.2269498214125633,0.16914519518613816,1,0.6186808463124223,0.3485152714887427,1.0
32,2,learned,none,0.36182159185409546,0.0,0.0,0.2894570707070707,0.36182159185409546,0.0,0.2160052165389061,0.1800900176167488,1,0.6186808463124223,0.3485152714887427,1.0
32,2,learned,p,0.3616641342639923,0.00025,0.0,0.2894570707070707,0.36182159185409546,0.0,0.2131844148039818,0.18290907442569732,1,0.6186808463124223,0.3485152714887427,1.0
32,2,learned,k,0.36182159185409546,0.0,0.0,0.2894570707070707,0.36182159185409546,0.0,0.3425513803958893,0.053550492972135544,1,0.6186808463124223,0.3485152714887427,1.0
32,2,learned,o,0.36182159185409546,0.0,0.0,0.24242424242424243,0.36182159185409546,0.0,0.23495230972766876,0.16114266216754913,1,0.6186808463124223,0.3485152714887427,1.0
32,2,learned,pk,0.3616641342639923,0.00025,0.0,0.2894570707070707,0.36182159185409546,0.0,0.33928475379943845,0.0568155512213707,1,0.6186808463124223,0.3485152714887427,1.0
32,2,learned,po,0.3616641342639923,0.00025,0.0,0.24242424242424243,0.36182159185409546,0.0,0.235661481320858,0.16043191999197007,1,0.6186808463124223,0.3485152714887427,1.0
32,2,learned,ko,0.36182159185409546,0.0,0.0,0.24242424242424243,0.36182159185409546,0.0,0.35236054956912993,0.043741504102945326,1,0.6186808463124223,0.3485152714887427,1.0
32,2,learned,pko,0.3616641342639923,0.00025,0.0,0.24242424242424243,0.36182159185409546,0.0,0.35188824236392974,0.04421241022646427,1,0.6186808463124223,0.3485152714887427,1.0
32,2,shuffled,none,0.36182159185409546,0.0,0.0,0.2894570707070707,0.36182159185409546,0.0,0.2160052165389061,0.1800900176167488,1,0.6186808463124223,0.3485152714887427,1.0
32,2,shuffled,p,0.36182159185409546,0.0,0.0,0.2894570707070707,0.36182159185409546,0.0,0.21289263516664506,0.1832016885280609,1,0.6186808463124223,0.3485152714887427,1.0
32,2,shuffled,k,0.36182159185409546,0.0,0.0,0.2894570707070707,0.36182159185409546,0.0,0.2272431179881096,0.16885258853435517,1,0.6186808463124223,0.3485152714887427,1.0
32,2,shuffled,o,0.36182159185409546,0.0,0.0,0.2724116161616162,0.36182159185409546,0.0,0.21630391031503676,0.17979121804237366,1,0.6186808463124223,0.3485152714887427,1.0
32,2,shuffled,pk,0.36182159185409546,0.0,0.0,0.2894570707070707,0.36182159185409546,0.0,0.2241819828748703,0.17191306203603746,1,0.6186808463124223,0.3485152714887427,1.0
32,2,shuffled,po,0.36182159185409546,0.0,0.0,0.2724116161616162,0.36182159185409546,0.0,0.21284055858850479,0.1832537218928337,1,0.6186808463124223,0.3485152714887427,1.0
32,2,shuffled,ko,0.36182159185409546,0.0,0.0,0.2724116161616162,0.36182159185409546,0.0,0.22735044956207276,0.16874516010284424,1,0.6186808463124223,0.3485152714887427,1.0
32,2,shuffled,pko,0.36182159185409546,0.0,0.0,0.2724116161616162,0.36182159185409546,0.0,0.22391532212495804,0.1721796825528145,1,0.6186808463124223,0.3485152714887427,1.0
32,2,anti,none,0.36182159185409546,0.0,0.0,0.2894570707070707,0.36182159185409546,0.0,0.2160052165389061,0.1800900176167488,1,0.6186808463124223,0.3485152714887427,1.0
32,2,anti,p,0.3616641342639923,0.00025,0.0,0.2894570707070707,0.36182159185409546,0.0,0.20977768450975418,0.18631700277328492,1,0.6186808463124223,0.3485152714887427,1.0
32,2,anti,k,0.36182159185409546,0.0,0.0,0.2894570707070707,0.36182159185409546,0.0,0.2298121601343155,0.1662835083901882,1,0.6186808463124223,0.3485152714887427,1.0
32,2,anti,o,0.36182159185409546,0.0,0.0,0.2803030303030303,0.36182159185409546,0.0,0.21303526014089585,0.18305979669094086,1,0.6186808463124223,0.3485152714887427,1.0
32,2,anti,pk,0.36182159185409546,0.0,0.0,0.2894570707070707,0.36182159185409546,0.0,0.2244350016117096,0.1716601327061653,1,0.6186808463124223,0.3485152714887427,1.0
32,2,anti,po,0.3616641342639923,0.00025,0.0,0.2803030303030303,0.36182159185409546,0.0,0.20773820579051971,0.18835636973381042,1,0.6186808463124223,0.3485152714887427,1.0
32,2,anti,ko,0.36182159185409546,0.0,0.0,0.2803030303030303,0.36182159185409546,0.0,0.22580637484788896,0.1702890843153,1,0.6186808463124223,0.3485152714887427,1.0
32,2,anti,pko,0.36182159185409546,0.0,0.0,0.2803030303030303,0.36182159185409546,0.0,0.22126289159059526,0.1748321160674095,1,0.6186808463124223,0.3485152714887427,1.0
32,3,controlled,none,0.278364896774292,0.0,0.0,0.07133838383838384,0.278364896774292,0.0,0.19091466814279556,0.20530226081609726,1,0.03197217474074544,0.5995155250245543,1.0
32,3,controlled,p,0.278364896774292,0.0,0.0,0.07133838383838384,0.278364896774292,0.0,0.15288499891757965,0.24335477203130723,1,0.03197217474074544,0.5995155250245543,1.0
32,3,controlled,k,0.278364896774292,0.0,0.0,0.07133838383838384,0.278364896774292,0.0,0.24746791124343873,0.1487163007259369,1,0.03197217474074544,0.5995155250245543,1.0
32,3,controlled,o,0.278364896774292,0.0,0.0,0.09122474747474747,0.278364896774292,0.0,0.21083950847387314,0.18537477701902388,1,0.03197217474074544,0.5995155250245543,1.0
32,3,controlled,pk,0.278364896774292,0.0,0.0,0.07133838383838384,0.278364896774292,0.0,0.20034964233636857,0.19584866017103195,1,0.03197217474074544,0.5995155250245543,1.0
32,3,controlled,po,0.278364896774292,0.0,0.0,0.09122474747474747,0.278364896774292,0.0,0.20057556331157683,0.19565895348787307,1,0.03197217474074544,0.5995155250245543,1.0
32,3,controlled,ko,0.278364896774292,0.0,0.0,0.09122474747474747,0.278364896774292,0.0,0.2331273689866066,0.16305774301290513,1,0.03197217474074544,0.5995155250245543,1.0
32,3,controlled,pko,0.278364896774292,0.0,0.0,0.09122474747474747,0.278364896774292,0.0,0.2230228841304779,0.17317551225423813,1,0.03197217474074544,0.5995155250245543,1.0
32,3,learned,none,0.278364896774292,0.0,0.0,0.07133838383838384,0.278364896774292,0.0,0.19091466814279556,0.20530226081609726,1,0.03197217474074544,0.5995155250245543,1.0
32,3,learned,p,0.278364896774292,0.0,0.0,0.07133838383838384,0.278364896774292,0.0,0.1902007907629013,0.20601446628570558,1,0.03197217474074544,0.5995155250245543,1.0
32,3,learned,k,0.278364896774292,0.0,0.0,0.07133838383838384,0.278364896774292,0.0,0.33907723128795625,0.05704239718616009,1,0.03197217474074544,0.5995155250245543,1.0
32,3,learned,o,0.278364896774292,0.0,0.0,0.2077020202020202,0.278364896774292,0.0,0.20718404948711394,0.189020636677742,1,0.03197217474074544,0.5995155250245543,1.0
32,3,learned,pk,0.278364896774292,0.0,0.0,0.07133838383838384,0.278364896774292,0.0,0.34103429317474365,0.05508509948849678,1,0.03197217474074544,0.5995155250245543,1.0
32,3,learned,po,0.278364896774292,0.0,0.0,0.2077020202020202,0.278364896774292,0.0,0.21850543469190598,0.17767045944929122,1,0.03197217474074544,0.5995155250245543,1.0
32,3,learned,ko,0.278364896774292,0.0,0.0,0.2077020202020202,0.278364896774292,0.0,0.35299390852451323,0.043123705126345155,1,0.03197217474074544,0.5995155250245543,1.0
32,3,learned,pko,0.278364896774292,0.0,0.0,0.2077020202020202,0.278364896774292,0.0,0.35750885009765626,0.038605529256165026,1,0.03197217474074544,0.5995155250245543,1.0
32,3,shuffled,none,0.278364896774292,0.0,0.0,0.07133838383838384,0.278364896774292,0.0,0.19091466814279556,0.20530226081609726,1,0.03197217474074544,0.5995155250245543,1.0
32,3,shuffled,p,0.278364896774292,0.0,0.0,0.07133838383838384,0.278364896774292,0.0,0.17276263386011123,0.22347934395074845,1,0.03197217474074544,0.5995155250245543,1.0
32,3,shuffled,k,0.278364896774292,0.0,0.0,0.07133838383838384,0.278364896774292,0.0,0.22068388015031815,0.17548913061618804,1,0.03197217474074544,0.5995155250245543,1.0
32,3,shuffled,o,0.278364896774292,0.0,0.0,0.07702020202020202,0.278364896774292,0.0,0.19625895023345946,0.19996558874845505,1,0.03197217474074544,0.5995155250245543,1.0
32,3,shuffled,pk,0.278364896774292,0.0,0.0,0.07133838383838384,0.278364896774292,0.0,0.2019268661737442,0.1942585900425911,1,0.03197217474074544,0.5995155250245543,1.0
32,3,shuffled,po,0.278364896774292,0.0,0.0,0.07702020202020202,0.278364896774292,0.0,0.180520261824131,0.21573325991630554,1,0.03197217474074544,0.5995155250245543,1.0
32,3,shuffled,ko,0.278364896774292,0.0,0.0,0.07702020202020202,0.278364896774292,0.0,0.22341585159301758,0.17276062965393066,1,0.03197217474074544,0.5995155250245543,1.0
32,3,shuffled,pko,0.278364896774292,0.0,0.0,0.07702020202020202,0.278364896774292,0.0,0.20693521648645402,0.18925544768571853,1,0.03197217474074544,0.5995155250245543,1.0
32,3,anti,none,0.278364896774292,0.0,0.0,0.07133838383838384,0.278364896774292,0.0,0.19091466814279556,0.20530226081609726,1,0.03197217474074544,0.5995155250245543,1.0
32,3,anti,p,0.278364896774292,0.0,0.0,0.07133838383838384,0.278364896774292,0.0,0.18280777484178543,0.21342990547418594,1,0.03197217474074544,0.5995155250245543,1.0
32,3,anti,k,0.278364896774292,0.0,0.0,0.07133838383838384,0.278364896774292,0.0,0.21429728865623474,0.18187417536973954,1,0.03197217474074544,0.5995155250245543,1.0
32,3,anti,o,0.278364896774292,0.0,0.0,0.08838383838383838,0.278364896774292,0.0,0.19242999851703643,0.20378622114658357,1,0.03197217474074544,0.5995155250245543,1.0
32,3,anti,pk,0.278364896774292,0.0,0.0,0.07133838383838384,0.278364896774292,0.0,0.20588493645191192,0.19029637575149536,1,0.03197217474074544,0.5995155250245543,1.0
32,3,anti,po,0.278364896774292,0.0,0.0,0.08838383838383838,0.278364896774292,0.0,0.18572397232055665,0.21051008254289627,1,0.03197217474074544,0.5995155250245543,1.0
32,3,anti,ko,0.278364896774292,0.0,0.0,0.08838383838383838,0.278364896774292,0.0,0.21247410625219346,0.18370242714881896,1,0.03197217474074544,0.5995155250245543,1.0
32,3,anti,pko,0.278364896774292,0.0,0.0,0.08838383838383838,0.278364896774292,0.0,0.20583330243825912,0.19035283774137496,1,0.03197217474074544,0.5995155250245543,1.0
33,1,controlled,none,0.19292986392974854,0.0,0.0,0.9299242424242424,0.19292986392974854,0.0,0.21478540748357772,0.18136110454797744,1,0.8794540412892758,0.8203181486460485,1.0
33,1,controlled,p,0.19292986392974854,0.0,0.0,0.9299242424242424,0.19292986392974854,0.0,0.20583016574382781,0.19032035619020463,1,0.8794540412892758,0.8203181486460485,1.0
33,1,controlled,k,0.19292986392974854,0.0,0.0,0.9299242424242424,0.19292986392974854,0.0,0.23346617221832275,0.16266633570194244,1,0.8794540412892758,0.8203181486460485,1.0
33,1,controlled,o,0.19292986392974854,0.0,0.0,0.9119318181818182,0.19292986392974854,0.0,0.2176482543349266,0.17849757820367812,1,0.8794540412892758,0.8203181486460485,1.0
33,1,controlled,pk,0.19292986392974854,0.0,0.0,0.9299242424242424,0.19292986392974854,0.0,0.22454955875873567,0.17158582508563996,1,0.8794540412892758,0.8203181486460485,1.0
33,1,controlled,po,0.19292986392974854,0.0,0.0,0.9119318181818182,0.19292986392974854,0.0,0.20851221978664397,0.1876390188932419,1,0.8794540412892758,0.8203181486460485,1.0
33,1,controlled,ko,0.19292986392974854,0.0,0.0,0.9119318181818182,0.19292986392974854,0.0,0.23536297380924226,0.1607696607708931,1,0.8794540412892758,0.8203181486460485,1.0
33,1,controlled,pko,0.19292986392974854,0.0,0.0,0.9119318181818182,0.19292986392974854,0.0,0.22640983909368514,0.16972669661045076,1,0.8794540412892758,0.8203181486460485,1.0
33,1,learned,none,0.19292986392974854,0.0,0.0,0.9299242424242424,0.19292986392974854,0.0,0.21478540748357772,0.18136110454797744,1,0.8794540412892758,0.8203181486460485,1.0
33,1,learned,p,0.19292986392974854,0.0,0.0,0.9299242424242424,0.19292986392974854,0.0,0.21098462045192717,0.18516617268323898,1,0.8794540412892758,0.8203181486460485,1.0
33,1,learned,k,0.19292986392974854,0.0,0.0,0.9299242424242424,0.19292986392974854,0.0,0.34466821551322935,0.05144451968371868,1,0.8794540412892758,0.8203181486460485,1.0
33,1,learned,o,0.19292986392974854,0.0,0.0,0.39015151515151514,0.19292986392974854,0.0,0.18895025551319122,0.20719749927520753,1,0.8794540412892758,0.8203181486460485,1.0
33,1,learned,pk,0.19292986392974854,0.0,0.0,0.9299242424242424,0.19292986392974854,0.0,0.34173610210418703,0.05437740758061409,1,0.8794540412892758,0.8203181486460485,1.0
33,1,learned,po,0.19292986392974854,0.0,0.0,0.39015151515151514,0.19292986392974854,0.0,0.19863184690475463,0.19749081283807754,1,0.8794540412892758,0.8203181486460485,1.0
33,1,learned,ko,0.19292986392974854,0.0,0.0,0.39015151515151514,0.19292986392974854,0.0,0.35164845585823057,0.044463684782385826,1,0.8794540412892758,0.8203181486460485,1.0
33,1,learned,pko,0.19292986392974854,0.0,0.0,0.39015151515151514,0.19292986392974854,0.0,0.3537678837776184,0.04234079383313656,1,0.8794540412892758,0.8203181486460485,1.0
33,1,shuffled,none,0.19292986392974854,0.0,0.0,0.9299242424242424,0.19292986392974854,0.0,0.21478540748357772,0.18136110454797744,1,0.8794540412892758,0.8203181486460485,1.0
33,1,shuffled,p,0.19292986392974854,0.0,0.0,0.9299242424242424,0.19292986392974854,0.0,0.2069334328174591,0.18921471238136292,1,0.8794540412892758,0.8203181486460485,1.0
33,1,shuffled,k,0.19292986392974854,0.0,0.0,0.9299242424242424,0.19292986392974854,0.0,0.23676900565624237,0.15936275720596313,1,0.8794540412892758,0.8203181486460485,1.0
33,1,shuffled,o,0.19292986392974854,0.0,0.0,0.9100378787878788,0.19292986392974854,0.0,0.21846240609884263,0.17769407778978347,1,0.8794540412892758,0.8203181486460485,1.0
33,1,shuffled,pk,0.19292986392974854,0.0,0.0,0.9299242424242424,0.19292986392974854,0.0,0.2286262720823288,0.16750623136758805,1,0.8794540412892758,0.8203181486460485,1.0
33,1,shuffled,po,0.19292986392974854,0.0,0.0,0.9100378787878788,0.19292986392974854,0.0,0.20851006954908372,0.1876498356461525,1,0.8794540412892758,0.8203181486460485,1.0
33,1,shuffled,ko,0.19292986392974854,0.0,0.0,0.9100378787878788,0.19292986392974854,0.0,0.23880124241113662,0.1573366716504097,1,0.8794540412892758,0.8203181486460485,1.0
33,1,shuffled,pko,0.19292986392974854,0.0,0.0,0.9100378787878788,0.19292986392974854,0.0,0.22884631156921387,0.16729329526424408,1,0.8794540412892758,0.8203181486460485,1.0
33,1,anti,none,0.19292986392974854,0.0,0.0,0.9299242424242424,0.19292986392974854,0.0,0.21478540748357772,0.18136110454797744,1,0.8794540412892758,0.8203181486460485,1.0
33,1,anti,p,0.19292986392974854,0.0,0.0,0.9299242424242424,0.19292986392974854,0.0,0.2019987776875496,0.19415198117494584,1,0.8794540412892758,0.8203181486460485,1.0
33,1,anti,k,0.19292986392974854,0.0,0.0,0.9299242424242424,0.19292986392974854,0.0,0.2389244705438614,0.15720637142658234,1,0.8794540412892758,0.8203181486460485,1.0
33,1,anti,o,0.19292986392974854,0.0,0.0,0.9037247474747475,0.19292986392974854,0.0,0.21680291146039962,0.17934311032295228,1,0.8794540412892758,0.8203181486460485,1.0
33,1,anti,pk,0.19292986392974854,0.0,0.0,0.9299242424242424,0.19292986392974854,0.0,0.22667762041091918,0.16945501118898393,1,0.8794540412892758,0.8203181486460485,1.0
33,1,anti,po,0.19292986392974854,0.0,0.0,0.9037247474747475,0.19292986392974854,0.0,0.21013025641441346,0.18602248430252075,1,0.8794540412892758,0.8203181486460485,1.0
33,1,anti,ko,0.19292986392974854,0.0,0.0,0.9037247474747475,0.19292986392974854,0.0,0.23494836837053298,0.16118507236242294,1,0.8794540412892758,0.8203181486460485,1.0
33,1,anti,pko,0.19292986392974854,0.0,0.0,0.9037247474747475,0.19292986392974854,0.0,0.2277062326669693,0.168431256711483,1,0.8794540412892758,0.8203181486460485,1.0
33,2,controlled,none,0.6175232529640198,0.0,0.0,0.14393939393939395,0.6175232529640198,0.0,0.2687120050191879,0.12739343643188478,0,0.0,0.5101531561321867,1.0
33,2,controlled,p,0.6175232529640198,0.0,0.0,0.14393939393939395,0.6175232529640198,0.0,0.25245326161384585,0.14365237951278687,0,0.0,0.5101531561321867,1.0
33,2,controlled,k,0.6175232529640198,0.0,0.0,0.14393939393939395,0.6175232529640198,0.0,0.2884812593460083,0.10762446969747544,0,0.0,0.5101531561321867,1.0
33,2,controlled,o,0.6175232529640198,0.0,0.0,0.125,0.6175232529640198,0.0,0.27916112542152405,0.11694415509700776,0,0.0,0.5101531561321867,1.0
33,2,controlled,pk,0.6175232529640198,0.0,0.0,0.14393939393939395,0.6175232529640198,0.0,0.2718358725309372,0.12426984012126922,0,0.0,0.5101531561321867,1.0
33,2,controlled,po,0.6175232529640198,0.0,0.0,0.125,0.6175232529640198,0.0,0.2680176317691803,0.12808790802955627,0,0.0,0.5101531561321867,1.0
33,2,controlled,ko,0.6175232529640198,0.0,0.0,0.125,0.6175232529640198,0.0,0.29364368617534636,0.10246186256408692,0,0.0,0.5101531561321867,1.0
33,2,controlled,pko,0.6175232529640198,0.0,0.0,0.125,0.6175232529640198,0.0,0.2830830544233322,0.11302258297801018,0,0.0,0.5101531561321867,1.0
33,2,learned,none,0.6175232529640198,0.0,0.0,0.14393939393939395,0.6175232529640198,0.0,0.2687120050191879,0.12739343643188478,0,0.0,0.5101531561321867,1.0
33,2,learned,p,0.6175232529640198,0.0,0.0,0.14393939393939395,0.6175232529640198,0.0,0.2691421389579773,0.12696059793233871,0,0.0,0.5101531561321867,1.0
33,2,learned,k,0.6175232529640198,0.0,0.0,0.14393939393939395,0.6175232529640198,0.0,0.3641935706138611,0.03191624600440264,0,0.0,0.5101531561321867,1.0
33,2,learned,o,0.6175232529640198,0.0,0.0,0.1527777777777778,0.6175232529640198,0.0,0.2762557864189148,0.1198493517935276,0,0.0,0.5101531561321867,1.0
33,2,learned,pk,0.6175232529640198,0.0,0.0,0.14393939393939395,0.6175232529640198,0.0,0.3636022597551346,0.032505718804895875,0,0.0,0.5101531561321867,1.0
33,2,learned,po,0.6175232529640198,0.0,0.0,0.1527777777777778,0.6175232529640198,0.0,0.2696870431303978,0.12641431018710136,0,0.0,0.5101531561321867,1.0
33,2,learned,ko,0.6175232529640198,0.0,0.0,0.1527777777777778,0.6175232529640198,0.0,0.3665591895580292,0.029550371505320073,0,0.0,0.5101531561321867,1.0
33,2,learned,pko,0.6175232529640198,0.0,0.0,0.1527777777777778,0.6175232529640198,0.0,0.3647930949926376,0.03131395317614079,0,0.0,0.5101531561321867,1.0
33,2,shuffled,none,0.6175232529640198,0.0,0.0,0.14393939393939395,0.6175232529640198,0.0,0.2687120050191879,0.12739343643188478,0,0.0,0.5101531561321867,1.0
33,2,shuffled,p,0.6175232529640198,0.0,0.0,0.14393939393939395,0.6175232529640198,0.0,0.25069588273763654,0.14540985226631165,0,0.0,0.5101531561321867,1.0
33,2,shuffled,k,0.6175232529640198,0.0,0.0,0.14393939393939395,0.6175232529640198,0.0,0.2882091164588928,0.10789666473865508,0,0.0,0.5101531561321867,1.0
33,2,shuffled,o,0.6175232529640198,0.0,0.0,0.1259469696969697,0.6175232529640198,0.0,0.27673639059066774,0.1193690374493599,0,0.0,0.5101531561321867,1.0
33,2,shuffled,pk,0.6175232529640198,0.0,0.0,0.14393939393939395,0.6175232529640198,0.0,0.2700094759464264,0.1260962702333927,0,0.0,0.5101531561321867,1.0
33,2,shuffled,po,0.6175232529640198,0.0,0.0,0.1259469696969697,0.6175232529640198,0.0,0.2635297566652298,0.13257598578929902,0,0.0,0.5101531561321867,1.0
33,2,shuffled,ko,0.6175232529640198,0.0,0.0,0.1259469696969697,0.6175232529640198,0.0,0.2915145128965378,0.10459115579724312,0,0.0,0.5101531561321867,1.0
33,2,shuffled,pko,0.6175232529640198,0.0,0.0,0.1259469696969697,0.6175232529640198,0.0,0.2790743499994278,0.11703136339783668,0,0.0,0.5101531561321867,1.0
33,2,anti,none,0.6175232529640198,0.0,0.0,0.14393939393939395,0.6175232529640198,0.0,0.2687120050191879,0.12739343643188478,0,0.0,0.5101531561321867,1.0
33,2,anti,p,0.6175232529640198,0.0,0.0,0.14393939393939395,0.6175232529640198,0.0,0.2609661489725113,0.1351388566195965,0,0.0,0.5101531561321867,1.0
33,2,anti,k,0.6175232529640198,0.0,0.0,0.14393939393939395,0.6175232529640198,0.0,0.2837710797786713,0.11233464404940605,0,0.0,0.5101531561321867,1.0
33,2,anti,o,0.6175232529640198,0.0,0.0,0.12973484848484848,0.6175232529640198,0.0,0.27807881534099577,0.1180266223847866,0,0.0,0.5101531561321867,1.0
33,2,anti,pk,0.6175232529640198,0.0,0.0,0.14393939393939395,0.6175232529640198,0.0,0.27569940090179446,0.12040588781237602,0,0.0,0.5101531561321867,1.0
33,2,anti,po,0.6175232529640198,0.0,0.0,0.12973484848484848,0.6175232529640198,0.0,0.2702333122491837,0.12587193250656128,0,0.0,0.5101531561321867,1.0
33,2,anti,ko,0.6175232529640198,0.0,0.0,0.12973484848484848,0.6175232529640198,0.0,0.29262333512306216,0.10348233804106713,0,0.0,0.5101531561321867,1.0
33,2,anti,pko,0.6175232529640198,0.0,0.0,0.12973484848484848,0.6175232529640198,0.0,0.28447276949882505,0.11163272708654404,0,0.0,0.5101531561321867,1.0
33,3,controlled,none,-0.7413331806659699,0.9577499999999999,0.014500000000000002,0.43339646464646464,-0.7148236036300659,0.945,0.10956363379955292,0.3602827712893486,1,1.0543636241165772,1.25,1.0
33,3,controlled,p,-0.630503648519516,0.90375,0.03725,0.43339646464646464,-0.5928274393081665,0.885,0.10667831748723984,0.44551598429679873,1,1.0543636241165772,1.25,1.0
33,3,controlled,k,-0.8167034089565277,0.9940000000000001,0.001,0.43339646464646464,-0.8291784524917603,1.0,0.19438587725162507,0.2093251034617424,1,1.0543636241165772,1.25,1.0
33,3,controlled,o,-0.738489854335785,0.9562499999999998,0.016,0.5170454545454546,-0.7148236036300659,0.945,0.1108323611319065,0.3595896363258362,1,1.0543636241165772,1.25,1.0
33,3,controlled,pk,-0.8109856724739075,0.9912499999999999,0.0015000000000000002,0.43339646464646464,-0.8187825679779053,0.995,0.14669352322816848,0.26322075426578523,1,1.0543636241165772,1.25,1.0
33,3,controlled,po,-0.62710942029953,0.90225,0.04075,0.5170454545454546,-0.5928274393081665,0.885,0.11838304027915,0.435005447268486,1,1.0543636241165772,1.25,1.0
33,3,controlled,ko,-0.8104658722877502,0.991,0.0035000000000000005,0.5170454545454546,-0.8291784524917603,1.0,0.1350042551755905,0.27264114767313,1,1.0543636241165772,1.25,1.0
33,3,controlled,pko,-0.801904821395874,0.98675,0.004,0.5170454545454546,-0.8187825679779053,0.995,0.12056058794260024,0.2969142019748688,1,1.0543636241165772,1.25,1.0
33,3,learned,none,-0.7413331806659699,0.9577499999999999,0.014500000000000002,0.43339646464646464,-0.7148236036300659,0.945,0.10956363379955292,0.3602827712893486,1,1.0543636241165772,1.25,1.0
33,3,learned,p,-0.7241421997547149,0.9492499999999999,0.015,0.43339646464646464,-0.8187825679779053,0.995,0.11214639991521835,0.3579854965209961,1,1.0543636241165772,1.25,1.0
33,3,learned,k,-0.8284143209457397,0.9994999999999998,0.0,0.43339646464646464,-0.8291784524917603,1.0,0.3589058369398117,0.03727332502603531,1,1.0543636241165772,1.25,1.0
33,3,learned,o,-0.7197394967079163,0.9470000000000002,0.017,0.17424242424242425,-0.7044277787208557,0.94,0.10622437149286271,0.37745605409145355,1,1.0543636241165772,1.25,1.0
33,3,learned,pk,-0.8284143209457397,0.9994999999999998,0.0,0.43339646464646464,-0.8291784524917603,1.0,0.3609301716089249,0.035245280526578424,1,1.0543636241165772,1.25,1.0
33,3,learned,po,-0.762087219953537,0.9674999999999998,0.011000000000000001,0.17424242424242425,-0.8291784524917603,1.0,0.10798964947462082,0.3372474431991577,1,1.0543636241165772,1.25,1.0
33,3,learned,ko,-0.8284143209457397,0.9994999999999998,0.0,0.17424242424242425,-0.8291784524917603,1.0,0.3718916714191437,0.024249015748500823,1,1.0543636241165772,1.25,1.0
33,3,learned,pko,-0.8284143209457397,0.9994999999999998,0.0,0.17424242424242425,-0.8291784524917603,1.0,0.3682578682899475,0.027876002341508867,1,1.0543636241165772,1.25,1.0
33,3,shuffled,none,-0.7413331806659699,0.9577499999999999,0.014500000000000002,0.43339646464646464,-0.7148236036300659,0.945,0.10956363379955292,0.3602827712893486,1,1.0543636241165772,1.25,1.0
33,3,shuffled,p,-0.6305036425590516,0.90375,0.03675,0.43339646464646464,-0.5928274393081665,0.885,0.10701764225959778,0.44473014771938324,1,1.0543636241165772,1.25,1.0
33,3,shuffled,k,-0.8239805340766907,0.9975,0.001,0.43339646464646464,-0.8291784524917603,1.0,0.18374058604240417,0.21414329931139947,1,1.0543636241165772,1.25,1.0
33,3,shuffled,o,-0.7410510778427124,0.9572499999999999,0.015,0.4791666666666667,-0.7148236036300659,0.945,0.11266139298677444,0.35776414424180986,1,1.0543636241165772,1.25,1.0
33,3,shuffled,pk,-0.8198221802711487,0.9955000000000002,0.001,0.43339646464646464,-0.8291784524917603,1.0,0.13767789751291276,0.26114472597837446,1,1.0543636241165772,1.25,1.0
33,3,shuffled,po,-0.6268273532390595,0.9017499999999999,0.03875,0.4791666666666667,-0.5928274393081665,0.885,0.12107013687491416,0.43191889524459837,1,1.0543636241165772,1.25,1.0
33,3,shuffled,ko,-0.8135846376419067,0.9925,0.003,0.4791666666666667,-0.8291784524917603,1.0,0.12992858439683913,0.27607948184013364,1,1.0543636241165772,1.25,1.0
33,3,shuffled,pko,-0.8037085473537445,0.9877499999999999,0.0045000000000000005,0.4791666666666667,-0.8187825679779053,0.995,0.11821807026863099,0.2958954244852066,1,1.0543636241165772,1.25,1.0
33,3,anti,none,-0.7413331806659699,0.9577499999999999,0.014500000000000002,0.43339646464646464,-0.7148236036300659,0.945,0.10956363379955292,0.3602827712893486,1,1.0543636241165772,1.25,1.0
33,3,anti,p,-0.7277807652950287,0.9510000000000001,0.0165,0.43339646464646464,-0.7044277787208557,0.94,0.07598078399896621,0.40300686955451964,1,1.0543636241165772,1.25,1.0
33,3,anti,k,-0.8239805340766907,0.9975,0.001,0.43339646464646464,-0.8291784524917603,1.0,0.19582160115242003,0.20160416439175605,1,1.0543636241165772,1.25,1.0
33,3,anti,o,-0.7405690431594849,0.9572499999999999,0.015,0.46622474747474746,-0.7148236036300659,0.945,0.11680284291505813,0.3539015665650368,1,1.0543636241165772,1.25,1.0
33,3,anti,pk,-0.8239805340766907,0.9975,0.001,0.43339646464646464,-0.8291784524917603,1.0,0.12630006596446036,0.2711583524942398,1,1.0543636241165772,1.25,1.0
33,3,anti,po,-0.7225828170776367,0.9484999999999999,0.018500000000000003,0.46622474747474746,-0.7044277787208557,0.94,0.10173049345612525,0.37839877903461455,1,1.0543636241165772,1.25,1.0
33,3,anti,ko,-0.8076225519180298,0.9895,0.004,0.46622474747474746,-0.8291784524917603,1.0,0.13742562383413315,0.2724017798900604,1,1.0543636241165772,1.25,1.0
33,3,anti,pko,-0.8063075184822083,0.9889999999999999,0.0045000000000000005,0.46622474747474746,-0.8291784524917603,1.0,0.12014319375157356,0.29105478078126906,1,1.0543636241165772,1.25,1.0
34,1,controlled,none,0.429901659488678,0.0,0.0,0.8374368686868687,0.429901659488678,0.0,0.20019462704658508,0.19592505991458892,1,-0.02064796322076784,0.9432246768515251,1.0
34,1,controlled,p,0.429901659488678,0.0,0.0,0.8374368686868687,0.429901659488678,0.0,0.1887195736169815,0.20740270018577575,1,-0.02064796322076784,0.9432246768515251,1.0
34,1,controlled,k,0.429901659488678,0.0,0.0,0.8374368686868687,0.429901659488678,0.0,0.22247933745384216,0.17363616824150085,1,-0.02064796322076784,0.9432246768515251,1.0
34,1,controlled,o,0.429901659488678,0.0,0.0,0.84375,0.429901659488678,0.0,0.19725904166698455,0.1988610804080963,1,-0.02064796322076784,0.9432246768515251,1.0
34,1,controlled,pk,0.429901659488678,0.0,0.0,0.8374368686868687,0.429901659488678,0.0,0.21082475632429123,0.1852923721075058,1,-0.02064796322076784,0.9432246768515251,1.0
34,1,controlled,po,0.429901659488678,0.0,0.0,0.84375,0.429901659488678,0.0,0.18472749292850493,0.21139519661664963,1,-0.02064796322076784,0.9432246768515251,1.0
34,1,controlled,ko,0.429901659488678,0.0,0.0,0.84375,0.429901659488678,0.0,0.2197825312614441,0.1763337053358555,1,-0.02064796322076784,0.9432246768515251,1.0
34,1,controlled,pko,0.429901659488678,0.0,0.0,0.84375,0.429901659488678,0.0,0.20739489942789077,0.18872304111719132,1,-0.02064796322076784,0.9432246768515251,1.0
34,1,learned,none,0.429901659488678,0.0,0.0,0.8374368686868687,0.429901659488678,0.0,0.20019462704658508,0.19592505991458892,1,-0.02064796322076784,0.9432246768515251,1.0
34,1,learned,p,0.429901659488678,0.0,0.0,0.8374368686868687,0.429901659488678,0.0,0.1889349102973938,0.20720897763967513,1,-0.02064796322076784,0.9432246768515251,1.0
34,1,learned,k,0.429901659488678,0.0,0.0,0.8374368686868687,0.429901659488678,0.0,0.3731623500585556,0.022945834789425135,1,-0.02064796322076784,0.9432246768515251,1.0
34,1,learned,o,0.429901659488678,0.0,0.0,0.2793560606060606,0.429901659488678,0.0,0.19499726891517638,0.20112447887659074,1,-0.02064796322076784,0.9432246768515251,1.0
34,1,learned,pk,0.429901659488678,0.0,0.0,0.8374368686868687,0.429901659488678,0.0,0.3681133836507797,0.027996447496116163,1,-0.02064796322076784,0.9432246768515251,1.0
34,1,learned,po,0.429901659488678,0.0,0.0,0.2793560606060606,0.429901659488678,0.0,0.20220399051904678,0.19389986097812653,1,-0.02064796322076784,0.9432246768515251,1.0
34,1,learned,ko,0.429901659488678,0.0,0.0,0.2793560606060606,0.429901659488678,0.0,0.37809133529663086,0.018019334971904756,1,-0.02064796322076784,0.9432246768515251,1.0
34,1,learned,pko,0.429901659488678,0.0,0.0,0.2793560606060606,0.429901659488678,0.0,0.3762046605348587,0.01990332417190075,1,-0.02064796322076784,0.9432246768515251,1.0
34,1,shuffled,none,0.429901659488678,0.0,0.0,0.8374368686868687,0.429901659488678,0.0,0.20019462704658508,0.19592505991458892,1,-0.02064796322076784,0.9432246768515251,1.0
34,1,shuffled,p,0.429901659488678,0.0,0.0,0.8374368686868687,0.429901659488678,0.0,0.1725721314549446,0.22354860305786134,1,-0.02064796322076784,0.9432246768515251,1.0
34,1,shuffled,k,0.429901659488678,0.0,0.0,0.8374368686868687,0.429901659488678,0.0,0.23454397171735764,0.16157037019729614,1,-0.02064796322076784,0.9432246768515251,1.0
34,1,shuffled,o,0.429901659488678,0.0,0.0,0.8374368686868687,0.429901659488678,0.0,0.19557504057884217,0.20054585337638856,1,-0.02064796322076784,0.9432246768515251,1.0
34,1,shuffled,pk,0.429901659488678,0.0,0.0,0.8374368686868687,0.429901659488678,0.0,0.20653498470783233,0.18957944214344025,1,-0.02064796322076784,0.9432246768515251,1.0
34,1,shuffled,po,0.429901659488678,0.0,0.0,0.8374368686868687,0.429901659488678,0.0,0.17823181450366973,0.21789009869098663,1,-0.02064796322076784,0.9432246768515251,1.0
34,1,shuffled,ko,0.429901659488678,0.0,0.0,0.8374368686868687,0.429901659488678,0.0,0.221853107213974,0.17426333278417588,1,-0.02064796322076784,0.9432246768515251,1.0
34,1,shuffled,pko,0.429901659488678,0.0,0.0,0.8374368686868687,0.429901659488678,0.0,0.2048144444823265,0.19130236953496932,1,-0.02064796322076784,0.9432246768515251,1.0
34,1,anti,none,0.429901659488678,0.0,0.0,0.8374368686868687,0.429901659488678,0.0,0.20019462704658508,0.19592505991458892,1,-0.02064796322076784,0.9432246768515251,1.0
34,1,anti,p,0.429901659488678,0.0,0.0,0.8374368686868687,0.429901659488678,0.0,0.16936583071947098,0.22675547748804092,1,-0.02064796322076784,0.9432246768515251,1.0
34,1,anti,k,0.429901659488678,0.0,0.0,0.8374368686868687,0.429901659488678,0.0,0.23649846613407136,0.15961569249629975,1,-0.02064796322076784,0.9432246768515251,1.0
34,1,anti,o,0.429901659488678,0.0,0.0,0.853219696969697,0.429901659488678,0.0,0.19834928661584855,0.1977715089917183,1,-0.02064796322076784,0.9432246768515251,1.0
34,1,anti,pk,0.429901659488678,0.0,0.0,0.8374368686868687,0.429901659488678,0.0,0.2074456498026848,0.1886688470840454,1,-0.02064796322076784,0.9432246768515251,1.0
34,1,anti,po,0.429901659488678,0.0,0.0,0.853219696969697,0.429901659488678,0.0,0.1790040522813797,0.21711820662021636,1,-0.02064796322076784,0.9432246768515251,1.0
34,1,anti,ko,0.429901659488678,0.0,0.0,0.853219696969697,0.429901659488678,0.0,0.22614357471466065,0.1699727602303028,1,-0.02064796322076784,0.9432246768515251,1.0
34,1,anti,pko,0.429901659488678,0.0,0.0,0.853219696969697,0.429901659488678,0.0,0.20871403366327285,0.18740295618772507,1,-0.02064796322076784,0.9432246768515251,1.0
34,2,controlled,none,0.041335289180278775,0.0,0.0,0.0006313131313131314,0.040155865252017975,0.0,0.3241718471050262,0.07521785013377666,1,1.2350322682060857,0.19218334740433846,1.0
34,2,controlled,p,0.04479696676135063,0.0,0.0,0.0006313131313131314,0.046059899032115936,0.0,0.28069024682044985,0.12206380367279053,1,1.2350322682060857,0.19218334740433846,1.0
34,2,controlled,k,0.04055829644203186,0.0,0.0,0.0006313131313131314,0.040155865252017975,0.0,0.33426968157291415,0.06329787075519562,1,1.2350322682060857,0.19218334740433846,1.0
34,2,controlled,o,0.041335289180278775,0.0,0.0,0.001893939393939394,0.040155865252017975,0.0,0.26587453186511995,0.1330726683139801,1,1.2350322682060857,0.19218334740433846,1.0
34,2,controlled,pk,0.040932857990264894,0.0,0.0,0.0006313131313131314,0.040155865252017975,0.0,0.31542415022850034,0.08334765285253525,1,1.2350322682060857,0.19218334740433846,1.0
34,2,controlled,po,0.04310649931430817,0.0,0.0,0.001893939393939394,0.040155865252017975,0.0,0.2585063219070435,0.1430518388748169,1,1.2350322682060857,0.19218334740433846,1.0
34,2,controlled,ko,0.04055829644203186,0.0,0.0,0.001893939393939394,0.040155865252017975,0.0,0.2791594862937927,0.11829019263386727,1,1.2350322682060857,0.19218334740433846,1.0
34,2,controlled,pko,0.040932857990264894,0.0,0.0,0.001893939393939394,0.040155865252017975,0.0,0.27065457701683043,0.1277855232357979,1,1.2350322682060857,0.19218334740433846,1.0
34,2,learned,none,0.041335289180278775,0.0,0.0,0.0006313131313131314,0.040155865252017975,0.0,0.3241718471050262,0.07521785013377666,1,1.2350322682060857,0.19218334740433846,1.0
34,2,learned,p,0.04184633269906044,0.0,0.0,0.0006313131313131314,0.046059899032115936,0.0,0.30442747473716736,0.09485336020588875,1,1.2350322682060857,0.19218334740433846,1.0
34,2,learned,k,0.040155865252017975,0.0,0.0,0.0006313131313131314,0.040155865252017975,0.0,0.3842894405126572,0.011897823354229332,1,1.2350322682060857,0.19218334740433846,1.0
34,2,learned,o,0.04055829644203186,0.0,0.0,0.1268939393939394,0.040155865252017975,0.0,0.250497505068779,0.14679690822958946,1,1.2350322682060857,0.19218334740433846,1.0
34,2,learned,pk,0.040155865252017975,0.0,0.0,0.0006313131313131314,0.040155865252017975,0.0,0.3800407826900482,0.016141368821263314,1,1.2350322682060857,0.19218334740433846,1.0
34,2,learned,po,0.04055829644203186,0.0,0.0,0.1268939393939394,0.040155865252017975,0.0,0.2435033217072487,0.15312692373991013,1,1.2350322682060857,0.19218334740433846,1.0
34,2,learned,ko,0.040155865252017975,0.0,0.0,0.1268939393939394,0.040155865252017975,0.0,0.37892614901065824,0.017210713494569062,1,1.2350322682060857,0.19218334740433846,1.0
34,2,learned,pko,0.040155865252017975,0.0,0.0,0.1268939393939394,0.040155865252017975,0.0,0.37954552173614503,0.016583787091076375,1,1.2350322682060857,0.19218334740433846,1.0
34,2,shuffled,none,0.041335289180278775,0.0,0.0,0.0006313131313131314,0.040155865252017975,0.0,0.3241718471050262,0.07521785013377666,1,1.2350322682060857,0.19218334740433846,1.0
34,2,shuffled,p,0.04479696676135063,0.0,0.0,0.0006313131313131314,0.046059899032115936,0.0,0.29626201689243314,0.10616908222436905,1,1.2350322682060857,0.19218334740433846,1.0
34,2,shuffled,k,0.04055829644203186,0.0,0.0,0.0006313131313131314,0.040155865252017975,0.0,0.32948303818702696,0.06809374131262302,1,1.2350322682060857,0.19218334740433846,1.0
34,2,shuffled,o,0.041335289180278775,0.0,0.0,0.0012626262626262627,0.040155865252017975,0.0,0.2676131337881088,0.13155039623379708,1,1.2350322682060857,0.19218334740433846,1.0
34,2,shuffled,pk,0.040932857990264894,0.0,0.0,0.0006313131313131314,0.040155865252017975,0.0,0.3132276564836502,0.08545530587434769,1,1.2350322682060857,0.19218334740433846,1.0
34,2,shuffled,po,0.04409933388233185,0.0,0.0,0.0012626262626262627,0.040155865252017975,0.0,0.26336286664009095,0.1385209947824478,1,1.2350322682060857,0.19218334740433846,1.0
34,2,shuffled,ko,0.04055829644203186,0.0,0.0,0.0012626262626262627,0.040155865252017975,0.0,0.27293295562267306,0.1245804026722908,1,1.2350322682060857,0.19218334740433846,1.0
34,2,shuffled,pko,0.040932857990264894,0.0,0.0,0.0012626262626262627,0.040155865252017975,0.0,0.2702226996421814,0.1283040814101696,1,1.2350322682060857,0.19218334740433846,1.0
34,2,anti,none,0.041335289180278775,0.0,0.0,0.0006313131313131314,0.040155865252017975,0.0,0.3241718471050262,0.07521785013377666,1,1.2350322682060857,0.19218334740433846,1.0
34,2,anti,p,0.041925692558288576,0.0,0.0,0.0006313131313131314,0.040155865252017975,0.0,0.2944320857524872,0.10525411143898963,1,1.2350322682060857,0.19218334740433846,1.0
34,2,anti,k,0.041335289180278775,0.0,0.0,0.0006313131313131314,0.040155865252017975,0.0,0.33072746694087984,0.06768940445035695,1,1.2350322682060857,0.19218334740433846,1.0
34,2,anti,o,0.041335289180278775,0.0,0.0,0.0025252525252525255,0.040155865252017975,0.0,0.2663412243127823,0.13305588215589523,1,1.2350322682060857,0.19218334740433846,1.0
34,2,anti,pk,0.040932857990264894,0.0,0.0,0.0006313131313131314,0.040155865252017975,0.0,0.31416270434856414,0.08445019908249378,1,1.2350322682060857,0.19218334740433846,1.0
34,2,anti,po,0.041925692558288576,0.0,0.0,0.0025252525252525255,0.040155865252017975,0.0,0.2598124086856842,0.1398834690451622,1,1.2350322682060857,0.19218334740433846,1.0
34,2,anti,ko,0.041335289180278775,0.0,0.0,0.0025252525252525255,0.040155865252017975,0.0,0.2744065195322037,0.1240046389400959,1,1.2350322682060857,0.19218334740433846,1.0
34,2,anti,pko,0.041335289180278775,0.0,0.0,0.0025252525252525255,0.040155865252017975,0.0,0.2711858183145523,0.12742161825299264,1,1.2350322682060857,0.19218334740433846,1.0
34,3,controlled,none,0.3289833068847656,0.0,0.0,0.22348484848484848,0.3289833068847656,0.0,0.3166784346103668,0.07948510646820069,0,0.0,0.648112498823123,1.0
34,3,controlled,p,0.3289833068847656,0.0,0.0,0.22348484848484848,0.3289833068847656,0.0,0.310751810669899,0.08541364893317223,0,0.0,0.648112498823123,1.0
34,3,controlled,k,0.3289833068847656,0.0,0.0,0.22348484848484848,0.3289833068847656,0.0,0.3264080107212067,0.06974774524569512,0,0.0,0.648112498823123,1.0
34,3,controlled,o,0.3289833068847656,0.0,0.0,0.22537878787878787,0.3289833068847656,0.0,0.32233609855175016,0.07382810115814209,0,0.0,0.648112498823123,1.0
34,3,controlled,pk,0.3289833068847656,0.0,0.0,0.22348484848484848,0.3289833068847656,0.0,0.32094789743423463,0.07520941868424416,0,0.0,0.648112498823123,1.0
34,3,controlled,po,0.3289833068847656,0.0,0.0,0.22537878787878787,0.3289833068847656,0.0,0.3171934813261032,0.07897258400917054,0,0.0,0.648112498823123,1.0
34,3,controlled,ko,0.3289833068847656,0.0,0.0,0.22537878787878787,0.3289833068847656,0.0,0.33082225620746614,0.06533476747572423,0,0.0,0.648112498823123,1.0
34,3,controlled,pko,0.3289833068847656,0.0,0.0,0.22537878787878787,0.3289833068847656,0.0,0.32626173198223113,0.06989683583378792,0,0.0,0.648112498823123,1.0
34,3,learned,none,0.3289833068847656,0.0,0.0,0.22348484848484848,0.3289833068847656,0.0,0.3166784346103668,0.07948510646820069,0,0.0,0.648112498823123,1.0
34,3,learned,p,0.3289833068847656,0.0,0.0,0.22348484848484848,0.3289833068847656,0.0,0.31265923082828523,0.08350562155246735,0,0.0,0.648112498823123,1.0
34,3,learned,k,0.3289833068847656,0.0,0.0,0.22348484848484848,0.3289833068847656,0.0,0.37332846522331237,0.022801600582897662,0,0.0,0.648112498823123,1.0
34,3,learned,o,0.3289833068847656,0.0,0.0,0.1893939393939394,0.3289833068847656,0.0,0.3213495910167694,0.07481497004628182,0,0.0,0.648112498823123,1.0
34,3,learned,pk,0.3289833068847656,0.0,0.0,0.22348484848484848,0.3289833068847656,0.0,0.3722093224525452,0.023920759931206702,0,0.0,0.648112498823123,1.0
34,3,learned,po,0.3289833068847656,0.0,0.0,0.1893939393939394,0.3289833068847656,0.0,0.3109344929456711,0.08522806614637375,0,0.0,0.648112498823123,1.0
34,3,learned,ko,0.3289833068847656,0.0,0.0,0.1893939393939394,0.3289833068847656,0.0,0.372987899184227,0.02314457893371582,0,0.0,0.648112498823123,1.0
34,3,learned,pko,0.3289833068847656,0.0,0.0,0.1893939393939394,0.3289833068847656,0.0,0.3684278428554535,0.02770345378667116,0,0.0,0.648112498823123,1.0
34,3,shuffled,none,0.3289833068847656,0.0,0.0,0.22348484848484848,0.3289833068847656,0.0,0.3166784346103668,0.07948510646820069,0,0.0,0.648112498823123,1.0
34,3,shuffled,p,0.3289833068847656,0.0,0.0,0.22348484848484848,0.3289833068847656,0.0,0.31349094212055206,0.08268481120467186,0,0.0,0.648112498823123,1.0
34,3,shuffled,k,0.3289833068847656,0.0,0.0,0.22348484848484848,0.3289833068847656,0.0,0.32391302585601806,0.07224372252821923,0,0.0,0.648112498823123,1.0
34,3,shuffled,o,0.3289833068847656,0.0,0.0,0.21243686868686867,0.3289833068847656,0.0,0.3175883263349533,0.07857459634542466,0,0.0,0.648112498823123,1.0
34,3,shuffled,pk,0.3289833068847656,0.0,0.0,0.22348484848484848,0.3289833068847656,0.0,0.3210004806518555,0.07516437880694866,0,0.0,0.648112498823123,1.0
34,3,shuffled,po,0.3289833068847656,0.0,0.0,0.21243686868686867,0.3289833068847656,0.0,0.31412750482559204,0.08204596117138863,0,0.0,0.648112498823123,1.0
34,3,shuffled,ko,0.3289833068847656,0.0,0.0,0.21243686868686867,0.3289833068847656,0.0,0.3249212563037872,0.07123517766594886,0,0.0,0.648112498823123,1.0
34,3,shuffled,pko,0.3289833068847656,0.0,0.0,0.21243686868686867,0.3289833068847656,0.0,0.32172938585281374,0.07443382926285266,0,0.0,0.648112498823123,1.0
34,3,anti,none,0.3289833068847656,0.0,0.0,0.22348484848484848,0.3289833068847656,0.0,0.3166784346103668,0.07948510646820069,0,0.0,0.648112498823123,1.0
34,3,anti,p,0.3289833068847656,0.0,0.0,0.22348484848484848,0.3289833068847656,0.0,0.30946309864521027,0.0867082878947258,0,0.0,0.648112498823123,1.0
34,3,anti,k,0.3289833068847656,0.0,0.0,0.22348484848484848,0.3289833068847656,0.0,0.3242464244365692,0.07191033624112605,0,0.0,0.648112498823123,1.0
34,3,anti,o,0.3289833068847656,0.0,0.0,0.2152777777777778,0.3289833068847656,0.0,0.3205500066280365,0.07561395540833474,0,0.0,0.648112498823123,1.0
34,3,anti,pk,0.3289833068847656,0.0,0.0,0.22348484848484848,0.3289833068847656,0.0,0.3187423884868622,0.07742050960659981,0,0.0,0.648112498823123,1.0
34,3,anti,po,0.3289833068847656,0.0,0.0,0.2152777777777778,0.3289833068847656,0.0,0.3128368824720383,0.08333463966846466,0,0.0,0.648112498823123,1.0
34,3,anti,ko,0.3289833068847656,0.0,0.0,0.2152777777777778,0.3289833068847656,0.0,0.32802516520023345,0.06813205294311046,0,0.0,0.648112498823123,1.0
34,3,anti,pko,0.3289833068847656,0.0,0.0,0.2152777777777778,0.3289833068847656,0.0,0.3220875084400177,0.07407554984092712,0,0.0,0.648112498823123,1.0
35,1,controlled,none,-0.4746136784553528,0.0,0.0,0.037247474747474744,-0.4783792793750763,0.0,0.2446242541074753,0.1547314241528511,1,0.5488200908909607,0.3973222433117057,1.0
35,1,controlled,p,-0.47326359152793884,0.0,0.0,0.037247474747474744,-0.4783792793750763,0.0,0.23325932174921035,0.16761384755373002,1,0.5488200908909607,0.3973222433117057,1.0
35,1,controlled,k,-0.4759637713432312,0.0,0.0,0.037247474747474744,-0.4783792793750763,0.0,0.26446032226085664,0.13327812477946283,1,0.5488200908909607,0.3973222433117057,1.0
35,1,controlled,o,-0.4746136784553528,0.0,0.0,0.025883838383838384,-0.4783792793750763,0.0,0.24069102108478546,0.1581806868314743,1,0.5488200908909607,0.3973222433117057,1.0
35,1,controlled,pk,-0.47526790499687194,0.0,0.0,0.037247474747474744,-0.4783792793750763,0.0,0.25451092422008514,0.143868587911129,1,0.5488200908909607,0.3973222433117057,1.0
35,1,controlled,po,-0.4739594548940659,0.0,0.0,0.025883838383838384,-0.4783792793750763,0.0,0.2328976184129715,0.16757366061210632,1,0.5488200908909607,0.3973222433117057,1.0
35,1,controlled,ko,-0.47665963172912595,0.0,0.0,0.025883838383838384,-0.4783792793750763,0.0,0.2595569133758545,0.13787252977490425,1,0.5488200908909607,0.3973222433117057,1.0
35,1,controlled,pko,-0.4759637713432312,0.0,0.0,0.025883838383838384,-0.4783792793750763,0.0,0.25211441069841384,0.14594277441501619,1,0.5488200908909607,0.3973222433117057,1.0
35,1,learned,none,-0.4746136784553528,0.0,0.0,0.037247474747474744,-0.4783792793750763,0.0,0.2446242541074753,0.1547314241528511,1,0.5488200908909607,0.3973222433117057,1.0
35,1,learned,p,-0.4711760073900223,0.0,0.0,0.037247474747474744,-0.4783792793750763,0.0,0.26506095975637434,0.14047517627477646,1,0.5488200908909607,0.3973222433117057,1.0
35,1,learned,k,-0.4783792793750763,0.0,0.0,0.037247474747474744,-0.4783792793750763,0.0,0.3501884013414383,0.046057358756661414,1,0.5488200908909607,0.3973222433117057,1.0
35,1,learned,o,-0.4739594548940659,0.0,0.0,0.15625,-0.4783792793750763,0.0,0.2361932635307312,0.16557622998952864,1,0.5488200908909607,0.3973222433117057,1.0
35,1,learned,pk,-0.47702919244766234,0.0,0.0,0.037247474747474744,-0.4783792793750763,0.0,0.34829015731811525,0.04801554214209318,1,0.5488200908909607,0.3973222433117057,1.0
35,1,learned,po,-0.47252609133720397,0.0,0.0,0.15625,-0.4783792793750763,0.0,0.23470254987478256,0.16999041587114333,1,0.5488200908909607,0.3973222433117057,1.0
35,1,learned,ko,-0.4783792793750763,0.0,0.0,0.15625,-0.4783792793750763,0.0,0.36755114495754243,0.02864565495401621,1,0.5488200908909607,0.3973222433117057,1.0
35,1,learned,pko,-0.47800971269607545,0.0,0.0,0.15625,-0.4783792793750763,0.0,0.3671426743268967,0.02905656900256872,1,0.5488200908909607,0.3973222433117057,1.0
35,1,shuffled,none,-0.4746136784553528,0.0,0.0,0.037247474747474744,-0.4783792793750763,0.0,0.2446242541074753,0.1547314241528511,1,0.5488200908909607,0.3973222433117057,1.0
35,1,shuffled,p,-0.4739594548940659,0.0,0.0,0.037247474747474744,-0.4783792793750763,0.0,0.227776437997818,0.17235753834247589,1,0.5488200908909607,0.3973222433117057,1.0
35,1,shuffled,k,-0.47526790499687194,0.0,0.0,0.037247474747474744,-0.4783792793750763,0.0,0.26947404742240905,0.12860912531614305,1,0.5488200908909607,0.3973222433117057,1.0
35,1,shuffled,o,-0.474613681435585,0.0,0.0,0.037247474747474744,-0.4783792793750763,0.0,0.2400245636701584,0.15947428941726685,1,0.5488200908909607,0.3973222433117057,1.0
35,1,shuffled,pk,-0.47526790499687194,0.0,0.0,0.037247474747474744,-0.4783792793750763,0.0,0.25472633391618726,0.1437821604311466,1,0.5488200908909607,0.3973222433117057,1.0
35,1,shuffled,po,-0.4739594548940659,0.0,0.0,0.037247474747474744,-0.4783792793750763,0.0,0.22822756618261336,0.17201529294252396,1,0.5488200908909607,0.3973222433117057,1.0
35,1,shuffled,ko,-0.47526790499687194,0.0,0.0,0.037247474747474744,-0.4783792793750763,0.0,0.2629625707864761,0.13523267954587936,1,0.5488200908909607,0.3973222433117057,1.0
35,1,shuffled,pko,-0.47526790499687194,0.0,0.0,0.037247474747474744,-0.4783792793750763,0.0,0.2513726517558098,0.14723453521728516,1,0.5488200908909607,0.3973222433117057,1.0
35,1,anti,none,-0.4746136784553528,0.0,0.0,0.037247474747474744,-0.4783792793750763,0.0,0.2446242541074753,0.1547314241528511,1,0.5488200908909607,0.3973222433117057,1.0
35,1,anti,p,-0.4739594548940659,0.0,0.0,0.037247474747474744,-0.4783792793750763,0.0,0.22943740487098693,0.17069312334060668,1,0.5488200908909607,0.3973222433117057,1.0
35,1,anti,k,-0.47526790499687194,0.0,0.0,0.037247474747474744,-0.4783792793750763,0.0,0.2679134488105774,0.13017847537994384,1,0.5488200908909607,0.3973222433117057,1.0
35,1,anti,o,-0.474613681435585,0.0,0.0,0.029671717171717172,-0.4783792793750763,0.0,0.2410659521818161,0.15793478786945342,1,0.5488200908909607,0.3973222433117057,1.0
35,1,anti,pk,-0.47526790499687194,0.0,0.0,0.037247474747474744,-0.4783792793750763,0.0,0.25453250408172606,0.14398709684610367,1,0.5488200908909607,0.3973222433117057,1.0
35,1,anti,po,-0.474613681435585,0.0,0.0,0.029671717171717172,-0.4783792793750763,0.0,0.23100182116031648,0.16865399330854416,1,0.5488200908909607,0.3973222433117057,1.0
35,1,anti,ko,-0.4759637713432312,0.0,0.0,0.029671717171717172,-0.4783792793750763,0.0,0.26123850643634794,0.13668594136834145,1,0.5488200908909607,0.3973222433117057,1.0
35,1,anti,pko,-0.47526790499687194,0.0,0.0,0.029671717171717172,-0.4783792793750763,0.0,0.25175128132104874,0.14654604345560074,1,0.5488200908909607,0.3973222433117057,1.0
35,2,controlled,none,0.5298962593078613,0.0,0.0,0.9239267676767676,0.5298962593078613,0.0,0.20037970691919327,0.1958019882440567,1,0.1718609694109775,1.25,1.0
35,2,controlled,p,0.5298962593078613,0.0,0.0,0.9239267676767676,0.5298962593078613,0.0,0.19624690860509872,0.19993736147880553,1,0.1718609694109775,1.25,1.0
35,2,controlled,k,0.5298962593078613,0.0,0.0,0.9239267676767676,0.5298962593078613,0.0,0.21491708159446715,0.1812366396188736,1,0.1718609694109775,1.25,1.0
35,2,controlled,o,0.5298962593078613,0.0,0.0,0.9172979797979798,0.5298962593078613,0.0,0.2079126626253128,0.18826645165681838,1,0.1718609694109775,1.25,1.0
35,2,controlled,pk,0.5298962593078613,0.0,0.0,0.9239267676767676,0.5298962593078613,0.0,0.21005755066871643,0.1860964760184288,1,0.1718609694109775,1.25,1.0
35,2,controlled,po,0.5298962593078613,0.0,0.0,0.9172979797979798,0.5298962593078613,0.0,0.19492147862911224,0.20126101970672608,1,0.1718609694109775,1.25,1.0
35,2,controlled,ko,0.5298962593078613,0.0,0.0,0.9172979797979798,0.5298962593078613,0.0,0.2163764178752899,0.1797783575952053,1,0.1718609694109775,1.25,1.0
35,2,controlled,pko,0.5298962593078613,0.0,0.0,0.9172979797979798,0.5298962593078613,0.0,0.20777245312929155,0.18838354721665382,1,0.1718609694109775,1.25,1.0
35,2,learned,none,0.5298962593078613,0.0,0.0,0.9239267676767676,0.5298962593078613,0.0,0.20037970691919327,0.1958019882440567,1,0.1718609694109775,1.25,1.0
35,2,learned,p,0.5298962593078613,0.0,0.0,0.9239267676767676,0.5298962593078613,0.0,0.17800876945257188,0.21816569566726685,1,0.1718609694109775,1.25,1.0
35,2,learned,k,0.5298962593078613,0.0,0.0,0.9239267676767676,0.5298962593078613,0.0,0.35049190521240237,0.04562633875757456,1,0.1718609694109775,1.25,1.0
35,2,learned,o,0.5298962593078613,0.0,0.0,0.21243686868686867,0.5298962593078613,0.0,0.21136113703250886,0.18482839018106462,1,0.1718609694109775,1.25,1.0
35,2,learned,pk,0.5298962593078613,0.0,0.0,0.9239267676767676,0.5298962593078613,0.0,0.34177922308444975,0.054337600618600844,1,0.1718609694109775,1.25,1.0
35,2,learned,po,0.5298962593078613,0.0,0.0,0.21243686868686867,0.5298962593078613,0.0,0.1820625588297844,0.214068204164505,1,0.1718609694109775,1.25,1.0
35,2,learned,ko,0.5298962593078613,0.0,0.0,0.21243686868686867,0.5298962593078613,0.0,0.3757904201745987,0.020326860062777997,1,0.1718609694109775,1.25,1.0
35,2,learned,pko,0.5298962593078613,0.0,0.0,0.21243686868686867,0.5298962593078613,0.0,0.3687596917152405,0.027352511044591667,1,0.1718609694109775,1.25,1.0
35,2,shuffled,none,0.5298962593078613,0.0,0.0,0.9239267676767676,0.5298962593078613,0.0,0.20037970691919327,0.1958019882440567,1,0.1718609694109775,1.25,1.0
35,2,shuffled,p,0.5298962593078613,0.0,0.0,0.9239267676767676,0.5298962593078613,0.0,0.15783508121967316,0.2383492410182953,1,0.1718609694109775,1.25,1.0
35,2,shuffled,k,0.5298962593078613,0.0,0.0,0.9239267676767676,0.5298962593078613,0.0,0.22437948733568192,0.17176322117447854,1,0.1718609694109775,1.25,1.0
35,2,shuffled,o,0.5298962593078613,0.0,0.0,0.9239267676767676,0.5298962593078613,0.0,0.20625818520784378,0.18992287665605545,1,0.1718609694109775,1.25,1.0
35,2,shuffled,pk,0.5298962593078613,0.0,0.0,0.9239267676767676,0.5298962593078613,0.0,0.20069962441921235,0.19544247537851334,1,0.1718609694109775,1.25,1.0
35,2,shuffled,po,0.5298962593078613,0.0,0.0,0.9239267676767676,0.5298962593078613,0.0,0.19840514212846755,0.19777891784906387,1,0.1718609694109775,1.25,1.0
35,2,shuffled,ko,0.5298962593078613,0.0,0.0,0.9239267676767676,0.5298962593078613,0.0,0.216784331202507,0.17936726585030555,1,0.1718609694109775,1.25,1.0
35,2,shuffled,pko,0.5298962593078613,0.0,0.0,0.9239267676767676,0.5298962593078613,0.0,0.20948105454444885,0.186671182513237,1,0.1718609694109775,1.25,1.0
35,2,anti,none,0.5298962593078613,0.0,0.0,0.9239267676767676,0.5298962593078613,0.0,0.20037970691919327,0.1958019882440567,1,0.1718609694109775,1.25,1.0
35,2,anti,p,0.5298962593078613,0.0,0.0,0.9239267676767676,0.5298962593078613,0.0,0.1488587439060211,0.2473533868789673,1,0.1718609694109775,1.25,1.0
35,2,anti,k,0.5298962593078613,0.0,0.0,0.9239267676767676,0.5298962593078613,0.0,0.2230704739689827,0.17307370156049728,1,0.1718609694109775,1.25,1.0
35,2,anti,o,0.5298962593078613,0.0,0.0,0.9034090909090909,0.5298962593078613,0.0,0.19605397880077363,0.20013206005096434,1,0.1718609694109775,1.25,1.0
35,2,anti,pk,0.5298962593078613,0.0,0.0,0.9239267676767676,0.5298962593078613,0.0,0.19172744899988176,0.20442596673965455,1,0.1718609694109775,1.25,1.0
35,2,anti,po,0.5298962593078613,0.0,0.0,0.9034090909090909,0.5298962593078613,0.0,0.17376212328672408,0.22244926393032075,1,0.1718609694109775,1.25,1.0
35,2,anti,ko,0.5298962593078613,0.0,0.0,0.9034090909090909,0.5298962593078613,0.0,0.21270773857831954,0.1834480956196785,1,0.1718609694109775,1.25,1.0
35,2,anti,pko,0.5298962593078613,0.0,0.0,0.9034090909090909,0.5298962593078613,0.0,0.1963297486305237,0.19983515739440919,1,0.1718609694109775,1.25,1.0
35,3,controlled,none,0.370507025718689,0.0,0.0,0.2840909090909091,0.3700670599937439,0.0,0.08180969357490539,0.31497224867343904,1,0.0027000821902161687,1.1057602449665418,1.0
35,3,controlled,p,0.370507025718689,0.0,0.0,0.2840909090909091,0.3700670599937439,0.0,0.08176126293838024,0.3152299165725708,1,0.0027000821902161687,1.1057602449665418,1.0
35,3,controlled,k,0.3700670599937439,0.0,0.0,0.2840909090909091,0.3700670599937439,0.0,0.13679223358631135,0.25971987247467043,1,0.0027000821902161687,1.1057602449665418,1.0
35,3,controlled,o,0.370507025718689,0.0,0.0,0.2878787878787879,0.3700670599937439,0.0,0.1317174404859543,0.2650857836008072,1,0.0027000821902161687,1.1057602449665418,1.0
35,3,controlled,pk,0.370507025718689,0.0,0.0,0.2840909090909091,0.3700670599937439,0.0,0.12329209595918655,0.27332374155521394,1,0.0027000821902161687,1.1057602449665418,1.0
35,3,controlled,po,0.370507025718689,0.0,0.0,0.2878787878787879,0.3700670599937439,0.0,0.13026246726512908,0.2667433261871338,1,0.0027000821902161687,1.1057602449665418,1.0
35,3,controlled,ko,0.3700670599937439,0.0,0.0,0.2878787878787879,0.3700670599937439,0.0,0.16829956769943238,0.22825987488031388,1,0.0027000821902161687,1.1057602449665418,1.0
35,3,controlled,pko,0.370507025718689,0.0,0.0,0.2878787878787879,0.3700670599937439,0.0,0.16364781856536864,0.23301855921745301,1,0.0027000821902161687,1.1057602449665418,1.0
35,3,learned,none,0.370507025718689,0.0,0.0,0.2840909090909091,0.3700670599937439,0.0,0.08180969357490539,0.31497224867343904,1,0.0027000821902161687,1.1057602449665418,1.0
35,3,learned,p,0.370946991443634,0.0,0.0,0.2840909090909091,0.3700670599937439,0.0,0.09760371893644333,0.2996180608868599,1,0.0027000821902161687,1.1057602449665418,1.0
35,3,learned,k,0.3700670599937439,0.0,0.0,0.2840909090909091,0.3700670599937439,0.0,0.3233330935239792,0.07281156666576863,1,0.0027000821902161687,1.1057602449665418,1.0
35,3,learned,o,0.370507025718689,0.0,0.0,0.19633838383838384,0.3700670599937439,0.0,0.13513013869524002,0.2616825789213181,1,0.0027000821902161687,1.1057602449665418,1.0
35,3,learned,pk,0.3700670599937439,0.0,0.0,0.2840909090909091,0.3700670599937439,0.0,0.3242339283227921,0.07191501185297966,1,0.0027000821902161687,1.1057602449665418,1.0
35,3,learned,po,0.3700670599937439,0.0,0.0,0.19633838383838384,0.3700670599937439,0.0,0.15105842053890228,0.24548001140356063,1,0.0027000821902161687,1.1057602449665418,1.0
35,3,learned,ko,0.3700670599937439,0.0,0.0,0.19633838383838384,0.3700670599937439,0.0,0.367750871181488,0.028388700820505618,1,0.0027000821902161687,1.1057602449665418,1.0
35,3,learned,pko,0.3700670599937439,0.0,0.0,0.19633838383838384,0.3700670599937439,0.0,0.3659078687429428,0.030225721560418604,1,0.0027000821902161687,1.1057602449665418,1.0
35,3,shuffled,none,0.370507025718689,0.0,0.0,0.2840909090909091,0.3700670599937439,0.0,0.08180969357490539,0.31497224867343904,1,0.0027000821902161687,1.1057602449665418,1.0
35,3,shuffled,p,0.370946991443634,0.0,0.0,0.2840909090909091,0.3700670599937439,0.0,0.06592013835906982,0.33291277587413787,1,0.0027000821902161687,1.1057602449665418,1.0
35,3,shuffled,k,0.3700670599937439,0.0,0.0,0.2840909090909091,0.3700670599937439,0.0,0.14903187304735183,0.24744089245796203,1,0.0027000821902161687,1.1057602449665418,1.0
35,3,shuffled,o,0.370507025718689,0.0,0.0,0.27051767676767674,0.3700670599937439,0.0,0.13034447878599167,0.26642534136772156,1,0.0027000821902161687,1.1057602449665418,1.0
35,3,shuffled,pk,0.370507025718689,0.0,0.0,0.2840909090909091,0.3700670599937439,0.0,0.12103884890675545,0.2755778431892395,1,0.0027000821902161687,1.1057602449665418,1.0
35,3,shuffled,po,0.370507025718689,0.0,0.0,0.27051767676767674,0.3700670599937439,0.0,0.11855393126606942,0.27872909009456637,1,0.0027000821902161687,1.1057602449665418,1.0
35,3,shuffled,ko,0.3700670599937439,0.0,0.0,0.27051767676767674,0.3700670599937439,0.0,0.17462575882673265,0.22189675718545915,1,0.0027000821902161687,1.1057602449665418,1.0
35,3,shuffled,pko,0.3700670599937439,0.0,0.0,0.27051767676767674,0.3700670599937439,0.0,0.16052366197109222,0.23611890971660615,1,0.0027000821902161687,1.1057602449665418,1.0
35,3,anti,none,0.370507025718689,0.0,0.0,0.2840909090909091,0.3700670599937439,0.0,0.08180969357490539,0.31497224867343904,1,0.0027000821902161687,1.1057602449665418,1.0
35,3,anti,p,0.370507025718689,0.0,0.0,0.2840909090909091,0.3700670599937439,0.0,0.06474264152348042,0.33240521848201754,1,0.0027000821902161687,1.1057602449665418,1.0
35,3,anti,k,0.3700670599937439,0.0,0.0,0.2840909090909091,0.3700670599937439,0.0,0.1290121428668499,0.2674896389245987,1,0.0027000821902161687,1.1057602449665418,1.0
35,3,anti,o,0.370507025718689,0.0,0.0,0.28724747474747475,0.3700670599937439,0.0,0.10373387783765793,0.29306752383708956,1,0.0027000821902161687,1.1057602449665418,1.0
35,3,anti,pk,0.370507025718689,0.0,0.0,0.2840909090909091,0.3700670599937439,0.0,0.10898936316370963,0.28764019906520844,1,0.0027000821902161687,1.1057602449665418,1.0
35,3,anti,po,0.370507025718689,0.0,0.0,0.28724747474747475,0.3700670599937439,0.0,0.08388028517365456,0.3131114810705185,1,0.0027000821902161687,1.1057602449665418,1.0
35,3,anti,ko,0.3700670599937439,0.0,0.0,0.28724747474747475,0.3700670599937439,0.0,0.14767502695322038,0.24886682480573655,1,0.0027000821902161687,1.1057602449665418,1.0
35,3,anti,pko,0.370507025718689,0.0,0.0,0.28724747474747475,0.3700670599937439,0.0,0.1268461175262928,0.26980339288711547,1,0.0027000821902161687,1.1057602449665418,1.0
36,1,controlled,none,-0.7677734792232513,0.0,0.0,0.13131313131313133,-0.7739316821098328,0.0,0.18967683017253875,0.21085689663887025,1,-0.06240836873032618,0.48705780554485945,1.0
36,1,controlled,p,-0.7662339210510254,0.0,0.0,0.13131313131313133,-0.758536159992218,0.0,0.17873874306678772,0.22418121993541718,1,-0.06240836873032618,0.48705780554485945,1.0
36,1,controlled,k,-0.770082825422287,0.0,0.0,0.13131313131313133,-0.7739316821098328,0.0,0.21549459546804428,0.18252409845590592,1,-0.06240836873032618,0.48705780554485945,1.0
36,1,controlled,o,-0.7654641389846801,0.0,0.0,0.14741161616161616,-0.758536159992218,0.0,0.17969068735837937,0.22320345789194107,1,-0.06240836873032618,0.48705780554485945,1.0
36,1,controlled,pk,-0.770082825422287,0.0,0.0,0.13131313131313133,-0.7739316821098328,0.0,0.2037690982222557,0.19509599953889847,1,-0.06240836873032618,0.48705780554485945,1.0
36,1,controlled,po,-0.762154221534729,0.0,0.0,0.14741161616161616,-0.7539201378822327,0.0,0.1721022829413414,0.23329453617334367,1,-0.06240836873032618,0.48705780554485945,1.0
36,1,controlled,ko,-0.7685432612895966,0.0,0.0,0.14741161616161616,-0.7739316821098328,0.0,0.20284852385520935,0.1966122418642044,1,-0.06240836873032618,0.48705780554485945,1.0
36,1,controlled,pko,-0.768158370256424,0.0,0.0,0.14741161616161616,-0.7662339210510254,0.0,0.19379983991384506,0.20670775473117828,1,-0.06240836873032618,0.48705780554485945,1.0
36,1,learned,none,-0.7677734792232513,0.0,0.0,0.13131313131313133,-0.7739316821098328,0.0,0.18967683017253875,0.21085689663887025,1,-0.06240836873032618,0.48705780554485945,1.0
36,1,learned,p,-0.7673885881900787,0.0,0.0,0.13131313131313133,-0.7662339210510254,0.0,0.18722672313451766,0.21488388627767563,1,-0.06240836873032618,0.48705780554485945,1.0
36,1,learned,k,-0.7739316821098328,0.0,0.0,0.13131313131313133,-0.7739316821098328,0.0,0.3059285044670105,0.09049829244613647,1,-0.06240836873032618,0.48705780554485945,1.0
36,1,learned,o,-0.7646943688392639,0.0,0.0,0.25,-0.758536159992218,0.0,0.17550866901874543,0.22899049818515776,1,-0.06240836873032618,0.48705780554485945,1.0
36,1,learned,pk,-0.7739316821098328,0.0,0.0,0.13131313131313133,-0.7739316821098328,0.0,0.3012905031442642,0.09517595805227756,1,-0.06240836873032618,0.48705780554485945,1.0
36,1,learned,po,-0.7621542096138001,0.0,0.0,0.25,-0.7539201378822327,0.0,0.17422280609607696,0.2311660975217819,1,-0.06240836873032618,0.48705780554485945,1.0
36,1,learned,ko,-0.7731619119644165,0.0,0.0,0.25,-0.7739316821098328,0.0,0.2917049705982208,0.10491495504975319,1,-0.06240836873032618,0.48705780554485945,1.0
36,1,learned,pko,-0.7723921418190003,0.0,0.0,0.25,-0.7739316821098328,0.0,0.29040991961956025,0.10623090118169784,1,-0.06240836873032618,0.48705780554485945,1.0
36,1,shuffled,none,-0.7677734792232513,0.0,0.0,0.13131313131313133,-0.7739316821098328,0.0,0.18967683017253875,0.21085689663887025,1,-0.06240836873032618,0.48705780554485945,1.0
36,1,shuffled,p,-0.7635396957397461,0.0,0.0,0.13131313131313133,-0.758536159992218,0.0,0.17768206745386123,0.22815564423799514,1,-0.06240836873032618,0.48705780554485945,1.0
36,1,shuffled,k,-0.770082825422287,0.0,0.0,0.13131313131313133,-0.7739316821098328,0.0,0.21065265983343123,0.1868225395679474,1,-0.06240836873032618,0.48705780554485945,1.0
36,1,shuffled,o,-0.7670036971569061,0.0,0.0,0.1158459595959596,-0.758536159992218,0.0,0.20023694932460784,0.20136160105466844,1,-0.06240836873032618,0.48705780554485945,1.0
36,1,shuffled,pk,-0.770082825422287,0.0,0.0,0.13131313131313133,-0.7739316821098328,0.0,0.19974662661552428,0.19876731932163239,1,-0.06240836873032618,0.48705780554485945,1.0
36,1,shuffled,po,-0.764078676700592,0.0,0.0,0.1158459595959596,-0.7539201378822327,0.0,0.19266682118177414,0.21289436817169188,1,-0.06240836873032618,0.48705780554485945,1.0
36,1,shuffled,ko,-0.770082825422287,0.0,0.0,0.1158459595959596,-0.7739316821098328,0.0,0.22023572772741318,0.17787809520959855,1,-0.06240836873032618,0.48705780554485945,1.0
36,1,shuffled,pko,-0.7693130433559418,0.0,0.0,0.1158459595959596,-0.7739316821098328,0.0,0.2130730554461479,0.18617333173751832,1,-0.06240836873032618,0.48705780554485945,1.0
36,1,anti,none,-0.7677734792232513,0.0,0.0,0.13131313131313133,-0.7739316821098328,0.0,0.18967683017253875,0.21085689663887025,1,-0.06240836873032618,0.48705780554485945,1.0
36,1,anti,p,-0.766618812084198,0.0,0.0,0.13131313131313133,-0.7662339210510254,0.0,0.17461292445659637,0.22735692858695983,1,-0.06240836873032618,0.48705780554485945,1.0
36,1,anti,k,-0.770082825422287,0.0,0.0,0.13131313131313133,-0.7739316821098328,0.0,0.2231741204857826,0.17528592571616172,1,-0.06240836873032618,0.48705780554485945,1.0
36,1,anti,o,-0.7670036971569061,0.0,0.0,0.1259469696969697,-0.758536159992218,0.0,0.19895544052124023,0.20158216506242752,1,-0.06240836873032618,0.48705780554485945,1.0
36,1,anti,pk,-0.770082825422287,0.0,0.0,0.13131313131313133,-0.7739316821098328,0.0,0.20787936449050903,0.19124972373247145,1,-0.06240836873032618,0.48705780554485945,1.0
36,1,anti,po,-0.7670036971569061,0.0,0.0,0.1259469696969697,-0.758536159992218,0.0,0.18455450534820556,0.21742922365665435,1,-0.06240836873032618,0.48705780554485945,1.0
36,1,anti,ko,-0.770082825422287,0.0,0.0,0.1259469696969697,-0.7739316821098328,0.0,0.22745028734207154,0.1710209831595421,1,-0.06240836873032618,0.48705780554485945,1.0
36,1,anti,pko,-0.770082825422287,0.0,0.0,0.1259469696969697,-0.7739316821098328,0.0,0.2132775142788887,0.18587060123682023,1,-0.06240836873032618,0.48705780554485945,1.0
36,2,controlled,none,0.11363914608955383,0.0,0.0,0.9071969696969697,0.11363914608955383,0.0,0.13831851184368132,0.2579114407300949,1,0.0593737602274618,1.1043856525902063,1.0
36,2,controlled,p,0.11363914608955383,0.0,0.0,0.9071969696969697,0.11363914608955383,0.0,0.133555556088686,0.26270330846309664,1,0.0593737602274618,1.1043856525902063,1.0
36,2,controlled,k,0.11363914608955383,0.0,0.0,0.9071969696969697,0.11363914608955383,0.0,0.16260290890932083,0.23358133286237717,1,0.0593737602274618,1.1043856525902063,1.0
36,2,controlled,o,0.11363914608955383,0.0,0.0,0.9081439393939394,0.11363914608955383,0.0,0.1386478513479233,0.25760014951229093,1,0.0593737602274618,1.1043856525902063,1.0
36,2,controlled,pk,0.11363914608955383,0.0,0.0,0.9071969696969697,0.11363914608955383,0.0,0.15706832110881805,0.23913095593452455,1,0.0593737602274618,1.1043856525902063,1.0
36,2,controlled,po,0.11363914608955383,0.0,0.0,0.9081439393939394,0.11363914608955383,0.0,0.13479051738977432,0.2614940613508224,1,0.0593737602274618,1.1043856525902063,1.0
36,2,controlled,ko,0.11363914608955383,0.0,0.0,0.9081439393939394,0.11363914608955383,0.0,0.16186283230781556,0.23433560281991958,1,0.0593737602274618,1.1043856525902063,1.0
36,2,controlled,pko,0.11363914608955383,0.0,0.0,0.9081439393939394,0.11363914608955383,0.0,0.15729364454746247,0.23892441987991334,1,0.0593737602274618,1.1043856525902063,1.0
36,2,learned,none,0.11363914608955383,0.0,0.0,0.9071969696969697,0.11363914608955383,0.0,0.13831851184368132,0.2579114407300949,1,0.0593737602274618,1.1043856525902063,1.0
36,2,learned,p,0.11363914608955383,0.0,0.0,0.9071969696969697,0.11363914608955383,0.0,0.13326743021607398,0.2629479706287384,1,0.0593737602274618,1.1043856525902063,1.0
36,2,learned,k,0.11363914608955383,0.0,0.0,0.9071969696969697,0.11363914608955383,0.0,0.24800150990486144,0.14813179820775985,1,0.0593737602274618,1.1043856525902063,1.0
36,2,learned,o,0.11363914608955383,0.0,0.0,0.6830808080808081,0.11363914608955383,0.0,0.14032144248485565,0.2559396982192993,1,0.0593737602274618,1.1043856525902063,1.0
36,2,learned,pk,0.11363914608955383,0.0,0.0,0.9071969696969697,0.11363914608955383,0.0,0.2449597716331482,0.15117085129022598,1,0.0593737602274618,1.1043856525902063,1.0
36,2,learned,po,0.11363914608955383,0.0,0.0,0.6830808080808081,0.11363914608955383,0.0,0.13575005680322647,0.2605002194643021,1,0.0593737602274618,1.1043856525902063,1.0
36,2,learned,ko,0.11363914608955383,0.0,0.0,0.6830808080808081,0.11363914608955383,0.0,0.24350160509347915,0.15264126807451248,1,0.0593737602274618,1.1043856525902063,1.0
36,2,learned,pko,0.11363914608955383,0.0,0.0,0.6830808080808081,0.11363914608955383,0.0,0.24031001329421997,0.15583067685365676,1,0.0593737602274618,1.1043856525902063,1.0
36,2,shuffled,none,0.11363914608955383,0.0,0.0,0.9071969696969697,0.11363914608955383,0.0,0.13831851184368132,0.2579114407300949,1,0.0593737602274618,1.1043856525902063,1.0
36,2,shuffled,p,0.11363914608955383,0.0,0.0,0.9071969696969697,0.11363914608955383,0.0,0.12409347146749497,0.27215568721294403,1,0.0593737602274618,1.1043856525902063,1.0
36,2,shuffled,k,0.11363914608955383,0.0,0.0,0.9071969696969697,0.11363914608955383,0.0,0.16546632051467897,0.23071781247854234,1,0.0593737602274618,1.1043856525902063,1.0
36,2,shuffled,o,0.11363914608955383,0.0,0.0,0.9075126262626263,0.11363914608955383,0.0,0.1346431255340576,0.2616196393966675,1,0.0593737602274618,1.1043856525902063,1.0
36,2,shuffled,pk,0.11363914608955383,0.0,0.0,0.9071969696969697,0.11363914608955383,0.0,0.15049516409635544,0.24569897949695588,1,0.0593737602274618,1.1043856525902063,1.0
36,2,shuffled,po,0.11363914608955383,0.0,0.0,0.9075126262626263,0.11363914608955383,0.0,0.12181214541196823,0.2744925141334534,1,0.0593737602274618,1.1043856525902063,1.0
36,2,shuffled,ko,0.11363914608955383,0.0,0.0,0.9075126262626263,0.11363914608955383,0.0,0.1603866845369339,0.23581923842430114,1,0.0593737602274618,1.1043856525902063,1.0
36,2,shuffled,pko,0.11363914608955383,0.0,0.0,0.9075126262626263,0.11363914608955383,0.0,0.14695122241973876,0.24927747249603271,1,0.0593737602274618,1.1043856525902063,1.0
36,2,anti,none,0.11363914608955383,0.0,0.0,0.9071969696969697,0.11363914608955383,0.0,0.13831851184368132,0.2579114407300949,1,0.0593737602274618,1.1043856525902063,1.0
36,2,anti,p,0.11363914608955383,0.0,0.0,0.9071969696969697,0.11363914608955383,0.0,0.12494099661707878,0.2712949067354202,1,0.0593737602274618,1.1043856525902063,1.0
36,2,anti,k,0.11363914608955383,0.0,0.0,0.9071969696969697,0.11363914608955383,0.0,0.16833207458257676,0.22785415053367614,1,0.0593737602274618,1.1043856525902063,1.0
36,2,anti,o,0.11363914608955383,0.0,0.0,0.9226641414141414,0.11363914608955383,0.0,0.13294635862112045,0.2632927194237709,1,0.0593737602274618,1.1043856525902063,1.0
36,2,anti,pk,0.11363914608955383,0.0,0.0,0.9071969696969697,0.11363914608955383,0.0,0.15601679682731628,0.24017265141010286,1,0.0593737602274618,1.1043856525902063,1.0
36,2,anti,po,0.11363914608955383,0.0,0.0,0.9226641414141414,0.11363914608955383,0.0,0.12122387960553169,0.2750221610069275,1,0.0593737602274618,1.1043856525902063,1.0
36,2,anti,ko,0.11363914608955383,0.0,0.0,0.9226641414141414,0.11363914608955383,0.0,0.1633527621626854,0.2328384518623352,1,0.0593737602274618,1.1043856525902063,1.0
36,2,anti,pko,0.11363914608955383,0.0,0.0,0.9226641414141414,0.11363914608955383,0.0,0.15246857851743698,0.24372635632753373,1,0.0593737602274618,1.1043856525902063,1.0
36,3,controlled,none,0.6270709037780762,0.0,0.0,0.2556818181818182,0.6270709037780762,0.0,0.19362302273511886,0.202479749917984,1,0.5011142476148327,0.5512226613180586,1.0
36,3,controlled,p,0.6270709037780762,0.0,0.0,0.2556818181818182,0.6270709037780762,0.0,0.18380564749240874,0.21229995489120485,1,0.5011142476148327,0.5512226613180586,1.0
36,3,controlled,k,0.6270709037780762,0.0,0.0,0.2556818181818182,0.6270709037780762,0.0,0.22062749713659285,0.175472754240036,1,0.5011142476148327,0.5512226613180586,1.0
36,3,controlled,o,0.6270709037780762,0.0,0.0,0.26641414141414144,0.6270709037780762,0.0,0.19179098606109618,0.20431192964315414,1,0.5011142476148327,0.5512226613180586,1.0
36,3,controlled,pk,0.6270709037780762,0.0,0.0,0.2556818181818182,0.6270709037780762,0.0,0.2089004173874855,0.18720018044114112,1,0.5011142476148327,0.5512226613180586,1.0
36,3,controlled,po,0.6270709037780762,0.0,0.0,0.26641414141414144,0.6270709037780762,0.0,0.1828085035085678,0.21329719871282576,1,0.5011142476148327,0.5512226613180586,1.0
36,3,controlled,ko,0.6270709037780762,0.0,0.0,0.26641414141414144,0.6270709037780762,0.0,0.21733488887548447,0.17876550331711769,1,0.5011142476148327,0.5512226613180586,1.0
36,3,controlled,pko,0.6270709037780762,0.0,0.0,0.26641414141414144,0.6270709037780762,0.0,0.20654082149267197,0.18955988585948944,1,0.5011142476148327,0.5512226613180586,1.0
36,3,learned,none,0.6270709037780762,0.0,0.0,0.2556818181818182,0.6270709037780762,0.0,0.19362302273511886,0.202479749917984,1,0.5011142476148327,0.5512226613180586,1.0
36,3,learned,p,0.6270709037780762,0.0,0.0,0.2556818181818182,0.6270709037780762,0.0,0.17622532248497008,0.21987617015838623,1,0.5011142476148327,0.5512226613180586,1.0
36,3,learned,k,0.6270709037780762,0.0,0.0,0.2556818181818182,0.6270709037780762,0.0,0.36357906758785247,0.03252992033958435,1,0.5011142476148327,0.5512226613180586,1.0
36,3,learned,o,0.6270709037780762,0.0,0.0,0.1663510101010101,0.6270709037780762,0.0,0.18149641901254654,0.21460698544979095,1,0.5011142476148327,0.5512226613180586,1.0
36,3,learned,pk,0.6270709037780762,0.0,0.0,0.2556818181818182,0.6270709037780762,0.0,0.3609918296337128,0.03511625211685896,1,0.5011142476148327,0.5512226613180586,1.0
36,3,learned,po,0.6270709037780762,0.0,0.0,0.1663510101010101,0.6270709037780762,0.0,0.16996344923973083,0.22613692581653594,1,0.5011142476148327,0.5512226613180586,1.0
36,3,learned,ko,0.6270709037780762,0.0,0.0,0.1663510101010101,0.6270709037780762,0.0,0.3699158847332001,0.026194266602396966,1,0.5011142476148327,0.5512226613180586,1.0
36,3,learned,pko,0.6270709037780762,0.0,0.0,0.1663510101010101,0.6270709037780762,0.0,0.36803150177001953,0.02807667590677738,1,0.5011142476148327,0.5512226613180586,1.0
36,3,shuffled,none,0.6270709037780762,0.0,0.0,0.2556818181818182,0.6270709037780762,0.0,0.19362302273511886,0.202479749917984,1,0.5011142476148327,0.5512226613180586,1.0
36,3,shuffled,p,0.6270709037780762,0.0,0.0,0.2556818181818182,0.6270709037780762,0.0,0.18270485401153563,0.21340249329805375,1,0.5011142476148327,0.5512226613180586,1.0
36,3,shuffled,k,0.6270709037780762,0.0,0.0,0.2556818181818182,0.6270709037780762,0.0,0.22538722157478333,0.17071317583322526,1,0.5011142476148327,0.5512226613180586,1.0
36,3,shuffled,o,0.6270709037780762,0.0,0.0,0.25789141414141414,0.6270709037780762,0.0,0.19650033563375474,0.19960272312164307,1,0.5011142476148327,0.5512226613180586,1.0
36,3,shuffled,pk,0.6270709037780762,0.0,0.0,0.2556818181818182,0.6270709037780762,0.0,0.21185326725244522,0.1842485636472702,1,0.5011142476148327,0.5512226613180586,1.0
36,3,shuffled,po,0.6270709037780762,0.0,0.0,0.25789141414141414,0.6270709037780762,0.0,0.18551606833934783,0.21059145778417587,1,0.5011142476148327,0.5512226613180586,1.0
36,3,shuffled,ko,0.6270709037780762,0.0,0.0,0.25789141414141414,0.6270709037780762,0.0,0.2274000734090805,0.16870061606168746,1,0.5011142476148327,0.5512226613180586,1.0
36,3,shuffled,pko,0.6270709037780762,0.0,0.0,0.25789141414141414,0.6270709037780762,0.0,0.21396650224924088,0.18213552832603455,1,0.5011142476148327,0.5512226613180586,1.0
36,3,anti,none,0.6270709037780762,0.0,0.0,0.2556818181818182,0.6270709037780762,0.0,0.19362302273511886,0.202479749917984,1,0.5011142476148327,0.5512226613180586,1.0
36,3,anti,p,0.6270709037780762,0.0,0.0,0.2556818181818182,0.6270709037780762,0.0,0.17401226311922074,0.2220899745821953,1,0.5011142476148327,0.5512226613180586,1.0
36,3,anti,k,0.6270709037780762,0.0,0.0,0.2556818181818182,0.6270709037780762,0.0,0.22846074849367143,0.16763969287276267,1,0.5011142476148327,0.5512226613180586,1.0
36,3,anti,o,0.6270709037780762,0.0,0.0,0.25946969696969696,0.6270709037780762,0.0,0.19282346218824387,0.20327942073345184,1,0.5011142476148327,0.5512226613180586,1.0
36,3,anti,pk,0.6270709037780762,0.0,0.0,0.2556818181818182,0.6270709037780762,0.0,0.20789734423160552,0.18820293992757797,1,0.5011142476148327,0.5512226613180586,1.0
36,3,anti,po,0.6270709037780762,0.0,0.0,0.25946969696969696,0.6270709037780762,0.0,0.17960437387228012,0.21649790853261947,1,0.5011142476148327,0.5512226613180586,1.0
36,3,anti,ko,0.6270709037780762,0.0,0.0,0.25946969696969696,0.6270709037780762,0.0,0.22457897514104844,0.17152154371142386,1,0.5011142476148327,0.5512226613180586,1.0
36,3,anti,pko,0.6270709037780762,0.0,0.0,0.25946969696969696,0.6270709037780762,0.0,0.20913442522287368,0.18696590512990952,1,0.5011142476148327,0.5512226613180586,1.0
37,1,controlled,none,-0.18011535704135895,0.0,0.0,0.6013257575757576,-0.18011535704135895,0.0,0.26706431806087494,0.12931868061423302,1,0.2045069316350556,0.7343737439557497,1.0
37,1,controlled,p,-0.18011535704135895,0.0,0.0,0.6013257575757576,-0.18011535704135895,0.0,0.2571854189038277,0.13931430727243424,1,0.2045069316350556,0.7343737439557497,1.0
37,1,controlled,k,-0.18011535704135895,0.0,0.0,0.6013257575757576,-0.18011535704135895,0.0,0.285371458530426,0.11093067973852158,1,0.2045069316350556,0.7343737439557497,1.0
37,1,controlled,o,-0.18011535704135895,0.0,0.0,0.6183712121212122,-0.18011535704135895,0.0,0.27320794463157655,0.12317156717181206,1,0.2045069316350556,0.7343737439557497,1.0
37,1,controlled,pk,-0.18011535704135895,0.0,0.0,0.6013257575757576,-0.18011535704135895,0.0,0.27587173581123353,0.12049937695264816,1,0.2045069316350556,0.7343737439557497,1.0
37,1,controlled,po,-0.18011535704135895,0.0,0.0,0.6183712121212122,-0.18011535704135895,0.0,0.2651486963033676,0.13131527453660966,1,0.2045069316350556,0.7343737439557497,1.0
37,1,controlled,ko,-0.18011535704135895,0.0,0.0,0.6183712121212122,-0.18011535704135895,0.0,0.2897886484861374,0.10651632845401764,1,0.2045069316350556,0.7343737439557497,1.0
37,1,controlled,pko,-0.18011535704135895,0.0,0.0,0.6183712121212122,-0.18011535704135895,0.0,0.2820888817310333,0.11426603943109512,1,0.2045069316350556,0.7343737439557497,1.0
37,1,learned,none,-0.18011535704135895,0.0,0.0,0.6013257575757576,-0.18011535704135895,0.0,0.26706431806087494,0.12931868061423302,1,0.2045069316350556,0.7343737439557497,1.0
37,1,learned,p,-0.18011535704135895,0.0,0.0,0.6013257575757576,-0.18011535704135895,0.0,0.25832744836807253,0.13816583007574082,1,0.2045069316350556,0.7343737439557497,1.0
37,1,learned,k,-0.18011535704135895,0.0,0.0,0.6013257575757576,-0.18011535704135895,0.0,0.3640067011117935,0.03214076571166515,1,0.2045069316350556,0.7343737439557497,1.0
37,1,learned,o,-0.18011535704135895,0.0,0.0,0.2774621212121212,-0.18011535704135895,0.0,0.2635248124599457,0.1328822687268257,1,0.2045069316350556,0.7343737439557497,1.0
37,1,learned,pk,-0.18011535704135895,0.0,0.0,0.6013257575757576,-0.18011535704135895,0.0,0.3598602801561356,0.03629309237003327,1,0.2045069316350556,0.7343737439557497,1.0
37,1,learned,po,-0.18011535704135895,0.0,0.0,0.2774621212121212,-0.18011535704135895,0.0,0.2556406259536743,0.1409247025847435,1,0.2045069316350556,0.7343737439557497,1.0
37,1,learned,ko,-0.18011535704135895,0.0,0.0,0.2774621212121212,-0.18011535704135895,0.0,0.3662041276693344,0.02994258999824524,1,0.2045069316350556,0.7343737439557497,1.0
37,1,learned,pko,-0.18011535704135895,0.0,0.0,0.2774621212121212,-0.18011535704135895,0.0,0.3622523218393326,0.0339038735255599,1,0.2045069316350556,0.7343737439557497,1.0
37,1,shuffled,none,-0.18011535704135895,0.0,0.0,0.6013257575757576,-0.18011535704135895,0.0,0.26706431806087494,0.12931868061423302,1,0.2045069316350556,0.7343737439557497,1.0
37,1,shuffled,p,-0.18011535704135895,0.0,0.0,0.6013257575757576,-0.18011535704135895,0.0,0.2498362571001053,0.14664835184812547,1,0.2045069316350556,0.7343737439557497,1.0
37,1,shuffled,k,-0.18011535704135895,0.0,0.0,0.6013257575757576,-0.18011535704135895,0.0,0.28743129372596743,0.10886385142803193,1,0.2045069316350556,0.7343737439557497,1.0
37,1,shuffled,o,-0.18011535704135895,0.0,0.0,0.5628156565656566,-0.18011535704135895,0.0,0.2700865775346756,0.12626855298876763,1,0.2045069316350556,0.7343737439557497,1.0
37,1,shuffled,pk,-0.18011535704135895,0.0,0.0,0.6013257575757576,-0.18011535704135895,0.0,0.2725245594978333,0.12382914423942566,1,0.2045069316350556,0.7343737439557497,1.0
37,1,shuffled,po,-0.18011535704135895,0.0,0.0,0.5628156565656566,-0.18011535704135895,0.0,0.2576090574264526,0.13881340771913528,1,0.2045069316350556,0.7343737439557497,1.0
37,1,shuffled,ko,-0.18011535704135895,0.0,0.0,0.5628156565656566,-0.18011535704135895,0.0,0.28604961931705475,0.1102413296699524,1,0.2045069316350556,0.7343737439557497,1.0
37,1,shuffled,pko,-0.18011535704135895,0.0,0.0,0.5628156565656566,-0.18011535704135895,0.0,0.2755023598670959,0.12083182632923126,1,0.2045069316350556,0.7343737439557497,1.0
37,1,anti,none,-0.18011535704135895,0.0,0.0,0.6013257575757576,-0.18011535704135895,0.0,0.26706431806087494,0.12931868061423302,1,0.2045069316350556,0.7343737439557497,1.0
37,1,anti,p,-0.18011535704135895,0.0,0.0,0.6013257575757576,-0.18011535704135895,0.0,0.252373731136322,0.1440228581428528,1,0.2045069316350556,0.7343737439557497,1.0
37,1,anti,k,-0.18011535704135895,0.0,0.0,0.6013257575757576,-0.18011535704135895,0.0,0.2856244325637817,0.1106796309351921,1,0.2045069316350556,0.7343737439557497,1.0
37,1,anti,o,-0.18011535704135895,0.0,0.0,0.5785984848484849,-0.18011535704135895,0.0,0.26696001291275023,0.12940182387828827,1,0.2045069316350556,0.7343737439557497,1.0
37,1,anti,pk,-0.18011535704135895,0.0,0.0,0.6013257575757576,-0.18011535704135895,0.0,0.2722688287496567,0.12404282689094544,1,0.2045069316350556,0.7343737439557497,1.0
37,1,anti,po,-0.18011535704135895,0.0,0.0,0.5785984848484849,-0.18011535704135895,0.0,0.25668308436870574,0.1396922528743744,1,0.2045069316350556,0.7343737439557497,1.0
37,1,anti,ko,-0.18011535704135895,0.0,0.0,0.5785984848484849,-0.18011535704135895,0.0,0.282594096660614,0.11370386630296707,1,0.2045069316350556,0.7343737439557497,1.0
37,1,anti,pko,-0.18011535704135895,0.0,0.0,0.5785984848484849,-0.18011535704135895,0.0,0.2731152504682541,0.12319129928946496,1,0.2045069316350556,0.7343737439557497,1.0
37,2,controlled,none,0.5480653047561646,0.0,0.0,0.7335858585858586,0.5480653047561646,0.0,0.15764548629522324,0.2385854348540306,1,0.005141993135650152,1.1260417750022709,1.0
37,2,controlled,p,0.5480653047561646,0.0,0.0,0.7335858585858586,0.5480653047561646,0.0,0.15656300336122514,0.23972132354974746,1,0.005141993135650152,1.1260417750022709,1.0
37,2,controlled,k,0.5480653047561646,0.0,0.0,0.7335858585858586,0.5480653047561646,0.0,0.16810979545116425,0.2280941352248192,1,0.005141993135650152,1.1260417750022709,1.0
37,2,controlled,o,0.5480653047561646,0.0,0.0,0.7045454545454546,0.5480653047561646,0.0,0.15748889297246932,0.23873641937971116,1,0.005141993135650152,1.1260417750022709,1.0
37,2,controlled,pk,0.5480653047561646,0.0,0.0,0.7335858585858586,0.5480653047561646,0.0,0.1670091301202774,0.22922883033752442,1,0.005141993135650152,1.1260417750022709,1.0
37,2,controlled,po,0.5480653047561646,0.0,0.0,0.7045454545454546,0.5480653047561646,0.0,0.1562855899333954,0.2399729758501053,1,0.005141993135650152,1.1260417750022709,1.0
37,2,controlled,ko,0.5480653047561646,0.0,0.0,0.7045454545454546,0.5480653047561646,0.0,0.16802656203508376,0.2281745046377182,1,0.005141993135650152,1.1260417750022709,1.0
37,2,controlled,pko,0.5480653047561646,0.0,0.0,0.7045454545454546,0.5480653047561646,0.0,0.16679981648921965,0.22942211478948593,1,0.005141993135650152,1.1260417750022709,1.0
37,2,learned,none,0.5480653047561646,0.0,0.0,0.7335858585858586,0.5480653047561646,0.0,0.15764548629522324,0.2385854348540306,1,0.005141993135650152,1.1260417750022709,1.0
37,2,learned,p,0.5480653047561646,0.0,0.0,0.7335858585858586,0.5480653047561646,0.0,0.1570306733250618,0.23917317688465117,1,0.005141993135650152,1.1260417750022709,1.0
37,2,learned,k,0.5480653047561646,0.0,0.0,0.7335858585858586,0.5480653047561646,0.0,0.26736561954021454,0.12877583131194115,1,0.005141993135650152,1.1260417750022709,1.0
37,2,learned,o,0.5480653047561646,0.0,0.0,0.35511363636363635,0.5480653047561646,0.0,0.1576307535171509,0.23855565190315248,1,0.005141993135650152,1.1260417750022709,1.0
37,2,learned,pk,0.5480653047561646,0.0,0.0,0.7335858585858586,0.5480653047561646,0.0,0.2672452241182327,0.12889183312654495,1,0.005141993135650152,1.1260417750022709,1.0
37,2,learned,po,0.5480653047561646,0.0,0.0,0.35511363636363635,0.5480653047561646,0.0,0.1655157759785652,0.2306355983018875,1,0.005141993135650152,1.1260417750022709,1.0
37,2,learned,ko,0.5480653047561646,0.0,0.0,0.35511363636363635,0.5480653047561646,0.0,0.2981612890958786,0.09796701297163964,1,0.005141993135650152,1.1260417750022709,1.0
37,2,learned,pko,0.5480653047561646,0.0,0.0,0.35511363636363635,0.5480653047561646,0.0,0.298104453086853,0.09801821559667587,1,0.005141993135650152,1.1260417750022709,1.0
37,2,shuffled,none,0.5480653047561646,0.0,0.0,0.7335858585858586,0.5480653047561646,0.0,0.15764548629522324,0.2385854348540306,1,0.005141993135650152,1.1260417750022709,1.0
37,2,shuffled,p,0.5480653047561646,0.0,0.0,0.7335858585858586,0.5480653047561646,0.0,0.14617398977279664,0.25005859732627866,1,0.005141993135650152,1.1260417750022709,1.0
37,2,shuffled,k,0.5480653047561646,0.0,0.0,0.7335858585858586,0.5480653047561646,0.0,0.17940612733364106,0.21678630709648133,1,0.005141993135650152,1.1260417750022709,1.0
37,2,shuffled,o,0.5480653047561646,0.0,0.0,0.7013888888888888,0.5480653047561646,0.0,0.1581163674592972,0.23826964497566222,1,0.005141993135650152,1.1260417750022709,1.0
37,2,shuffled,pk,0.5480653047561646,0.0,0.0,0.7335858585858586,0.5480653047561646,0.0,0.16440421491861343,0.23178870677948,1,0.005141993135650152,1.1260417750022709,1.0
37,2,shuffled,po,0.5480653047561646,0.0,0.0,0.7013888888888888,0.5480653047561646,0.0,0.14752062112092973,0.24887437224388123,1,0.005141993135650152,1.1260417750022709,1.0
37,2,shuffled,ko,0.5480653047561646,0.0,0.0,0.7013888888888888,0.5480653047561646,0.0,0.1743553727865219,0.22194580286741256,1,0.005141993135650152,1.1260417750022709,1.0
37,2,shuffled,pko,0.5480653047561646,0.0,0.0,0.7013888888888888,0.5480653047561646,0.0,0.16313644200563432,0.2331697851419449,1,0.005141993135650152,1.1260417750022709,1.0
37,2,anti,none,0.5480653047561646,0.0,0.0,0.7335858585858586,0.5480653047561646,0.0,0.15764548629522324,0.2385854348540306,1,0.005141993135650152,1.1260417750022709,1.0
37,2,anti,p,0.5480653047561646,0.0,0.0,0.7335858585858586,0.5480653047561646,0.0,0.14460071176290512,0.25163237005472183,1,0.005141993135650152,1.1260417750022709,1.0
37,2,anti,k,0.5480653047561646,0.0,0.0,0.7335858585858586,0.5480653047561646,0.0,0.19404133260250092,0.20214099884033204,1,0.005141993135650152,1.1260417750022709,1.0
37,2,anti,o,0.5480653047561646,0.0,0.0,0.7155934343434344,0.5480653047561646,0.0,0.15795663893222808,0.23826061487197875,1,0.005141993135650152,1.1260417750022709,1.0
37,2,anti,pk,0.5480653047561646,0.0,0.0,0.7335858585858586,0.5480653047561646,0.0,0.17591101229190825,0.2202710524201393,1,0.005141993135650152,1.1260417750022709,1.0
37,2,anti,po,0.5480653047561646,0.0,0.0,0.7155934343434344,0.5480653047561646,0.0,0.1462939903140068,0.24992447048425676,1,0.005141993135650152,1.1260417750022709,1.0
37,2,anti,ko,0.5480653047561646,0.0,0.0,0.7155934343434344,0.5480653047561646,0.0,0.1828275889158249,0.2133561134338379,1,0.005141993135650152,1.1260417750022709,1.0
37,2,anti,pko,0.5480653047561646,0.0,0.0,0.7155934343434344,0.5480653047561646,0.0,0.17026033848524094,0.22592354118824004,1,0.005141993135650152,1.1260417750022709,1.0
37,3,controlled,none,-0.024788853526115418,0.0,0.0,0.7389520202020202,-0.024901170283555984,0.0,0.19891099780797958,0.1975257083773613,1,0.22982180433313518,0.7916493501313536,1.0
37,3,controlled,p,-0.024788853526115418,0.0,0.0,0.7389520202020202,-0.024901170283555984,0.0,0.1856749787926674,0.21088371723890303,1,0.22982180433313518,0.7916493501313536,1.0
37,3,controlled,k,-0.024901170283555984,0.0,0.0,0.7389520202020202,-0.024901170283555984,0.0,0.21919993609189986,0.17711717188358306,1,0.22982180433313518,0.7916493501313536,1.0
37,3,controlled,o,-0.024788853526115418,0.0,0.0,0.7316919191919192,-0.024901170283555984,0.0,0.19794076681137085,0.19846428781747819,1,0.22982180433313518,0.7916493501313536,1.0
37,3,controlled,pk,-0.024901170283555984,0.0,0.0,0.7389520202020202,-0.024901170283555984,0.0,0.2069119095802307,0.18947212398052216,1,0.22982180433313518,0.7916493501313536,1.0
37,3,controlled,po,-0.024788853526115418,0.0,0.0,0.7316919191919192,-0.024901170283555984,0.0,0.1852812349796295,0.21121060699224473,1,0.22982180433313518,0.7916493501313536,1.0
37,3,controlled,ko,-0.024901170283555984,0.0,0.0,0.7316919191919192,-0.024901170283555984,0.0,0.21831981986761093,0.1779787927865982,1,0.22982180433313518,0.7916493501313536,1.0
37,3,controlled,pko,-0.024901170283555984,0.0,0.0,0.7316919191919192,-0.024901170283555984,0.0,0.20646060556173323,0.18988597691059111,1,0.22982180433313518,0.7916493501313536,1.0
37,3,learned,none,-0.024788853526115418,0.0,0.0,0.7389520202020202,-0.024901170283555984,0.0,0.19891099780797958,0.1975257083773613,1,0.22982180433313518,0.7916493501313536,1.0
37,3,learned,p,-0.024788853526115418,0.0,0.0,0.7389520202020202,-0.024901170283555984,0.0,0.19532416611909867,0.20111292004585266,1,0.22982180433313518,0.7916493501313536,1.0
37,3,learned,k,-0.024901170283555984,0.0,0.0,0.7389520202020202,-0.024901170283555984,0.0,0.31371048390865325,0.08245904222130776,1,0.22982180433313518,0.7916493501313536,1.0
37,3,learned,o,-0.024788853526115418,0.0,0.0,0.4081439393939394,-0.024901170283555984,0.0,0.20922559946775438,0.1870994046330452,1,0.22982180433313518,0.7916493501313536,1.0
37,3,learned,pk,-0.024901170283555984,0.0,0.0,0.7389520202020202,-0.024901170283555984,0.0,0.31096774339675903,0.0852037325501442,1,0.22982180433313518,0.7916493501313536,1.0
37,3,learned,po,-0.024788853526115418,0.0,0.0,0.4081439393939394,-0.024901170283555984,0.0,0.20278438180685043,0.19353560209274293,1,0.22982180433313518,0.7916493501313536,1.0
37,3,learned,ko,-0.024901170283555984,0.0,0.0,0.4081439393939394,-0.024901170283555984,0.0,0.3261233180761337,0.07002963423728943,1,0.22982180433313518,0.7916493501313536,1.0
37,3,learned,pko,-0.024901170283555984,0.0,0.0,0.4081439393939394,-0.024901170283555984,0.0,0.32239867448806764,0.07375400215387344,1,0.22982180433313518,0.7916493501313536,1.0
37,3,shuffled,none,-0.024788853526115418,0.0,0.0,0.7389520202020202,-0.024901170283555984,0.0,0.19891099780797958,0.1975257083773613,1,0.22982180433313518,0.7916493501313536,1.0
37,3,shuffled,p,-0.024788853526115418,0.0,0.0,0.7389520202020202,-0.024901170283555984,0.0,0.19087959229946136,0.20592854768037797,1,0.22982180433313518,0.7916493501313536,1.0
37,3,shuffled,k,-0.024901170283555984,0.0,0.0,0.7389520202020202,-0.024901170283555984,0.0,0.2201586663722992,0.1761395290493965,1,0.22982180433313518,0.7916493501313536,1.0
37,3,shuffled,o,-0.024788853526115418,0.0,0.0,0.7291666666666666,-0.024901170283555984,0.0,0.19664314836263658,0.19971393495798112,1,0.22982180433313518,0.7916493501313536,1.0
37,3,shuffled,pk,-0.024788853526115418,0.0,0.0,0.7389520202020202,-0.024901170283555984,0.0,0.21097431629896163,0.18548628091812133,1,0.22982180433313518,0.7916493501313536,1.0
37,3,shuffled,po,-0.024788853526115418,0.0,0.0,0.7291666666666666,-0.024901170283555984,0.0,0.18982863873243333,0.20664312392473222,1,0.22982180433313518,0.7916493501313536,1.0
37,3,shuffled,ko,-0.024901170283555984,0.0,0.0,0.7291666666666666,-0.024901170283555984,0.0,0.21711945086717604,0.17914991676807404,1,0.22982180433313518,0.7916493501313536,1.0
37,3,shuffled,pko,-0.024788853526115418,0.0,0.0,0.7291666666666666,-0.024901170283555984,0.0,0.20942834615707398,0.18690151274204253,1,0.22982180433313518,0.7916493501313536,1.0
37,3,anti,none,-0.024788853526115418,0.0,0.0,0.7389520202020202,-0.024901170283555984,0.0,0.19891099780797958,0.1975257083773613,1,0.22982180433313518,0.7916493501313536,1.0
37,3,anti,p,-0.024788853526115418,0.0,0.0,0.7389520202020202,-0.024901170283555984,0.0,0.19025092869997023,0.20629992187023163,1,0.22982180433313518,0.7916493501313536,1.0
37,3,anti,k,-0.024901170283555984,0.0,0.0,0.7389520202020202,-0.024901170283555984,0.0,0.22059911042451857,0.1757107451558113,1,0.22982180433313518,0.7916493501313536,1.0
37,3,anti,o,-0.024788853526115418,0.0,0.0,0.7118055555555556,-0.024901170283555984,0.0,0.20100807398557663,0.1953329175710678,1,0.22982180433313518,0.7916493501313536,1.0
37,3,anti,pk,-0.024788853526115418,0.0,0.0,0.7389520202020202,-0.024901170283555984,0.0,0.21093472689390183,0.18543605804443358,1,0.22982180433313518,0.7916493501313536,1.0
37,3,anti,po,-0.024788853526115418,0.0,0.0,0.7118055555555556,-0.024901170283555984,0.0,0.19255309253931047,0.2038338750600815,1,0.22982180433313518,0.7916493501313536,1.0
37,3,anti,ko,-0.024901170283555984,0.0,0.0,0.7118055555555556,-0.024901170283555984,0.0,0.22091596871614455,0.17534599751234053,1,0.22982180433313518,0.7916493501313536,1.0
37,3,anti,pko,-0.024788853526115418,0.0,0.0,0.7118055555555556,-0.024901170283555984,0.0,0.2120606243610382,0.1842287451028824,1,0.22982180433313518,0.7916493501313536,1.0
38,1,controlled,none,0.6395506262779236,0.0,0.0,0.25126262626262624,0.6395506262779236,0.0,0.18770956993103027,0.2084003910422325,1,0.007146086405553809,0.7929568684454006,1.0
38,1,controlled,p,0.6395506262779236,0.0,0.0,0.25126262626262624,0.6395506262779236,0.0,0.17815228253602983,0.21795804500579835,1,0.007146086405553809,0.7929568684454006,1.0
38,1,controlled,k,0.6395506262779236,0.0,0.0,0.25126262626262624,0.6395506262779236,0.0,0.2048252522945404,0.1912840262055397,1,0.007146086405553809,0.7929568684454006,1.0
38,1,controlled,o,0.6395506262779236,0.0,0.0,0.24621212121212122,0.6395506262779236,0.0,0.19104955047369004,0.20506050288677216,1,0.007146086405553809,0.7929568684454006,1.0
38,1,controlled,pk,0.6395506262779236,0.0,0.0,0.25126262626262624,0.6395506262779236,0.0,0.194585320353508,0.2015242248773575,1,0.007146086405553809,0.7929568684454006,1.0
38,1,controlled,po,0.6395506262779236,0.0,0.0,0.24621212121212122,0.6395506262779236,0.0,0.1811458110809326,0.21496465504169465,1,0.007146086405553809,0.7929568684454006,1.0
38,1,controlled,ko,0.6395506262779236,0.0,0.0,0.24621212121212122,0.6395506262779236,0.0,0.20819506645202637,0.18791435956954955,1,0.007146086405553809,0.7929568684454006,1.0
38,1,controlled,pko,0.6395506262779236,0.0,0.0,0.24621212121212122,0.6395506262779236,0.0,0.19841204583644867,0.19769770056009292,1,0.007146086405553809,0.7929568684454006,1.0
38,1,learned,none,0.6395506262779236,0.0,0.0,0.25126262626262624,0.6395506262779236,0.0,0.18770956993103027,0.2084003910422325,1,0.007146086405553809,0.7929568684454006,1.0
38,1,learned,p,0.6395506262779236,0.0,0.0,0.25126262626262624,0.6395506262779236,0.0,0.19291480481624604,0.20319481939077377,1,0.007146086405553809,0.7929568684454006,1.0
38,1,learned,k,0.6395506262779236,0.0,0.0,0.25126262626262624,0.6395506262779236,0.0,0.32215515673160555,0.07395217008888721,1,0.007146086405553809,0.7929568684454006,1.0
38,1,learned,o,0.6395506262779236,0.0,0.0,0.21717171717171718,0.6395506262779236,0.0,0.2029576525092125,0.19315222203731536,1,0.007146086405553809,0.7929568684454006,1.0
38,1,learned,pk,0.6395506262779236,0.0,0.0,0.25126262626262624,0.6395506262779236,0.0,0.32134672701358796,0.07476031109690666,1,0.007146086405553809,0.7929568684454006,1.0
38,1,learned,po,0.6395506262779236,0.0,0.0,0.21717171717171718,0.6395506262779236,0.0,0.20557539016008378,0.19053083807229995,1,0.007146086405553809,0.7929568684454006,1.0
38,1,learned,ko,0.6395506262779236,0.0,0.0,0.21717171717171718,0.6395506262779236,0.0,0.3533196300268173,0.042788206785917285,1,0.007146086405553809,0.7929568684454006,1.0
38,1,learned,pko,0.6395506262779236,0.0,0.0,0.21717171717171718,0.6395506262779236,0.0,0.35291464626789093,0.04319155961275101,1,0.007146086405553809,0.7929568684454006,1.0
38,1,shuffled,none,0.6395506262779236,0.0,0.0,0.25126262626262624,0.6395506262779236,0.0,0.18770956993103027,0.2084003910422325,1,0.007146086405553809,0.7929568684454006,1.0
38,1,shuffled,p,0.6395506262779236,0.0,0.0,0.25126262626262624,0.6395506262779236,0.0,0.1801947236061096,0.21591558009386064,1,0.007146086405553809,0.7929568684454006,1.0
38,1,shuffled,k,0.6395506262779236,0.0,0.0,0.25126262626262624,0.6395506262779236,0.0,0.20073440223932265,0.1953747183084488,1,0.007146086405553809,0.7929568684454006,1.0
38,1,shuffled,o,0.6395506262779236,0.0,0.0,0.23547979797979798,0.6395506262779236,0.0,0.18143773823976517,0.21467167735099793,1,0.007146086405553809,0.7929568684454006,1.0
38,1,shuffled,pk,0.6395506262779236,0.0,0.0,0.25126262626262624,0.6395506262779236,0.0,0.19431868344545364,0.2017906129360199,1,0.007146086405553809,0.7929568684454006,1.0
38,1,shuffled,po,0.6395506262779236,0.0,0.0,0.23547979797979798,0.6395506262779236,0.0,0.17534419149160385,0.22076568454504014,1,0.007146086405553809,0.7929568684454006,1.0
38,1,shuffled,ko,0.6395506262779236,0.0,0.0,0.23547979797979798,0.6395506262779236,0.0,0.19338277578353882,0.20272596329450607,1,0.007146086405553809,0.7929568684454006,1.0
38,1,shuffled,pko,0.6395506262779236,0.0,0.0,0.23547979797979798,0.6395506262779236,0.0,0.18836819529533386,0.20774086564779282,1,0.007146086405553809,0.7929568684454006,1.0
38,1,anti,none,0.6395506262779236,0.0,0.0,0.25126262626262624,0.6395506262779236,0.0,0.18770956993103027,0.2084003910422325,1,0.007146086405553809,0.7929568684454006,1.0
38,1,anti,p,0.6395506262779236,0.0,0.0,0.25126262626262624,0.6395506262779236,0.0,0.177590112388134,0.2185199722647667,1,0.007146086405553809,0.7929568684454006,1.0
38,1,anti,k,0.6395506262779236,0.0,0.0,0.25126262626262624,0.6395506262779236,0.0,0.2027520105242729,0.19335700273513795,1,0.007146086405553809,0.7929568684454006,1.0
38,1,anti,o,0.6395506262779236,0.0,0.0,0.2518939393939394,0.6395506262779236,0.0,0.18834466934204103,0.20776548832654954,1,0.007146086405553809,0.7929568684454006,1.0
38,1,anti,pk,0.6395506262779236,0.0,0.0,0.25126262626262624,0.6395506262779236,0.0,0.19258964359760283,0.20351928025484084,1,0.007146086405553809,0.7929568684454006,1.0
38,1,anti,po,0.6395506262779236,0.0,0.0,0.2518939393939394,0.6395506262779236,0.0,0.17897454500198365,0.21713582873344422,1,0.007146086405553809,0.7929568684454006,1.0
38,1,anti,ko,0.6395506262779236,0.0,0.0,0.2518939393939394,0.6395506262779236,0.0,0.20310167521238326,0.19300756603479385,1,0.007146086405553809,0.7929568684454006,1.0
38,1,anti,pko,0.6395506262779236,0.0,0.0,0.2518939393939394,0.6395506262779236,0.0,0.19362580478191377,0.20248347222805024,1,0.007146086405553809,0.7929568684454006,1.0
38,2,controlled,none,-0.012097401544451714,1.0,0.0,0.4412878787878788,-0.012097401544451714,1.0,0.2349071443080902,0.16150565966963767,1,0.022873661825616606,0.7698881776491522,1.0
38,2,controlled,p,-0.012097401544451714,1.0,0.0,0.4412878787878788,-0.012097401544451714,1.0,0.2176391750574112,0.17878760695457457,1,0.022873661825616606,0.7698881776491522,1.0
38,2,controlled,k,-0.012097401544451714,1.0,0.0,0.4412878787878788,-0.012097401544451714,1.0,0.25604760348796846,0.14029397517442704,1,0.022873661825616606,0.7698881776491522,1.0
38,2,controlled,o,-0.012097401544451714,1.0,0.0,0.4659090909090909,-0.012097401544451714,1.0,0.21992980390787126,0.17648276686668396,1,0.022873661825616606,0.7698881776491522,1.0
38,2,controlled,pk,-0.012097401544451714,1.0,0.0,0.4412878787878788,-0.012097401544451714,1.0,0.23992810398340225,0.15642619505524635,1,0.022873661825616606,0.7698881776491522,1.0
38,2,controlled,po,-0.012097401544451714,1.0,0.0,0.4659090909090909,-0.012097401544451714,1.0,0.2102725997567177,0.18615438938140869,1,0.022873661825616606,0.7698881776491522,1.0
38,2,controlled,ko,-0.012097401544451714,1.0,0.0,0.4659090909090909,-0.012097401544451714,1.0,0.23314199298620225,0.1632033385336399,1,0.022873661825616606,0.7698881776491522,1.0
38,2,controlled,pko,-0.012097401544451714,1.0,0.0,0.4659090909090909,-0.012097401544451714,1.0,0.22502771615982056,0.17133116573095322,1,0.022873661825616606,0.7698881776491522,1.0
38,2,learned,none,-0.012097401544451714,1.0,0.0,0.4412878787878788,-0.012097401544451714,1.0,0.2349071443080902,0.16150565966963767,1,0.022873661825616606,0.7698881776491522,1.0
38,2,learned,p,-0.012097401544451714,1.0,0.0,0.4412878787878788,-0.012097401544451714,1.0,0.23441325575113298,0.1619873061776161,1,0.022873661825616606,0.7698881776491522,1.0
38,2,learned,k,-0.012097401544451714,1.0,0.0,0.4412878787878788,-0.012097401544451714,1.0,0.34148684740066526,0.054675604403018954,1,0.022873661825616606,0.7698881776491522,1.0
38,2,learned,o,-0.012097401544451714,1.0,0.0,0.25252525252525254,-0.012097401544451714,1.0,0.22080342024564742,0.1755990833044052,1,0.022873661825616606,0.7698881776491522,1.0
38,2,learned,pk,-0.012097401544451714,1.0,0.0,0.4412878787878788,-0.012097401544451714,1.0,0.34043240547180176,0.05572891347110272,1,0.022873661825616606,0.7698881776491522,1.0
38,2,learned,po,-0.012097401544451714,1.0,0.0,0.25252525252525254,-0.012097401544451714,1.0,0.21745843291282654,0.1789263591170311,1,0.022873661825616606,0.7698881776491522,1.0
38,2,learned,ko,-0.012097401544451714,1.0,0.0,0.25252525252525254,-0.012097401544451714,1.0,0.3265395015478134,0.06961516924202442,1,0.022873661825616606,0.7698881776491522,1.0
38,2,learned,pko,-0.012097401544451714,1.0,0.0,0.25252525252525254,-0.012097401544451714,1.0,0.32414891123771666,0.07200342416763306,1,0.022873661825616606,0.7698881776491522,1.0
38,2,shuffled,none,-0.012097401544451714,1.0,0.0,0.4412878787878788,-0.012097401544451714,1.0,0.2349071443080902,0.16150565966963767,1,0.022873661825616606,0.7698881776491522,1.0
38,2,shuffled,p,-0.012097401544451714,1.0,0.0,0.4412878787878788,-0.012097401544451714,1.0,0.228129743039608,0.16840741336345671,1,0.022873661825616606,0.7698881776491522,1.0
38,2,shuffled,k,-0.012097401544451714,1.0,0.0,0.4412878787878788,-0.012097401544451714,1.0,0.2497326910495758,0.14659107029438018,1,0.022873661825616606,0.7698881776491522,1.0
38,2,shuffled,o,-0.012097401544451714,1.0,0.0,0.45359848484848486,-0.012097401544451714,1.0,0.21494203805923462,0.1814621478319168,1,0.022873661825616606,0.7698881776491522,1.0
38,2,shuffled,pk,-0.012097401544451714,1.0,0.0,0.4412878787878788,-0.012097401544451714,1.0,0.2430657133460045,0.1533253662288189,1,0.022873661825616606,0.7698881776491522,1.0
38,2,shuffled,po,-0.012097401544451714,1.0,0.0,0.45359848484848486,-0.012097401544451714,1.0,0.20856788456439973,0.18794072419404984,1,0.022873661825616606,0.7698881776491522,1.0
38,2,shuffled,ko,-0.012097401544451714,1.0,0.0,0.45359848484848486,-0.012097401544451714,1.0,0.2275416374206543,0.16878321766853333,1,0.022873661825616606,0.7698881776491522,1.0
38,2,shuffled,pko,-0.012097401544451714,1.0,0.0,0.45359848484848486,-0.012097401544451714,1.0,0.2216661885380745,0.17471349835395814,1,0.022873661825616606,0.7698881776491522,1.0
38,2,anti,none,-0.012097401544451714,1.0,0.0,0.4412878787878788,-0.012097401544451714,1.0,0.2349071443080902,0.16150565966963767,1,0.022873661825616606,0.7698881776491522,1.0
38,2,anti,p,-0.012097401544451714,1.0,0.0,0.4412878787878788,-0.012097401544451714,1.0,0.2290712773799896,0.16746965795755386,1,0.022873661825616606,0.7698881776491522,1.0
38,2,anti,k,-0.012097401544451714,1.0,0.0,0.4412878787878788,-0.012097401544451714,1.0,0.2524306491017342,0.1438896983861923,1,0.022873661825616606,0.7698881776491522,1.0
38,2,anti,o,-0.012097401544451714,1.0,0.0,0.4769570707070707,-0.012097401544451714,1.0,0.23912260830402374,0.1572871282696724,1,0.022873661825616606,0.7698881776491522,1.0
38,2,anti,pk,-0.012097401544451714,1.0,0.0,0.4412878787878788,-0.012097401544451714,1.0,0.24628795236349105,0.1500982642173767,1,0.022873661825616606,0.7698881776491522,1.0
38,2,anti,po,-0.012097401544451714,1.0,0.0,0.4769570707070707,-0.012097401544451714,1.0,0.23232121616601945,0.16418669372797012,1,0.022873661825616606,0.7698881776491522,1.0
38,2,anti,ko,-0.012097401544451714,1.0,0.0,0.4769570707070707,-0.012097401544451714,1.0,0.256964148581028,0.13936153054237366,1,0.022873661825616606,0.7698881776491522,1.0
38,2,anti,pko,-0.012097401544451714,1.0,0.0,0.4769570707070707,-0.012097401544451714,1.0,0.2501615032553673,0.14621615111827851,1,0.022873661825616606,0.7698881776491522,1.0
38,3,controlled,none,0.5649266242980957,0.0,0.0,0.2708333333333333,0.5649266242980957,0.0,0.271475213766098,0.12462921366095543,1,0.6313124734256028,0.6224575067762982,1.0
38,3,controlled,p,0.5649266242980957,0.0,0.0,0.2708333333333333,0.5649266242980957,0.0,0.25833058953285215,0.13777469098567963,1,0.6313124734256028,0.6224575067762982,1.0
38,3,controlled,k,0.5649266242980957,0.0,0.0,0.2708333333333333,0.5649266242980957,0.0,0.2908143937587738,0.10529014095664024,1,0.6313124734256028,0.6224575067762982,1.0
38,3,controlled,o,0.5649266242980957,0.0,0.0,0.2635732323232323,0.5649266242980957,0.0,0.28158741891384126,0.11451699137687683,1,0.6313124734256028,0.6224575067762982,1.0
38,3,controlled,pk,0.5649266242980957,0.0,0.0,0.2708333333333333,0.5649266242980957,0.0,0.27919005453586576,0.11691489294171334,1,0.6313124734256028,0.6224575067762982,1.0
38,3,controlled,po,0.5649266242980957,0.0,0.0,0.2635732323232323,0.5649266242980957,0.0,0.2629211902618408,0.13318421989679335,1,0.6313124734256028,0.6224575067762982,1.0
38,3,controlled,ko,0.5649266242980957,0.0,0.0,0.2635732323232323,0.5649266242980957,0.0,0.3025407582521439,0.0935637392103672,1,0.6313124734256028,0.6224575067762982,1.0
38,3,controlled,pko,0.5649266242980957,0.0,0.0,0.2635732323232323,0.5649266242980957,0.0,0.2865473389625549,0.10955768525600433,1,0.6313124734256028,0.6224575067762982,1.0
38,3,learned,none,0.5649266242980957,0.0,0.0,0.2708333333333333,0.5649266242980957,0.0,0.271475213766098,0.12462921366095543,1,0.6313124734256028,0.6224575067762982,1.0
38,3,learned,p,0.5649266242980957,0.0,0.0,0.2708333333333333,0.5649266242980957,0.0,0.2725260078907013,0.12357488125562668,1,0.6313124734256028,0.6224575067762982,1.0
38,3,learned,k,0.5649266242980957,0.0,0.0,0.2708333333333333,0.5649266242980957,0.0,0.35707240998744966,0.039035864733159543,1,0.6313124734256028,0.6224575067762982,1.0
38,3,learned,o,0.5649266242980957,0.0,0.0,0.22095959595959597,0.5649266242980957,0.0,0.25812511146068573,0.13797934204339982,1,0.6313124734256028,0.6224575067762982,1.0
38,3,learned,pk,0.5649266242980957,0.0,0.0,0.2708333333333333,0.5649266242980957,0.0,0.3554660379886627,0.04064024873077869,1,0.6313124734256028,0.6224575067762982,1.0
38,3,learned,po,0.5649266242980957,0.0,0.0,0.22095959595959597,0.5649266242980957,0.0,0.2561663493514061,0.13993557691574096,1,0.6313124734256028,0.6224575067762982,1.0
38,3,learned,ko,0.5649266242980957,0.0,0.0,0.22095959595959597,0.5649266242980957,0.0,0.3550778806209564,0.041030709818005565,1,0.6313124734256028,0.6224575067762982,1.0
38,3,learned,pko,0.5649266242980957,0.0,0.0,0.22095959595959597,0.5649266242980957,0.0,0.3538264036178589,0.04228101894259453,1,0.6313124734256028,0.6224575067762982,1.0
38,3,shuffled,none,0.5649266242980957,0.0,0.0,0.2708333333333333,0.5649266242980957,0.0,0.271475213766098,0.12462921366095543,1,0.6313124734256028,0.6224575067762982,1.0
38,3,shuffled,p,0.5649266242980957,0.0,0.0,0.2708333333333333,0.5649266242980957,0.0,0.2630800813436508,0.133023801445961,1,0.6313124734256028,0.6224575067762982,1.0
38,3,shuffled,k,0.5649266242980957,0.0,0.0,0.2708333333333333,0.5649266242980957,0.0,0.2939662903547287,0.10213815830647946,1,0.6313124734256028,0.6224575067762982,1.0
38,3,shuffled,o,0.5649266242980957,0.0,0.0,0.27998737373737376,0.5649266242980957,0.0,0.27136027067899704,0.12474436163902283,1,0.6313124734256028,0.6224575067762982,1.0
38,3,shuffled,pk,0.5649266242980957,0.0,0.0,0.2708333333333333,0.5649266242980957,0.0,0.28536496758461,0.11073901280760765,1,0.6313124734256028,0.6224575067762982,1.0
38,3,shuffled,po,0.5649266242980957,0.0,0.0,0.27998737373737376,0.5649266242980957,0.0,0.26029430627822875,0.1358098305761814,1,0.6313124734256028,0.6224575067762982,1.0
38,3,shuffled,ko,0.5649266242980957,0.0,0.0,0.27998737373737376,0.5649266242980957,0.0,0.2912186473608017,0.10488600954413414,1,0.6313124734256028,0.6224575067762982,1.0
38,3,shuffled,pko,0.5649266242980957,0.0,0.0,0.27998737373737376,0.5649266242980957,0.0,0.28063291013240815,0.11547135263681411,1,0.6313124734256028,0.6224575067762982,1.0
38,3,anti,none,0.5649266242980957,0.0,0.0,0.2708333333333333,0.5649266242980957,0.0,0.271475213766098,0.12462921366095543,1,0.6313124734256028,0.6224575067762982,1.0
38,3,anti,p,0.5649266242980957,0.0,0.0,0.2708333333333333,0.5649266242980957,0.0,0.27158797681331637,0.12451552078127862,1,0.6313124734256028,0.6224575067762982,1.0
38,3,anti,k,0.5649266242980957,0.0,0.0,0.2708333333333333,0.5649266242980957,0.0,0.28738897740840913,0.10871555358171463,1,0.6313124734256028,0.6224575067762982,1.0
38,3,anti,o,0.5649266242980957,0.0,0.0,0.26988636363636365,0.5649266242980957,0.0,0.2728994101285934,0.12320502549409866,1,0.6313124734256028,0.6224575067762982,1.0
38,3,anti,pk,0.5649266242980957,0.0,0.0,0.2708333333333333,0.5649266242980957,0.0,0.2874700754880905,0.10863364487886429,1,0.6313124734256028,0.6224575067762982,1.0
38,3,anti,po,0.5649266242980957,0.0,0.0,0.26988636363636365,0.5649266242980957,0.0,0.27038968801498414,0.12571392431855202,1,0.6313124734256028,0.6224575067762982,1.0
38,3,anti,ko,0.5649266242980957,0.0,0.0,0.26988636363636365,0.5649266242980957,0.0,0.2857660561800003,0.11033853143453598,1,0.6313124734256028,0.6224575067762982,1.0
38,3,anti,pko,0.5649266242980957,0.0,0.0,0.26988636363636365,0.5649266242980957,0.0,0.28415902256965636,0.11194486171007156,1,0.6313124734256028,0.6224575067762982,1.0
39,1,controlled,none,0.9323675632476807,0.0,0.0,0.08743686868686869,0.9323675632476807,0.0,0.28675911724567416,0.1093298614025116,1,0.23403158674803035,0.5561786398803701,1.0
39,1,controlled,p,0.9323675632476807,0.0,0.0,0.08743686868686869,0.9323675632476807,0.0,0.2679827094078064,0.12810667753219604,1,0.23403158674803035,0.5561786398803701,1.0
39,1,controlled,k,0.9323675632476807,0.0,0.0,0.08743686868686869,0.9323675632476807,0.0,0.31293589174747466,0.08315364494919777,1,0.23403158674803035,0.5561786398803701,1.0
39,1,controlled,o,0.9323675632476807,0.0,0.0,0.0763888888888889,0.9323675632476807,0.0,0.2875406891107559,0.10854830294847488,1,0.23403158674803035,0.5561786398803701,1.0
39,1,controlled,pk,0.9323675632476807,0.0,0.0,0.08743686868686869,0.9323675632476807,0.0,0.2940369725227356,0.10205277204513549,1,0.23403158674803035,0.5561786398803701,1.0
39,1,controlled,po,0.9323675632476807,0.0,0.0,0.0763888888888889,0.9323675632476807,0.0,0.2770604193210602,0.11902897506952285,1,0.23403158674803035,0.5561786398803701,1.0
39,1,controlled,ko,0.9323675632476807,0.0,0.0,0.0763888888888889,0.9323675632476807,0.0,0.304259267449379,0.09183024987578392,1,0.23403158674803035,0.5561786398803701,1.0
39,1,controlled,pko,0.9323675632476807,0.0,0.0,0.0763888888888889,0.9323675632476807,0.0,0.29413182139396665,0.10195791199803353,1,0.23403158674803035,0.5561786398803701,1.0
39,1,learned,none,0.9323675632476807,0.0,0.0,0.08743686868686869,0.9323675632476807,0.0,0.28675911724567416,0.1093298614025116,1,0.23403158674803035,0.5561786398803701,1.0
39,1,learned,p,0.9323675632476807,0.0,0.0,0.08743686868686869,0.9323675632476807,0.0,0.27884545028209684,0.11724296063184739,1,0.23403158674803035,0.5561786398803701,1.0
39,1,learned,k,0.9323675632476807,0.0,0.0,0.08743686868686869,0.9323675632476807,0.0,0.36711941063404085,0.02897581048309803,1,0.23403158674803035,0.5561786398803701,1.0
39,1,learned,o,0.9323675632476807,0.0,0.0,0.18434343434343434,0.9323675632476807,0.0,0.26969446539878844,0.12639480382204055,1,0.23403158674803035,0.5561786398803701,1.0
39,1,learned,pk,0.9323675632476807,0.0,0.0,0.08743686868686869,0.9323675632476807,0.0,0.3649411588907242,0.031152811832726002,1,0.23403158674803035,0.5561786398803701,1.0
39,1,learned,po,0.9323675632476807,0.0,0.0,0.18434343434343434,0.9323675632476807,0.0,0.26030531227588655,0.13578359857201577,1,0.23403158674803035,0.5561786398803701,1.0
39,1,learned,ko,0.9323675632476807,0.0,0.0,0.18434343434343434,0.9323675632476807,0.0,0.3593736231327057,0.03672320805490017,1,0.23403158674803035,0.5561786398803701,1.0
39,1,learned,pko,0.9323675632476807,0.0,0.0,0.18434343434343434,0.9323675632476807,0.0,0.35490407347679137,0.04119193479418755,1,0.23403158674803035,0.5561786398803701,1.0
39,1,shuffled,none,0.9323675632476807,0.0,0.0,0.08743686868686869,0.9323675632476807,0.0,0.28675911724567416,0.1093298614025116,1,0.23403158674803035,0.5561786398803701,1.0
39,1,shuffled,p,0.9323675632476807,0.0,0.0,0.08743686868686869,0.9323675632476807,0.0,0.2745848476886749,0.12150373607873917,1,0.23403158674803035,0.5561786398803701,1.0
39,1,shuffled,k,0.9323675632476807,0.0,0.0,0.08743686868686869,0.9323675632476807,0.0,0.30786165595054626,0.08822792246937752,1,0.23403158674803035,0.5561786398803701,1.0
39,1,shuffled,o,0.9323675632476807,0.0,0.0,0.08617424242424243,0.9323675632476807,0.0,0.29576388001441956,0.10032514259219169,1,0.23403158674803035,0.5561786398803701,1.0
39,1,shuffled,pk,0.9323675632476807,0.0,0.0,0.08743686868686869,0.9323675632476807,0.0,0.29715760946273806,0.09893152192234993,1,0.23403158674803035,0.5561786398803701,1.0
39,1,shuffled,po,0.9323675632476807,0.0,0.0,0.08617424242424243,0.9323675632476807,0.0,0.2857832759618759,0.11030538007616997,1,0.23403158674803035,0.5561786398803701,1.0
39,1,shuffled,ko,0.9323675632476807,0.0,0.0,0.08617424242424243,0.9323675632476807,0.0,0.3117245525121689,0.08436500132083893,1,0.23403158674803035,0.5561786398803701,1.0
39,1,shuffled,pko,0.9323675632476807,0.0,0.0,0.08617424242424243,0.9323675632476807,0.0,0.30307298302650454,0.09301616698503494,1,0.23403158674803035,0.5561786398803701,1.0
39,1,anti,none,0.9323675632476807,0.0,0.0,0.08743686868686869,0.9323675632476807,0.0,0.28675911724567416,0.1093298614025116,1,0.23403158674803035,0.5561786398803701,1.0
39,1,anti,p,0.9323675632476807,0.0,0.0,0.08743686868686869,0.9323675632476807,0.0,0.28162111937999723,0.11446753963828087,1,0.23403158674803035,0.5561786398803701,1.0
39,1,anti,k,0.9323675632476807,0.0,0.0,0.08743686868686869,0.9323675632476807,0.0,0.3059659630060196,0.0901235856115818,1,0.23403158674803035,0.5561786398803701,1.0
39,1,anti,o,0.9323675632476807,0.0,0.0,0.0836489898989899,0.9323675632476807,0.0,0.2912959635257721,0.10479304939508438,1,0.23403158674803035,0.5561786398803701,1.0
39,1,anti,pk,0.9323675632476807,0.0,0.0,0.08743686868686869,0.9323675632476807,0.0,0.30089092552661895,0.0951982468366623,1,0.23403158674803035,0.5561786398803701,1.0
39,1,anti,po,0.9323675632476807,0.0,0.0,0.0836489898989899,0.9323675632476807,0.0,0.28569428622722626,0.1103944405913353,1,0.23403158674803035,0.5561786398803701,1.0
39,1,anti,ko,0.9323675632476807,0.0,0.0,0.0836489898989899,0.9323675632476807,0.0,0.30743094980716706,0.08865854814648629,1,0.23403158674803035,0.5561786398803701,1.0
39,1,anti,pko,0.9323675632476807,0.0,0.0,0.0836489898989899,0.9323675632476807,0.0,0.30214323103427887,0.09394592940807342,1,0.23403158674803035,0.5561786398803701,1.0
39,2,controlled,none,0.12821540236473083,0.0,0.0,0.6786616161616161,0.12821540236473083,0.0,0.19711381644010545,0.19904239773750304,1,-0.026642526247757647,0.6191357882296539,1.0
39,2,controlled,p,0.12821540236473083,0.0,0.0,0.6786616161616161,0.12821540236473083,0.0,0.18910871297121049,0.20705284923315048,1,-0.026642526247757647,0.6191357882296539,1.0
39,2,controlled,k,0.12821540236473083,0.0,0.0,0.6786616161616161,0.12821540236473083,0.0,0.21606900691986083,0.1800689786672592,1,-0.026642526247757647,0.6191357882296539,1.0
39,2,controlled,o,0.12821540236473083,0.0,0.0,0.6575126262626263,0.12821540236473083,0.0,0.1977267861366272,0.1984294980764389,1,-0.026642526247757647,0.6191357882296539,1.0
39,2,controlled,pk,0.12821540236473083,0.0,0.0,0.6786616161616161,0.12821540236473083,0.0,0.20614733994007112,0.18999369740486144,1,-0.026642526247757647,0.6191357882296539,1.0
39,2,controlled,po,0.12821540236473083,0.0,0.0,0.6575126262626263,0.12821540236473083,0.0,0.19127857238054274,0.20488496422767638,1,-0.026642526247757647,0.6191357882296539,1.0
39,2,controlled,ko,0.12821540236473083,0.0,0.0,0.6575126262626263,0.12821540236473083,0.0,0.2136389821767807,0.18249967098236083,1,-0.026642526247757647,0.6191357882296539,1.0
39,2,controlled,pko,0.12821540236473083,0.0,0.0,0.6575126262626263,0.12821540236473083,0.0,0.20613882839679717,0.1900043860077858,1,-0.026642526247757647,0.6191357882296539,1.0
39,2,learned,none,0.12821540236473083,0.0,0.0,0.6786616161616161,0.12821540236473083,0.0,0.19711381644010545,0.19904239773750304,1,-0.026642526247757647,0.6191357882296539,1.0
39,2,learned,p,0.12821540236473083,0.0,0.0,0.6786616161616161,0.12821540236473083,0.0,0.2039406880736351,0.19220023602247238,1,-0.026642526247757647,0.6191357882296539,1.0
39,2,learned,k,0.12821540236473083,0.0,0.0,0.6786616161616161,0.12821540236473083,0.0,0.33360201120376587,0.06252357587218285,1,-0.026642526247757647,0.6191357882296539,1.0
39,2,learned,o,0.12821540236473083,0.0,0.0,0.2702020202020202,0.12821540236473083,0.0,0.20958716720342635,0.18656322062015535,1,-0.026642526247757647,0.6191357882296539,1.0
39,2,learned,pk,0.12821540236473083,0.0,0.0,0.6786616161616161,0.12821540236473083,0.0,0.33467226326465604,0.06144994720816612,1,-0.026642526247757647,0.6191357882296539,1.0
39,2,learned,po,0.12821540236473083,0.0,0.0,0.2702020202020202,0.12821540236473083,0.0,0.21751517355442046,0.17861744612455369,1,-0.026642526247757647,0.6191357882296539,1.0
39,2,learned,ko,0.12821540236473083,0.0,0.0,0.2702020202020202,0.12821540236473083,0.0,0.3473997741937637,0.04872446972876787,1,-0.026642526247757647,0.6191357882296539,1.0
39,2,learned,pko,0.12821540236473083,0.0,0.0,0.2702020202020202,0.12821540236473083,0.0,0.34825080931186675,0.04786921814084053,1,-0.026642526247757647,0.6191357882296539,1.0
39,2,shuffled,none,0.12821540236473083,0.0,0.0,0.6786616161616161,0.12821540236473083,0.0,0.19711381644010545,0.19904239773750304,1,-0.026642526247757647,0.6191357882296539,1.0
39,2,shuffled,p,0.12821540236473083,0.0,0.0,0.6786616161616161,0.12821540236473083,0.0,0.19269682615995407,0.20345388501882553,1,-0.026642526247757647,0.6191357882296539,1.0
39,2,shuffled,k,0.12821540236473083,0.0,0.0,0.6786616161616161,0.12821540236473083,0.0,0.21311802864074708,0.1830210268497467,1,-0.026642526247757647,0.6191357882296539,1.0
39,2,shuffled,o,0.12821540236473083,0.0,0.0,0.6717171717171717,0.12821540236473083,0.0,0.20392180532217025,0.19225094765424727,1,-0.026642526247757647,0.6191357882296539,1.0
39,2,shuffled,pk,0.12821540236473083,0.0,0.0,0.6786616161616161,0.12821540236473083,0.0,0.20844775885343553,0.18769093751907348,1,-0.026642526247757647,0.6191357882296539,1.0
39,2,shuffled,po,0.12821540236473083,0.0,0.0,0.6717171717171717,0.12821540236473083,0.0,0.19961820244789125,0.19655393809080124,1,-0.026642526247757647,0.6191357882296539,1.0
39,2,shuffled,ko,0.12821540236473083,0.0,0.0,0.6717171717171717,0.12821540236473083,0.0,0.22037939578294755,0.17577020525932313,1,-0.026642526247757647,0.6191357882296539,1.0
39,2,shuffled,pko,0.12821540236473083,0.0,0.0,0.6717171717171717,0.12821540236473083,0.0,0.21583898663520812,0.18031319826841355,1,-0.026642526247757647,0.6191357882296539,1.0
39,2,anti,none,0.12821540236473083,0.0,0.0,0.6786616161616161,0.12821540236473083,0.0,0.19711381644010545,0.19904239773750304,1,-0.026642526247757647,0.6191357882296539,1.0
39,2,anti,p,0.12821540236473083,0.0,0.0,0.6786616161616161,0.12821540236473083,0.0,0.18936018645763397,0.20680354088544844,1,-0.026642526247757647,0.6191357882296539,1.0
39,2,anti,k,0.12821540236473083,0.0,0.0,0.6786616161616161,0.12821540236473083,0.0,0.21702087819576263,0.1791195645928383,1,-0.026642526247757647,0.6191357882296539,1.0
39,2,anti,o,0.12821540236473083,0.0,0.0,0.6808712121212122,0.12821540236473083,0.0,0.20034101456403733,0.19581037759780884,1,-0.026642526247757647,0.6191357882296539,1.0
39,2,anti,pk,0.12821540236473083,0.0,0.0,0.6786616161616161,0.12821540236473083,0.0,0.20914167314767837,0.1870032712817192,1,-0.026642526247757647,0.6191357882296539,1.0
39,2,anti,po,0.12821540236473083,0.0,0.0,0.6808712121212122,0.12821540236473083,0.0,0.1927090436220169,0.20345001220703124,1,-0.026642526247757647,0.6191357882296539,1.0
39,2,anti,ko,0.12821540236473083,0.0,0.0,0.6808712121212122,0.12821540236473083,0.0,0.2200172320008278,0.1761196568608284,1,-0.026642526247757647,0.6191357882296539,1.0
39,2,anti,pko,0.12821540236473083,0.0,0.0,0.6808712121212122,0.12821540236473083,0.0,0.21224889010190964,0.18389262855052949,1,-0.026642526247757647,0.6191357882296539,1.0
39,3,controlled,none,0.2860410213470459,0.0,0.0,0.4024621212121212,0.2860410213470459,0.0,0.3302193760871887,0.0659196350723505,0,0.0,0.6348332168932959,1.0
39,3,controlled,p,0.2860410213470459,0.0,0.0,0.4024621212121212,0.2860410213470459,0.0,0.3200747400522232,0.07608123794198036,0,0.0,0.6348332168932959,1.0
39,3,controlled,k,0.2860410213470459,0.0,0.0,0.4024621212121212,0.2860410213470459,0.0,0.3409997284412384,0.05513667054474354,0,0.0,0.6348332168932959,1.0
39,3,controlled,o,0.2860410213470459,0.0,0.0,0.3813131313131313,0.2860410213470459,0.0,0.3327711999416351,0.06336938627064229,0,0.0,0.6348332168932959,1.0
39,3,controlled,pk,0.2860410213470459,0.0,0.0,0.4024621212121212,0.2860410213470459,0.0,0.33224496245384216,0.06389798671007156,0,0.0,0.6348332168932959,1.0
39,3,controlled,po,0.2860410213470459,0.0,0.0,0.3813131313131313,0.2860410213470459,0.0,0.32326590418815615,0.07289025373756886,0,0.0,0.6348332168932959,1.0
39,3,controlled,ko,0.2860410213470459,0.0,0.0,0.3813131313131313,0.2860410213470459,0.0,0.3428275674581528,0.05331043340265751,0,0.0,0.6348332168932959,1.0
39,3,controlled,pko,0.2860410213470459,0.0,0.0,0.3813131313131313,0.2860410213470459,0.0,0.33461934626102446,0.061524081602692605,0,0.0,0.6348332168932959,1.0
39,3,learned,none,0.2860410213470459,0.0,0.0,0.4024621212121212,0.2860410213470459,0.0,0.3302193760871887,0.0659196350723505,0,0.0,0.6348332168932959,1.0
39,3,learned,p,0.2860410213470459,0.0,0.0,0.4024621212121212,0.2860410213470459,0.0,0.3034456729888916,0.09268420562148094,0,0.0,0.6348332168932959,1.0
39,3,learned,k,0.2860410213470459,0.0,0.0,0.4024621212121212,0.2860410213470459,0.0,0.389278969168663,0.006842293217778206,0,0.0,0.6348332168932959,1.0
39,3,learned,o,0.2860410213470459,0.0,0.0,0.1919191919191919,0.2860410213470459,0.0,0.329618301987648,0.06652459055185318,0,0.0,0.6348332168932959,1.0
39,3,learned,pk,0.2860410213470459,0.0,0.0,0.4024621212121212,0.2860410213470459,0.0,0.3854179590940475,0.010700963670387864,0,0.0,0.6348332168932959,1.0
39,3,learned,po,0.2860410213470459,0.0,0.0,0.1919191919191919,0.2860410213470459,0.0,0.3128374069929123,0.08329445347189904,0,0.0,0.6348332168932959,1.0
39,3,learned,ko,0.2860410213470459,0.0,0.0,0.1919191919191919,0.2860410213470459,0.0,0.3898927539587021,0.006228648265823722,0,0.0,0.6348332168932959,1.0
39,3,learned,pko,0.2860410213470459,0.0,0.0,0.1919191919191919,0.2860410213470459,0.0,0.38737932741642,0.008739514509215951,0,0.0,0.6348332168932959,1.0
39,3,shuffled,none,0.2860410213470459,0.0,0.0,0.4024621212121212,0.2860410213470459,0.0,0.3302193760871887,0.0659196350723505,0,0.0,0.6348332168932959,1.0
39,3,shuffled,p,0.2860410213470459,0.0,0.0,0.4024621212121212,0.2860410213470459,0.0,0.32411239147186277,0.07203375957906247,0,0.0,0.6348332168932959,1.0
39,3,shuffled,k,0.2860410213470459,0.0,0.0,0.4024621212121212,0.2860410213470459,0.0,0.3401025474071503,0.05603396967053413,0,0.0,0.6348332168932959,1.0
39,3,shuffled,o,0.2860410213470459,0.0,0.0,0.37941919191919193,0.2860410213470459,0.0,0.331431645154953,0.06470717862248421,0,0.0,0.6348332168932959,1.0
39,3,shuffled,pk,0.2860410213470459,0.0,0.0,0.4024621212121212,0.2860410213470459,0.0,0.3352898955345154,0.060851053521037105,0,0.0,0.6348332168932959,1.0
39,3,shuffled,po,0.2860410213470459,0.0,0.0,0.37941919191919193,0.2860410213470459,0.0,0.3250490874052048,0.07109589241445065,0,0.0,0.6348332168932959,1.0
39,3,shuffled,ko,0.2860410213470459,0.0,0.0,0.37941919191919193,0.2860410213470459,0.0,0.3411436706781387,0.054992809891700745,0,0.0,0.6348332168932959,1.0
39,3,shuffled,pko,0.2860410213470459,0.0,0.0,0.37941919191919193,0.2860410213470459,0.0,0.3360458880662918,0.060094283521175386,0,0.0,0.6348332168932959,1.0
39,3,anti,none,0.2860410213470459,0.0,0.0,0.4024621212121212,0.2860410213470459,0.0,0.3302193760871887,0.0659196350723505,0,0.0,0.6348332168932959,1.0
39,3,anti,p,0.2860410213470459,0.0,0.0,0.4024621212121212,0.2860410213470459,0.0,0.3268881976604462,0.06924954131245613,0,0.0,0.6348332168932959,1.0
39,3,anti,k,0.2860410213470459,0.0,0.0,0.4024621212121212,0.2860410213470459,0.0,0.34118462800979615,0.05495186373591423,0,0.0,0.6348332168932959,1.0
39,3,anti,o,0.2860410213470459,0.0,0.0,0.39141414141414144,0.2860410213470459,0.0,0.33152562379837036,0.06461330056190491,0,0.0,0.6348332168932959,1.0
39,3,anti,pk,0.2860410213470459,0.0,0.0,0.4024621212121212,0.2860410213470459,0.0,0.33674163818359376,0.05939371250569821,0,0.0,0.6348332168932959,1.0
39,3,anti,po,0.2860410213470459,0.0,0.0,0.39141414141414144,0.2860410213470459,0.0,0.3296293765306473,0.06650839075446129,0,0.0,0.6348332168932959,1.0
39,3,anti,ko,0.2860410213470459,0.0,0.0,0.39141414141414144,0.2860410213470459,0.0,0.3417046099901199,0.05443201512098313,0,0.0,0.6348332168932959,1.0
39,3,anti,pko,0.2860410213470459,0.0,0.0,0.39141414141414144,0.2860410213470459,0.0,0.33853120505809786,0.05760438181459904,0,0.0,0.6348332168932959,1.0
40,1,controlled,none,0.33696818351745605,0.0,0.0,0.5309343434343434,0.33696818351745605,0.0,0.22066910117864608,0.17547955214977265,1,-0.011236265735473414,0.681691028409649,1.0
40,1,controlled,p,0.33696818351745605,0.0,0.0,0.5309343434343434,0.33696818351745605,0.0,0.2084435999393463,0.18770768046379088,1,-0.011236265735473414,0.681691028409649,1.0
40,1,controlled,k,0.33696818351745605,0.0,0.0,0.5309343434343434,0.33696818351745605,0.0,0.23969824016094207,0.15644317716360093,1,-0.011236265735473414,0.681691028409649,1.0
40,1,controlled,o,0.33696818351745605,0.0,0.0,0.5647095959595959,0.33696818351745605,0.0,0.2236652195453644,0.17248241901397704,1,-0.011236265735473414,0.681691028409649,1.0
40,1,controlled,pk,0.33696818351745605,0.0,0.0,0.5309343434343434,0.33696818351745605,0.0,0.22810710817575455,0.16803669780492783,1,-0.011236265735473414,0.681691028409649,1.0
40,1,controlled,po,0.33696818351745605,0.0,0.0,0.5647095959595959,0.33696818351745605,0.0,0.21221778839826583,0.18393176198005676,1,-0.011236265735473414,0.681691028409649,1.0
40,1,controlled,ko,0.33696818351745605,0.0,0.0,0.5647095959595959,0.33696818351745605,0.0,0.24173874258995057,0.15440201610326768,1,-0.011236265735473414,0.681691028409649,1.0
40,1,controlled,pko,0.33696818351745605,0.0,0.0,0.5647095959595959,0.33696818351745605,0.0,0.23077131658792496,0.165371273458004,1,-0.011236265735473414,0.681691028409649,1.0
40,1,learned,none,0.33696818351745605,0.0,0.0,0.5309343434343434,0.33696818351745605,0.0,0.22066910117864608,0.17547955214977265,1,-0.011236265735473414,0.681691028409649,1.0
40,1,learned,p,0.33696818351745605,0.0,0.0,0.5309343434343434,0.33696818351745605,0.0,0.21186698079109192,0.1843073159456253,1,-0.011236265735473414,0.681691028409649,1.0
40,1,learned,k,0.33696818351745605,0.0,0.0,0.5309343434343434,0.33696818351745605,0.0,0.31178506314754484,0.08433844894170761,1,-0.011236265735473414,0.681691028409649,1.0
40,1,learned,o,0.33696818351745605,0.0,0.0,0.40751262626262624,0.33696818351745605,0.0,0.22447571009397507,0.17167111486196518,1,-0.011236265735473414,0.681691028409649,1.0
40,1,learned,pk,0.33696818351745605,0.0,0.0,0.5309343434343434,0.33696818351745605,0.0,0.3059812605381012,0.0901494301855564,1,-0.011236265735473414,0.681691028409649,1.0
40,1,learned,po,0.33696818351745605,0.0,0.0,0.40751262626262624,0.33696818351745605,0.0,0.22080896347761153,0.1753445640206337,1,-0.011236265735473414,0.681691028409649,1.0
40,1,learned,ko,0.33696818351745605,0.0,0.0,0.40751262626262624,0.33696818351745605,0.0,0.30810934901237486,0.08801517933607102,1,-0.011236265735473414,0.681691028409649,1.0
40,1,learned,pko,0.33696818351745605,0.0,0.0,0.40751262626262624,0.33696818351745605,0.0,0.30516521334648133,0.09096109047532082,1,-0.011236265735473414,0.681691028409649,1.0
40,1,shuffled,none,0.33696818351745605,0.0,0.0,0.5309343434343434,0.33696818351745605,0.0,0.22066910117864608,0.17547955214977265,1,-0.011236265735473414,0.681691028409649,1.0
40,1,shuffled,p,0.33696818351745605,0.0,0.0,0.5309343434343434,0.33696818351745605,0.0,0.2118527978658676,0.1842988073825836,1,-0.011236265735473414,0.681691028409649,1.0
40,1,shuffled,k,0.33696818351745605,0.0,0.0,0.5309343434343434,0.33696818351745605,0.0,0.2453530177474022,0.1507885903120041,1,-0.011236265735473414,0.681691028409649,1.0
40,1,shuffled,o,0.33696818351745605,0.0,0.0,0.5397727272727273,0.33696818351745605,0.0,0.22344665378332138,0.17270258218050002,1,-0.011236265735473414,0.681691028409649,1.0
40,1,shuffled,pk,0.33696818351745605,0.0,0.0,0.5309343434343434,0.33696818351745605,0.0,0.23599314987659453,0.16015062481164932,1,-0.011236265735473414,0.681691028409649,1.0
40,1,shuffled,po,0.33696818351745605,0.0,0.0,0.5397727272727273,0.33696818351745605,0.0,0.21117646843194962,0.18497570902109145,1,-0.011236265735473414,0.681691028409649,1.0
40,1,shuffled,ko,0.33696818351745605,0.0,0.0,0.5397727272727273,0.33696818351745605,0.0,0.24615001827478408,0.149992236495018,1,-0.011236265735473414,0.681691028409649,1.0
40,1,shuffled,pko,0.33696818351745605,0.0,0.0,0.5397727272727273,0.33696818351745605,0.0,0.23460344672203065,0.161540949344635,1,-0.011236265735473414,0.681691028409649,1.0
40,1,anti,none,0.33696818351745605,0.0,0.0,0.5309343434343434,0.33696818351745605,0.0,0.22066910117864608,0.17547955214977265,1,-0.011236265735473414,0.681691028409649,1.0
40,1,anti,p,0.33696818351745605,0.0,0.0,0.5309343434343434,0.33696818351745605,0.0,0.21306894570589066,0.18308338671922683,1,-0.011236265735473414,0.681691028409649,1.0
40,1,anti,k,0.33696818351745605,0.0,0.0,0.5309343434343434,0.33696818351745605,0.0,0.24270655512809752,0.15343516319990158,1,-0.011236265735473414,0.681691028409649,1.0
40,1,anti,o,0.33696818351745605,0.0,0.0,0.5542929292929293,0.33696818351745605,0.0,0.2230290248990059,0.17312259674072267,1,-0.011236265735473414,0.681691028409649,1.0
40,1,anti,pk,0.33696818351745605,0.0,0.0,0.5309343434343434,0.33696818351745605,0.0,0.23516667038202285,0.1609777942299843,1,-0.011236265735473414,0.681691028409649,1.0
40,1,anti,po,0.33696818351745605,0.0,0.0,0.5542929292929293,0.33696818351745605,0.0,0.2142983317375183,0.18185870498418807,1,-0.011236265735473414,0.681691028409649,1.0
40,1,anti,ko,0.33696818351745605,0.0,0.0,0.5542929292929293,0.33696818351745605,0.0,0.24518501460552217,0.15095872431993484,1,-0.011236265735473414,0.681691028409649,1.0
40,1,anti,pko,0.33696818351745605,0.0,0.0,0.5542929292929293,0.33696818351745605,0.0,0.23625122457742692,0.159896582365036,1,-0.011236265735473414,0.681691028409649,1.0
40,2,controlled,none,-0.5626940131187439,0.0,0.0,0.008207070707070708,-0.5605713129043579,0.0,0.22928396314382554,0.17615832537412643,1,0.12934004864406298,0.21354906380929273,1.0
40,2,controlled,p,-0.5430927455425263,0.0,0.0,0.008207070707070708,-0.5520804524421692,0.0,0.2339315816760063,0.19692850410938262,1,0.12934004864406298,0.21354906380929273,1.0
40,2,controlled,k,-0.5667179346084594,0.0,0.0,0.008207070707070708,-0.5605713129043579,0.0,0.2516426622867584,0.14590691179037094,1,0.12934004864406298,0.21354906380929273,1.0
40,2,controlled,o,-0.561348021030426,0.0,0.0,0.0025252525252525255,-0.5605713129043579,0.0,0.22965098321437835,0.17646868228912355,1,0.12934004864406298,0.21354906380929273,1.0
40,2,controlled,pk,-0.5667179346084594,0.0,0.0,0.008207070707070708,-0.5605713129043579,0.0,0.2425969660282135,0.1569890484213829,1,0.12934004864406298,0.21354906380929273,1.0
40,2,controlled,po,-0.5519357442855835,0.0,0.0,0.0025252525252525255,-0.5520804524421692,0.0,0.22844720929861068,0.18880048096179963,1,0.12934004864406298,0.21354906380929273,1.0
40,2,controlled,ko,-0.5660903334617615,0.0,0.0,0.0025252525252525255,-0.5605713129043579,0.0,0.25012383610010147,0.1487346649169922,1,0.12934004864406298,0.21354906380929273,1.0
40,2,controlled,pko,-0.5660903334617615,0.0,0.0,0.0025252525252525255,-0.5605713129043579,0.0,0.2411414712667465,0.15976990312337874,1,0.12934004864406298,0.21354906380929273,1.0
40,2,learned,none,-0.5626940131187439,0.0,0.0,0.008207070707070708,-0.5605713129043579,0.0,0.22928396314382554,0.17615832537412643,1,0.12934004864406298,0.21354906380929273,1.0
40,2,learned,p,-0.5618449330329895,0.0,0.0,0.008207070707070708,-0.5605713129043579,0.0,0.22200344353914261,0.1820823609828949,1,0.12934004864406298,0.21354906380929273,1.0
40,2,learned,k,-0.5690621137619019,0.0,0.0,0.008207070707070708,-0.5690621137619019,0.0,0.35643657147884367,0.03975916206836701,1,0.12934004864406298,0.21354906380929273,1.0
40,2,learned,o,-0.5630461812019348,0.0,0.0,0.11963383838383838,-0.5605713129043579,0.0,0.2147020399570465,0.19050279557704924,1,0.12934004864406298,0.21354906380929273,1.0
40,2,learned,pk,-0.5690621137619019,0.0,0.0,0.008207070707070708,-0.5690621137619019,0.0,0.35234447121620177,0.04383772201836109,1,0.12934004864406298,0.21354906380929273,1.0
40,2,learned,po,-0.5643198013305664,0.0,0.0,0.11963383838383838,-0.5520804524421692,0.0,0.1867765724658966,0.21689531803131104,1,0.12934004864406298,0.21354906380929273,1.0
40,2,learned,ko,-0.5690621137619019,0.0,0.0,0.11963383838383838,-0.5690621137619019,0.0,0.3619255214929581,0.03424241468310356,1,0.12934004864406298,0.21354906380929273,1.0
40,2,learned,pko,-0.5690621137619019,0.0,0.0,0.11963383838383838,-0.5690621137619019,0.0,0.3572658747434616,0.03889957424253225,1,0.12934004864406298,0.21354906380929273,1.0
40,2,shuffled,none,-0.5626940131187439,0.0,0.0,0.008207070707070708,-0.5605713129043579,0.0,0.22928396314382554,0.17615832537412643,1,0.12934004864406298,0.21354906380929273,1.0
40,2,shuffled,p,-0.5481872320175171,0.0,0.0,0.008207070707070708,-0.5520804524421692,0.0,0.21605686098337173,0.20588618516921997,1,0.12934004864406298,0.21354906380929273,1.0
40,2,shuffled,k,-0.5684160947799682,0.0,0.0,0.008207070707070708,-0.5605713129043579,0.0,0.25672961920499804,0.14083382338285447,1,0.12934004864406298,0.21354906380929273,1.0
40,2,shuffled,o,-0.5618449330329895,0.0,0.0,0.006944444444444444,-0.5605713129043579,0.0,0.22770820707082748,0.1782136768102646,1,0.12934004864406298,0.21354906380929273,1.0
40,2,shuffled,pk,-0.5667179346084594,0.0,0.0,0.008207070707070708,-0.5605713129043579,0.0,0.24121085107326506,0.15783333033323288,1,0.12934004864406298,0.21354906380929273,1.0
40,2,shuffled,po,-0.5519357323646545,0.0,0.0,0.006944444444444444,-0.5520804524421692,0.0,0.23058770596981049,0.1867156058549881,1,0.12934004864406298,0.21354906380929273,1.0
40,2,shuffled,ko,-0.5660903334617615,0.0,0.0,0.006944444444444444,-0.5605713129043579,0.0,0.24138092398643493,0.1574735090136528,1,0.12934004864406298,0.21354906380929273,1.0
40,2,shuffled,pko,-0.5660903334617615,0.0,0.0,0.006944444444444444,-0.5605713129043579,0.0,0.24292614609003066,0.15811037868261338,1,0.12934004864406298,0.21354906380929273,1.0
40,2,anti,none,-0.5626940131187439,0.0,0.0,0.008207070707070708,-0.5605713129043579,0.0,0.22928396314382554,0.17615832537412643,1,0.12934004864406298,0.21354906380929273,1.0
40,2,anti,p,-0.5524326622486114,0.0,0.0,0.008207070707070708,-0.5520804524421692,0.0,0.18695284128189088,0.22790049463510514,1,0.12934004864406298,0.21354906380929273,1.0
40,2,anti,k,-0.5667179346084594,0.0,0.0,0.008207070707070708,-0.5605713129043579,0.0,0.2620272636413574,0.13604035899043082,1,0.12934004864406298,0.21354906380929273,1.0
40,2,anti,o,-0.5618449330329895,0.0,0.0,0.005366161616161616,-0.5605713129043579,0.0,0.21785860359668732,0.18730022460222245,1,0.12934004864406298,0.21354906380929273,1.0
40,2,anti,pk,-0.5667179346084594,0.0,0.0,0.008207070707070708,-0.5605713129043579,0.0,0.2331371709704399,0.16628356873989106,1,0.12934004864406298,0.21354906380929273,1.0
40,2,anti,po,-0.5554768204689026,0.0,0.0,0.005366161616161616,-0.5520804524421692,0.0,0.2129479855298996,0.19948141276836395,1,0.12934004864406298,0.21354906380929273,1.0
40,2,anti,ko,-0.5660903334617615,0.0,0.0,0.005366161616161616,-0.5605713129043579,0.0,0.2357959046959877,0.16309759616851807,1,0.12934004864406298,0.21354906380929273,1.0
40,2,anti,pko,-0.5652412533760071,0.0,0.0,0.005366161616161616,-0.5605713129043579,0.0,0.23032666593790055,0.17029125839471818,1,0.12934004864406298,0.21354906380929273,1.0
40,3,controlled,none,-0.8158146500587463,0.9982500000000002,0.001,0.4876893939393939,-0.8113202452659607,0.995,0.307001930475235,0.09431635513901711,1,0.8536738419409236,0.6608625236307396,1.0
40,3,controlled,p,-0.8115671813488007,0.99525,0.0025,0.4876893939393939,-0.8113202452659607,0.995,0.2729278028011322,0.13387466222047806,1,0.8536738419409236,0.6608625236307396,1.0
40,3,controlled,k,-0.8180703520774841,1.0,0.0,0.4876893939393939,-0.8180703520774841,1.0,0.32849016785621643,0.06920333169400691,1,0.8536738419409236,0.6608625236307396,1.0
40,3,controlled,o,-0.8165914177894592,0.9990000000000001,0.001,0.47664141414141414,-0.8180703520774841,1.0,0.3106730282306671,0.08948807120323181,1,0.8536738419409236,0.6608625236307396,1.0
40,3,controlled,pk,-0.8180703520774841,1.0,0.0,0.4876893939393939,-0.8180703520774841,1.0,0.3028695583343506,0.09607673361897469,1,0.8536738419409236,0.6608625236307396,1.0
40,3,controlled,po,-0.8129836797714234,0.9962500000000002,0.002,0.47664141414141414,-0.8113202452659607,0.995,0.29800053536891935,0.10523312613368034,1,0.8536738419409236,0.6608625236307396,1.0
40,3,controlled,ko,-0.8180703520774841,1.0,0.0,0.47664141414141414,-0.8180703520774841,1.0,0.3235021322965622,0.07443327307701111,1,0.8536738419409236,0.6608625236307396,1.0
40,3,controlled,pko,-0.8180703520774841,1.0,0.0,0.47664141414141414,-0.8180703520774841,1.0,0.3130341827869415,0.08600672483444213,1,0.8536738419409236,0.6608625236307396,1.0
40,3,learned,none,-0.8158146500587463,0.9982500000000002,0.001,0.4876893939393939,-0.8113202452659607,0.995,0.307001930475235,0.09431635513901711,1,0.8536738419409236,0.6608625236307396,1.0
40,3,learned,p,-0.8152393817901611,0.998,0.001,0.4876893939393939,-0.8180703520774841,1.0,0.27544561624526975,0.1252960592508316,1,0.8536738419409236,0.6608625236307396,1.0
40,3,learned,k,-0.8180703520774841,1.0,0.0,0.4876893939393939,-0.8180703520774841,1.0,0.38053091764450075,0.015705107245594263,1,0.8536738419409236,0.6608625236307396,1.0
40,3,learned,o,-0.8180703520774841,1.0,0.0,0.22695707070707072,-0.8180703520774841,1.0,0.31847235560417175,0.08096421957015991,1,0.8536738419409236,0.6608625236307396,1.0
40,3,learned,pk,-0.8180703520774841,1.0,0.0,0.4876893939393939,-0.8180703520774841,1.0,0.37292749881744386,0.02330389926210046,1,0.8536738419409236,0.6608625236307396,1.0
40,3,learned,po,-0.8173308849334717,0.9995,0.0005,0.22695707070707072,-0.8180703520774841,1.0,0.3045834362506866,0.09429871886968613,1,0.8536738419409236,0.6608625236307396,1.0
40,3,learned,ko,-0.8180703520774841,1.0,0.0,0.22695707070707072,-0.8180703520774841,1.0,0.385435426235199,0.010762673243880272,1,0.8536738419409236,0.6608625236307396,1.0
40,3,learned,pko,-0.8180703520774841,1.0,0.0,0.22695707070707072,-0.8180703520774841,1.0,0.3826318085193634,0.013563184160739183,1,0.8536738419409236,0.6608625236307396,1.0
40,3,shuffled,none,-0.8158146500587463,0.9982500000000002,0.001,0.4876893939393939,-0.8113202452659607,0.995,0.307001930475235,0.09431635513901711,1,0.8536738419409236,0.6608625236307396,1.0
40,3,shuffled,p,-0.8115671813488007,0.99525,0.0025,0.4876893939393939,-0.8113202452659607,0.995,0.29943743646144866,0.10745287239551544,1,0.8536738419409236,0.6608625236307396,1.0
40,3,shuffled,k,-0.8180703520774841,1.0,0.0,0.4876893939393939,-0.8180703520774841,1.0,0.32235769033432005,0.0757740244269371,1,0.8536738419409236,0.6608625236307396,1.0
40,3,shuffled,o,-0.8152393817901611,0.998,0.001,0.4599116161616162,-0.8180703520774841,1.0,0.32085861563682555,0.0797161541879177,1,0.8536738419409236,0.6608625236307396,1.0
40,3,shuffled,pk,-0.8165914177894592,0.9990000000000001,0.001,0.4876893939393939,-0.8180703520774841,1.0,0.31434611678123475,0.08550339192152023,1,0.8536738419409236,0.6608625236307396,1.0
40,3,shuffled,po,-0.8123066484928131,0.99575,0.002,0.4599116161616162,-0.8113202452659607,0.995,0.3155787855386734,0.088822390884161,1,0.8536738419409236,0.6608625236307396,1.0
40,3,shuffled,ko,-0.8180703520774841,1.0,0.0,0.4599116161616162,-0.8180703520774841,1.0,0.33160428106784823,0.06650177650153637,1,0.8536738419409236,0.6608625236307396,1.0
40,3,shuffled,pko,-0.8173308849334717,0.9995,0.0005,0.4599116161616162,-0.8180703520774841,1.0,0.3258052259683609,0.07366127520799637,1,0.8536738419409236,0.6608625236307396,1.0
40,3,anti,none,-0.8158146500587463,0.9982500000000002,0.001,0.4876893939393939,-0.8113202452659607,0.995,0.307001930475235,0.09431635513901711,1,0.8536738419409236,0.6608625236307396,1.0
40,3,anti,p,-0.8129836797714234,0.9962500000000002,0.002,0.4876893939393939,-0.8113202452659607,0.995,0.30606070160865784,0.09732508957386017,1,0.8536738419409236,0.6608625236307396,1.0
40,3,anti,k,-0.8180703520774841,1.0,0.0,0.4876893939393939,-0.8180703520774841,1.0,0.31963788270950316,0.07911021709442138,1,0.8536738419409236,0.6608625236307396,1.0
40,3,anti,o,-0.8165914177894592,0.9990000000000001,0.001,0.47948232323232326,-0.8180703520774841,1.0,0.3114554166793823,0.08899520188570023,1,0.8536738419409236,0.6608625236307396,1.0
40,3,anti,pk,-0.8173308849334717,0.9995,0.0005,0.4876893939393939,-0.8180703520774841,1.0,0.31798623502254486,0.08168327286839486,1,0.8536738419409236,0.6608625236307396,1.0
40,3,anti,po,-0.8148374199867249,0.9977500000000002,0.0015,0.47948232323232326,-0.8113202452659607,0.995,0.31135453283786774,0.0905033141374588,1,0.8536738419409236,0.6608625236307396,1.0
40,3,anti,ko,-0.8180703520774841,1.0,0.0,0.47948232323232326,-0.8180703520774841,1.0,0.32311975955963135,0.07526317723095417,1,0.8536738419409236,0.6608625236307396,1.0
40,3,anti,pko,-0.8180703520774841,1.0,0.0,0.47948232323232326,-0.8180703520774841,1.0,0.32207473516464236,0.07695358768105506,1,0.8536738419409236,0.6608625236307396,1.0
41,1,controlled,none,-1.0239194869995116,0.0,0.001,0.8153409090909091,-1.0258272886276245,0.0,0.21895720362663268,0.1796709641814232,1,0.6892838189045128,0.8819842809263321,1.0
41,1,controlled,p,-1.0196269392967223,0.0,0.0032500000000000007,0.8153409090909091,-1.0258272886276245,0.0,0.21535597443580629,0.18929017931222916,1,0.6892838189045128,0.8819842809263321,1.0
41,1,controlled,k,-1.0258272886276245,0.0,0.0,0.8153409090909091,-1.0258272886276245,0.0,0.24336079359054566,0.15358330458402633,1,0.6892838189045128,0.8819842809263321,1.0
41,1,controlled,o,-1.003606253862381,0.0,0.008499999999999999,0.7938762626262627,-1.0258272886276245,0.0,0.22264782935380936,0.19903408288955687,1,0.6892838189045128,0.8819842809263321,1.0
41,1,controlled,pk,-1.024873399734497,0.0,0.0005,0.8153409090909091,-1.0258272886276245,0.0,0.23317201882600785,0.1651570126414299,1,0.6892838189045128,0.8819842809263321,1.0
41,1,controlled,po,-0.9879893362522125,0.0,0.013500000000000002,0.7938762626262627,-1.008863925933838,0.0,0.21758632808923722,0.2230759933590889,1,0.6892838189045128,0.8819842809263321,1.0
41,1,controlled,ko,-1.0201039075851441,0.0,0.003,0.7938762626262627,-1.0258272886276245,0.0,0.23903828710317612,0.16574556827545167,1,0.6892838189045128,0.8819842809263321,1.0
41,1,controlled,pko,-1.0147167921066285,0.0,0.0045000000000000005,0.7938762626262627,-1.0258272886276245,0.0,0.22860288769006729,0.18150009214878082,1,0.6892838189045128,0.8819842809263321,1.0
41,1,learned,none,-1.0239194869995116,0.0,0.001,0.8153409090909091,-1.0258272886276245,0.0,0.21895720362663268,0.1796709641814232,1,0.6892838189045128,0.8819842809263321,1.0
41,1,learned,p,-1.0239194869995116,0.0,0.001,0.8153409090909091,-1.0258272886276245,0.0,0.21037753969430922,0.18807693272829057,1,0.6892838189045128,0.8819842809263321,1.0
41,1,learned,k,-1.0258272886276245,0.0,0.0,0.8153409090909091,-1.0258272886276245,0.0,0.3533346146345139,0.04289354421198368,1,0.6892838189045128,0.8819842809263321,1.0
41,1,learned,o,-1.0081643104553222,0.0,0.006500000000000001,0.26830808080808083,-1.0258272886276245,0.0,0.22322747409343718,0.194677671790123,1,0.6892838189045128,0.8819842809263321,1.0
41,1,learned,pk,-1.0258272886276245,0.0,0.0,0.8153409090909091,-1.0258272886276245,0.0,0.34591458141803744,0.05030919089913368,1,0.6892838189045128,0.8819842809263321,1.0
41,1,learned,po,-0.9822305321693421,0.0,0.014750000000000001,0.26830808080808083,-0.9503023028373718,0.0,0.2240593835711479,0.21896119713783263,1,0.6892838189045128,0.8819842809263321,1.0
41,1,learned,ko,-1.0258272886276245,0.0,0.0,0.26830808080808083,-1.0258272886276245,0.0,0.3624933660030365,0.03379292041063309,1,0.6892838189045128,0.8819842809263321,1.0
41,1,learned,pko,-1.0258272886276245,0.0,0.0,0.26830808080808083,-1.0258272886276245,0.0,0.35696962773799895,0.039364655315876004,1,0.6892838189045128,0.8819842809263321,1.0
41,1,shuffled,none,-1.0239194869995116,0.0,0.001,0.8153409090909091,-1.0258272886276245,0.0,0.21895720362663268,0.1796709641814232,1,0.6892838189045128,0.8819842809263321,1.0
41,1,shuffled,p,-1.0239194869995116,0.0,0.001,0.8153409090909091,-1.0258272886276245,0.0,0.20707818865776062,0.1922492191195488,1,0.6892838189045128,0.8819842809263321,1.0
41,1,shuffled,k,-1.0258272886276245,0.0,0.0,0.8153409090909091,-1.0258272886276245,0.0,0.2387705624103546,0.15861424952745437,1,0.6892838189045128,0.8819842809263321,1.0
41,1,shuffled,o,-1.0117639541625976,0.0,0.0055,0.8093434343434344,-1.0258272886276245,0.0,0.2189924418926239,0.19068944305181504,1,0.6892838189045128,0.8819842809263321,1.0
41,1,shuffled,pk,-1.0258272886276245,0.0,0.0,0.8153409090909091,-1.0258272886276245,0.0,0.22803294956684111,0.16967938393354415,1,0.6892838189045128,0.8819842809263321,1.0
41,1,shuffled,po,-1.0087779402732848,0.0,0.006500000000000001,0.8093434343434344,-1.0184030532836914,0.0,0.2068369284272194,0.20667923539876937,1,0.6892838189045128,0.8819842809263321,1.0
41,1,shuffled,ko,-1.02130469083786,0.0,0.002,0.8093434343434344,-1.0258272886276245,0.0,0.2365616336464882,0.1660907968878746,1,0.6892838189045128,0.8819842809263321,1.0
41,1,shuffled,pko,-1.0186898827552795,0.0,0.003,0.8093434343434344,-1.0258272886276245,0.0,0.2254466161131859,0.17886092513799667,1,0.6892838189045128,0.8819842809263321,1.0
41,1,anti,none,-1.0239194869995116,0.0,0.001,0.8153409090909091,-1.0258272886276245,0.0,0.21895720362663268,0.1796709641814232,1,0.6892838189045128,0.8819842809263321,1.0
41,1,anti,p,-1.024873399734497,0.0,0.0005,0.8153409090909091,-1.0258272886276245,0.0,0.2156638190150261,0.18357661962509156,1,0.6892838189045128,0.8819842809263321,1.0
41,1,anti,k,-1.0258272886276245,0.0,0.0,0.8153409090909091,-1.0258272886276245,0.0,0.23566672056913376,0.16174422800540925,1,0.6892838189045128,0.8819842809263321,1.0
41,1,anti,o,-1.0066502392292023,0.0,0.007499999999999999,0.8096590909090909,-1.0258272886276245,0.0,0.22107492238283158,0.19571996480226517,1,0.6892838189045128,0.8819842809263321,1.0
41,1,anti,pk,-1.024873399734497,0.0,0.0005,0.8153409090909091,-1.0258272886276245,0.0,0.23131690174341202,0.16641538292169572,1,0.6892838189045128,0.8819842809263321,1.0
41,1,anti,po,-1.003083735704422,0.0,0.0085,0.8096590909090909,-1.0184030532836914,0.0,0.21848479509353638,0.2037019193172455,1,0.6892838189045128,0.8819842809263321,1.0
41,1,anti,ko,-1.0178873062133789,0.0,0.0034999999999999996,0.8096590909090909,-1.0258272886276245,0.0,0.23336060345172882,0.17252974808216096,1,0.6892838189045128,0.8819842809263321,1.0
41,1,anti,pko,-1.0152724981307983,0.0,0.0045000000000000005,0.8096590909090909,-1.0258272886276245,0.0,0.22940122336149216,0.17879611998796463,1,0.6892838189045128,0.8819842809263321,1.0
41,2,controlled,none,-0.04281294718384743,0.0,0.0,0.06534090909090909,-0.04300118610262871,0.0,0.30464286506175997,0.09155246391892433,1,0.42883379465314325,0.06636040639450722,1.0
41,2,controlled,p,-0.04281294718384743,0.0,0.0,0.06534090909090909,-0.04300118610262871,0.0,0.2946086317300797,0.10160024538636207,1,0.42883379465314325,0.06636040639450722,1.0
41,2,controlled,k,-0.04281294718384743,0.0,0.0,0.06534090909090909,-0.04300118610262871,0.0,0.31773340702056885,0.07844853512942791,1,0.42883379465314325,0.06636040639450722,1.0
41,2,controlled,o,-0.04281294718384743,0.0,0.0,0.0716540404040404,-0.04300118610262871,0.0,0.30550316870212557,0.09069567024707795,1,0.42883379465314325,0.06636040639450722,1.0
41,2,controlled,pk,-0.04281294718384743,0.0,0.0,0.06534090909090909,-0.04300118610262871,0.0,0.3086437225341797,0.08754692748188972,1,0.42883379465314325,0.06636040639450722,1.0
41,2,controlled,po,-0.04281294718384743,0.0,0.0,0.0716540404040404,-0.04300118610262871,0.0,0.29620819091796874,0.10000509396195412,1,0.42883379465314325,0.06636040639450722,1.0
41,2,controlled,ko,-0.04281294718384743,0.0,0.0,0.0716540404040404,-0.04300118610262871,0.0,0.3176806181669235,0.07850424274802208,1,0.42883379465314325,0.06636040639450722,1.0
41,2,controlled,pko,-0.04281294718384743,0.0,0.0,0.0716540404040404,-0.04300118610262871,0.0,0.30935548841953275,0.08683885782957076,1,0.42883379465314325,0.06636040639450722,1.0
41,2,learned,none,-0.04281294718384743,0.0,0.0,0.06534090909090909,-0.04300118610262871,0.0,0.30464286506175997,0.09155246391892433,1,0.42883379465314325,0.06636040639450722,1.0
41,2,learned,p,-0.04281294718384743,0.0,0.0,0.06534090909090909,-0.04300118610262871,0.0,0.30770665854215623,0.08850137665867805,1,0.42883379465314325,0.06636040639450722,1.0
41,2,learned,k,-0.04300118610262871,0.0,0.0,0.06534090909090909,-0.04300118610262871,0.0,0.3857595056295395,0.010369456140324473,1,0.42883379465314325,0.06636040639450722,1.0
41,2,learned,o,-0.04281294718384743,0.0,0.0,0.15498737373737373,-0.04300118610262871,0.0,0.293357053399086,0.10282747149467468,1,0.42883379465314325,0.06636040639450722,1.0
41,2,learned,pk,-0.04300118610262871,0.0,0.0,0.06534090909090909,-0.04300118610262871,0.0,0.38330942392349243,0.012819271255284547,1,0.42883379465314325,0.06636040639450722,1.0
41,2,learned,po,-0.04281294718384743,0.0,0.0,0.15498737373737373,-0.04300118610262871,0.0,0.2889526605606079,0.10723024979233742,1,0.42883379465314325,0.06636040639450722,1.0
41,2,learned,ko,-0.04300118610262871,0.0,0.0,0.15498737373737373,-0.04300118610262871,0.0,0.38404877185821534,0.012079035956412553,1,0.42883379465314325,0.06636040639450722,1.0
41,2,learned,pko,-0.04300118610262871,0.0,0.0,0.15498737373737373,-0.04300118610262871,0.0,0.3813984215259552,0.014727776125073432,1,0.42883379465314325,0.06636040639450722,1.0
41,2,shuffled,none,-0.04281294718384743,0.0,0.0,0.06534090909090909,-0.04300118610262871,0.0,0.30464286506175997,0.09155246391892433,1,0.42883379465314325,0.06636040639450722,1.0
41,2,shuffled,p,-0.04281294718384743,0.0,0.0,0.06534090909090909,-0.04300118610262871,0.0,0.2971947580575943,0.09900161847472191,1,0.42883379465314325,0.06636040639450722,1.0
41,2,shuffled,k,-0.04281294718384743,0.0,0.0,0.06534090909090909,-0.04300118610262871,0.0,0.3176204890012741,0.07856291271746159,1,0.42883379465314325,0.06636040639450722,1.0
41,2,shuffled,o,-0.04281294718384743,0.0,0.0,0.07512626262626262,-0.04300118610262871,0.0,0.3021798968315125,0.09401667043566704,1,0.42883379465314325,0.06636040639450722,1.0
41,2,shuffled,pk,-0.04281294718384743,0.0,0.0,0.06534090909090909,-0.04300118610262871,0.0,0.31065274477005006,0.0855331901460886,1,0.42883379465314325,0.06636040639450722,1.0
41,2,shuffled,po,-0.04281294718384743,0.0,0.0,0.07512626262626262,-0.04300118610262871,0.0,0.29606831073760986,0.10012947842478752,1,0.42883379465314325,0.06636040639450722,1.0
41,2,shuffled,ko,-0.04281294718384743,0.0,0.0,0.07512626262626262,-0.04300118610262871,0.0,0.3150521367788315,0.08113267570734024,1,0.42883379465314325,0.06636040639450722,1.0
41,2,shuffled,pko,-0.04281294718384743,0.0,0.0,0.07512626262626262,-0.04300118610262871,0.0,0.30928528010845185,0.08690226301550866,1,0.42883379465314325,0.06636040639450722,1.0
41,2,anti,none,-0.04281294718384743,0.0,0.0,0.06534090909090909,-0.04300118610262871,0.0,0.30464286506175997,0.09155246391892433,1,0.42883379465314325,0.06636040639450722,1.0
41,2,anti,p,-0.04281294718384743,0.0,0.0,0.06534090909090909,-0.04300118610262871,0.0,0.29677959978580476,0.09942120388150215,1,0.42883379465314325,0.06636040639450722,1.0
41,2,anti,k,-0.04281294718384743,0.0,0.0,0.06534090909090909,-0.04300118610262871,0.0,0.3164329707622528,0.07974896803498269,1,0.42883379465314325,0.06636040639450722,1.0
41,2,anti,o,-0.04281294718384743,0.0,0.0,0.07323232323232323,-0.04300118610262871,0.0,0.30382483899593354,0.09237105250358582,1,0.42883379465314325,0.06636040639450722,1.0
41,2,anti,pk,-0.04281294718384743,0.0,0.0,0.06534090909090909,-0.04300118610262871,0.0,0.3103151977062225,0.08587333597242833,1,0.42883379465314325,0.06636040639450722,1.0
41,2,anti,po,-0.04281294718384743,0.0,0.0,0.07323232323232323,-0.04300118610262871,0.0,0.2952116221189499,0.10098878890275956,1,0.42883379465314325,0.06636040639450722,1.0
41,2,anti,ko,-0.04281294718384743,0.0,0.0,0.07323232323232323,-0.04300118610262871,0.0,0.3159086585044861,0.08027397207915783,1,0.42883379465314325,0.06636040639450722,1.0
41,2,anti,pko,-0.04281294718384743,0.0,0.0,0.07323232323232323,-0.04300118610262871,0.0,0.30922899544239046,0.08695952482521534,1,0.42883379465314325,0.06636040639450722,1.0
41,3,controlled,none,0.49679359793663025,0.0,0.0,0.5151515151515151,0.49679359793663025,0.0,0.18106698840856553,0.21511065363883972,1,0.12284707863568356,1.0031260806861182,1.0
41,3,controlled,p,0.49679359793663025,0.0,0.0,0.5151515151515151,0.49679359793663025,0.0,0.16862452328205108,0.22756003588438034,1,0.12284707863568356,1.0031260806861182,1.0
41,3,controlled,k,0.49679359793663025,0.0,0.0,0.5151515151515151,0.49679359793663025,0.0,0.20156285911798477,0.19459694772958755,1,0.12284707863568356,1.0031260806861182,1.0
41,3,controlled,o,0.49679359793663025,0.0,0.0,0.5230429292929293,0.49679359793663025,0.0,0.18266727030277252,0.21351135671138763,1,0.12284707863568356,1.0031260806861182,1.0
41,3,controlled,pk,0.49679359793663025,0.0,0.0,0.5151515151515151,0.49679359793663025,0.0,0.19069774448871613,0.2054665818810463,1,0.12284707863568356,1.0031260806861182,1.0
41,3,controlled,po,0.49679359793663025,0.0,0.0,0.5230429292929293,0.49679359793663025,0.0,0.16964649260044098,0.22653911411762237,1,0.12284707863568356,1.0031260806861182,1.0
41,3,controlled,ko,0.49679359793663025,0.0,0.0,0.5230429292929293,0.49679359793663025,0.0,0.20332683473825455,0.1928337335586548,1,0.12284707863568356,1.0031260806861182,1.0
41,3,controlled,pko,0.49679359793663025,0.0,0.0,0.5230429292929293,0.49679359793663025,0.0,0.19193911999464036,0.2042260229587555,1,0.12284707863568356,1.0031260806861182,1.0
41,3,learned,none,0.49679359793663025,0.0,0.0,0.5151515151515151,0.49679359793663025,0.0,0.18106698840856553,0.21511065363883972,1,0.12284707863568356,1.0031260806861182,1.0
41,3,learned,p,0.49679359793663025,0.0,0.0,0.5151515151515151,0.49679359793663025,0.0,0.18251633048057556,0.2136346787214279,1,0.12284707863568356,1.0031260806861182,1.0
41,3,learned,k,0.49679359793663025,0.0,0.0,0.5151515151515151,0.49679359793663025,0.0,0.3287890672683716,0.06733118481934071,1,0.12284707863568356,1.0031260806861182,1.0
41,3,learned,o,0.49679359793663025,0.0,0.0,0.2490530303030303,0.49679359793663025,0.0,0.18123385608196257,0.21493638753890992,1,0.12284707863568356,1.0031260806861182,1.0
41,3,learned,pk,0.49679359793663025,0.0,0.0,0.5151515151515151,0.49679359793663025,0.0,0.32967856228351594,0.06643801406025887,1,0.12284707863568356,1.0031260806861182,1.0
41,3,learned,po,0.49679359793663025,0.0,0.0,0.2490530303030303,0.49679359793663025,0.0,0.17593964189291,0.22019730657339096,1,0.12284707863568356,1.0031260806861182,1.0
41,3,learned,ko,0.49679359793663025,0.0,0.0,0.2490530303030303,0.49679359793663025,0.0,0.337396901845932,0.05872085876762867,1,0.12284707863568356,1.0031260806861182,1.0
41,3,learned,pko,0.49679359793663025,0.0,0.0,0.2490530303030303,0.49679359793663025,0.0,0.3354846566915512,0.06062854267656803,1,0.12284707863568356,1.0031260806861182,1.0
41,3,shuffled,none,0.49679359793663025,0.0,0.0,0.5151515151515151,0.49679359793663025,0.0,0.18106698840856553,0.21511065363883972,1,0.12284707863568356,1.0031260806861182,1.0
41,3,shuffled,p,0.49679359793663025,0.0,0.0,0.5151515151515151,0.49679359793663025,0.0,0.1706179529428482,0.2255727767944336,1,0.12284707863568356,1.0031260806861182,1.0
41,3,shuffled,k,0.49679359793663025,0.0,0.0,0.5151515151515151,0.49679359793663025,0.0,0.19972765892744065,0.19643393456935881,1,0.12284707863568356,1.0031260806861182,1.0
41,3,shuffled,o,0.49679359793663025,0.0,0.0,0.5340909090909091,0.49679359793663025,0.0,0.17787279635667802,0.21830542981624604,1,0.12284707863568356,1.0031260806861182,1.0
41,3,shuffled,pk,0.49679359793663025,0.0,0.0,0.5151515151515151,0.49679359793663025,0.0,0.1904140055179596,0.20575617700815202,1,0.12284707863568356,1.0031260806861182,1.0
41,3,shuffled,po,0.49679359793663025,0.0,0.0,0.5340909090909091,0.49679359793663025,0.0,0.16756192743778228,0.22863019704818727,1,0.12284707863568356,1.0031260806861182,1.0
41,3,shuffled,ko,0.49679359793663025,0.0,0.0,0.5340909090909091,0.49679359793663025,0.0,0.19580790847539903,0.2003541558980942,1,0.12284707863568356,1.0031260806861182,1.0
41,3,shuffled,pko,0.49679359793663025,0.0,0.0,0.5340909090909091,0.49679359793663025,0.0,0.18664052933454514,0.20953076779842378,1,0.12284707863568356,1.0031260806861182,1.0
41,3,anti,none,0.49679359793663025,0.0,0.0,0.5151515151515151,0.49679359793663025,0.0,0.18106698840856553,0.21511065363883972,1,0.12284707863568356,1.0031260806861182,1.0
41,3,anti,p,0.49679359793663025,0.0,0.0,0.5151515151515151,0.49679359793663025,0.0,0.1739526018500328,0.2222365066409111,1,0.12284707863568356,1.0031260806861182,1.0
41,3,anti,k,0.49679359793663025,0.0,0.0,0.5151515151515151,0.49679359793663025,0.0,0.2026810646057129,0.19347833096981049,1,0.12284707863568356,1.0031260806861182,1.0
41,3,anti,o,0.49679359793663025,0.0,0.0,0.5394570707070707,0.49679359793663025,0.0,0.17992189526557922,0.21625596284866333,1,0.12284707863568356,1.0031260806861182,1.0
41,3,anti,pk,0.49679359793663025,0.0,0.0,0.5151515151515151,0.49679359793663025,0.0,0.19532047510147094,0.20084670931100845,1,0.12284707863568356,1.0031260806861182,1.0
41,3,anti,po,0.49679359793663025,0.0,0.0,0.5394570707070707,0.49679359793663025,0.0,0.17274328619241713,0.22344445288181305,1,0.12284707863568356,1.0031260806861182,1.0
41,3,anti,ko,0.49679359793663025,0.0,0.0,0.5394570707070707,0.49679359793663025,0.0,0.20204901695251465,0.19411048293113708,1,0.12284707863568356,1.0031260806861182,1.0
41,3,anti,pko,0.49679359793663025,0.0,0.0,0.5394570707070707,0.49679359793663025,0.0,0.19452158957719803,0.20164464861154557,1,0.12284707863568356,1.0031260806861182,1.0
42,1,controlled,none,-0.20169542729854584,1.0,0.0,0.18055555555555555,-0.20169542729854584,1.0,0.311130690574646,0.08527779504656792,1,-0.06316708155381354,0.25362859357334083,1.0
42,1,controlled,p,-0.20169542729854584,1.0,0.0,0.18055555555555555,-0.20169542729854584,1.0,0.309755676984787,0.08671842552721501,1,-0.06316708155381354,0.25362859357334083,1.0
42,1,controlled,k,-0.20169542729854584,1.0,0.0,0.18055555555555555,-0.20169542729854584,1.0,0.3166739732027054,0.07966172620654106,1,-0.06316708155381354,0.25362859357334083,1.0
42,1,controlled,o,-0.20169542729854584,1.0,0.0,0.16982323232323232,-0.20169542729854584,1.0,0.31104996502399446,0.08535344749689103,1,-0.06316708155381354,0.25362859357334083,1.0
42,1,controlled,pk,-0.20169542729854584,1.0,0.0,0.18055555555555555,-0.20169542729854584,1.0,0.31456539034843445,0.08181623779237271,1,-0.06316708155381354,0.25362859357334083,1.0
42,1,controlled,po,-0.20169542729854584,1.0,0.0,0.16982323232323232,-0.20169542729854584,1.0,0.3088108479976654,0.08764908611774444,1,-0.06316708155381354,0.25362859357334083,1.0
42,1,controlled,ko,-0.20169542729854584,1.0,0.0,0.16982323232323232,-0.20169542729854584,1.0,0.31817647218704226,0.07814902290701867,1,-0.06316708155381354,0.25362859357334083,1.0
42,1,controlled,pko,-0.20169542729854584,1.0,0.0,0.16982323232323232,-0.20169542729854584,1.0,0.3148560106754303,0.08150755912065506,1,-0.06316708155381354,0.25362859357334083,1.0
42,1,learned,none,-0.20169542729854584,1.0,0.0,0.18055555555555555,-0.20169542729854584,1.0,0.311130690574646,0.08527779504656792,1,-0.06316708155381354,0.25362859357334083,1.0
42,1,learned,p,-0.20169542729854584,1.0,0.0,0.18055555555555555,-0.20169542729854584,1.0,0.3085482597351074,0.08813579604029656,1,-0.06316708155381354,0.25362859357334083,1.0
42,1,learned,k,-0.20169542729854584,1.0,0.0,0.18055555555555555,-0.20169542729854584,1.0,0.3479353725910187,0.048245692253112794,1,-0.06316708155381354,0.25362859357334083,1.0
42,1,learned,o,-0.20169542729854584,1.0,0.0,0.1717171717171717,-0.20169542729854584,1.0,0.30943811535835264,0.08687293007969857,1,-0.06316708155381354,0.25362859357334083,1.0
42,1,learned,pk,-0.20169542729854584,1.0,0.0,0.18055555555555555,-0.20169542729854584,1.0,0.3466505318880081,0.04956506676971913,1,-0.06316708155381354,0.25362859357334083,1.0
42,1,learned,po,-0.20169542729854584,1.0,0.0,0.1717171717171717,-0.20169542729854584,1.0,0.3064968854188919,0.08996297270059586,1,-0.06316708155381354,0.25362859357334083,1.0
42,1,learned,ko,-0.20169542729854584,1.0,0.0,0.1717171717171717,-0.20169542729854584,1.0,0.347870808839798,0.0482938390225172,1,-0.06316708155381354,0.25362859357334083,1.0
42,1,learned,pko,-0.20169542729854584,1.0,0.0,0.1717171717171717,-0.20169542729854584,1.0,0.34776573777198794,0.048421548679471016,1,-0.06316708155381354,0.25362859357334083,1.0
42,1,shuffled,none,-0.20169542729854584,1.0,0.0,0.18055555555555555,-0.20169542729854584,1.0,0.311130690574646,0.08527779504656792,1,-0.06316708155381354,0.25362859357334083,1.0
42,1,shuffled,p,-0.20169542729854584,1.0,0.0,0.18055555555555555,-0.20169542729854584,1.0,0.30783924758434295,0.08863390237092972,1,-0.06316708155381354,0.25362859357334083,1.0
42,1,shuffled,k,-0.20169542729854584,1.0,0.0,0.18055555555555555,-0.20169542729854584,1.0,0.31699934005737307,0.07933414876461028,1,-0.06316708155381354,0.25362859357334083,1.0
42,1,shuffled,o,-0.20169542729854584,1.0,0.0,0.17329545454545456,-0.20169542729854584,1.0,0.31138151586055757,0.08500351458787918,1,-0.06316708155381354,0.25362859357334083,1.0
42,1,shuffled,pk,-0.20169542729854584,1.0,0.0,0.18055555555555555,-0.20169542729854584,1.0,0.31363128423690795,0.08274717405438423,1,-0.06316708155381354,0.25362859357334083,1.0
42,1,shuffled,po,-0.20169542729854584,1.0,0.0,0.17329545454545456,-0.20169542729854584,1.0,0.3072723776102066,0.08915403261780738,1,-0.06316708155381354,0.25362859357334083,1.0
42,1,shuffled,ko,-0.20169542729854584,1.0,0.0,0.17329545454545456,-0.20169542729854584,1.0,0.3187085002660751,0.07760805115103722,1,-0.06316708155381354,0.25362859357334083,1.0
42,1,shuffled,pko,-0.20169542729854584,1.0,0.0,0.17329545454545456,-0.20169542729854584,1.0,0.31408307552337644,0.08226203173398972,1,-0.06316708155381354,0.25362859357334083,1.0
42,1,anti,none,-0.20169542729854584,1.0,0.0,0.18055555555555555,-0.20169542729854584,1.0,0.311130690574646,0.08527779504656792,1,-0.06316708155381354,0.25362859357334083,1.0
42,1,anti,p,-0.20169542729854584,1.0,0.0,0.18055555555555555,-0.20169542729854584,1.0,0.3077178686857224,0.08882919326424599,1,-0.06316708155381354,0.25362859357334083,1.0
42,1,anti,k,-0.20169542729854584,1.0,0.0,0.18055555555555555,-0.20169542729854584,1.0,0.31642159521579744,0.07990236058831215,1,-0.06316708155381354,0.25362859357334083,1.0
42,1,anti,o,-0.20169542729854584,1.0,0.0,0.1597222222222222,-0.20169542729854584,1.0,0.3110076546669006,0.0853727787733078,1,-0.06316708155381354,0.25362859357334083,1.0
42,1,anti,pk,-0.20169542729854584,1.0,0.0,0.18055555555555555,-0.20169542729854584,1.0,0.3130099833011627,0.08339724987745285,1,-0.06316708155381354,0.25362859357334083,1.0
42,1,anti,po,-0.20169542729854584,1.0,0.0,0.1597222222222222,-0.20169542729854584,1.0,0.3073309749364853,0.0891205184161663,1,-0.06316708155381354,0.25362859357334083,1.0
42,1,anti,ko,-0.20169542729854584,1.0,0.0,0.1597222222222222,-0.20169542729854584,1.0,0.3168500065803528,0.07946064732968808,1,-0.06316708155381354,0.25362859357334083,1.0
42,1,anti,pko,-0.20169542729854584,1.0,0.0,0.1597222222222222,-0.20169542729854584,1.0,0.31304661333560946,0.08330813646316529,1,-0.06316708155381354,0.25362859357334083,1.0
42,2,controlled,none,0.19206185638904572,0.0,0.0,0.7430555555555556,0.19206185638904572,0.0,0.16238663345575333,0.23374736905097962,1,1.0966966366538133,0.6984457639944489,1.0
42,2,controlled,p,0.19206185638904572,0.0,0.0,0.7430555555555556,0.19206185638904572,0.0,0.1519964352250099,0.24413821548223497,1,1.0966966366538133,0.6984457639944489,1.0
42,2,controlled,k,0.19206185638904572,0.0,0.0,0.7430555555555556,0.19206185638904572,0.0,0.19138397574424743,0.20474340841174127,1,1.0966966366538133,0.6984457639944489,1.0
42,2,controlled,o,0.19206185638904572,0.0,0.0,0.7193813131313131,0.19206185638904572,0.0,0.16392380595207215,0.23220999389886857,1,1.0966966366538133,0.6984457639944489,1.0
42,2,controlled,pk,0.19206185638904572,0.0,0.0,0.7430555555555556,0.19206185638904572,0.0,0.17705809473991393,0.21906934008002282,1,1.0966966366538133,0.6984457639944489,1.0
42,2,controlled,po,0.19206185638904572,0.0,0.0,0.7193813131313131,0.19206185638904572,0.0,0.15493568480014802,0.24119881838560103,1,1.0966966366538133,0.6984457639944489,1.0
42,2,controlled,ko,0.19206185638904572,0.0,0.0,0.7193813131313131,0.19206185638904572,0.0,0.19135954827070237,0.20476794466376305,1,1.0966966366538133,0.6984457639944489,1.0
42,2,controlled,pko,0.19206185638904572,0.0,0.0,0.7193813131313131,0.19206185638904572,0.0,0.1782870039343834,0.21784062460064887,1,1.0966966366538133,0.6984457639944489,1.0
42,2,learned,none,0.19206185638904572,0.0,0.0,0.7430555555555556,0.19206185638904572,0.0,0.16238663345575333,0.23374736905097962,1,1.0966966366538133,0.6984457639944489,1.0
42,2,learned,p,0.19206185638904572,0.0,0.0,0.7430555555555556,0.19206185638904572,0.0,0.15147612243890762,0.24465423375368117,1,1.0966966366538133,0.6984457639944489,1.0
42,2,learned,k,0.19206185638904572,0.0,0.0,0.7430555555555556,0.19206185638904572,0.0,0.3579314798116684,0.03818397503346205,1,1.0966966366538133,0.6984457639944489,1.0
42,2,learned,o,0.19206185638904572,0.0,0.0,0.20612373737373738,0.19206185638904572,0.0,0.16131066977977754,0.2348227769136429,1,1.0966966366538133,0.6984457639944489,1.0
42,2,learned,pk,0.19206185638904572,0.0,0.0,0.7430555555555556,0.19206185638904572,0.0,0.3523902535438538,0.04372351355850697,1,1.0966966366538133,0.6984457639944489,1.0
42,2,learned,po,0.19206185638904572,0.0,0.0,0.20612373737373738,0.19206185638904572,0.0,0.1478494495153427,0.24826267808675767,1,1.0966966366538133,0.6984457639944489,1.0
42,2,learned,ko,0.19206185638904572,0.0,0.0,0.20612373737373738,0.19206185638904572,0.0,0.36648807525634763,0.029627717286348342,1,1.0966966366538133,0.6984457639944489,1.0
42,2,learned,pko,0.19206185638904572,0.0,0.0,0.20612373737373738,0.19206185638904572,0.0,0.36085315346717833,0.03525873199105263,1,1.0966966366538133,0.6984457639944489,1.0
42,2,shuffled,none,0.19206185638904572,0.0,0.0,0.7430555555555556,0.19206185638904572,0.0,0.16238663345575333,0.23374736905097962,1,1.0966966366538133,0.6984457639944489,1.0
42,2,shuffled,p,0.19206185638904572,0.0,0.0,0.7430555555555556,0.19206185638904572,0.0,0.14827869236469268,0.24785517305135726,1,1.0966966366538133,0.6984457639944489,1.0
42,2,shuffled,k,0.19206185638904572,0.0,0.0,0.7430555555555556,0.19206185638904572,0.0,0.18930965960025786,0.2068178988993168,1,1.0966966366538133,0.6984457639944489,1.0
42,2,shuffled,o,0.19206185638904572,0.0,0.0,0.7301136363636364,0.19206185638904572,0.0,0.1645439922809601,0.2315897524356842,1,1.0966966366538133,0.6984457639944489,1.0
42,2,shuffled,pk,0.19206185638904572,0.0,0.0,0.7430555555555556,0.19206185638904572,0.0,0.17439642399549485,0.22173069417476654,1,1.0966966366538133,0.6984457639944489,1.0
42,2,shuffled,po,0.19206185638904572,0.0,0.0,0.7301136363636364,0.19206185638904572,0.0,0.15106802731752395,0.24506566822528839,1,1.0966966366538133,0.6984457639944489,1.0
42,2,shuffled,ko,0.19206185638904572,0.0,0.0,0.7301136363636364,0.19206185638904572,0.0,0.1905701920390129,0.20555750280618668,1,1.0966966366538133,0.6984457639944489,1.0
42,2,shuffled,pko,0.19206185638904572,0.0,0.0,0.7301136363636364,0.19206185638904572,0.0,0.17632895559072495,0.2197984054684639,1,1.0966966366538133,0.6984457639944489,1.0
42,2,anti,none,0.19206185638904572,0.0,0.0,0.7430555555555556,0.19206185638904572,0.0,0.16238663345575333,0.23374736905097962,1,1.0966966366538133,0.6984457639944489,1.0
42,2,anti,p,0.19206185638904572,0.0,0.0,0.7430555555555556,0.19206185638904572,0.0,0.15287653654813765,0.243264302611351,1,1.0966966366538133,0.6984457639944489,1.0
42,2,anti,k,0.19206185638904572,0.0,0.0,0.7430555555555556,0.19206185638904572,0.0,0.18267854303121567,0.21345002055168152,1,1.0966966366538133,0.6984457639944489,1.0
42,2,anti,o,0.19206185638904572,0.0,0.0,0.7225378787878788,0.19206185638904572,0.0,0.16433603316545486,0.23179844319820403,1,1.0966966366538133,0.6984457639944489,1.0
42,2,anti,pk,0.19206185638904572,0.0,0.0,0.7430555555555556,0.19206185638904572,0.0,0.17281168848276138,0.2233200788497925,1,1.0966966366538133,0.6984457639944489,1.0
42,2,anti,po,0.19206185638904572,0.0,0.0,0.7225378787878788,0.19206185638904572,0.0,0.15518578439950942,0.2409558802843094,1,1.0966966366538133,0.6984457639944489,1.0
42,2,anti,ko,0.19206185638904572,0.0,0.0,0.7225378787878788,0.19206185638904572,0.0,0.18314383029937745,0.21298561841249466,1,1.0966966366538133,0.6984457639944489,1.0
42,2,anti,pko,0.19206185638904572,0.0,0.0,0.7225378787878788,0.19206185638904572,0.0,0.17384791225194932,0.22228507697582245,1,1.0966966366538133,0.6984457639944489,1.0
42,3,controlled,none,-0.39559040665626527,0.9995,0.0,0.7967171717171717,-0.39587801694869995,1.0,0.0551714226603508,0.34253295361995695,1,0.8958750553023033,1.25,1.0
42,3,controlled,p,-0.393944525718689,0.9984999999999999,0.001,0.7967171717171717,-0.39587801694869995,1.0,0.051519181951880454,0.34734376072883605,1,0.8958750553023033,1.25,1.0
42,3,controlled,k,-0.39559040665626527,0.9995,0.0,0.7967171717171717,-0.39587801694869995,1.0,0.07466159127652645,0.3219713091850281,1,0.8958750553023033,1.25,1.0
42,3,controlled,o,-0.39559040665626527,0.9995,0.0,0.7904040404040404,-0.39587801694869995,1.0,0.051274487748742104,0.3467668294906616,1,0.8958750553023033,1.25,1.0
42,3,controlled,pk,-0.39559040665626527,0.9995,0.0,0.7967171717171717,-0.39587801694869995,1.0,0.06882079988718033,0.3280871510505676,1,0.8958750553023033,1.25,1.0
42,3,controlled,po,-0.393944525718689,0.9984999999999999,0.001,0.7904040404040404,-0.39587801694869995,1.0,0.04587261714041233,0.353464150428772,1,0.8958750553023033,1.25,1.0
42,3,controlled,ko,-0.39559040665626527,0.9995,0.0,0.7904040404040404,-0.39587801694869995,1.0,0.07024534866213798,0.32646656930446627,1,0.8958750553023033,1.25,1.0
42,3,controlled,pko,-0.39559040665626527,0.9995,0.0,0.7904040404040404,-0.39587801694869995,1.0,0.06298815123736859,0.3340186268091202,1,0.8958750553023033,1.25,1.0
42,3,learned,none,-0.39559040665626527,0.9995,0.0,0.7967171717171717,-0.39587801694869995,1.0,0.0551714226603508,0.34253295361995695,1,0.8958750553023033,1.25,1.0
42,3,learned,p,-0.39559040665626527,0.9995,0.0,0.7967171717171717,-0.39587801694869995,1.0,0.061738822236657144,0.3352989047765732,1,0.8958750553023033,1.25,1.0
42,3,learned,k,-0.39559040665626527,0.9995,0.0,0.7967171717171717,-0.39587801694869995,1.0,0.25759090632200243,0.13856836706399916,1,0.8958750553023033,1.25,1.0
42,3,learned,o,-0.3870485544204712,0.9935,0.002,0.2708333333333333,-0.39587801694869995,1.0,0.05957470238208771,0.34351474344730376,1,0.8958750553023033,1.25,1.0
42,3,learned,pk,-0.39559040665626527,0.9995,0.0,0.7967171717171717,-0.39587801694869995,1.0,0.2596991002559662,0.13645289838314056,1,0.8958750553023033,1.25,1.0
42,3,learned,po,-0.39417255520820615,0.9984999999999999,0.0,0.2708333333333333,-0.39587801694869995,1.0,0.0653999201953411,0.3341289937496185,1,0.8958750553023033,1.25,1.0
42,3,learned,ko,-0.39559040665626527,0.9995,0.0,0.2708333333333333,-0.39587801694869995,1.0,0.32197525203227995,0.07418321110308171,1,0.8958750553023033,1.25,1.0
42,3,learned,pko,-0.39559040665626527,0.9995,0.0,0.2708333333333333,-0.39587801694869995,1.0,0.32597984075546266,0.07017181441187859,1,0.8958750553023033,1.25,1.0
42,3,shuffled,none,-0.39559040665626527,0.9995,0.0,0.7967171717171717,-0.39587801694869995,1.0,0.0551714226603508,0.34253295361995695,1,0.8958750553023033,1.25,1.0
42,3,shuffled,p,-0.39476746916770933,0.9990000000000001,0.0005,0.7967171717171717,-0.39587801694869995,1.0,0.049515484273433684,0.3484650820493698,1,0.8958750553023033,1.25,1.0
42,3,shuffled,k,-0.39559040665626527,0.9995,0.0,0.7967171717171717,-0.39587801694869995,1.0,0.0794925719499588,0.31721103489398955,1,0.8958750553023033,1.25,1.0
42,3,shuffled,o,-0.39559040665626527,0.9995,0.0,0.8229166666666666,-0.39587801694869995,1.0,0.05737086534500122,0.3401772201061249,1,0.8958750553023033,1.25,1.0
42,3,shuffled,pk,-0.39559040665626527,0.9995,0.0,0.7967171717171717,-0.39587801694869995,1.0,0.07353579066693783,0.3232470229268074,1,0.8958750553023033,1.25,1.0
42,3,shuffled,po,-0.39476746916770933,0.9990000000000001,0.0005,0.8229166666666666,-0.39587801694869995,1.0,0.0544549897313118,0.34332587122917174,1,0.8958750553023033,1.25,1.0
42,3,shuffled,ko,-0.39559040665626527,0.9995,0.0,0.8229166666666666,-0.39587801694869995,1.0,0.07662493772804738,0.32009915113449094,1,0.8958750553023033,1.25,1.0
42,3,shuffled,pko,-0.39559040665626527,0.9995,0.0,0.8229166666666666,-0.39587801694869995,1.0,0.07353340312838555,0.32327174991369245,1,0.8958750553023033,1.25,1.0
42,3,anti,none,-0.39559040665626527,0.9995,0.0,0.7967171717171717,-0.39587801694869995,1.0,0.0551714226603508,0.34253295361995695,1,0.8958750553023033,1.25,1.0
42,3,anti,p,-0.39476746916770933,0.9990000000000001,0.0005,0.7967171717171717,-0.39587801694869995,1.0,0.04469758905470371,0.3535080164670944,1,0.8958750553023033,1.25,1.0
42,3,anti,k,-0.39559040665626527,0.9995,0.0,0.7967171717171717,-0.39587801694869995,1.0,0.07924753725528717,0.31737603396177294,1,0.8958750553023033,1.25,1.0
42,3,anti,o,-0.39559040665626527,0.9995,0.0,0.7881944444444444,-0.39587801694869995,1.0,0.05116542875766754,0.345980766415596,1,0.8958750553023033,1.25,1.0
42,3,anti,pk,-0.39559040665626527,0.9995,0.0,0.7967171717171717,-0.39587801694869995,1.0,0.06863857768476009,0.32810378819704056,1,0.8958750553023033,1.25,1.0
42,3,anti,po,-0.39476746916770933,0.9990000000000001,0.0005,0.7881944444444444,-0.39587801694869995,1.0,0.041521475091576575,0.3559736102819443,1,0.8958750553023033,1.25,1.0
42,3,anti,ko,-0.39559040665626527,0.9995,0.0,0.7881944444444444,-0.39587801694869995,1.0,0.07207213304936885,0.32443331480026244,1,0.8958750553023033,1.25,1.0
42,3,anti,pko,-0.39559040665626527,0.9995,0.0,0.7881944444444444,-0.39587801694869995,1.0,0.0634629089385271,0.33314861357212067,1,0.8958750553023033,1.25,1.0
43,1,controlled,none,-0.28809704780578616,0.0,0.0,0.12152777777777778,-0.2841055691242218,0.0,0.1750193566083908,0.22140209674835204,1,0.14404849604532272,0.2485151865839264,1.0
43,1,controlled,p,-0.28831879496574403,0.0,0.0,0.12152777777777778,-0.2841055691242218,0.0,0.15377165526151657,0.24266835898160935,1,0.14404849604532272,0.2485151865839264,1.0
43,1,controlled,k,-0.2885405421257019,0.0,0.0,0.12152777777777778,-0.2885405421257019,0.0,0.21185754388570785,0.1844288855791092,1,0.14404849604532272,0.2485151865839264,1.0
43,1,controlled,o,-0.28831879496574403,0.0,0.0,0.11395202020202021,-0.2885405421257019,0.0,0.18691731840372086,0.20951088517904282,1,0.14404849604532272,0.2485151865839264,1.0
43,1,controlled,pk,-0.2885405421257019,0.0,0.0,0.12152777777777778,-0.2885405421257019,0.0,0.19088419675827026,0.20541030764579774,1,0.14404849604532272,0.2485151865839264,1.0
43,1,controlled,po,-0.28831879496574403,0.0,0.0,0.11395202020202021,-0.2841055691242218,0.0,0.17020511329174043,0.22624414712190627,1,0.14404849604532272,0.2485151865839264,1.0
43,1,controlled,ko,-0.2885405421257019,0.0,0.0,0.11395202020202021,-0.2885405421257019,0.0,0.213520784676075,0.18279844671487808,1,0.14404849604532272,0.2485151865839264,1.0
43,1,controlled,pko,-0.2885405421257019,0.0,0.0,0.11395202020202021,-0.2885405421257019,0.0,0.19811932146549224,0.19821252226829528,1,0.14404849604532272,0.2485151865839264,1.0
43,1,learned,none,-0.28809704780578616,0.0,0.0,0.12152777777777778,-0.2841055691242218,0.0,0.1750193566083908,0.22140209674835204,1,0.14404849604532272,0.2485151865839264,1.0
43,1,learned,p,-0.28809704780578616,0.0,0.0,0.12152777777777778,-0.2841055691242218,0.0,0.1704487070441246,0.22674426585435867,1,0.14404849604532272,0.2485151865839264,1.0
43,1,learned,k,-0.2885405421257019,0.0,0.0,0.12152777777777778,-0.2885405421257019,0.0,0.3193839699029922,0.07675853930413723,1,0.14404849604532272,0.2485151865839264,1.0
43,1,learned,o,-0.28809704780578616,0.0,0.0,0.20075757575757575,-0.2841055691242218,0.0,0.20559964776039125,0.1908317968249321,1,0.14404849604532272,0.2485151865839264,1.0
43,1,learned,pk,-0.28831879496574403,0.0,0.0,0.12152777777777778,-0.2885405421257019,0.0,0.3146206229925156,0.08154739066958427,1,0.14404849604532272,0.2485151865839264,1.0
43,1,learned,po,-0.28831879496574403,0.0,0.0,0.20075757575757575,-0.2885405421257019,0.0,0.21329112350940704,0.18372946381568908,1,0.14404849604532272,0.2485151865839264,1.0
43,1,learned,ko,-0.2885405421257019,0.0,0.0,0.20075757575757575,-0.2885405421257019,0.0,0.3381654679775238,0.05797732919454575,1,0.14404849604532272,0.2485151865839264,1.0
43,1,learned,pko,-0.28831879496574403,0.0,0.0,0.20075757575757575,-0.2885405421257019,0.0,0.33988508582115173,0.056278696097433564,1,0.14404849604532272,0.2485151865839264,1.0
43,1,shuffled,none,-0.28809704780578616,0.0,0.0,0.12152777777777778,-0.2841055691242218,0.0,0.1750193566083908,0.22140209674835204,1,0.14404849604532272,0.2485151865839264,1.0
43,1,shuffled,p,-0.28809704780578616,0.0,0.0,0.12152777777777778,-0.2841055691242218,0.0,0.16570188254117965,0.23081905543804168,1,0.14404849604532272,0.2485151865839264,1.0
43,1,shuffled,k,-0.2885405421257019,0.0,0.0,0.12152777777777778,-0.2885405421257019,0.0,0.1987460270524025,0.19752907007932663,1,0.14404849604532272,0.2485151865839264,1.0
43,1,shuffled,o,-0.28809704780578616,0.0,0.0,0.125,-0.2841055691242218,0.0,0.17618706673383713,0.22023777812719345,1,0.14404849604532272,0.2485151865839264,1.0
43,1,shuffled,pk,-0.2885405421257019,0.0,0.0,0.12152777777777778,-0.2885405421257019,0.0,0.18873925805091857,0.20757622122764588,1,0.14404849604532272,0.2485151865839264,1.0
43,1,shuffled,po,-0.28809704780578616,0.0,0.0,0.125,-0.2841055691242218,0.0,0.1667333334684372,0.22978335320949556,1,0.14404849604532272,0.2485151865839264,1.0
43,1,shuffled,ko,-0.2885405421257019,0.0,0.0,0.125,-0.2885405421257019,0.0,0.19744405001401902,0.198854760825634,1,0.14404849604532272,0.2485151865839264,1.0
43,1,shuffled,pko,-0.2885405421257019,0.0,0.0,0.125,-0.2885405421257019,0.0,0.18834304362535476,0.20800195783376693,1,0.14404849604532272,0.2485151865839264,1.0
43,1,anti,none,-0.28809704780578616,0.0,0.0,0.12152777777777778,-0.2841055691242218,0.0,0.1750193566083908,0.22140209674835204,1,0.14404849604532272,0.2485151865839264,1.0
43,1,anti,p,-0.28809704780578616,0.0,0.0,0.12152777777777778,-0.2841055691242218,0.0,0.16189045906066896,0.2348264291882515,1,0.14404849604532272,0.2485151865839264,1.0
43,1,anti,k,-0.2885405421257019,0.0,0.0,0.12152777777777778,-0.2885405421257019,0.0,0.2006091520190239,0.19570807367563248,1,0.14404849604532272,0.2485151865839264,1.0
43,1,anti,o,-0.28831879496574403,0.0,0.0,0.1275252525252525,-0.2885405421257019,0.0,0.17387874126434327,0.22254831790924073,1,0.14404849604532272,0.2485151865839264,1.0
43,1,anti,pk,-0.28831879496574403,0.0,0.0,0.12152777777777778,-0.2885405421257019,0.0,0.18850398659706116,0.20790525376796723,1,0.14404849604532272,0.2485151865839264,1.0
43,1,anti,po,-0.28809704780578616,0.0,0.0,0.1275252525252525,-0.2841055691242218,0.0,0.15918586999177933,0.23735828697681427,1,0.14404849604532272,0.2485151865839264,1.0
43,1,anti,ko,-0.2885405421257019,0.0,0.0,0.1275252525252525,-0.2885405421257019,0.0,0.19912602603435517,0.1972028508782387,1,0.14404849604532272,0.2485151865839264,1.0
43,1,anti,pko,-0.28831879496574403,0.0,0.0,0.1275252525252525,-0.2885405421257019,0.0,0.18567901402711867,0.21070753484964372,1,0.14404849604532272,0.2485151865839264,1.0
43,2,controlled,none,0.01872757151722908,0.0,0.001,0.9861111111111112,0.017616931349039078,0.0,0.1515717014670372,0.24534480422735214,1,0.6218949493623175,1.1282566350999996,1.0
43,2,controlled,p,0.01872757151722908,0.0,0.001,0.9861111111111112,0.017616931349039078,0.0,0.146126689016819,0.2512884110212326,1,0.6218949493623175,1.1282566350999996,1.0
43,2,controlled,k,0.01872757151722908,0.0,0.001,0.9861111111111112,0.017616931349039078,0.0,0.18266987949609756,0.2137469083070755,1,0.6218949493623175,1.1282566350999996,1.0
43,2,controlled,o,0.01872757151722908,0.0,0.001,0.9772727272727273,0.017616931349039078,0.0,0.15792199671268464,0.23894309103488923,1,0.6218949493623175,1.1282566350999996,1.0
43,2,controlled,pk,0.01872757151722908,0.0,0.001,0.9861111111111112,0.017616931349039078,0.0,0.1761653244495392,0.22039847820997238,1,0.6218949493623175,1.1282566350999996,1.0
43,2,controlled,po,0.01872757151722908,0.0,0.001,0.9772727272727273,0.017616931349039078,0.0,0.14916131943464278,0.2480216756463051,1,0.6218949493623175,1.1282566350999996,1.0
43,2,controlled,ko,0.01872757151722908,0.0,0.001,0.9772727272727273,0.017616931349039078,0.0,0.18514097779989241,0.211277337372303,1,0.6218949493623175,1.1282566350999996,1.0
43,2,controlled,pko,0.01872757151722908,0.0,0.001,0.9772727272727273,0.017616931349039078,0.0,0.1766025424003601,0.2199179098010063,1,0.6218949493623175,1.1282566350999996,1.0
43,2,learned,none,0.01872757151722908,0.0,0.001,0.9861111111111112,0.017616931349039078,0.0,0.1515717014670372,0.24534480422735214,1,0.6218949493623175,1.1282566350999996,1.0
43,2,learned,p,0.01872757151722908,0.0,0.001,0.9861111111111112,0.017616931349039078,0.0,0.15363899618387222,0.24314544796943666,1,0.6218949493623175,1.1282566350999996,1.0
43,2,learned,k,0.017616931349039078,0.0,0.0,0.9861111111111112,0.017616931349039078,0.0,0.2980338424444199,0.09812415540218353,1,0.6218949493623175,1.1282566350999996,1.0
43,2,learned,o,0.01872757151722908,0.0,0.001,0.3595328282828283,0.017616931349039078,0.0,0.12689573615789412,0.2696709245443344,1,0.6218949493623175,1.1282566350999996,1.0
43,2,learned,pk,0.017616931349039078,0.0,0.0,0.9861111111111112,0.017616931349039078,0.0,0.29288356602191923,0.10327285975217819,1,0.6218949493623175,1.1282566350999996,1.0
43,2,learned,po,0.01872757151722908,0.0,0.001,0.3595328282828283,0.017616931349039078,0.0,0.11794040352106094,0.27845255434513094,1,0.6218949493623175,1.1282566350999996,1.0
43,2,learned,ko,0.017616931349039078,0.0,0.0,0.3595328282828283,0.017616931349039078,0.0,0.33046252131462095,0.06567233838140965,1,0.6218949493623175,1.1282566350999996,1.0
43,2,learned,pko,0.017616931349039078,0.0,0.0,0.3595328282828283,0.017616931349039078,0.0,0.32400325536727903,0.07212878689169884,1,0.6218949493623175,1.1282566350999996,1.0
43,2,shuffled,none,0.01872757151722908,0.0,0.001,0.9861111111111112,0.017616931349039078,0.0,0.1515717014670372,0.24534480422735214,1,0.6218949493623175,1.1282566350999996,1.0
43,2,shuffled,p,0.019838211685419084,0.0,0.002,0.9861111111111112,0.017616931349039078,0.0,0.12942689433693885,0.2707001522183418,1,0.6218949493623175,1.1282566350999996,1.0
43,2,shuffled,k,0.01872757151722908,0.0,0.001,0.9861111111111112,0.017616931349039078,0.0,0.18531315475702287,0.21102800369262695,1,0.6218949493623175,1.1282566350999996,1.0
43,2,shuffled,o,0.01872757151722908,0.0,0.001,0.9766414141414141,0.017616931349039078,0.0,0.1470365807414055,0.24994678795337677,1,0.6218949493623175,1.1282566350999996,1.0
43,2,shuffled,pk,0.01872757151722908,0.0,0.001,0.9861111111111112,0.017616931349039078,0.0,0.16238282918930053,0.2344968542456627,1,0.6218949493623175,1.1282566350999996,1.0
43,2,shuffled,po,0.01872757151722908,0.0,0.001,0.9766414141414141,0.017616931349039078,0.0,0.131679567694664,0.26613579243421553,1,0.6218949493623175,1.1282566350999996,1.0
43,2,shuffled,ko,0.01872757151722908,0.0,0.001,0.9766414141414141,0.017616931349039078,0.0,0.1732128918170929,0.22324325293302535,1,0.6218949493623175,1.1282566350999996,1.0
43,2,shuffled,pko,0.01872757151722908,0.0,0.001,0.9766414141414141,0.017616931349039078,0.0,0.1577882707118988,0.23891544044017793,1,0.6218949493623175,1.1282566350999996,1.0
43,2,anti,none,0.01872757151722908,0.0,0.001,0.9861111111111112,0.017616931349039078,0.0,0.1515717014670372,0.24534480422735214,1,0.6218949493623175,1.1282566350999996,1.0
43,2,anti,p,0.01872757151722908,0.0,0.001,0.9861111111111112,0.017616931349039078,0.0,0.14676765352487564,0.2503877729177475,1,0.6218949493623175,1.1282566350999996,1.0
43,2,anti,k,0.01872757151722908,0.0,0.001,0.9861111111111112,0.017616931349039078,0.0,0.17302033603191375,0.2234190046787262,1,0.6218949493623175,1.1282566350999996,1.0
43,2,anti,o,0.01872757151722908,0.0,0.001,0.9690656565656566,0.017616931349039078,0.0,0.14506533592939377,0.25190705209970476,1,0.6218949493623175,1.1282566350999996,1.0
43,2,anti,pk,0.01872757151722908,0.0,0.001,0.9861111111111112,0.017616931349039078,0.0,0.16673875004053115,0.22977267503738402,1,0.6218949493623175,1.1282566350999996,1.0
43,2,anti,po,0.01872757151722908,0.0,0.001,0.9690656565656566,0.017616931349039078,0.0,0.13724161982536315,0.25998346507549286,1,0.6218949493623175,1.1282566350999996,1.0
43,2,anti,ko,0.01872757151722908,0.0,0.001,0.9690656565656566,0.017616931349039078,0.0,0.16572894155979156,0.23079341500997544,1,0.6218949493623175,1.1282566350999996,1.0
43,2,anti,pko,0.01872757151722908,0.0,0.001,0.9690656565656566,0.017616931349039078,0.0,0.1575707122683525,0.2390507087111473,1,0.6218949493623175,1.1282566350999996,1.0
43,3,controlled,none,0.19359378516674042,0.0,0.0,0.2875631313131313,0.19359378516674042,0.0,0.24912355244159698,0.1469758316874504,1,0.09625625628181356,0.21430219486410748,1.0
43,3,controlled,p,0.19359378516674042,0.0,0.0,0.2875631313131313,0.19359378516674042,0.0,0.24487453699111938,0.1512269929051399,1,0.09625625628181356,0.21430219486410748,1.0
43,3,controlled,k,0.19359378516674042,0.0,0.0,0.2875631313131313,0.19359378516674042,0.0,0.26560824513435366,0.13049179092049598,1,0.09625625628181356,0.21430219486410748,1.0
43,3,controlled,o,0.19359378516674042,0.0,0.0,0.28251262626262624,0.19359378516674042,0.0,0.24898136407136917,0.14711807668209076,1,0.09625625628181356,0.21430219486410748,1.0
43,3,controlled,pk,0.19359378516674042,0.0,0.0,0.2875631313131313,0.19359378516674042,0.0,0.25871887654066084,0.13738222271203995,1,0.09625625628181356,0.21430219486410748,1.0
43,3,controlled,po,0.19359378516674042,0.0,0.0,0.28251262626262624,0.19359378516674042,0.0,0.24522984325885772,0.15087175518274307,1,0.09625625628181356,0.21430219486410748,1.0
43,3,controlled,ko,0.19359378516674042,0.0,0.0,0.28251262626262624,0.19359378516674042,0.0,0.26446946561336515,0.13163066059350967,1,0.09625625628181356,0.21430219486410748,1.0
43,3,controlled,pko,0.19359378516674042,0.0,0.0,0.28251262626262624,0.19359378516674042,0.0,0.25848729014396665,0.13761390671133994,1,0.09625625628181356,0.21430219486410748,1.0
43,3,learned,none,0.19359378516674042,0.0,0.0,0.2875631313131313,0.19359378516674042,0.0,0.24912355244159698,0.1469758316874504,1,0.09625625628181356,0.21430219486410748,1.0
43,3,learned,p,0.19359378516674042,0.0,0.0,0.2875631313131313,0.19359378516674042,0.0,0.24929361939430236,0.14680402278900145,1,0.09625625628181356,0.21430219486410748,1.0
43,3,learned,k,0.19359378516674042,0.0,0.0,0.2875631313131313,0.19359378516674042,0.0,0.3478812098503113,0.048225275799632074,1,0.09625625628181356,0.21430219486410748,1.0
43,3,learned,o,0.19359378516674042,0.0,0.0,0.20202020202020202,0.19359378516674042,0.0,0.24224153459072112,0.15385823249816893,1,0.09625625628181356,0.21430219486410748,1.0
43,3,learned,pk,0.19359378516674042,0.0,0.0,0.2875631313131313,0.19359378516674042,0.0,0.3486926257610321,0.04741275683045387,1,0.09625625628181356,0.21430219486410748,1.0
43,3,learned,po,0.19359378516674042,0.0,0.0,0.20202020202020202,0.19359378516674042,0.0,0.23590666502714158,0.16019188463687897,1,0.09625625628181356,0.21430219486410748,1.0
43,3,learned,ko,0.19359378516674042,0.0,0.0,0.20202020202020202,0.19359378516674042,0.0,0.34060963094234464,0.055497724935412406,1,0.09625625628181356,0.21430219486410748,1.0
43,3,learned,pko,0.19359378516674042,0.0,0.0,0.20202020202020202,0.19359378516674042,0.0,0.33888868391513827,0.057218067720532416,1,0.09625625628181356,0.21430219486410748,1.0
43,3,shuffled,none,0.19359378516674042,0.0,0.0,0.2875631313131313,0.19359378516674042,0.0,0.24912355244159698,0.1469758316874504,1,0.09625625628181356,0.21430219486410748,1.0
43,3,shuffled,p,0.19359378516674042,0.0,0.0,0.2875631313131313,0.19359378516674042,0.0,0.23734109699726105,0.15875765234231948,1,0.09625625628181356,0.21430219486410748,1.0
43,3,shuffled,k,0.19359378516674042,0.0,0.0,0.2875631313131313,0.19359378516674042,0.0,0.2696061640977859,0.12649360820651054,1,0.09625625628181356,0.21430219486410748,1.0
43,3,shuffled,o,0.19359378516674042,0.0,0.0,0.27683080808080807,0.19359378516674042,0.0,0.2479556530714035,0.1481435030698776,1,0.09625625628181356,0.21430219486410748,1.0
43,3,shuffled,pk,0.19359378516674042,0.0,0.0,0.2875631313131313,0.19359378516674042,0.0,0.2566447451710701,0.1394543878734112,1,0.09625625628181356,0.21430219486410748,1.0
43,3,shuffled,po,0.19359378516674042,0.0,0.0,0.27683080808080807,0.19359378516674042,0.0,0.23987381905317307,0.1562247693538666,1,0.09625625628181356,0.21430219486410748,1.0
43,3,shuffled,ko,0.19359378516674042,0.0,0.0,0.27683080808080807,0.19359378516674042,0.0,0.2642164021730423,0.1318831890821457,1,0.09625625628181356,0.21430219486410748,1.0
43,3,shuffled,pko,0.19359378516674042,0.0,0.0,0.27683080808080807,0.19359378516674042,0.0,0.25578841120004653,0.14031059443950653,1,0.09625625628181356,0.21430219486410748,1.0
43,3,anti,none,0.19359378516674042,0.0,0.0,0.2875631313131313,0.19359378516674042,0.0,0.24912355244159698,0.1469758316874504,1,0.09625625628181356,0.21430219486410748,1.0
43,3,anti,p,0.19359378516674042,0.0,0.0,0.2875631313131313,0.19359378516674042,0.0,0.23548186719417571,0.16061670035123826,1,0.09625625628181356,0.21430219486410748,1.0
43,3,anti,k,0.19359378516674042,0.0,0.0,0.2875631313131313,0.19359378516674042,0.0,0.26345964670181277,0.13264046609401703,1,0.09625625628181356,0.21430219486410748,1.0
43,3,anti,o,0.19359378516674042,0.0,0.0,0.276199494949495,0.19359378516674042,0.0,0.24997440129518508,0.14612486362457275,1,0.09625625628181356,0.21430219486410748,1.0
43,3,anti,pk,0.19359378516674042,0.0,0.0,0.2875631313131313,0.19359378516674042,0.0,0.25107812583446504,0.14502111524343492,1,0.09625625628181356,0.21430219486410748,1.0
43,3,anti,po,0.19359378516674042,0.0,0.0,0.276199494949495,0.19359378516674042,0.0,0.2414647400379181,0.1546337738633156,1,0.09625625628181356,0.21430219486410748,1.0
43,3,anti,ko,0.19359378516674042,0.0,0.0,0.276199494949495,0.19359378516674042,0.0,0.2613940089941025,0.13470599949359893,1,0.09625625628181356,0.21430219486410748,1.0
43,3,anti,pko,0.19359378516674042,0.0,0.0,0.276199494949495,0.19359378516674042,0.0,0.2540435016155243,0.14205571860074998,1,0.09625625628181356,0.21430219486410748,1.0
44,1,controlled,none,0.7192324995994568,0.0,0.0,0.05776515151515151,0.7192324995994568,0.0,0.3291639477014542,0.06694577112793923,1,0.04875618086323986,0.32629555533182103,1.0
44,1,controlled,p,0.7192324995994568,0.0,0.0,0.05776515151515151,0.7192324995994568,0.0,0.31446968019008636,0.08164499253034592,1,0.04875618086323986,0.32629555533182103,1.0
44,1,controlled,k,0.7192324995994568,0.0,0.0,0.05776515151515151,0.7192324995994568,0.0,0.3449762165546417,0.051130834966897964,1,0.04875618086323986,0.32629555533182103,1.0
44,1,controlled,o,0.7192324995994568,0.0,0.0,0.054292929292929296,0.7192324995994568,0.0,0.33116590678691865,0.06494411826133728,1,0.04875618086323986,0.32629555533182103,1.0
44,1,controlled,pk,0.7192324995994568,0.0,0.0,0.05776515151515151,0.7192324995994568,0.0,0.33289240300655365,0.06321670562028885,1,0.04875618086323986,0.32629555533182103,1.0
44,1,controlled,po,0.7192324995994568,0.0,0.0,0.054292929292929296,0.7192324995994568,0.0,0.3238085240125656,0.07230636700987816,1,0.04875618086323986,0.32629555533182103,1.0
44,1,controlled,ko,0.7192324995994568,0.0,0.0,0.054292929292929296,0.7192324995994568,0.0,0.3427885055541992,0.05331878438591957,1,0.04875618086323986,0.32629555533182103,1.0
44,1,controlled,pko,0.7192324995994568,0.0,0.0,0.054292929292929296,0.7192324995994568,0.0,0.3364241123199463,0.059685162454843524,1,0.04875618086323986,0.32629555533182103,1.0
44,1,learned,none,0.7192324995994568,0.0,0.0,0.05776515151515151,0.7192324995994568,0.0,0.3291639477014542,0.06694577112793923,1,0.04875618086323986,0.32629555533182103,1.0
44,1,learned,p,0.7192324995994568,0.0,0.0,0.05776515151515151,0.7192324995994568,0.0,0.32437136173248293,0.0717390488833189,1,0.04875618086323986,0.32629555533182103,1.0
44,1,learned,k,0.7192324995994568,0.0,0.0,0.05776515151515151,0.7192324995994568,0.0,0.3732149124145508,0.022892870008945465,1,0.04875618086323986,0.32629555533182103,1.0
44,1,learned,o,0.7192324995994568,0.0,0.0,0.1351010101010101,0.7192324995994568,0.0,0.3275058180093765,0.06860462203621864,1,0.04875618086323986,0.32629555533182103,1.0
44,1,learned,pk,0.7192324995994568,0.0,0.0,0.05776515151515151,0.7192324995994568,0.0,0.37118402421474456,0.024923823401331903,1,0.04875618086323986,0.32629555533182103,1.0
44,1,learned,po,0.7192324995994568,0.0,0.0,0.1351010101010101,0.7192324995994568,0.0,0.32146490216255186,0.07464457303285599,1,0.04875618086323986,0.32629555533182103,1.0
44,1,learned,ko,0.7192324995994568,0.0,0.0,0.1351010101010101,0.7192324995994568,0.0,0.37469255924224854,0.021415639203041792,1,0.04875618086323986,0.32629555533182103,1.0
44,1,learned,pko,0.7192324995994568,0.0,0.0,0.1351010101010101,0.7192324995994568,0.0,0.37285107672214507,0.023256412521004678,1,0.04875618086323986,0.32629555533182103,1.0
44,1,shuffled,none,0.7192324995994568,0.0,0.0,0.05776515151515151,0.7192324995994568,0.0,0.3291639477014542,0.06694577112793923,1,0.04875618086323986,0.32629555533182103,1.0
44,1,shuffled,p,0.7192324995994568,0.0,0.0,0.05776515151515151,0.7192324995994568,0.0,0.3275311768054962,0.0685770720243454,1,0.04875618086323986,0.32629555533182103,1.0
44,1,shuffled,k,0.7192324995994568,0.0,0.0,0.05776515151515151,0.7192324995994568,0.0,0.33967653214931487,0.0564311720430851,1,0.04875618086323986,0.32629555533182103,1.0
44,1,shuffled,o,0.7192324995994568,0.0,0.0,0.05618686868686869,0.7192324995994568,0.0,0.33206563293933866,0.06404424794018268,1,0.04875618086323986,0.32629555533182103,1.0
44,1,shuffled,pk,0.7192324995994568,0.0,0.0,0.05776515151515151,0.7192324995994568,0.0,0.3383523255586624,0.05775466486811638,1,0.04875618086323986,0.32629555533182103,1.0
44,1,shuffled,po,0.7192324995994568,0.0,0.0,0.05618686868686869,0.7192324995994568,0.0,0.3306909203529358,0.06541739813983441,1,0.04875618086323986,0.32629555533182103,1.0
44,1,shuffled,ko,0.7192324995994568,0.0,0.0,0.05618686868686869,0.7192324995994568,0.0,0.3414559155702591,0.05465186610817909,1,0.04875618086323986,0.32629555533182103,1.0
44,1,shuffled,pko,0.7192324995994568,0.0,0.0,0.05618686868686869,0.7192324995994568,0.0,0.3403839409351349,0.05572306402027607,1,0.04875618086323986,0.32629555533182103,1.0
44,1,anti,none,0.7192324995994568,0.0,0.0,0.05776515151515151,0.7192324995994568,0.0,0.3291639477014542,0.06694577112793923,1,0.04875618086323986,0.32629555533182103,1.0
44,1,anti,p,0.7192324995994568,0.0,0.0,0.05776515151515151,0.7192324995994568,0.0,0.3261392802000046,0.0699690230190754,1,0.04875618086323986,0.32629555533182103,1.0
44,1,anti,k,0.7192324995994568,0.0,0.0,0.05776515151515151,0.7192324995994568,0.0,0.34073509871959684,0.05537325814366341,1,0.04875618086323986,0.32629555533182103,1.0
44,1,anti,o,0.7192324995994568,0.0,0.0,0.06944444444444445,0.7192324995994568,0.0,0.33557274639606477,0.06053694114089012,1,0.04875618086323986,0.32629555533182103,1.0
44,1,anti,pk,0.7192324995994568,0.0,0.0,0.05776515151515151,0.7192324995994568,0.0,0.3384779214859009,0.057629484310746194,1,0.04875618086323986,0.32629555533182103,1.0
44,1,anti,po,0.7192324995994568,0.0,0.0,0.06944444444444445,0.7192324995994568,0.0,0.3311844915151596,0.06492386423051358,1,0.04875618086323986,0.32629555533182103,1.0
44,1,anti,ko,0.7192324995994568,0.0,0.0,0.06944444444444445,0.7192324995994568,0.0,0.3449288815259933,0.051179354265332225,1,0.04875618086323986,0.32629555533182103,1.0
44,1,anti,pko,0.7192324995994568,0.0,0.0,0.06944444444444445,0.7192324995994568,0.0,0.34169411063194277,0.05441327467560768,1,0.04875618086323986,0.32629555533182103,1.0
44,2,controlled,none,0.31806668639183044,0.0,0.0,0.5984848484848485,0.31806668639183044,0.0,0.13781514316797255,0.25889227986335756,1,0.007739897684817289,1.25,1.0
44,2,controlled,p,0.31806668639183044,0.0,0.0,0.5984848484848485,0.31806668639183044,0.0,0.13299764543771744,0.2641708493232727,1,0.007739897684817289,1.25,1.0
44,2,controlled,k,0.31806668639183044,0.0,0.0,0.5984848484848485,0.31806668639183044,0.0,0.16131197661161423,0.2351408675312996,1,0.007739897684817289,1.25,1.0
44,2,controlled,o,0.31806668639183044,0.0,0.0,0.5189393939393939,0.31806668639183044,0.0,0.13428525775671005,0.26259373426437377,1,0.007739897684817289,1.25,1.0
44,2,controlled,pk,0.31806668639183044,0.0,0.0,0.5984848484848485,0.31806668639183044,0.0,0.15401312559843064,0.24259828478097917,1,0.007739897684817289,1.25,1.0
44,2,controlled,po,0.31806668639183044,0.0,0.0,0.5189393939393939,0.31806668639183044,0.0,0.13139018788933754,0.26576014757156374,1,0.007739897684817289,1.25,1.0
44,2,controlled,ko,0.31806668639183044,0.0,0.0,0.5189393939393939,0.31806668639183044,0.0,0.15643491446971894,0.2401449352502823,1,0.007739897684817289,1.25,1.0
44,2,controlled,pko,0.31806668639183044,0.0,0.0,0.5189393939393939,0.31806668639183044,0.0,0.15121131539344787,0.2455058217048645,1,0.007739897684817289,1.25,1.0
44,2,learned,none,0.31806668639183044,0.0,0.0,0.5984848484848485,0.31806668639183044,0.0,0.13781514316797255,0.25889227986335756,1,0.007739897684817289,1.25,1.0
44,2,learned,p,0.31806668639183044,0.0,0.0,0.5984848484848485,0.31806668639183044,0.0,0.13343294709920883,0.2631713360548019,1,0.007739897684817289,1.25,1.0
44,2,learned,k,0.31806668639183044,0.0,0.0,0.5984848484848485,0.31806668639183044,0.0,0.3223999112844467,0.07374576963484288,1,0.007739897684817289,1.25,1.0
44,2,learned,o,0.31806668639183044,0.0,0.0,0.25599747474747475,0.31806668639183044,0.0,0.13262628614902497,0.2643824189901352,1,0.007739897684817289,1.25,1.0
44,2,learned,pk,0.31806668639183044,0.0,0.0,0.5984848484848485,0.31806668639183044,0.0,0.318618968129158,0.0775215808302164,1,0.007739897684817289,1.25,1.0
44,2,learned,po,0.31806668639183044,0.0,0.0,0.25599747474747475,0.31806668639183044,0.0,0.12595376074314119,0.2709831476211548,1,0.007739897684817289,1.25,1.0
44,2,learned,ko,0.31806668639183044,0.0,0.0,0.25599747474747475,0.31806668639183044,0.0,0.3502636879682541,0.04587590582668781,1,0.007739897684817289,1.25,1.0
44,2,learned,pko,0.31806668639183044,0.0,0.0,0.25599747474747475,0.31806668639183044,0.0,0.3503816395998001,0.045754607766866684,1,0.007739897684817289,1.25,1.0
44,2,shuffled,none,0.31806668639183044,0.0,0.0,0.5984848484848485,0.31806668639183044,0.0,0.13781514316797255,0.25889227986335756,1,0.007739897684817289,1.25,1.0
44,2,shuffled,p,0.31806668639183044,0.0,0.0,0.5984848484848485,0.31806668639183044,0.0,0.12590614929795266,0.27087361812591554,1,0.007739897684817289,1.25,1.0
44,2,shuffled,k,0.31806668639183044,0.0,0.0,0.5984848484848485,0.31806668639183044,0.0,0.17474242597818374,0.22177477478981017,1,0.007739897684817289,1.25,1.0
44,2,shuffled,o,0.31806668639183044,0.0,0.0,0.5347222222222222,0.31806668639183044,0.0,0.13704708367586135,0.259815177321434,1,0.007739897684817289,1.25,1.0
44,2,shuffled,pk,0.31806668639183044,0.0,0.0,0.5984848484848485,0.31806668639183044,0.0,0.15941188484430313,0.23714878857135774,1,0.007739897684817289,1.25,1.0
44,2,shuffled,po,0.31806668639183044,0.0,0.0,0.5347222222222222,0.31806668639183044,0.0,0.12964666187763213,0.26730443835258483,1,0.007739897684817289,1.25,1.0
44,2,shuffled,ko,0.31806668639183044,0.0,0.0,0.5347222222222222,0.31806668639183044,0.0,0.16717138290405273,0.22947168350219727,1,0.007739897684817289,1.25,1.0
44,2,shuffled,pko,0.31806668639183044,0.0,0.0,0.5347222222222222,0.31806668639183044,0.0,0.1577139154076576,0.2389867752790451,1,0.007739897684817289,1.25,1.0
44,2,anti,none,0.31806668639183044,0.0,0.0,0.5984848484848485,0.31806668639183044,0.0,0.13781514316797255,0.25889227986335756,1,0.007739897684817289,1.25,1.0
44,2,anti,p,0.31806668639183044,0.0,0.0,0.5984848484848485,0.31806668639183044,0.0,0.11447342932224273,0.2823207497596741,1,0.007739897684817289,1.25,1.0
44,2,anti,k,0.31806668639183044,0.0,0.0,0.5984848484848485,0.31806668639183044,0.0,0.18484927713871002,0.21165492236614228,1,0.007739897684817289,1.25,1.0
44,2,anti,o,0.31806668639183044,0.0,0.0,0.6824494949494949,0.31806668639183044,0.0,0.1382613956928253,0.25833732485771177,1,0.007739897684817289,1.25,1.0
44,2,anti,pk,0.31806668639183044,0.0,0.0,0.5984848484848485,0.31806668639183044,0.0,0.15896357148885726,0.23759148120880128,1,0.007739897684817289,1.25,1.0
44,2,anti,po,0.31806668639183044,0.0,0.0,0.6824494949494949,0.31806668639183044,0.0,0.12380136400461197,0.2728510141372681,1,0.007739897684817289,1.25,1.0
44,2,anti,ko,0.31806668639183044,0.0,0.0,0.6824494949494949,0.31806668639183044,0.0,0.17382702231407166,0.22260762006044388,1,0.007739897684817289,1.25,1.0
44,2,anti,pko,0.31806668639183044,0.0,0.0,0.6824494949494949,0.31806668639183044,0.0,0.15660803467035295,0.23985778242349626,1,0.007739897684817289,1.25,1.0
44,3,controlled,none,-0.07970069348812103,0.0,0.0005,0.4548611111111111,-0.08008700609207153,0.0,0.2724948227405548,0.12383696287870408,1,0.7737556837551999,0.6925352724115642,1.0
44,3,controlled,p,-0.07970069348812103,0.0,0.0005,0.4548611111111111,-0.08008700609207153,0.0,0.26522970497608184,0.13110512644052505,1,0.7737556837551999,0.6925352724115642,1.0
44,3,controlled,k,-0.07970069348812103,0.0,0.0005,0.4548611111111111,-0.08008700609207153,0.0,0.28765843212604525,0.10860132798552513,1,0.7737556837551999,0.6925352724115642,1.0
44,3,controlled,o,-0.07970069348812103,0.0,0.0005,0.4463383838383838,-0.08008700609207153,0.0,0.2762170910835266,0.12011235132813454,1,0.7737556837551999,0.6925352724115642,1.0
44,3,controlled,pk,-0.07970069348812103,0.0,0.0005,0.4548611111111111,-0.08008700609207153,0.0,0.2796033352613449,0.11665930449962617,1,0.7737556837551999,0.6925352724115642,1.0
44,3,controlled,po,-0.07970069348812103,0.0,0.0005,0.4463383838383838,-0.08008700609207153,0.0,0.27100682258605957,0.12532638758420944,1,0.7737556837551999,0.6925352724115642,1.0
44,3,controlled,ko,-0.07970069348812103,0.0,0.0005,0.4463383838383838,-0.08008700609207153,0.0,0.2887000948190689,0.10757033675909042,1,0.7737556837551999,0.6925352724115642,1.0
44,3,controlled,pko,-0.07970069348812103,0.0,0.0005,0.4463383838383838,-0.08008700609207153,0.0,0.283498141169548,0.11277690157294273,1,0.7737556837551999,0.6925352724115642,1.0
44,3,learned,none,-0.07970069348812103,0.0,0.0005,0.4548611111111111,-0.08008700609207153,0.0,0.2724948227405548,0.12383696287870408,1,0.7737556837551999,0.6925352724115642,1.0
44,3,learned,p,-0.07980819791555405,0.0,0.0,0.4548611111111111,-0.08008700609207153,0.0,0.2573689490556717,0.13896154761314392,1,0.7737556837551999,0.6925352724115642,1.0
44,3,learned,k,-0.08008700609207153,0.0,0.0,0.4548611111111111,-0.08008700609207153,0.0,0.3652996510267258,0.030842002108693124,1,0.7737556837551999,0.6925352724115642,1.0
44,3,learned,o,-0.07970069348812103,0.0,0.0005,0.22190656565656566,-0.08008700609207153,0.0,0.26847435534000397,0.12789383828639983,1,0.7737556837551999,0.6925352724115642,1.0
44,3,learned,pk,-0.08008700609207153,0.0,0.0,0.4548611111111111,-0.08008700609207153,0.0,0.3605832725763321,0.0355565344914794,1,0.7737556837551999,0.6925352724115642,1.0
44,3,learned,po,-0.07970069348812103,0.0,0.0005,0.22190656565656566,-0.08008700609207153,0.0,0.25703910887241366,0.13926969170570375,1,0.7737556837551999,0.6925352724115642,1.0
44,3,learned,ko,-0.08008700609207153,0.0,0.0,0.22190656565656566,-0.08008700609207153,0.0,0.3729108333587646,0.02322960626333952,1,0.7737556837551999,0.6925352724115642,1.0
44,3,learned,pko,-0.08008700609207153,0.0,0.0,0.22190656565656566,-0.08008700609207153,0.0,0.36896068751811983,0.027175481617450713,1,0.7737556837551999,0.6925352724115642,1.0
44,3,shuffled,none,-0.07970069348812103,0.0,0.0005,0.4548611111111111,-0.08008700609207153,0.0,0.2724948227405548,0.12383696287870408,1,0.7737556837551999,0.6925352724115642,1.0
44,3,shuffled,p,-0.07970069348812103,0.0,0.0005,0.4548611111111111,-0.08008700609207153,0.0,0.25317150801420213,0.14323723465204238,1,0.7737556837551999,0.6925352724115642,1.0
44,3,shuffled,k,-0.07970069348812103,0.0,0.0005,0.4548611111111111,-0.08008700609207153,0.0,0.2866683751344681,0.10958212986588478,1,0.7737556837551999,0.6925352724115642,1.0
44,3,shuffled,o,-0.07970069348812103,0.0,0.0005,0.42771464646464646,-0.08008700609207153,0.0,0.2754565805196762,0.12090127915143967,1,0.7737556837551999,0.6925352724115642,1.0
44,3,shuffled,pk,-0.07970069348812103,0.0,0.0005,0.4548611111111111,-0.08008700609207153,0.0,0.2710777670145035,0.12521444484591485,1,0.7737556837551999,0.6925352724115642,1.0
44,3,shuffled,po,-0.07970069348812103,0.0,0.0005,0.42771464646464646,-0.08008700609207153,0.0,0.2721138447523117,0.1242826335132122,1,0.7737556837551999,0.6925352724115642,1.0
44,3,shuffled,ko,-0.07970069348812103,0.0,0.0005,0.42771464646464646,-0.08008700609207153,0.0,0.2864959269762039,0.10978909134864807,1,0.7737556837551999,0.6925352724115642,1.0
44,3,shuffled,pko,-0.07970069348812103,0.0,0.0005,0.42771464646464646,-0.08008700609207153,0.0,0.2817221939563751,0.11458848640322686,1,0.7737556837551999,0.6925352724115642,1.0
44,3,anti,none,-0.07970069348812103,0.0,0.0005,0.4548611111111111,-0.08008700609207153,0.0,0.2724948227405548,0.12383696287870408,1,0.7737556837551999,0.6925352724115642,1.0
44,3,anti,p,-0.07970069348812103,0.0,0.0005,0.4548611111111111,-0.08008700609207153,0.0,0.2515385612845421,0.1450792908668518,1,0.7737556837551999,0.6925352724115642,1.0
44,3,anti,k,-0.07970069348812103,0.0,0.0005,0.4548611111111111,-0.08008700609207153,0.0,0.2868136078119278,0.10943964868783951,1,0.7737556837551999,0.6925352724115642,1.0
44,3,anti,o,-0.07970069348812103,0.0,0.0005,0.42424242424242425,-0.08008700609207153,0.0,0.2746142238378525,0.12173276692628861,1,0.7737556837551999,0.6925352724115642,1.0
44,3,anti,pk,-0.07970069348812103,0.0,0.0005,0.4548611111111111,-0.08008700609207153,0.0,0.2706832826137543,0.12566930279135705,1,0.7737556837551999,0.6925352724115642,1.0
44,3,anti,po,-0.07970069348812103,0.0,0.0005,0.42424242424242425,-0.08008700609207153,0.0,0.27014892399311063,0.12630980014801024,1,0.7737556837551999,0.6925352724115642,1.0
44,3,anti,ko,-0.07970069348812103,0.0,0.0005,0.42424242424242425,-0.08008700609207153,0.0,0.28569645881652833,0.11058892980217934,1,0.7737556837551999,0.6925352724115642,1.0
44,3,anti,pko,-0.07970069348812103,0.0,0.0005,0.42424242424242425,-0.08008700609207153,0.0,0.2810616731643677,0.11527404189109802,1,0.7737556837551999,0.6925352724115642,1.0
45,1,controlled,none,1.0593491792678833,0.0,0.0,0.010416666666666666,1.0593491792678833,0.0,0.21024995148181916,0.1858370617032051,1,0.5055372242902624,0.10629419344839461,1.0
45,1,controlled,p,1.0593491792678833,0.0,0.0,0.010416666666666666,1.0593491792678833,0.0,0.18766430616378785,0.20842266976833343,1,0.5055372242902624,0.10629419344839461,1.0
45,1,controlled,k,1.0593491792678833,0.0,0.0,0.010416666666666666,1.0593491792678833,0.0,0.26036759912967683,0.13571983054280282,1,0.5055372242902624,0.10629419344839461,1.0
45,1,controlled,o,1.0593491792678833,0.0,0.0,0.010732323232323232,1.0593491792678833,0.0,0.20528705716133117,0.19079995453357695,1,0.5055372242902624,0.10629419344839461,1.0
45,1,controlled,pk,1.0593491792678833,0.0,0.0,0.010416666666666666,1.0593491792678833,0.0,0.2389318034052849,0.15715553015470504,1,0.5055372242902624,0.10629419344839461,1.0
45,1,controlled,po,1.0593491792678833,0.0,0.0,0.010732323232323232,1.0593491792678833,0.0,0.18381691724061966,0.21227005273103713,1,0.5055372242902624,0.10629419344839461,1.0
45,1,controlled,ko,1.0593491792678833,0.0,0.0,0.010732323232323232,1.0593491792678833,0.0,0.2524874985218048,0.14359989613294602,1,0.5055372242902624,0.10629419344839461,1.0
45,1,controlled,pko,1.0593491792678833,0.0,0.0,0.010732323232323232,1.0593491792678833,0.0,0.23272240310907363,0.16336491256952285,1,0.5055372242902624,0.10629419344839461,1.0
45,1,learned,none,1.0593491792678833,0.0,0.0,0.010416666666666666,1.0593491792678833,0.0,0.21024995148181916,0.1858370617032051,1,0.5055372242902624,0.10629419344839461,1.0
45,1,learned,p,1.0593491792678833,0.0,0.0,0.010416666666666666,1.0593491792678833,0.0,0.21257100850343705,0.1835159495472908,1,0.5055372242902624,0.10629419344839461,1.0
45,1,learned,k,1.0593491792678833,0.0,0.0,0.010416666666666666,1.0593491792678833,0.0,0.34874657094478606,0.047343962267041205,1,0.5055372242902624,0.10629419344839461,1.0
45,1,learned,o,1.0593491792678833,0.0,0.0,0.1360479797979798,1.0593491792678833,0.0,0.19035052210092546,0.2057364821434021,1,0.5055372242902624,0.10629419344839461,1.0
45,1,learned,pk,1.0593491792678833,0.0,0.0,0.010416666666666666,1.0593491792678833,0.0,0.34990269541740415,0.046187469735741615,1,0.5055372242902624,0.10629419344839461,1.0
45,1,learned,po,1.0593491792678833,0.0,0.0,0.1360479797979798,1.0593491792678833,0.0,0.19398511946201324,0.20210183411836624,1,0.5055372242902624,0.10629419344839461,1.0
45,1,learned,ko,1.0593491792678833,0.0,0.0,0.1360479797979798,1.0593491792678833,0.0,0.33945597112178805,0.05663456916809082,1,0.5055372242902624,0.10629419344839461,1.0
45,1,learned,pko,1.0593491792678833,0.0,0.0,0.1360479797979798,1.0593491792678833,0.0,0.33983308672904966,0.056257090717554095,1,0.5055372242902624,0.10629419344839461,1.0
45,1,shuffled,none,1.0593491792678833,0.0,0.0,0.010416666666666666,1.0593491792678833,0.0,0.21024995148181916,0.1858370617032051,1,0.5055372242902624,0.10629419344839461,1.0
45,1,shuffled,p,1.0593491792678833,0.0,0.0,0.010416666666666666,1.0593491792678833,0.0,0.18136254847049713,0.21472447663545607,1,0.5055372242902624,0.10629419344839461,1.0
45,1,shuffled,k,1.0593491792678833,0.0,0.0,0.010416666666666666,1.0593491792678833,0.0,0.26760109066963195,0.128486205637455,1,0.5055372242902624,0.10629419344839461,1.0
45,1,shuffled,o,1.0593491792678833,0.0,0.0,0.00946969696969697,1.0593491792678833,0.0,0.2169850379228592,0.17910197377204895,1,0.5055372242902624,0.10629419344839461,1.0
45,1,shuffled,pk,1.0593491792678833,0.0,0.0,0.010416666666666666,1.0593491792678833,0.0,0.24477511644363403,0.15131218135356903,1,0.5055372242902624,0.10629419344839461,1.0
45,1,shuffled,po,1.0593491792678833,0.0,0.0,0.00946969696969697,1.0593491792678833,0.0,0.20230430513620376,0.19378270953893661,1,0.5055372242902624,0.10629419344839461,1.0
45,1,shuffled,ko,1.0593491792678833,0.0,0.0,0.00946969696969697,1.0593491792678833,0.0,0.2645128607749939,0.13157440721988678,1,0.5055372242902624,0.10629419344839461,1.0
45,1,shuffled,pko,1.0593491792678833,0.0,0.0,0.00946969696969697,1.0593491792678833,0.0,0.2519745633006096,0.1441127009689808,1,0.5055372242902624,0.10629419344839461,1.0
45,1,anti,none,1.0593491792678833,0.0,0.0,0.010416666666666666,1.0593491792678833,0.0,0.21024995148181916,0.1858370617032051,1,0.5055372242902624,0.10629419344839461,1.0
45,1,anti,p,1.0593491792678833,0.0,0.0,0.010416666666666666,1.0593491792678833,0.0,0.16661731153726578,0.2294696480035782,1,0.5055372242902624,0.10629419344839461,1.0
45,1,anti,k,1.0593491792678833,0.0,0.0,0.010416666666666666,1.0593491792678833,0.0,0.28151037096977233,0.11457698792219162,1,0.5055372242902624,0.10629419344839461,1.0
45,1,anti,o,1.0593491792678833,0.0,0.0,0.009154040404040404,1.0593491792678833,0.0,0.212658528983593,0.18342850357294083,1,0.5055372242902624,0.10629419344839461,1.0
45,1,anti,pk,1.0593491792678833,0.0,0.0,0.010416666666666666,1.0593491792678833,0.0,0.2447660893201828,0.15132114216685294,1,0.5055372242902624,0.10629419344839461,1.0
45,1,anti,po,1.0593491792678833,0.0,0.0,0.009154040404040404,1.0593491792678833,0.0,0.18144893497228623,0.2146380364894867,1,0.5055372242902624,0.10629419344839461,1.0
45,1,anti,ko,1.0593491792678833,0.0,0.0,0.009154040404040404,1.0593491792678833,0.0,0.2693484902381897,0.12673885002732277,1,0.5055372242902624,0.10629419344839461,1.0
45,1,anti,pko,1.0593491792678833,0.0,0.0,0.009154040404040404,1.0593491792678833,0.0,0.24260170310735701,0.1534855157136917,1,0.5055372242902624,0.10629419344839461,1.0
45,2,controlled,none,-1.0981257379055023,0.0,0.0007500000000000001,0.013257575757575758,-1.0591034889221191,0.0,0.3030299037694931,0.19110379070043565,1,0.29161995423870457,0.44972036457986475,1.0
45,2,controlled,p,-0.9689893901348114,0.00025,0.0007500000000000001,0.013257575757575758,-0.816172182559967,0.005,0.2834975630044937,0.3016026377677917,1,0.29161995423870457,0.44972036457986475,1.0
45,2,controlled,k,-1.2435251235961915,0.0,0.0005,0.013257575757575758,-1.2374999523162842,0.0,0.29142593443393705,0.1069529801607132,1,0.29161995423870457,0.44972036457986475,1.0
45,2,controlled,o,-1.0591201603412628,0.0,0.0017499999999999998,0.016098484848484848,-1.0527818202972412,0.0,0.26320657432079314,0.25701279640197755,1,0.29161995423870457,0.44972036457986475,1.0
45,2,controlled,pk,-1.2390353322029113,0.0,0.0005,0.013257575757575758,-1.2374999523162842,0.0,0.2693815529346466,0.13014063313603402,1,0.29161995423870457,0.44972036457986475,1.0
45,2,controlled,po,-0.908185750246048,0.0,0.0027500000000000003,0.016098484848484848,-0.8078839778900146,0.0,0.2718352138996124,0.3599426090717316,1,0.29161995423870457,0.44972036457986475,1.0
45,2,controlled,ko,-1.2190958619117738,0.0,0.0015,0.016098484848484848,-1.212499976158142,0.0,0.25694637596607206,0.15431772395968438,1,0.29161995423870457,0.44972036457986475,1.0
45,2,controlled,pko,-1.2102721214294434,0.0,0.0015,0.016098484848484848,-1.2000000476837158,0.0,0.2501138746738434,0.17206126525998117,1,0.29161995423870457,0.44972036457986475,1.0
45,2,learned,none,-1.0981257379055023,0.0,0.0007500000000000001,0.013257575757575758,-1.0591034889221191,0.0,0.3030299037694931,0.19110379070043565,1,0.29161995423870457,0.44972036457986475,1.0
45,2,learned,p,-1.1673570036888123,0.0005,0.0005,0.013257575757575758,-1.0750000476837158,0.0,0.28651040494441987,0.16081987023353578,1,0.29161995423870457,0.44972036457986475,1.0
45,2,learned,k,-1.25,0.0,0.0,0.013257575757575758,-1.25,0.0,0.3758101433515549,0.020393426809459925,1,0.29161995423870457,0.44972036457986475,1.0
45,2,learned,o,-0.7737400889396667,0.00025,0.00275,0.14930555555555555,-0.6098505258560181,0.005,0.3031845837831497,0.43878168165683745,1,0.29161995423870457,0.44972036457986475,1.0
45,2,learned,pk,-1.25,0.0,0.0,0.013257575757575758,-1.25,0.0,0.371442174911499,0.02474039262160659,1,0.29161995423870457,0.44972036457986475,1.0
45,2,learned,po,-0.7928241282701493,0.0,0.005500000000000001,0.14930555555555555,-0.1085447147488594,0.0,0.29581590592861173,0.45075487792491914,1,0.29161995423870457,0.44972036457986475,1.0
45,2,learned,ko,-1.25,0.0,0.0,0.14930555555555555,-1.25,0.0,0.3836876541376114,0.012491356395184994,1,0.29161995423870457,0.44972036457986475,1.0
45,2,learned,pko,-1.25,0.0,0.0,0.14930555555555555,-1.25,0.0,0.3849486976861954,0.011249222839251161,1,0.29161995423870457,0.44972036457986475,1.0
45,2,shuffled,none,-1.0981257379055023,0.0,0.0007500000000000001,0.013257575757575758,-1.0591034889221191,0.0,0.3030299037694931,0.19110379070043565,1,0.29161995423870457,0.44972036457986475,1.0
45,2,shuffled,p,-1.0368757367134094,0.0,0.0007500000000000001,0.013257575757575758,-0.959103524684906,0.0,0.28944905996322634,0.23959444165229798,1,0.29161995423870457,0.44972036457986475,1.0
45,2,shuffled,k,-1.2384103417396546,0.0,0.0005,0.013257575757575758,-1.225000023841858,0.0,0.29720735251903535,0.10472871959209443,1,0.29161995423870457,0.44972036457986475,1.0
45,2,shuffled,o,-1.1672153890132904,0.0,0.00025,0.011994949494949494,-1.0591034889221191,0.0,0.2399277940392494,0.2018050082027912,1,0.29161995423870457,0.44972036457986475,1.0
45,2,shuffled,pk,-1.2359103560447693,0.0,0.0005,0.013257575757575758,-1.225000023841858,0.0,0.2807194471359253,0.12258785516023636,1,0.29161995423870457,0.44972036457986475,1.0
45,2,shuffled,po,-1.1422153830528259,0.0,0.00025,0.011994949494949494,-0.959103524684906,0.0,0.23135654926300048,0.22716145664453508,1,0.29161995423870457,0.44972036457986475,1.0
45,2,shuffled,ko,-1.2342602133750915,0.0,0.0,0.011994949494949494,-1.2000000476837158,0.0,0.25335030257701874,0.15053062066435813,1,0.29161995423870457,0.44972036457986475,1.0
45,2,shuffled,pko,-1.2330102324485779,0.0,0.0,0.011994949494949494,-1.2000000476837158,0.0,0.2435928001999855,0.16266957968473433,1,0.29161995423870457,0.44972036457986475,1.0
45,2,anti,none,-1.0981257379055023,0.0,0.0007500000000000001,0.013257575757575758,-1.0591034889221191,0.0,0.3030299037694931,0.19110379070043565,1,0.29161995423870457,0.44972036457986475,1.0
45,2,anti,p,-1.0368757367134094,0.0,0.0007500000000000001,0.013257575757575758,-0.959103524684906,0.0,0.2679336488246918,0.26108069717884064,1,0.29161995423870457,0.44972036457986475,1.0
45,2,anti,k,-1.2157218337059021,0.0,0.0005,0.013257575757575758,-1.2000000476837158,0.0,0.3051984667778015,0.11428746618330479,1,0.29161995423870457,0.44972036457986475,1.0
45,2,anti,o,-1.1547153890132904,0.0,0.00025,0.016414141414141416,-1.0591034889221191,0.0,0.23832208663225174,0.21613007336854934,1,0.29161995423870457,0.44972036457986475,1.0
45,2,anti,pk,-1.2038468599319458,0.0,0.0005,0.013257575757575758,-1.1875,0.0,0.28166915476322174,0.14519098326563834,1,0.29161995423870457,0.44972036457986475,1.0
45,2,anti,po,-1.1139756083488463,0.0,0.00025,0.016414141414141416,-0.959103524684906,0.0,0.22711072117090225,0.24869071543216706,1,0.29161995423870457,0.44972036457986475,1.0
45,2,anti,ko,-1.2255102157592774,0.0,0.0,0.016414141414141416,-1.2000000476837158,0.0,0.25583949983119963,0.1558951698243618,1,0.29161995423870457,0.44972036457986475,1.0
45,2,anti,pko,-1.2161351919174195,0.0,0.0,0.016414141414141416,-1.1875,0.0,0.24594336450099946,0.17090676426887513,1,0.29161995423870457,0.44972036457986475,1.0
45,3,controlled,none,-0.29866456985473633,1.0,0.0,0.8222853535353535,-0.29866456985473633,1.0,0.23708590716123581,0.1598595768213272,1,0.2544121624098159,1.1158493351721468,1.0
45,3,controlled,p,-0.29866456985473633,1.0,0.0,0.8222853535353535,-0.29866456985473633,1.0,0.2043510615825653,0.19306025356054307,1,0.2544121624098159,1.1158493351721468,1.0
45,3,controlled,k,-0.29866456985473633,1.0,0.0,0.8222853535353535,-0.29866456985473633,1.0,0.26755252480506897,0.1288389042019844,1,0.2544121624098159,1.1158493351721468,1.0
45,3,controlled,o,-0.29866456985473633,1.0,0.0,0.8147095959595959,-0.29866456985473633,1.0,0.234894198179245,0.16258887499570845,1,0.2544121624098159,1.1158493351721468,1.0
45,3,controlled,pk,-0.29866456985473633,1.0,0.0,0.8222853535353535,-0.29866456985473633,1.0,0.238370780646801,0.1581385537981987,1,0.2544121624098159,1.1158493351721468,1.0
45,3,controlled,po,-0.29866456985473633,1.0,0.0,0.8147095959595959,-0.29866456985473633,1.0,0.20680108517408372,0.19134932160377502,1,0.2544121624098159,1.1158493351721468,1.0
45,3,controlled,ko,-0.29866456985473633,1.0,0.0,0.8147095959595959,-0.29866456985473633,1.0,0.2622086137533188,0.1343686103820801,1,0.2544121624098159,1.1158493351721468,1.0
45,3,controlled,pko,-0.29866456985473633,1.0,0.0,0.8147095959595959,-0.29866456985473633,1.0,0.23761265575885773,0.15913896262645721,1,0.2544121624098159,1.1158493351721468,1.0
45,3,learned,none,-0.29866456985473633,1.0,0.0,0.8222853535353535,-0.29866456985473633,1.0,0.23708590716123581,0.1598595768213272,1,0.2544121624098159,1.1158493351721468,1.0
45,3,learned,p,-0.29866456985473633,1.0,0.0,0.8222853535353535,-0.29866456985473633,1.0,0.21573111563920974,0.1811473175883293,1,0.2544121624098159,1.1158493351721468,1.0
45,3,learned,k,-0.29866456985473633,1.0,0.0,0.8222853535353535,-0.29866456985473633,1.0,0.36562098264694215,0.030512075871229172,1,0.2544121624098159,1.1158493351721468,1.0
45,3,learned,o,-0.29866456985473633,1.0,0.0,0.2556818181818182,-0.29866456985473633,1.0,0.23567969352006912,0.1621038943529129,1,0.2544121624098159,1.1158493351721468,1.0
45,3,learned,pk,-0.29866456985473633,1.0,0.0,0.8222853535353535,-0.29866456985473633,1.0,0.36009485721588136,0.03603781778365374,1,0.2544121624098159,1.1158493351721468,1.0
45,3,learned,po,-0.29866456985473633,1.0,0.0,0.2556818181818182,-0.29866456985473633,1.0,0.2288023754954338,0.1678573876619339,1,0.2544121624098159,1.1158493351721468,1.0
45,3,learned,ko,-0.29866456985473633,1.0,0.0,0.2556818181818182,-0.29866456985473633,1.0,0.3786516487598419,0.017478459049016237,1,0.2544121624098159,1.1158493351721468,1.0
45,3,learned,pko,-0.29866456985473633,1.0,0.0,0.2556818181818182,-0.29866456985473633,1.0,0.37535396218299866,0.02077024504542351,1,0.2544121624098159,1.1158493351721468,1.0
45,3,shuffled,none,-0.29866456985473633,1.0,0.0,0.8222853535353535,-0.29866456985473633,1.0,0.23708590716123581,0.1598595768213272,1,0.2544121624098159,1.1158493351721468,1.0
45,3,shuffled,p,-0.29866456985473633,1.0,0.0,0.8222853535353535,-0.29866456985473633,1.0,0.2719018399715424,0.12554832249879838,1,0.2544121624098159,1.1158493351721468,1.0
45,3,shuffled,k,-0.29866456985473633,1.0,0.0,0.8222853535353535,-0.29866456985473633,1.0,0.27147499322891233,0.12491164654493332,1,0.2544121624098159,1.1158493351721468,1.0
45,3,shuffled,o,-0.29866456985473633,1.0,0.0,0.8077651515151515,-0.29866456985473633,1.0,0.23489317893981934,0.16220913380384444,1,0.2544121624098159,1.1158493351721468,1.0
45,3,shuffled,pk,-0.29866456985473633,1.0,0.0,0.8222853535353535,-0.29866456985473633,1.0,0.28717310428619386,0.10933801755309105,1,0.2544121624098159,1.1158493351721468,1.0
45,3,shuffled,po,-0.29866456985473633,1.0,0.0,0.8077651515151515,-0.29866456985473633,1.0,0.24149345457553864,0.15614860579371453,1,0.2544121624098159,1.1158493351721468,1.0
45,3,shuffled,ko,-0.29866456985473633,1.0,0.0,0.8077651515151515,-0.29866456985473633,1.0,0.2574802666902542,0.13906271383166313,1,0.2544121624098159,1.1158493351721468,1.0
45,3,shuffled,pko,-0.29866456985473633,1.0,0.0,0.8077651515151515,-0.29866456985473633,1.0,0.2608043044805527,0.13593080788850784,1,0.2544121624098159,1.1158493351721468,1.0
45,3,anti,none,-0.29866456985473633,1.0,0.0,0.8222853535353535,-0.29866456985473633,1.0,0.23708590716123581,0.1598595768213272,1,0.2544121624098159,1.1158493351721468,1.0
45,3,anti,p,-0.2983109414577484,0.9997499999999999,0.00025,0.8222853535353535,-0.29866456985473633,1.0,0.2712148904800415,0.12712685465812684,1,0.2544121624098159,1.1158493351721468,1.0
45,3,anti,k,-0.29866456985473633,1.0,0.0,0.8222853535353535,-0.29866456985473633,1.0,0.27576435804367067,0.12056383565068245,1,0.2544121624098159,1.1158493351721468,1.0
45,3,anti,o,-0.29866456985473633,1.0,0.0,0.8005050505050505,-0.29866456985473633,1.0,0.22863979637622833,0.16874641925096512,1,0.2544121624098159,1.1158493351721468,1.0
45,3,anti,pk,-0.29866456985473633,1.0,0.0,0.8222853535353535,-0.29866456985473633,1.0,0.2870991587638855,0.10946024283766746,1,0.2544121624098159,1.1158493351721468,1.0
45,3,anti,po,-0.2983109414577484,0.9997499999999999,0.00025,0.8005050505050505,-0.29866456985473633,1.0,0.22779205143451692,0.17032662481069566,1,0.2544121624098159,1.1158493351721468,1.0
45,3,anti,ko,-0.29866456985473633,1.0,0.0,0.8005050505050505,-0.29866456985473633,1.0,0.25644563138484955,0.14014742374420167,1,0.2544121624098159,1.1158493351721468,1.0
45,3,anti,pko,-0.29866456985473633,1.0,0.0,0.8005050505050505,-0.29866456985473633,1.0,0.2535440430045128,0.14326340854167938,1,0.2544121624098159,1.1158493351721468,1.0
46,1,controlled,none,0.21558307111263275,0.0,0.0,0.9564393939393939,0.21558307111263275,0.0,0.18232674300670623,0.21389720290899278,1,0.10236993213165163,1.1510677414633381,1.0
46,1,controlled,p,0.21558307111263275,0.0,0.0,0.9564393939393939,0.21558307111263275,0.0,0.16294759660959243,0.23329918682575226,1,0.10236993213165163,1.1510677414633381,1.0
46,1,controlled,k,0.21558307111263275,0.0,0.0,0.9564393939393939,0.21558307111263275,0.0,0.22624373584985732,0.16991574913263321,1,0.10236993213165163,1.1510677414633381,1.0
46,1,controlled,o,0.21558307111263275,0.0,0.0,0.9523358585858586,0.21558307111263275,0.0,0.17018295377492904,0.22604101449251174,1,0.10236993213165163,1.1510677414633381,1.0
46,1,controlled,pk,0.21558307111263275,0.0,0.0,0.9564393939393939,0.21558307111263275,0.0,0.20492153465747834,0.19124559909105301,1,0.10236993213165163,1.1510677414633381,1.0
46,1,controlled,po,0.21558307111263275,0.0,0.0,0.9523358585858586,0.21558307111263275,0.0,0.15226880162954332,0.2439816489815712,1,0.10236993213165163,1.1510677414633381,1.0
46,1,controlled,ko,0.21558307111263275,0.0,0.0,0.9523358585858586,0.21558307111263275,0.0,0.19663196951150894,0.1995431251823902,1,0.10236993213165163,1.1510677414633381,1.0
46,1,controlled,pko,0.21558307111263275,0.0,0.0,0.9523358585858586,0.21558307111263275,0.0,0.1813127115368843,0.21487621814012528,1,0.10236993213165163,1.1510677414633381,1.0
46,1,learned,none,0.21558307111263275,0.0,0.0,0.9564393939393939,0.21558307111263275,0.0,0.18232674300670623,0.21389720290899278,1,0.10236993213165163,1.1510677414633381,1.0
46,1,learned,p,0.21558307111263275,0.0,0.0,0.9564393939393939,0.21558307111263275,0.0,0.17674725949764253,0.22059871703386308,1,0.10236993213165163,1.1510677414633381,1.0
46,1,learned,k,0.21558307111263275,0.0,0.0,0.9564393939393939,0.21558307111263275,0.0,0.34053450226783755,0.05558066200464964,1,0.10236993213165163,1.1510677414633381,1.0
46,1,learned,o,0.21558307111263275,0.0,0.0,0.29924242424242425,0.21558307111263275,0.0,0.14716589003801345,0.2491010844707489,1,0.10236993213165163,1.1510677414633381,1.0
46,1,learned,pk,0.21558307111263275,0.0,0.0,0.9564393939393939,0.21558307111263275,0.0,0.33371532559394834,0.06242343597114086,1,0.10236993213165163,1.1510677414633381,1.0
46,1,learned,po,0.21558307111263275,0.0,0.0,0.29924242424242425,0.21558307111263275,0.0,0.16403401643037796,0.23227161839604377,1,0.10236993213165163,1.1510677414633381,1.0
46,1,learned,ko,0.21558307111263275,0.0,0.0,0.29924242424242425,0.21558307111263275,0.0,0.3550742745399475,0.0410413570702076,1,0.10236993213165163,1.1510677414633381,1.0
46,1,learned,pko,0.21558307111263275,0.0,0.0,0.29924242424242425,0.21558307111263275,0.0,0.35757054686546325,0.03854866232722998,1,0.10236993213165163,1.1510677414633381,1.0
46,1,shuffled,none,0.21558307111263275,0.0,0.0,0.9564393939393939,0.21558307111263275,0.0,0.18232674300670623,0.21389720290899278,1,0.10236993213165163,1.1510677414633381,1.0
46,1,shuffled,p,0.21558307111263275,0.0,0.0,0.9564393939393939,0.21558307111263275,0.0,0.16479299813508988,0.23146313130855561,1,0.10236993213165163,1.1510677414633381,1.0
46,1,shuffled,k,0.21558307111263275,0.0,0.0,0.9564393939393939,0.21558307111263275,0.0,0.20800505578517914,0.18814700543880464,1,0.10236993213165163,1.1510677414633381,1.0
46,1,shuffled,o,0.21558307111263275,0.0,0.0,0.9517045454545454,0.21558307111263275,0.0,0.18108148872852325,0.21514572501182555,1,0.10236993213165163,1.1510677414633381,1.0
46,1,shuffled,pk,0.21558307111263275,0.0,0.0,0.9564393939393939,0.21558307111263275,0.0,0.19583489149808883,0.20032401084899903,1,0.10236993213165163,1.1510677414633381,1.0
46,1,shuffled,po,0.21558307111263275,0.0,0.0,0.9517045454545454,0.21558307111263275,0.0,0.16420321613550187,0.23206293880939483,1,0.10236993213165163,1.1510677414633381,1.0
46,1,shuffled,ko,0.21558307111263275,0.0,0.0,0.9517045454545454,0.21558307111263275,0.0,0.20601666867733,0.1901550993323326,1,0.10236993213165163,1.1510677414633381,1.0
46,1,shuffled,pko,0.21558307111263275,0.0,0.0,0.9517045454545454,0.21558307111263275,0.0,0.19308165460824966,0.20310717970132827,1,0.10236993213165163,1.1510677414633381,1.0
46,1,anti,none,0.21558307111263275,0.0,0.0,0.9564393939393939,0.21558307111263275,0.0,0.18232674300670623,0.21389720290899278,1,0.10236993213165163,1.1510677414633381,1.0
46,1,anti,p,0.21558307111263275,0.0,0.0,0.9564393939393939,0.21558307111263275,0.0,0.17150350511074067,0.22475187927484513,1,0.10236993213165163,1.1510677414633381,1.0
46,1,anti,k,0.21558307111263275,0.0,0.0,0.9564393939393939,0.21558307111263275,0.0,0.2071051239967346,0.18905042186379434,1,0.10236993213165163,1.1510677414633381,1.0
46,1,anti,o,0.21558307111263275,0.0,0.0,0.9529671717171717,0.21558307111263275,0.0,0.17216247618198394,0.2240679904818535,1,0.10236993213165163,1.1510677414633381,1.0
46,1,anti,pk,0.21558307111263275,0.0,0.0,0.9564393939393939,0.21558307111263275,0.0,0.19709740132093428,0.19906575083732606,1,0.10236993213165163,1.1510677414633381,1.0
46,1,anti,po,0.21558307111263275,0.0,0.0,0.9529671717171717,0.21558307111263275,0.0,0.16034075766801834,0.23592126816511155,1,0.10236993213165163,1.1510677414633381,1.0
46,1,anti,ko,0.21558307111263275,0.0,0.0,0.9529671717171717,0.21558307111263275,0.0,0.19518658369779587,0.20098988562822342,1,0.10236993213165163,1.1510677414633381,1.0
46,1,anti,pko,0.21558307111263275,0.0,0.0,0.9529671717171717,0.21558307111263275,0.0,0.18457402139902115,0.21161651238799095,1,0.10236993213165163,1.1510677414633381,1.0
46,2,controlled,none,0.7508175373077393,0.0,0.0,0.8560606060606061,0.7508175373077393,0.0,0.22303767055273055,0.17308312207460402,1,-0.044973470018545736,1.25,1.0
46,2,controlled,p,0.7508175373077393,0.0,0.0,0.8560606060606061,0.7508175373077393,0.0,0.19699431359767913,0.1991354763507843,1,-0.044973470018545736,1.25,1.0
46,2,controlled,k,0.7508175373077393,0.0,0.0,0.8560606060606061,0.7508175373077393,0.0,0.24250326603651046,0.15361355543136596,1,-0.044973470018545736,1.25,1.0
46,2,controlled,o,0.7508175373077393,0.0,0.0,0.8484848484848485,0.7508175373077393,0.0,0.23320483565330505,0.16291563361883163,1,-0.044973470018545736,1.25,1.0
46,2,controlled,pk,0.7508175373077393,0.0,0.0,0.8560606060606061,0.7508175373077393,0.0,0.22163396924734116,0.17448589950799942,1,-0.044973470018545736,1.25,1.0
46,2,controlled,po,0.7508175373077393,0.0,0.0,0.8484848484848485,0.7508175373077393,0.0,0.21415583193302154,0.18197359144687653,1,-0.044973470018545736,1.25,1.0
46,2,controlled,ko,0.7508175373077393,0.0,0.0,0.8484848484848485,0.7508175373077393,0.0,0.24924638718366623,0.14687050879001617,1,-0.044973470018545736,1.25,1.0
46,2,controlled,pko,0.7508175373077393,0.0,0.0,0.8484848484848485,0.7508175373077393,0.0,0.23364319950342177,0.16247685253620148,1,-0.044973470018545736,1.25,1.0
46,2,learned,none,0.7508175373077393,0.0,0.0,0.8560606060606061,0.7508175373077393,0.0,0.22303767055273055,0.17308312207460402,1,-0.044973470018545736,1.25,1.0
46,2,learned,p,0.7508175373077393,0.0,0.0,0.8560606060606061,0.7508175373077393,0.0,0.21904622614383698,0.17706616073846818,1,-0.044973470018545736,1.25,1.0
46,2,learned,k,0.7508175373077393,0.0,0.0,0.8560606060606061,0.7508175373077393,0.0,0.35812383592128755,0.0379867086187005,1,-0.044973470018545736,1.25,1.0
46,2,learned,o,0.7508175373077393,0.0,0.0,0.255050505050505,0.7508175373077393,0.0,0.23996093720197678,0.15616170316934586,1,-0.044973470018545736,1.25,1.0
46,2,learned,pk,0.7508175373077393,0.0,0.0,0.8560606060606061,0.7508175373077393,0.0,0.3547378331422806,0.04137049280107021,1,-0.044973470018545736,1.25,1.0
46,2,learned,po,0.7508175373077393,0.0,0.0,0.255050505050505,0.7508175373077393,0.0,0.24286603331565856,0.15324159786105157,1,-0.044973470018545736,1.25,1.0
46,2,learned,ko,0.7508175373077393,0.0,0.0,0.255050505050505,0.7508175373077393,0.0,0.36663140952587125,0.029480976238846778,1,-0.044973470018545736,1.25,1.0
46,2,learned,pko,0.7508175373077393,0.0,0.0,0.255050505050505,0.7508175373077393,0.0,0.36437680423259733,0.031733066961169246,1,-0.044973470018545736,1.25,1.0
46,2,shuffled,none,0.7508175373077393,0.0,0.0,0.8560606060606061,0.7508175373077393,0.0,0.22303767055273055,0.17308312207460402,1,-0.044973470018545736,1.25,1.0
46,2,shuffled,p,0.7508175373077393,0.0,0.0,0.8560606060606061,0.7508175373077393,0.0,0.21747194826602936,0.17864850014448166,1,-0.044973470018545736,1.25,1.0
46,2,shuffled,k,0.7508175373077393,0.0,0.0,0.8560606060606061,0.7508175373077393,0.0,0.2459251880645752,0.15019122064113616,1,-0.044973470018545736,1.25,1.0
46,2,shuffled,o,0.7508175373077393,0.0,0.0,0.8418560606060606,0.7508175373077393,0.0,0.22840901613235473,0.16771253943443298,1,-0.044973470018545736,1.25,1.0
46,2,shuffled,pk,0.7508175373077393,0.0,0.0,0.8560606060606061,0.7508175373077393,0.0,0.24043803066015243,0.1556777238845825,1,-0.044973470018545736,1.25,1.0
46,2,shuffled,po,0.7508175373077393,0.0,0.0,0.8418560606060606,0.7508175373077393,0.0,0.2194574162364006,0.17666403204202652,1,-0.044973470018545736,1.25,1.0
46,2,shuffled,ko,0.7508175373077393,0.0,0.0,0.8418560606060606,0.7508175373077393,0.0,0.24609241932630538,0.15002530068159103,1,-0.044973470018545736,1.25,1.0
46,2,shuffled,pko,0.7508175373077393,0.0,0.0,0.8418560606060606,0.7508175373077393,0.0,0.23873504251241684,0.15738240778446197,1,-0.044973470018545736,1.25,1.0
46,2,anti,none,0.7508175373077393,0.0,0.0,0.8560606060606061,0.7508175373077393,0.0,0.22303767055273055,0.17308312207460402,1,-0.044973470018545736,1.25,1.0
46,2,anti,p,0.7508175373077393,0.0,0.0,0.8560606060606061,0.7508175373077393,0.0,0.21737792044878007,0.17874273359775544,1,-0.044973470018545736,1.25,1.0
46,2,anti,k,0.7508175373077393,0.0,0.0,0.8560606060606061,0.7508175373077393,0.0,0.2800009220838547,0.11610903888940811,1,-0.044973470018545736,1.25,1.0
46,2,anti,o,0.7508175373077393,0.0,0.0,0.8399621212121212,0.7508175373077393,0.0,0.22982842922210694,0.16629270613193511,1,-0.044973470018545736,1.25,1.0
46,2,anti,pk,0.7508175373077393,0.0,0.0,0.8560606060606061,0.7508175373077393,0.0,0.2667479544878006,0.12936089262366296,1,-0.044973470018545736,1.25,1.0
46,2,anti,po,0.7508175373077393,0.0,0.0,0.8399621212121212,0.7508175373077393,0.0,0.2230426326394081,0.17307883948087693,1,-0.044973470018545736,1.25,1.0
46,2,anti,ko,0.7508175373077393,0.0,0.0,0.8399621212121212,0.7508175373077393,0.0,0.25765540599823,0.13845947235822678,1,-0.044973470018545736,1.25,1.0
46,2,anti,pko,0.7508175373077393,0.0,0.0,0.8399621212121212,0.7508175373077393,0.0,0.24950070977210997,0.1466140441596508,1,-0.044973470018545736,1.25,1.0
46,3,controlled,none,-0.0689157098531723,0.0,0.0,0.60385101010101,-0.0689157098531723,0.0,0.20020544826984404,0.1960426539182663,1,0.6178461008624277,0.6308164676320167,1.0
46,3,controlled,p,-0.0689157098531723,0.0,0.0,0.60385101010101,-0.0689157098531723,0.0,0.18497354835271834,0.21129596084356309,1,0.6178461008624277,0.6308164676320167,1.0
46,3,controlled,k,-0.0689157098531723,0.0,0.0,0.60385101010101,-0.0689157098531723,0.0,0.22983184605836868,0.16637954264879226,1,0.6178461008624277,0.6308164676320167,1.0
46,3,controlled,o,-0.0689157098531723,0.0,0.0,0.6193181818181818,-0.0689157098531723,0.0,0.21023998707532882,0.1860091656446457,1,0.6178461008624277,0.6308164676320167,1.0
46,3,controlled,pk,-0.0689157098531723,0.0,0.0,0.60385101010101,-0.0689157098531723,0.0,0.21522074788808823,0.1810045436024666,1,0.6178461008624277,0.6308164676320167,1.0
46,3,controlled,po,-0.0689157098531723,0.0,0.0,0.6193181818181818,-0.0689157098531723,0.0,0.1979881152510643,0.19828028380870819,1,0.6178461008624277,0.6308164676320167,1.0
46,3,controlled,ko,-0.0689157098531723,0.0,0.0,0.6193181818181818,-0.0689157098531723,0.0,0.23681341260671615,0.15940116941928864,1,0.6178461008624277,0.6308164676320167,1.0
46,3,controlled,pko,-0.0689157098531723,0.0,0.0,0.6193181818181818,-0.0689157098531723,0.0,0.22507742047309875,0.17115020155906677,1,0.6178461008624277,0.6308164676320167,1.0
46,3,learned,none,-0.0689157098531723,0.0,0.0,0.60385101010101,-0.0689157098531723,0.0,0.20020544826984404,0.1960426539182663,1,0.6178461008624277,0.6308164676320167,1.0
46,3,learned,p,-0.0689157098531723,0.0,0.0,0.60385101010101,-0.0689157098531723,0.0,0.21088678538799285,0.1853438764810562,1,0.6178461008624277,0.6308164676320167,1.0
46,3,learned,k,-0.0689157098531723,0.0,0.0,0.60385101010101,-0.0689157098531723,0.0,0.3565016031265259,0.039632368460297586,1,0.6178461008624277,0.6308164676320167,1.0
46,3,learned,o,-0.0689157098531723,0.0,0.0,0.2455808080808081,-0.0689157098531723,0.0,0.21412880271673201,0.18212735056877136,1,0.6178461008624277,0.6308164676320167,1.0
46,3,learned,pk,-0.0689157098531723,0.0,0.0,0.60385101010101,-0.0689157098531723,0.0,0.3573367059230804,0.03879602886736393,1,0.6178461008624277,0.6308164676320167,1.0
46,3,learned,po,-0.0689157098531723,0.0,0.0,0.2455808080808081,-0.0689157098531723,0.0,0.21499458104372024,0.18119561225175856,1,0.6178461008624277,0.6308164676320167,1.0
46,3,learned,ko,-0.0689157098531723,0.0,0.0,0.2455808080808081,-0.0689157098531723,0.0,0.36353704929351804,0.0325938681140542,1,0.6178461008624277,0.6308164676320167,1.0
46,3,learned,pko,-0.0689157098531723,0.0,0.0,0.2455808080808081,-0.0689157098531723,0.0,0.36354269087314606,0.03258308172225952,1,0.6178461008624277,0.6308164676320167,1.0
46,3,shuffled,none,-0.0689157098531723,0.0,0.0,0.60385101010101,-0.0689157098531723,0.0,0.20020544826984404,0.1960426539182663,1,0.6178461008624277,0.6308164676320167,1.0
46,3,shuffled,p,-0.0689157098531723,0.0,0.0,0.60385101010101,-0.0689157098531723,0.0,0.187052446603775,0.2092220216989517,1,0.6178461008624277,0.6308164676320167,1.0
46,3,shuffled,k,-0.0689157098531723,0.0,0.0,0.60385101010101,-0.0689157098531723,0.0,0.22391233295202256,0.1722997844219208,1,0.6178461008624277,0.6308164676320167,1.0
46,3,shuffled,o,-0.0689157098531723,0.0,0.0,0.5909090909090909,-0.0689157098531723,0.0,0.20563237220048905,0.1906205013394356,1,0.6178461008624277,0.6308164676320167,1.0
46,3,shuffled,pk,-0.0689157098531723,0.0,0.0,0.60385101010101,-0.0689157098531723,0.0,0.21094730496406555,0.18528270721435547,1,0.6178461008624277,0.6308164676320167,1.0
46,3,shuffled,po,-0.0689157098531723,0.0,0.0,0.5909090909090909,-0.0689157098531723,0.0,0.19408648312091828,0.20218672454357148,1,0.6178461008624277,0.6308164676320167,1.0
46,3,shuffled,ko,-0.0689157098531723,0.0,0.0,0.5909090909090909,-0.0689157098531723,0.0,0.22720148116350175,0.16901757568120956,1,0.6178461008624277,0.6308164676320167,1.0
46,3,shuffled,pko,-0.0689157098531723,0.0,0.0,0.5909090909090909,-0.0689157098531723,0.0,0.21587521731853485,0.180358450114727,1,0.6178461008624277,0.6308164676320167,1.0
46,3,anti,none,-0.0689157098531723,0.0,0.0,0.60385101010101,-0.0689157098531723,0.0,0.20020544826984404,0.1960426539182663,1,0.6178461008624277,0.6308164676320167,1.0
46,3,anti,p,-0.0689157098531723,0.0,0.0,0.60385101010101,-0.0689157098531723,0.0,0.18835038989782332,0.2079370439052582,1,0.6178461008624277,0.6308164676320167,1.0
46,3,anti,k,-0.0689157098531723,0.0,0.0,0.60385101010101,-0.0689157098531723,0.0,0.22324263602495192,0.1729707568883896,1,0.6178461008624277,0.6308164676320167,1.0
46,3,anti,o,-0.0689157098531723,0.0,0.0,0.64614898989899,-0.0689157098531723,0.0,0.19452226907014847,0.2017284005880356,1,0.6178461008624277,0.6308164676320167,1.0
46,3,anti,pk,-0.0689157098531723,0.0,0.0,0.60385101010101,-0.0689157098531723,0.0,0.2115093097090721,0.1847285136580467,1,0.6178461008624277,0.6308164676320167,1.0
46,3,anti,po,-0.0689157098531723,0.0,0.0,0.64614898989899,-0.0689157098531723,0.0,0.18106093406677246,0.21521371603012085,1,0.6178461008624277,0.6308164676320167,1.0
46,3,anti,ko,-0.0689157098531723,0.0,0.0,0.64614898989899,-0.0689157098531723,0.0,0.21837392300367356,0.1778424099087715,1,0.6178461008624277,0.6308164676320167,1.0
46,3,anti,pko,-0.0689157098531723,0.0,0.0,0.64614898989899,-0.0689157098531723,0.0,0.20506487041711807,0.19116635769605636,1,0.6178461008624277,0.6308164676320167,1.0
47,1,controlled,none,0.26720547676086426,0.0,0.0,0.3421717171717172,0.26720547676086426,0.0,0.16344722956418992,0.23272746205329894,1,0.3107922391447636,0.7213069282422775,1.0
47,1,controlled,p,0.26720547676086426,0.0,0.0,0.3421717171717172,0.26720547676086426,0.0,0.1542468249797821,0.24193360209465026,1,0.3107922391447636,0.7213069282422775,1.0
47,1,controlled,k,0.26720547676086426,0.0,0.0,0.3421717171717172,0.26720547676086426,0.0,0.18657021522521972,0.20958633124828338,1,0.3107922391447636,0.7213069282422775,1.0
47,1,controlled,o,0.26720547676086426,0.0,0.0,0.3573232323232323,0.26720547676086426,0.0,0.16411461383104325,0.23205941021442414,1,0.3107922391447636,0.7213069282422775,1.0
47,1,controlled,pk,0.26720547676086426,0.0,0.0,0.3421717171717172,0.26720547676086426,0.0,0.17709659337997435,0.21906340271234512,1,0.3107922391447636,0.7213069282422775,1.0
47,1,controlled,po,0.26720547676086426,0.0,0.0,0.3573232323232323,0.26720547676086426,0.0,0.15650219321250916,0.2396789476275444,1,0.3107922391447636,0.7213069282422775,1.0
47,1,controlled,ko,0.26720547676086426,0.0,0.0,0.3573232323232323,0.26720547676086426,0.0,0.1855226442217827,0.21063391566276551,1,0.3107922391447636,0.7213069282422775,1.0
47,1,controlled,pko,0.26720547676086426,0.0,0.0,0.3573232323232323,0.26720547676086426,0.0,0.17794160693883895,0.21821936070919037,1,0.3107922391447636,0.7213069282422775,1.0
47,1,learned,none,0.26720547676086426,0.0,0.0,0.3421717171717172,0.26720547676086426,0.0,0.16344722956418992,0.23272746205329894,1,0.3107922391447636,0.7213069282422775,1.0
47,1,learned,p,0.26720547676086426,0.0,0.0,0.3421717171717172,0.26720547676086426,0.0,0.15779536068439484,0.2384020447731018,1,0.3107922391447636,0.7213069282422775,1.0
47,1,learned,k,0.26720547676086426,0.0,0.0,0.3421717171717172,0.26720547676086426,0.0,0.342386794090271,0.05373445376753807,1,0.3107922391447636,0.7213069282422775,1.0
47,1,learned,o,0.26720547676086426,0.0,0.0,0.23106060606060605,0.26720547676086426,0.0,0.15115139186382293,0.24502759128808976,1,0.3107922391447636,0.7213069282422775,1.0
47,1,learned,pk,0.26720547676086426,0.0,0.0,0.3421717171717172,0.26720547676086426,0.0,0.33897457718849183,0.05714798271656037,1,0.3107922391447636,0.7213069282422775,1.0
47,1,learned,po,0.26720547676086426,0.0,0.0,0.23106060606060605,0.26720547676086426,0.0,0.1518033117055893,0.244337260723114,1,0.3107922391447636,0.7213069282422775,1.0
47,1,learned,ko,0.26720547676086426,0.0,0.0,0.23106060606060605,0.26720547676086426,0.0,0.3557537704706192,0.04036706034094095,1,0.3107922391447636,0.7213069282422775,1.0
47,1,learned,pko,0.26720547676086426,0.0,0.0,0.23106060606060605,0.26720547676086426,0.0,0.35709654092788695,0.03901975154876709,1,0.3107922391447636,0.7213069282422775,1.0
47,1,shuffled,none,0.26720547676086426,0.0,0.0,0.3421717171717172,0.26720547676086426,0.0,0.16344722956418992,0.23272746205329894,1,0.3107922391447636,0.7213069282422775,1.0
47,1,shuffled,p,0.26720547676086426,0.0,0.0,0.3421717171717172,0.26720547676086426,0.0,0.14925129264593123,0.24693455100059508,1,0.3107922391447636,0.7213069282422775,1.0
47,1,shuffled,k,0.26720547676086426,0.0,0.0,0.3421717171717172,0.26720547676086426,0.0,0.18395580500364303,0.21220164149999618,1,0.3107922391447636,0.7213069282422775,1.0
47,1,shuffled,o,0.26720547676086426,0.0,0.0,0.35700757575757575,0.26720547676086426,0.0,0.16050625890493392,0.2356683224439621,1,0.3107922391447636,0.7213069282422775,1.0
47,1,shuffled,pk,0.26720547676086426,0.0,0.0,0.3421717171717172,0.26720547676086426,0.0,0.1713847130537033,0.2247780069708824,1,0.3107922391447636,0.7213069282422775,1.0
47,1,shuffled,po,0.26720547676086426,0.0,0.0,0.35700757575757575,0.26720547676086426,0.0,0.14683894515037538,0.24934707432985306,1,0.3107922391447636,0.7213069282422775,1.0
47,1,shuffled,ko,0.26720547676086426,0.0,0.0,0.35700757575757575,0.26720547676086426,0.0,0.17976099401712417,0.21639765202999114,1,0.3107922391447636,0.7213069282422775,1.0
47,1,shuffled,pko,0.26720547676086426,0.0,0.0,0.35700757575757575,0.26720547676086426,0.0,0.1682121604681015,0.22795211672782897,1,0.3107922391447636,0.7213069282422775,1.0
47,1,anti,none,0.26720547676086426,0.0,0.0,0.3421717171717172,0.26720547676086426,0.0,0.16344722956418992,0.23272746205329894,1,0.3107922391447636,0.7213069282422775,1.0
47,1,anti,p,0.26720547676086426,0.0,0.0,0.3421717171717172,0.26720547676086426,0.0,0.14743267893791198,0.2487510100007057,1,0.3107922391447636,0.7213069282422775,1.0
47,1,anti,k,0.26720547676086426,0.0,0.0,0.3421717171717172,0.26720547676086426,0.0,0.18950715363025666,0.20664950609207153,1,0.3107922391447636,0.7213069282422775,1.0
47,1,anti,o,0.26720547676086426,0.0,0.0,0.3784722222222222,0.26720547676086426,0.0,0.16429151445627213,0.23188337683677673,1,0.3107922391447636,0.7213069282422775,1.0
47,1,anti,pk,0.26720547676086426,0.0,0.0,0.3421717171717172,0.26720547676086426,0.0,0.1733301118016243,0.2228313997387886,1,0.3107922391447636,0.7213069282422775,1.0
47,1,anti,po,0.26720547676086426,0.0,0.0,0.3784722222222222,0.26720547676086426,0.0,0.15103436708450318,0.24514845460653306,1,0.3107922391447636,0.7213069282422775,1.0
47,1,anti,ko,0.26720547676086426,0.0,0.0,0.3784722222222222,0.26720547676086426,0.0,0.18879136443138123,0.20736681744456292,1,0.3107922391447636,0.7213069282422775,1.0
47,1,anti,pko,0.26720547676086426,0.0,0.0,0.3784722222222222,0.26720547676086426,0.0,0.17516230940818786,0.22100019454956055,1,0.3107922391447636,0.7213069282422775,1.0
47,2,controlled,none,0.14497366696596145,0.0,0.0,0.8620580808080808,0.1434507817029953,0.0,0.1592918336391449,0.23689036965370178,1,0.12836766870386465,0.8455796868172317,1.0
47,2,controlled,p,0.14510333091020583,0.0,0.0,0.8620580808080808,0.146044060587883,0.0,0.14953698813915253,0.24665870666503906,1,0.12836766870386465,0.8455796868172317,1.0
47,2,controlled,k,0.14497366696596145,0.0,0.0,0.8620580808080808,0.1434507817029953,0.0,0.18326009511947633,0.2129010111093521,1,0.12836766870386465,0.8455796868172317,1.0
47,2,controlled,o,0.14497366696596145,0.0,0.0,0.8652146464646465,0.1434507817029953,0.0,0.15985288619995117,0.23633361011743545,1,0.12836766870386465,0.8455796868172317,1.0
47,2,controlled,pk,0.14497366696596145,0.0,0.0,0.8620580808080808,0.1434507817029953,0.0,0.1729362726211548,0.22323344200849532,1,0.12836766870386465,0.8455796868172317,1.0
47,2,controlled,po,0.14497366696596145,0.0,0.0,0.8652146464646465,0.1434507817029953,0.0,0.150922092795372,0.24527619481086732,1,0.12836766870386465,0.8455796868172317,1.0
47,2,controlled,ko,0.14497366696596145,0.0,0.0,0.8652146464646465,0.1434507817029953,0.0,0.18253596276044845,0.2136286899447441,1,0.12836766870386465,0.8455796868172317,1.0
47,2,controlled,pko,0.14497366696596145,0.0,0.0,0.8652146464646465,0.1434507817029953,0.0,0.17319661229848862,0.222975555062294,1,0.12836766870386465,0.8455796868172317,1.0
47,2,learned,none,0.14497366696596145,0.0,0.0,0.8620580808080808,0.1434507817029953,0.0,0.1592918336391449,0.23689036965370178,1,0.12836766870386465,0.8455796868172317,1.0
47,2,learned,p,0.14497366696596145,0.0,0.0,0.8620580808080808,0.1434507817029953,0.0,0.15763603895902634,0.23854078650474547,1,0.12836766870386465,0.8455796868172317,1.0
47,2,learned,k,0.14497366696596145,0.0,0.0,0.8620580808080808,0.1434507817029953,0.0,0.25262978076934817,0.14350335523486138,1,0.12836766870386465,0.8455796868172317,1.0
47,2,learned,o,0.14497366696596145,0.0,0.0,0.6360479797979798,0.1434507817029953,0.0,0.15456003099679946,0.24163635522127153,1,0.12836766870386465,0.8455796868172317,1.0
47,2,learned,pk,0.14497366696596145,0.0,0.0,0.8620580808080808,0.1434507817029953,0.0,0.2509256199002266,0.1452060729265213,1,0.12836766870386465,0.8455796868172317,1.0
47,2,learned,po,0.14497366696596145,0.0,0.0,0.6360479797979798,0.1434507817029953,0.0,0.15424805134534836,0.24193296134471892,1,0.12836766870386465,0.8455796868172317,1.0
47,2,learned,ko,0.14497366696596145,0.0,0.0,0.6360479797979798,0.1434507817029953,0.0,0.2574106052517891,0.13872434943914413,1,0.12836766870386465,0.8455796868172317,1.0
47,2,learned,pko,0.14497366696596145,0.0,0.0,0.6360479797979798,0.1434507817029953,0.0,0.25820276141166687,0.13792867958545685,1,0.12836766870386465,0.8455796868172317,1.0
47,2,shuffled,none,0.14497366696596145,0.0,0.0,0.8620580808080808,0.1434507817029953,0.0,0.1592918336391449,0.23689036965370178,1,0.12836766870386465,0.8455796868172317,1.0
47,2,shuffled,p,0.14510333091020583,0.0,0.0,0.8620580808080808,0.146044060587883,0.0,0.14495022743940353,0.25124030113220214,1,0.12836766870386465,0.8455796868172317,1.0
47,2,shuffled,k,0.14497366696596145,0.0,0.0,0.8620580808080808,0.1434507817029953,0.0,0.18479752093553542,0.21136236786842347,1,0.12836766870386465,0.8455796868172317,1.0
47,2,shuffled,o,0.14497366696596145,0.0,0.0,0.8652146464646465,0.1434507817029953,0.0,0.15929677784442903,0.23688801378011703,1,0.12836766870386465,0.8455796868172317,1.0
47,2,shuffled,pk,0.14497366696596145,0.0,0.0,0.8620580808080808,0.1434507817029953,0.0,0.1705945611000061,0.22557025402784348,1,0.12836766870386465,0.8455796868172317,1.0
47,2,shuffled,po,0.14510333091020583,0.0,0.0,0.8652146464646465,0.146044060587883,0.0,0.14397581964731215,0.252216973900795,1,0.12836766870386465,0.8455796868172317,1.0
47,2,shuffled,ko,0.14497366696596145,0.0,0.0,0.8652146464646465,0.1434507817029953,0.0,0.1854299008846283,0.21073085963726043,1,0.12836766870386465,0.8455796868172317,1.0
47,2,shuffled,pko,0.14497366696596145,0.0,0.0,0.8652146464646465,0.1434507817029953,0.0,0.17040100544691086,0.22576429396867753,1,0.12836766870386465,0.8455796868172317,1.0
47,2,anti,none,0.14497366696596145,0.0,0.0,0.8620580808080808,0.1434507817029953,0.0,0.1592918336391449,0.23689036965370178,1,0.12836766870386465,0.8455796868172317,1.0
47,2,anti,p,0.14510333091020583,0.0,0.0,0.8620580808080808,0.146044060587883,0.0,0.14833691269159316,0.24785374402999877,1,0.12836766870386465,0.8455796868172317,1.0
47,2,anti,k,0.14497366696596145,0.0,0.0,0.8620580808080808,0.1434507817029953,0.0,0.18158230781555176,0.21457901298999787,1,0.12836766870386465,0.8455796868172317,1.0
47,2,anti,o,0.14497366696596145,0.0,0.0,0.8696338383838383,0.1434507817029953,0.0,0.1586685836315155,0.2375162810087204,1,0.12836766870386465,0.8455796868172317,1.0
47,2,anti,pk,0.14497366696596145,0.0,0.0,0.8620580808080808,0.1434507817029953,0.0,0.17074552774429322,0.22542107105255127,1,0.12836766870386465,0.8455796868172317,1.0
47,2,anti,po,0.14510333091020583,0.0,0.0,0.8696338383838383,0.146044060587883,0.0,0.1471158504486084,0.24907752573490144,1,0.12836766870386465,0.8455796868172317,1.0
47,2,anti,ko,0.14497366696596145,0.0,0.0,0.8696338383838383,0.1434507817029953,0.0,0.18151540905237198,0.21464759558439256,1,0.12836766870386465,0.8455796868172317,1.0
47,2,anti,pko,0.14497366696596145,0.0,0.0,0.8696338383838383,0.1434507817029953,0.0,0.17014332562685014,0.22602497786283493,1,0.12836766870386465,0.8455796868172317,1.0
47,3,controlled,none,-0.9123453378677369,0.97175,0.022,0.9438131313131313,-0.9180898070335388,0.975,0.16227039694786072,0.28473073095083234,1,1.0557419458845454,1.25,1.0
47,3,controlled,p,-0.8409232199192047,0.9377500000000001,0.04975,0.9438131313131313,-0.8797661066055298,0.955,0.19915710538625717,0.30443044304847716,1,1.0557419458845454,1.25,1.0
47,3,controlled,k,-0.966709566116333,0.9975000000000003,0.001,0.9438131313131313,-0.9709367156028748,1.0,0.19050199091434478,0.21072748005390168,1,1.0557419458845454,1.25,1.0
47,3,controlled,o,-0.8868682205677032,0.9595,0.0185,0.6445707070707071,-0.9075402021408081,0.97,0.17442819178104402,0.29492474943399427,1,1.0557419458845454,1.25,1.0
47,3,controlled,pk,-0.9592039406299591,0.9940000000000001,0.004,0.9438131313131313,-0.9709367156028748,1.0,0.18948608487844468,0.2155309572815895,1,1.0557419458845454,1.25,1.0
47,3,controlled,po,-0.7891004979610443,0.9130000000000001,0.04825,0.6445707070707071,-0.8481172919273376,0.94,0.20024372786283492,0.34729928970336915,1,1.0557419458845454,1.25,1.0
47,3,controlled,ko,-0.9473747611045837,0.9890000000000001,0.007000000000000001,0.6445707070707071,-0.9709367156028748,1.0,0.17254424840211868,0.24049246162176133,1,1.0557419458845454,1.25,1.0
47,3,controlled,pko,-0.9307380318641663,0.98075,0.0105,0.6445707070707071,-0.9381777048110962,0.985,0.17978904992341996,0.24822163581848145,1,1.0557419458845454,1.25,1.0
47,3,learned,none,-0.9123453378677369,0.97175,0.022,0.9438131313131313,-0.9180898070335388,0.975,0.16227039694786072,0.28473073095083234,1,1.0557419458845454,1.25,1.0
47,3,learned,p,-0.9098938286304474,0.97075,0.02375,0.9438131313131313,-0.9019754528999329,0.965,0.14359886422753335,0.30563507676124574,1,1.0557419458845454,1.25,1.0
47,3,learned,k,-0.9709367156028748,1.0,0.0,0.9438131313131313,-0.9709367156028748,1.0,0.33030812442302704,0.06593852080404758,1,1.0557419458845454,1.25,1.0
47,3,learned,o,-0.8814455687999725,0.9570000000000001,0.021,0.22664141414141414,-0.9075402021408081,0.97,0.17786857932806016,0.2936864733695984,1,1.0557419458845454,1.25,1.0
47,3,learned,pk,-0.9709367156028748,1.0,0.0,0.9438131313131313,-0.9709367156028748,1.0,0.32153076827526095,0.07471806779503823,1,1.0557419458845454,1.25,1.0
47,3,learned,po,-0.8132885456085205,0.9240000000000002,0.04425,0.22664141414141414,-0.91363525390625,0.97,0.18639980852603913,0.3407281517982483,1,1.0557419458845454,1.25,1.0
47,3,learned,ko,-0.9709367156028748,1.0,0.0,0.22664141414141414,-0.9709367156028748,1.0,0.3404625117778778,0.055723915435373784,1,1.0557419458845454,1.25,1.0
47,3,learned,pko,-0.9709367156028748,1.0,0.0,0.22664141414141414,-0.9709367156028748,1.0,0.33878112137317656,0.057420198991894725,1,1.0557419458845454,1.25,1.0
47,3,shuffled,none,-0.9123453378677369,0.97175,0.022,0.9438131313131313,-0.9180898070335388,0.975,0.16227039694786072,0.28473073095083234,1,1.0557419458845454,1.25,1.0
47,3,shuffled,p,-0.8440061509609222,0.9394999999999999,0.04875000000000001,0.9438131313131313,-0.8847757577896118,0.96,0.19019420444965363,0.30858890563249586,1,1.0557419458845454,1.25,1.0
47,3,shuffled,k,-0.9631105065345764,0.9960000000000001,0.003,0.9438131313131313,-0.9709367156028748,1.0,0.1817150220274925,0.2204222112894058,1,1.0557419458845454,1.25,1.0
47,3,shuffled,o,-0.890396112203598,0.9614999999999999,0.019000000000000003,0.6439393939393939,-0.9075402021408081,0.97,0.18310170620679855,0.28456667214632037,1,1.0557419458845454,1.25,1.0
47,3,shuffled,pk,-0.9573035657405853,0.9934999999999999,0.005,0.9438131313131313,-0.9709367156028748,1.0,0.1810139909386635,0.2253481850028038,1,1.0557419458845454,1.25,1.0
47,3,shuffled,po,-0.7949775755405426,0.9160000000000003,0.04625,0.6439393939393939,-0.8481172919273376,0.94,0.19093918651342393,0.3473944902420044,1,1.0557419458845454,1.25,1.0
47,3,shuffled,ko,-0.9516044735908509,0.9910000000000001,0.005,0.6439393939393939,-0.9709367156028748,1.0,0.18611946552991868,0.22293437123298646,1,1.0557419458845454,1.25,1.0
47,3,shuffled,pko,-0.9390032052993774,0.9847499999999999,0.00825,0.6439393939393939,-0.9387327432632446,0.985,0.17847655415534974,0.2407156154513359,1,1.0557419458845454,1.25,1.0
47,3,anti,none,-0.9123453378677369,0.97175,0.022,0.9438131313131313,-0.9180898070335388,0.975,0.16227039694786072,0.28473073095083234,1,1.0557419458845454,1.25,1.0
47,3,anti,p,-0.8978913247585296,0.9655000000000001,0.02825,0.9438131313131313,-0.9069851636886597,0.97,0.1330151803791523,0.3223088651895523,1,1.0557419458845454,1.25,1.0
47,3,anti,k,-0.9675523817539216,0.9980000000000001,0.001,0.9438131313131313,-0.9709367156028748,1.0,0.17767924219369888,0.2225777342915535,1,1.0557419458845454,1.25,1.0
47,3,anti,o,-0.9585677981376648,0.9942500000000001,0.005,0.9352904040404041,-0.9180898070335388,0.975,0.1410807341337204,0.26829210966825484,1,1.0557419458845454,1.25,1.0
47,3,anti,pk,-0.9634310960769653,0.9965,0.003,0.9438131313131313,-0.9709367156028748,1.0,0.15220321863889694,0.24844565689563752,1,1.0557419458845454,1.25,1.0
47,3,anti,po,-0.9560592830181122,0.9930000000000001,0.005750000000000001,0.9352904040404041,-0.9069851636886597,0.97,0.11680992320179939,0.2951041966676712,1,1.0557419458845454,1.25,1.0
47,3,anti,ko,-0.967872965335846,0.9984999999999999,0.001,0.9352904040404041,-0.9709367156028748,1.0,0.1644543558359146,0.2347538337111473,1,1.0557419458845454,1.25,1.0
47,3,anti,pko,-0.967872965335846,0.9984999999999999,0.001,0.9352904040404041,-0.9709367156028748,1.0,0.1450218752026558,0.25463296473026276,1,1.0557419458845454,1.25,1.0
48,1,controlled,none,-0.011325651966035365,0.9995,0.0005,0.5997474747474747,-0.011772334575653076,1.0,0.2825382113456726,0.11424451172351838,1,0.03760981014701103,0.8815928017640182,1.0
48,1,controlled,p,-0.011325651966035365,0.9995,0.0005,0.5997474747474747,-0.011772334575653076,1.0,0.2704289942979813,0.12655574679374695,1,0.03760981014701103,0.8815928017640182,1.0
48,1,controlled,k,-0.011325651966035365,0.9995,0.0005,0.5997474747474747,-0.011772334575653076,1.0,0.29549195170402526,0.1010623961687088,1,0.03760981014701103,0.8815928017640182,1.0
48,1,controlled,o,-0.011325651966035365,0.9995,0.0005,0.5596590909090909,-0.011772334575653076,1.0,0.28286186754703524,0.11391828954219818,1,0.03760981014701103,0.8815928017640182,1.0
48,1,controlled,pk,-0.011325651966035365,0.9995,0.0005,0.5997474747474747,-0.011772334575653076,1.0,0.2862273037433624,0.11044222339987755,1,0.03760981014701103,0.8815928017640182,1.0
48,1,controlled,po,-0.011325651966035365,0.9995,0.0005,0.5596590909090909,-0.011772334575653076,1.0,0.2713494062423706,0.12561706975102424,1,0.03760981014701103,0.8815928017640182,1.0
48,1,controlled,ko,-0.011325651966035365,0.9995,0.0005,0.5596590909090909,-0.011772334575653076,1.0,0.29462410509586334,0.10194928422570229,1,0.03760981014701103,0.8815928017640182,1.0
48,1,controlled,pko,-0.011325651966035365,0.9995,0.0005,0.5596590909090909,-0.011772334575653076,1.0,0.2860741466283798,0.11061448380351066,1,0.03760981014701103,0.8815928017640182,1.0
48,1,learned,none,-0.011325651966035365,0.9995,0.0005,0.5997474747474747,-0.011772334575653076,1.0,0.2825382113456726,0.11424451172351838,1,0.03760981014701103,0.8815928017640182,1.0
48,1,learned,p,-0.011772334575653076,1.0,0.0,0.5997474747474747,-0.011772334575653076,1.0,0.2504386231303215,0.14669590070843697,1,0.03760981014701103,0.8815928017640182,1.0
48,1,learned,k,-0.011772334575653076,1.0,0.0,0.5997474747474747,-0.011772334575653076,1.0,0.38018241822719573,0.01597868697717786,1,0.03760981014701103,0.8815928017640182,1.0
48,1,learned,o,-0.011325651966035365,0.9995,0.0005,0.1976010101010101,-0.011772334575653076,1.0,0.2837477266788483,0.11281608939170837,1,0.03760981014701103,0.8815928017640182,1.0
48,1,learned,pk,-0.011772334575653076,1.0,0.0,0.5997474747474747,-0.011772334575653076,1.0,0.3723939388990402,0.023772818967700005,1,0.03760981014701103,0.8815928017640182,1.0
48,1,learned,po,-0.010973227955400944,0.9990000000000001,0.0005,0.1976010101010101,-0.011772334575653076,1.0,0.26328402757644653,0.1334901325404644,1,0.03760981014701103,0.8815928017640182,1.0
48,1,learned,ko,-0.011772334575653076,1.0,0.0,0.1976010101010101,-0.011772334575653076,1.0,0.3789425641298294,0.017213192488998174,1,0.03760981014701103,0.8815928017640182,1.0
48,1,learned,pko,-0.011772334575653076,1.0,0.0,0.1976010101010101,-0.011772334575653076,1.0,0.37535883486270905,0.02080419734120369,1,0.03760981014701103,0.8815928017640182,1.0
48,1,shuffled,none,-0.011325651966035365,0.9995,0.0005,0.5997474747474747,-0.011772334575653076,1.0,0.2825382113456726,0.11424451172351838,1,0.03760981014701103,0.8815928017640182,1.0
48,1,shuffled,p,-0.011325651966035365,0.9995,0.0005,0.5997474747474747,-0.011772334575653076,1.0,0.27129179835319517,0.12582415342330933,1,0.03760981014701103,0.8815928017640182,1.0
48,1,shuffled,k,-0.011325651966035365,0.9995,0.0005,0.5997474747474747,-0.011772334575653076,1.0,0.29351231157779695,0.10301563814282418,1,0.03760981014701103,0.8815928017640182,1.0
48,1,shuffled,o,-0.011325651966035365,0.9995,0.0005,0.5965909090909091,-0.011772334575653076,1.0,0.2799558699131012,0.11682837232947349,1,0.03760981014701103,0.8815928017640182,1.0
48,1,shuffled,pk,-0.011325651966035365,0.9995,0.0005,0.5997474747474747,-0.011772334575653076,1.0,0.28577985763549807,0.11091185957193375,1,0.03760981014701103,0.8815928017640182,1.0
48,1,shuffled,po,-0.011325651966035365,0.9995,0.0005,0.5965909090909091,-0.011772334575653076,1.0,0.26737760603427885,0.12967170923948287,1,0.03760981014701103,0.8815928017640182,1.0
48,1,shuffled,ko,-0.011325651966035365,0.9995,0.0005,0.5965909090909091,-0.011772334575653076,1.0,0.2923508048057556,0.10419861301779747,1,0.03760981014701103,0.8815928017640182,1.0
48,1,shuffled,pko,-0.011325651966035365,0.9995,0.0005,0.5965909090909091,-0.011772334575653076,1.0,0.28349669277668,0.11319688782095909,1,0.03760981014701103,0.8815928017640182,1.0
48,1,anti,none,-0.011325651966035365,0.9995,0.0005,0.5997474747474747,-0.011772334575653076,1.0,0.2825382113456726,0.11424451172351838,1,0.03760981014701103,0.8815928017640182,1.0
48,1,anti,p,-0.010620803805068135,0.9984999999999999,0.0005,0.5997474747474747,-0.011772334575653076,1.0,0.2728918731212616,0.12472077310085297,1,0.03760981014701103,0.8815928017640182,1.0
48,1,anti,k,-0.011772334575653076,1.0,0.0,0.5997474747474747,-0.011772334575653076,1.0,0.29346083104610443,0.1030469223856926,1,0.03760981014701103,0.8815928017640182,1.0
48,1,anti,o,-0.011325651966035365,0.9995,0.0005,0.5691287878787878,-0.011772334575653076,1.0,0.28119205832481386,0.11554161980748176,1,0.03760981014701103,0.8815928017640182,1.0
48,1,anti,pk,-0.011325651966035365,0.9995,0.0005,0.5997474747474747,-0.011772334575653076,1.0,0.2862357199192047,0.11049843579530716,1,0.03760981014701103,0.8815928017640182,1.0
48,1,anti,po,-0.011325651966035365,0.9995,0.0005,0.5691287878787878,-0.011772334575653076,1.0,0.2711873561143875,0.12580704614520072,1,0.03760981014701103,0.8815928017640182,1.0
48,1,anti,ko,-0.011325651966035365,0.9995,0.0005,0.5691287878787878,-0.011772334575653076,1.0,0.29241161942481997,0.10411090627312661,1,0.03760981014701103,0.8815928017640182,1.0
48,1,anti,pko,-0.011325651966035365,0.9995,0.0005,0.5691287878787878,-0.011772334575653076,1.0,0.28510151505470277,0.11156209707260131,1,0.03760981014701103,0.8815928017640182,1.0
48,2,controlled,none,0.16837219893932343,0.0,0.0,0.5804924242424242,0.16837219893932343,0.0,0.2665702298283577,0.12985563576221465,1,1.3519708460898718,0.9346678253060065,1.0
48,2,controlled,p,0.16837219893932343,0.0,0.0,0.5804924242424242,0.16837219893932343,0.0,0.25607116520404816,0.1403907284140587,1,1.3519708460898718,0.9346678253060065,1.0
48,2,controlled,k,0.16837219893932343,0.0,0.0,0.5804924242424242,0.16837219893932343,0.0,0.2978836357593536,0.09844855517148972,1,1.3519708460898718,0.9346678253060065,1.0
48,2,controlled,o,0.16837219893932343,0.0,0.0,0.5883838383838383,0.16837219893932343,0.0,0.2561244577169418,0.14030253291130065,1,1.3519708460898718,0.9346678253060065,1.0
48,2,controlled,pk,0.16837219893932343,0.0,0.0,0.5804924242424242,0.16837219893932343,0.0,0.2862067610025406,0.11014960631728173,1,1.3519708460898718,0.9346678253060065,1.0
48,2,controlled,po,0.16837219893932343,0.0,0.0,0.5883838383838383,0.16837219893932343,0.0,0.24581870883703233,0.15064573884010315,1,1.3519708460898718,0.9346678253060065,1.0
48,2,controlled,ko,0.16837219893932343,0.0,0.0,0.5883838383838383,0.16837219893932343,0.0,0.28481194078922273,0.11152456179261208,1,1.3519708460898718,0.9346678253060065,1.0
48,2,controlled,pko,0.16837219893932343,0.0,0.0,0.5883838383838383,0.16837219893932343,0.0,0.2723732143640518,0.12398900762200356,1,1.3519708460898718,0.9346678253060065,1.0
48,2,learned,none,0.16837219893932343,0.0,0.0,0.5804924242424242,0.16837219893932343,0.0,0.2665702298283577,0.12985563576221465,1,1.3519708460898718,0.9346678253060065,1.0
48,2,learned,p,0.16865171790122985,0.0,0.0,0.5804924242424242,0.16837219893932343,0.0,0.24632573872804642,0.15008723735809326,1,1.3519708460898718,0.9346678253060065,1.0
48,2,learned,k,0.16837219893932343,0.0,0.0,0.5804924242424242,0.16837219893932343,0.0,0.38059466481208803,0.015545121300965548,1,1.3519708460898718,0.9346678253060065,1.0
48,2,learned,o,0.16837219893932343,0.0,0.0,0.18592171717171718,0.16837219893932343,0.0,0.23749441057443618,0.15886397212743758,1,1.3519708460898718,0.9346678253060065,1.0
48,2,learned,pk,0.16837219893932343,0.0,0.0,0.5804924242424242,0.16837219893932343,0.0,0.3770001232624054,0.019134952686727047,1,1.3519708460898718,0.9346678253060065,1.0
48,2,learned,po,0.16837219893932343,0.0,0.0,0.18592171717171718,0.16837219893932343,0.0,0.2130231812596321,0.18321096897125244,1,1.3519708460898718,0.9346678253060065,1.0
48,2,learned,ko,0.16837219893932343,0.0,0.0,0.18592171717171718,0.16837219893932343,0.0,0.3775459051132202,0.018586332723498345,1,1.3519708460898718,0.9346678253060065,1.0
48,2,learned,pko,0.16837219893932343,0.0,0.0,0.18592171717171718,0.16837219893932343,0.0,0.3723464339971542,0.02377884294837713,1,1.3519708460898718,0.9346678253060065,1.0
48,2,shuffled,none,0.16837219893932343,0.0,0.0,0.5804924242424242,0.16837219893932343,0.0,0.2665702298283577,0.12985563576221465,1,1.3519708460898718,0.9346678253060065,1.0
48,2,shuffled,p,0.16879147738218309,0.0,0.0,0.5804924242424242,0.16837219893932343,0.0,0.2783393502235413,0.1182887464761734,1,1.3519708460898718,0.9346678253060065,1.0
48,2,shuffled,k,0.16837219893932343,0.0,0.0,0.5804924242424242,0.16837219893932343,0.0,0.2961584120988846,0.10015574246644973,1,1.3519708460898718,0.9346678253060065,1.0
48,2,shuffled,o,0.16837219893932343,0.0,0.0,0.5827020202020202,0.16837219893932343,0.0,0.25545806884765626,0.14095924347639083,1,1.3519708460898718,0.9346678253060065,1.0
48,2,shuffled,pk,0.16837219893932343,0.0,0.0,0.5804924242424242,0.16837219893932343,0.0,0.29877199828624723,0.09760877192020416,1,1.3519708460898718,0.9346678253060065,1.0
48,2,shuffled,po,0.16851195842027664,0.0,0.0,0.5827020202020202,0.16837219893932343,0.0,0.25496908724308015,0.1416376918554306,1,1.3519708460898718,0.9346678253060065,1.0
48,2,shuffled,ko,0.16837219893932343,0.0,0.0,0.5827020202020202,0.16837219893932343,0.0,0.27956919372081757,0.11675059720873833,1,1.3519708460898718,0.9346678253060065,1.0
48,2,shuffled,pko,0.16837219893932343,0.0,0.0,0.5827020202020202,0.16837219893932343,0.0,0.2753244310617447,0.12106338813900948,1,1.3519708460898718,0.9346678253060065,1.0
48,2,anti,none,0.16837219893932343,0.0,0.0,0.5804924242424242,0.16837219893932343,0.0,0.2665702298283577,0.12985563576221465,1,1.3519708460898718,0.9346678253060065,1.0
48,2,anti,p,0.16865171790122985,0.0,0.0,0.5804924242424242,0.16837219893932343,0.0,0.26799102425575255,0.12860310524702073,1,1.3519708460898718,0.9346678253060065,1.0
48,2,anti,k,0.16837219893932343,0.0,0.0,0.5804924242424242,0.16837219893932343,0.0,0.2882788449525833,0.10804597064852714,1,1.3519708460898718,0.9346678253060065,1.0
48,2,anti,o,0.16837219893932343,0.0,0.0,0.5700757575757576,0.16837219893932343,0.0,0.25925029069185257,0.13716788440942765,1,1.3519708460898718,0.9346678253060065,1.0
48,2,anti,pk,0.16837219893932343,0.0,0.0,0.5804924242424242,0.16837219893932343,0.0,0.2873066246509552,0.10909150466322899,1,1.3519708460898718,0.9346678253060065,1.0
48,2,anti,po,0.16837219893932343,0.0,0.0,0.5700757575757576,0.16837219893932343,0.0,0.2590163856744766,0.1375520721077919,1,1.3519708460898718,0.9346678253060065,1.0
48,2,anti,ko,0.16837219893932343,0.0,0.0,0.5700757575757576,0.16837219893932343,0.0,0.2798978120088577,0.11642653942108154,1,1.3519708460898718,0.9346678253060065,1.0
48,2,anti,pko,0.16837219893932343,0.0,0.0,0.5700757575757576,0.16837219893932343,0.0,0.27753596305847167,0.11885592192411423,1,1.3519708460898718,0.9346678253060065,1.0
48,3,controlled,none,-0.12725263833999634,0.0,0.0,0.23106060606060605,-0.12753596901893616,0.0,0.23025064617395402,0.16612505316734313,1,0.6376102716464398,0.43268152349960876,1.0
48,3,controlled,p,-0.12725263833999634,0.0,0.0,0.23106060606060605,-0.12753596901893616,0.0,0.21845374554395675,0.17793035507202148,1,0.6376102716464398,0.43268152349960876,1.0
48,3,controlled,k,-0.12725263833999634,0.0,0.0,0.23106060606060605,-0.12753596901893616,0.0,0.25152082443237306,0.1448066346347332,1,0.6376102716464398,0.43268152349960876,1.0
48,3,controlled,o,-0.12725263833999634,0.0,0.0,0.23484848484848486,-0.12753596901893616,0.0,0.23402771800756456,0.16234476268291473,1,0.6376102716464398,0.43268152349960876,1.0
48,3,controlled,pk,-0.12725263833999634,0.0,0.0,0.23106060606060605,-0.12753596901893616,0.0,0.2402813360095024,0.15605392530560494,1,0.6376102716464398,0.43268152349960876,1.0
48,3,controlled,po,-0.12725263833999634,0.0,0.0,0.23484848484848486,-0.12753596901893616,0.0,0.2239651471376419,0.17241581827402114,1,0.6376102716464398,0.43268152349960876,1.0
48,3,controlled,ko,-0.12725263833999634,0.0,0.0,0.23484848484848486,-0.12753596901893616,0.0,0.2532373398542404,0.1430880382657051,1,0.6376102716464398,0.43268152349960876,1.0
48,3,controlled,pko,-0.12725263833999634,0.0,0.0,0.23484848484848486,-0.12753596901893616,0.0,0.24390505850315095,0.15242816284298896,1,0.6376102716464398,0.43268152349960876,1.0
48,3,learned,none,-0.12725263833999634,0.0,0.0,0.23106060606060605,-0.12753596901893616,0.0,0.23025064617395402,0.16612505316734313,1,0.6376102716464398,0.43268152349960876,1.0
48,3,learned,p,-0.12725263833999634,0.0,0.0,0.23106060606060605,-0.12753596901893616,0.0,0.2250550001859665,0.1714342415332794,1,0.6376102716464398,0.43268152349960876,1.0
48,3,learned,k,-0.12753596901893616,0.0,0.0,0.23106060606060605,-0.12753596901893616,0.0,0.3386898785829544,0.057457581907510755,1,0.6376102716464398,0.43268152349960876,1.0
48,3,learned,o,-0.12725263833999634,0.0,0.0,0.16445707070707072,-0.12753596901893616,0.0,0.23113712072372436,0.1652331069111824,1,0.6376102716464398,0.43268152349960876,1.0
48,3,learned,pk,-0.12725263833999634,0.0,0.0,0.23106060606060605,-0.12753596901893616,0.0,0.3388650715351105,0.05728690326213837,1,0.6376102716464398,0.43268152349960876,1.0
48,3,learned,po,-0.12725263833999634,0.0,0.0,0.16445707070707072,-0.12753596901893616,0.0,0.22121206372976304,0.17516814321279525,1,0.6376102716464398,0.43268152349960876,1.0
48,3,learned,ko,-0.12753596901893616,0.0,0.0,0.16445707070707072,-0.12753596901893616,0.0,0.35600207149982455,0.04014026448130607,1,0.6376102716464398,0.43268152349960876,1.0
48,3,learned,pko,-0.12753596901893616,0.0,0.0,0.16445707070707072,-0.12753596901893616,0.0,0.35469791293144226,0.04144517350941897,1,0.6376102716464398,0.43268152349960876,1.0
48,3,shuffled,none,-0.12725263833999634,0.0,0.0,0.23106060606060605,-0.12753596901893616,0.0,0.23025064617395402,0.16612505316734313,1,0.6376102716464398,0.43268152349960876,1.0
48,3,shuffled,p,-0.12725263833999634,0.0,0.0,0.23106060606060605,-0.12753596901893616,0.0,0.21901299357414244,0.1774023488163948,1,0.6376102716464398,0.43268152349960876,1.0
48,3,shuffled,k,-0.12725263833999634,0.0,0.0,0.23106060606060605,-0.12753596901893616,0.0,0.25155556201934814,0.1447654403746128,1,0.6376102716464398,0.43268152349960876,1.0
48,3,shuffled,o,-0.12725263833999634,0.0,0.0,0.23200757575757575,-0.12753596901893616,0.0,0.23450874537229538,0.1618574157357216,1,0.6376102716464398,0.43268152349960876,1.0
48,3,shuffled,pk,-0.12725263833999634,0.0,0.0,0.23106060606060605,-0.12753596901893616,0.0,0.2401094764471054,0.1562413603067398,1,0.6376102716464398,0.43268152349960876,1.0
48,3,shuffled,po,-0.12725263833999634,0.0,0.0,0.23200757575757575,-0.12753596901893616,0.0,0.22367557138204575,0.172732375562191,1,0.6376102716464398,0.43268152349960876,1.0
48,3,shuffled,ko,-0.12725263833999634,0.0,0.0,0.23200757575757575,-0.12753596901893616,0.0,0.25483848303556444,0.14147467017173768,1,0.6376102716464398,0.43268152349960876,1.0
48,3,shuffled,pko,-0.12725263833999634,0.0,0.0,0.23200757575757575,-0.12753596901893616,0.0,0.2440949112176895,0.15224962756037713,1,0.6376102716464398,0.43268152349960876,1.0
48,3,anti,none,-0.12725263833999634,0.0,0.0,0.23106060606060605,-0.12753596901893616,0.0,0.23025064617395402,0.16612505316734313,1,0.6376102716464398,0.43268152349960876,1.0
48,3,anti,p,-0.12725263833999634,0.0,0.0,0.23106060606060605,-0.12753596901893616,0.0,0.2269500359892845,0.16950819492340088,1,0.6376102716464398,0.43268152349960876,1.0
48,3,anti,k,-0.12725263833999634,0.0,0.0,0.23106060606060605,-0.12753596901893616,0.0,0.24077980518341063,0.15553466975688934,1,0.6376102716464398,0.43268152349960876,1.0
48,3,anti,o,-0.12725263833999634,0.0,0.0,0.21022727272727273,-0.12753596901893616,0.0,0.23751225918531418,0.15886014252901076,1,0.6376102716464398,0.43268152349960876,1.0
48,3,anti,pk,-0.12725263833999634,0.0,0.0,0.23106060606060605,-0.12753596901893616,0.0,0.23623333275318145,0.16012677401304246,1,0.6376102716464398,0.43268152349960876,1.0
48,3,anti,po,-0.12725263833999634,0.0,0.0,0.21022727272727273,-0.12753596901893616,0.0,0.23433656990528107,0.16212062835693358,1,0.6376102716464398,0.43268152349960876,1.0
48,3,anti,ko,-0.12725263833999634,0.0,0.0,0.21022727272727273,-0.12753596901893616,0.0,0.2475215956568718,0.14879134744405748,1,0.6376102716464398,0.43268152349960876,1.0
48,3,anti,pko,-0.12725263833999634,0.0,0.0,0.21022727272727273,-0.12753596901893616,0.0,0.24321111291646957,0.1531481072306633,1,0.6376102716464398,0.43268152349960876,1.0
49,1,controlled,none,-0.15228410065174103,1.0,0.0,0.23958333333333334,-0.15228410065174103,1.0,0.29455412924289703,0.10165833309292793,1,0.08889765766779889,0.29095843050605114,1.0
49,1,controlled,p,-0.15228410065174103,1.0,0.0,0.23958333333333334,-0.15228410065174103,1.0,0.29038039445877073,0.10583465769886971,1,0.08889765766779889,0.29095843050605114,1.0
49,1,controlled,k,-0.15228410065174103,1.0,0.0,0.23958333333333334,-0.15228410065174103,1.0,0.3037526190280914,0.09244653768837452,1,0.08889765766779889,0.29095843050605114,1.0
49,1,controlled,o,-0.15228410065174103,1.0,0.0,0.23768939393939395,-0.15228410065174103,1.0,0.2910962253808975,0.10511451289057731,1,0.08889765766779889,0.29095843050605114,1.0
49,1,controlled,pk,-0.15228410065174103,1.0,0.0,0.23958333333333334,-0.15228410065174103,1.0,0.29962593615055083,0.0965756993740797,1,0.08889765766779889,0.29095843050605114,1.0
49,1,controlled,po,-0.15228410065174103,1.0,0.0,0.23768939393939395,-0.15228410065174103,1.0,0.28484474420547484,0.11136974096298217,1,0.08889765766779889,0.29095843050605114,1.0
49,1,controlled,ko,-0.15228410065174103,1.0,0.0,0.23768939393939395,-0.15228410065174103,1.0,0.30225218236446383,0.09394362047314644,1,0.08889765766779889,0.29095843050605114,1.0
49,1,controlled,pko,-0.15228410065174103,1.0,0.0,0.23768939393939395,-0.15228410065174103,1.0,0.2955881983041763,0.10061085224151611,1,0.08889765766779889,0.29095843050605114,1.0
49,1,learned,none,-0.15228410065174103,1.0,0.0,0.23958333333333334,-0.15228410065174103,1.0,0.29455412924289703,0.10165833309292793,1,0.08889765766779889,0.29095843050605114,1.0
49,1,learned,p,-0.15228410065174103,1.0,0.0,0.23958333333333334,-0.15228410065174103,1.0,0.28650436699390414,0.10984550938010215,1,0.08889765766779889,0.29095843050605114,1.0
49,1,learned,k,-0.15228410065174103,1.0,0.0,0.23958333333333334,-0.15228410065174103,1.0,0.35253303945064546,0.04360992182046175,1,0.08889765766779889,0.29095843050605114,1.0
49,1,learned,o,-0.15228410065174103,1.0,0.0,0.18150252525252525,-0.15228410065174103,1.0,0.2991905838251114,0.09702849015593529,1,0.08889765766779889,0.29095843050605114,1.0
49,1,learned,pk,-0.15228410065174103,1.0,0.0,0.23958333333333334,-0.15228410065174103,1.0,0.3499481350183487,0.046217728033661844,1,0.08889765766779889,0.29095843050605114,1.0
49,1,learned,po,-0.15228410065174103,1.0,0.0,0.18150252525252525,-0.15228410065174103,1.0,0.28530252277851104,0.11098054051399231,1,0.08889765766779889,0.29095843050605114,1.0
49,1,learned,ko,-0.15228410065174103,1.0,0.0,0.18150252525252525,-0.15228410065174103,1.0,0.3656323283910751,0.030508905835449695,1,0.08889765766779889,0.29095843050605114,1.0
49,1,learned,pko,-0.15228410065174103,1.0,0.0,0.18150252525252525,-0.15228410065174103,1.0,0.3610914021730423,0.035058648139238355,1,0.08889765766779889,0.29095843050605114,1.0
49,1,shuffled,none,-0.15228410065174103,1.0,0.0,0.23958333333333334,-0.15228410065174103,1.0,0.29455412924289703,0.10165833309292793,1,0.08889765766779889,0.29095843050605114,1.0
49,1,shuffled,p,-0.15228410065174103,1.0,0.0,0.23958333333333334,-0.15228410065174103,1.0,0.29046681225299836,0.10574666410684586,1,0.08889765766779889,0.29095843050605114,1.0
49,1,shuffled,k,-0.15228410065174103,1.0,0.0,0.23958333333333334,-0.15228410065174103,1.0,0.30264887511730193,0.09355033710598945,1,0.08889765766779889,0.29095843050605114,1.0
49,1,shuffled,o,-0.15228410065174103,1.0,0.0,0.24273989898989898,-0.15228410065174103,1.0,0.28656658828258513,0.10964760035276414,1,0.08889765766779889,0.29095843050605114,1.0
49,1,shuffled,pk,-0.15228410065174103,1.0,0.0,0.23958333333333334,-0.15228410065174103,1.0,0.29876272678375243,0.09743832498788833,1,0.08889765766779889,0.29095843050605114,1.0
49,1,shuffled,po,-0.15228410065174103,1.0,0.0,0.24273989898989898,-0.15228410065174103,1.0,0.28214676678180695,0.11406849771738052,1,0.08889765766779889,0.29095843050605114,1.0
49,1,shuffled,ko,-0.15228410065174103,1.0,0.0,0.24273989898989898,-0.15228410065174103,1.0,0.29412169456481935,0.10207816958427429,1,0.08889765766779889,0.29095843050605114,1.0
49,1,shuffled,pko,-0.15228410065174103,1.0,0.0,0.24273989898989898,-0.15228410065174103,1.0,0.28972780108451845,0.10647389739751816,1,0.08889765766779889,0.29095843050605114,1.0
49,1,anti,none,-0.15228410065174103,1.0,0.0,0.23958333333333334,-0.15228410065174103,1.0,0.29455412924289703,0.10165833309292793,1,0.08889765766779889,0.29095843050605114,1.0
49,1,anti,p,-0.15228410065174103,1.0,0.0,0.23958333333333334,-0.15228410065174103,1.0,0.28987308740615847,0.10635161325335503,1,0.08889765766779889,0.29095843050605114,1.0
49,1,anti,k,-0.15228410065174103,1.0,0.0,0.23958333333333334,-0.15228410065174103,1.0,0.3027833789587021,0.0934141706675291,1,0.08889765766779889,0.29095843050605114,1.0
49,1,anti,o,-0.15228410065174103,1.0,0.0,0.2553661616161616,-0.15228410065174103,1.0,0.29255497455596924,0.10366180464625359,1,0.08889765766779889,0.29095843050605114,1.0
49,1,anti,pk,-0.15228410065174103,1.0,0.0,0.23958333333333334,-0.15228410065174103,1.0,0.2985809534788132,0.09762590080499649,1,0.08889765766779889,0.29095843050605114,1.0
49,1,anti,po,-0.15228410065174103,1.0,0.0,0.2553661616161616,-0.15228410065174103,1.0,0.2875014513731003,0.10872770994901657,1,0.08889765766779889,0.29095843050605114,1.0
49,1,anti,ko,-0.15228410065174103,1.0,0.0,0.2553661616161616,-0.15228410065174103,1.0,0.3007658213376999,0.0954352531582117,1,0.08889765766779889,0.29095843050605114,1.0
49,1,anti,pko,-0.15228410065174103,1.0,0.0,0.2553661616161616,-0.15228410065174103,1.0,0.29615176320075987,0.1000586748123169,1,0.08889765766779889,0.29095843050605114,1.0
49,2,controlled,none,-0.1988826125860214,0.0,0.0,0.22443181818181818,-0.20078326761722565,0.0,0.2602385312318802,0.13731768429279329,1,0.4667395681060279,0.8663306356341375,1.0
49,2,controlled,p,-0.1988826125860214,0.0,0.0,0.22443181818181818,-0.20078326761722565,0.0,0.20683689862489701,0.1909237399697304,1,0.4667395681060279,0.8663306356341375,1.0
49,2,controlled,k,-0.199516162276268,0.0,0.0,0.22443181818181818,-0.20078326761722565,0.0,0.29771878123283385,0.09926899075508118,1,0.4667395681060279,0.8663306356341375,1.0
49,2,controlled,o,-0.1988826125860214,0.0,0.0,0.21085858585858586,-0.20078326761722565,0.0,0.25495401918888094,0.1425211936235428,1,0.4667395681060279,0.8663306356341375,1.0
49,2,controlled,pk,-0.199516162276268,0.0,0.0,0.22443181818181818,-0.20078326761722565,0.0,0.2625515699386597,0.1345609337091446,1,0.4667395681060279,0.8663306356341375,1.0
49,2,controlled,po,-0.1988826125860214,0.0,0.0,0.21085858585858586,-0.20078326761722565,0.0,0.23559916764497757,0.16210793405771257,1,0.4667395681060279,0.8663306356341375,1.0
49,2,controlled,ko,-0.199516162276268,0.0,0.0,0.21085858585858586,-0.20078326761722565,0.0,0.2786982893943787,0.1183277890086174,1,0.4667395681060279,0.8663306356341375,1.0
49,2,controlled,pko,-0.199516162276268,0.0,0.0,0.21085858585858586,-0.20078326761722565,0.0,0.26248094290494917,0.13469831198453902,1,0.4667395681060279,0.8663306356341375,1.0
49,2,learned,none,-0.1988826125860214,0.0,0.0,0.22443181818181818,-0.20078326761722565,0.0,0.2602385312318802,0.13731768429279329,1,0.4667395681060279,0.8663306356341375,1.0
49,2,learned,p,-0.1988826125860214,0.0,0.0,0.22443181818181818,-0.20078326761722565,0.0,0.26451154947280886,0.1324755974113941,1,0.4667395681060279,0.8663306356341375,1.0
49,2,learned,k,-0.20078326761722565,0.0,0.0,0.22443181818181818,-0.20078326761722565,0.0,0.3729407131671906,0.02321452284231782,1,0.4667395681060279,0.8663306356341375,1.0
49,2,learned,o,-0.19824906140565873,0.0,0.0,0.18371212121212122,-0.20078326761722565,0.0,0.26532543897628785,0.13282440081238747,1,0.4667395681060279,0.8663306356341375,1.0
49,2,learned,pk,-0.20078326761722565,0.0,0.0,0.22443181818181818,-0.20078326761722565,0.0,0.3751352816820145,0.021009689755737783,1,0.4667395681060279,0.8663306356341375,1.0
49,2,learned,po,-0.19761551022529603,0.0,0.0,0.18371212121212122,-0.20078326761722565,0.0,0.20421431213617325,0.19479926973581313,1,0.4667395681060279,0.8663306356341375,1.0
49,2,learned,ko,-0.20078326761722565,0.0,0.0,0.18371212121212122,-0.20078326761722565,0.0,0.3820416510105133,0.014099601376801729,1,0.4667395681060279,0.8663306356341375,1.0
49,2,learned,pko,-0.20078326761722565,0.0,0.0,0.18371212121212122,-0.20078326761722565,0.0,0.3779345691204071,0.018203337118029593,1,0.4667395681060279,0.8663306356341375,1.0
49,2,shuffled,none,-0.1988826125860214,0.0,0.0,0.22443181818181818,-0.20078326761722565,0.0,0.2602385312318802,0.13731768429279329,1,0.4667395681060279,0.8663306356341375,1.0
49,2,shuffled,p,-0.19824906140565873,0.0,0.0,0.22443181818181818,-0.20078326761722565,0.0,0.24514307975769042,0.15320198833942414,1,0.4667395681060279,0.8663306356341375,1.0
49,2,shuffled,k,-0.20014971494674683,0.0,0.0,0.22443181818181818,-0.20078326761722565,0.0,0.28931171596050265,0.10752615109086036,1,0.4667395681060279,0.8663306356341375,1.0
49,2,shuffled,o,-0.1988826125860214,0.0,0.0,0.2029671717171717,-0.20078326761722565,0.0,0.24672658741474152,0.15085004419088363,1,0.4667395681060279,0.8663306356341375,1.0
49,2,shuffled,pk,-0.199516162276268,0.0,0.0,0.22443181818181818,-0.20078326761722565,0.0,0.27078657150268554,0.12635795325040816,1,0.4667395681060279,0.8663306356341375,1.0
49,2,shuffled,po,-0.19824906140565873,0.0,0.0,0.2029671717171717,-0.20078326761722565,0.0,0.2332749530673027,0.16517555564641953,1,0.4667395681060279,0.8663306356341375,1.0
49,2,shuffled,ko,-0.20014971494674683,0.0,0.0,0.2029671717171717,-0.20078326761722565,0.0,0.2717777520418167,0.12512033432722092,1,0.4667395681060279,0.8663306356341375,1.0
49,2,shuffled,pko,-0.199516162276268,0.0,0.0,0.2029671717171717,-0.20078326761722565,0.0,0.25789491832256317,0.13936049491167068,1,0.4667395681060279,0.8663306356341375,1.0
49,2,anti,none,-0.1988826125860214,0.0,0.0,0.22443181818181818,-0.20078326761722565,0.0,0.2602385312318802,0.13731768429279329,1,0.4667395681060279,0.8663306356341375,1.0
49,2,anti,p,-0.19824906140565873,0.0,0.0,0.22443181818181818,-0.20078326761722565,0.0,0.2593285277485847,0.13898931443691254,1,0.4667395681060279,0.8663306356341375,1.0
49,2,anti,k,-0.20014971494674683,0.0,0.0,0.22443181818181818,-0.20078326761722565,0.0,0.27166837453842163,0.12496580928564072,1,0.4667395681060279,0.8663306356341375,1.0
49,2,anti,o,-0.199516162276268,0.0,0.0,0.21875,-0.20078326761722565,0.0,0.23040536940097808,0.16714005470275878,1,0.4667395681060279,0.8663306356341375,1.0
49,2,anti,pk,-0.20014971494674683,0.0,0.0,0.22443181818181818,-0.20078326761722565,0.0,0.26939025819301604,0.12744858711957932,1,0.4667395681060279,0.8663306356341375,1.0
49,2,anti,po,-0.19824906140565873,0.0,0.0,0.21875,-0.20078326761722565,0.0,0.22859604358673097,0.1695382058620453,1,0.4667395681060279,0.8663306356341375,1.0
49,2,anti,ko,-0.20014971494674683,0.0,0.0,0.21875,-0.20078326761722565,0.0,0.2443717122077942,0.1524190366268158,1,0.4667395681060279,0.8663306356341375,1.0
49,2,anti,pko,-0.20014971494674683,0.0,0.0,0.21875,-0.20078326761722565,0.0,0.24129356145858766,0.15572725534439086,1,0.4667395681060279,0.8663306356341375,1.0
49,3,controlled,none,0.8334855437278748,0.0,0.0,0.8248106060606061,0.8334855437278748,0.0,0.12726774364709853,0.2688480779528618,1,1.2064148632618152,1.25,1.0
49,3,controlled,p,0.8334855437278748,0.0,0.0,0.8248106060606061,0.8334855437278748,0.0,0.11532938331365586,0.280789677798748,1,1.2064148632618152,1.25,1.0
49,3,controlled,k,0.8334855437278748,0.0,0.0,0.8248106060606061,0.8334855437278748,0.0,0.15267574936151504,0.24343483671545982,1,1.2064148632618152,1.25,1.0
49,3,controlled,o,0.8334855437278748,0.0,0.0,0.79135101010101,0.8334855437278748,0.0,0.12280014231801033,0.27331577986478806,1,1.2064148632618152,1.25,1.0
49,3,controlled,pk,0.8334855437278748,0.0,0.0,0.8248106060606061,0.8334855437278748,0.0,0.14132572412490846,0.254785829782486,1,1.2064148632618152,1.25,1.0
49,3,controlled,po,0.8334855437278748,0.0,0.0,0.79135101010101,0.8334855437278748,0.0,0.11735819056630134,0.27876055985689163,1,1.2064148632618152,1.25,1.0
49,3,controlled,ko,0.8334855437278748,0.0,0.0,0.79135101010101,0.8334855437278748,0.0,0.14761695861816407,0.24849392473697662,1,1.2064148632618152,1.25,1.0
49,3,controlled,pko,0.8334855437278748,0.0,0.0,0.79135101010101,0.8334855437278748,0.0,0.13967784792184829,0.2564338892698288,1,1.2064148632618152,1.25,1.0
49,3,learned,none,0.8334855437278748,0.0,0.0,0.8248106060606061,0.8334855437278748,0.0,0.12726774364709853,0.2688480779528618,1,1.2064148632618152,1.25,1.0
49,3,learned,p,0.8334855437278748,0.0,0.0,0.8248106060606061,0.8334855437278748,0.0,0.1332864284515381,0.26281529664993286,1,1.2064148632618152,1.25,1.0
49,3,learned,k,0.8334855437278748,0.0,0.0,0.8248106060606061,0.8334855437278748,0.0,0.3531444936990738,0.042964080907404424,1,1.2064148632618152,1.25,1.0
49,3,learned,o,0.8334855437278748,0.0,0.0,0.22253787878787878,0.8334855437278748,0.0,0.12324440032243729,0.27287175953388215,1,1.2064148632618152,1.25,1.0
49,3,learned,pk,0.8334855437278748,0.0,0.0,0.8248106060606061,0.8334855437278748,0.0,0.34509559273719786,0.05101046673953533,1,1.2064148632618152,1.25,1.0
49,3,learned,po,0.8334855437278748,0.0,0.0,0.22253787878787878,0.8334855437278748,0.0,0.14413705617189407,0.2519645482301712,1,1.2064148632618152,1.25,1.0
49,3,learned,ko,0.8334855437278748,0.0,0.0,0.22253787878787878,0.8334855437278748,0.0,0.36859033405780794,0.02752087004482746,1,1.2064148632618152,1.25,1.0
49,3,learned,pko,0.8334855437278748,0.0,0.0,0.22253787878787878,0.8334855437278748,0.0,0.36039023399353026,0.035718809254467486,1,1.2064148632618152,1.25,1.0
49,3,shuffled,none,0.8334855437278748,0.0,0.0,0.8248106060606061,0.8334855437278748,0.0,0.12726774364709853,0.2688480779528618,1,1.2064148632618152,1.25,1.0
49,3,shuffled,p,0.8334855437278748,0.0,0.0,0.8248106060606061,0.8334855437278748,0.0,0.11302067711949348,0.28315024375915526,1,1.2064148632618152,1.25,1.0
49,3,shuffled,k,0.8334855437278748,0.0,0.0,0.8248106060606061,0.8334855437278748,0.0,0.1645757421851158,0.23153278082609177,1,1.2064148632618152,1.25,1.0
49,3,shuffled,o,0.8334855437278748,0.0,0.0,0.8140782828282829,0.8334855437278748,0.0,0.1914542630314827,0.2046620100736618,1,1.2064148632618152,1.25,1.0
49,3,shuffled,pk,0.8334855437278748,0.0,0.0,0.8248106060606061,0.8334855437278748,0.0,0.14931385666131974,0.2468008078634739,1,1.2064148632618152,1.25,1.0
49,3,shuffled,po,0.8334855437278748,0.0,0.0,0.8140782828282829,0.8334855437278748,0.0,0.18271783739328384,0.2134531632065773,1,1.2064148632618152,1.25,1.0
49,3,shuffled,ko,0.8334855437278748,0.0,0.0,0.8140782828282829,0.8334855437278748,0.0,0.21873339414596557,0.17737736254930497,1,1.2064148632618152,1.25,1.0
49,3,shuffled,pko,0.8334855437278748,0.0,0.0,0.8140782828282829,0.8334855437278748,0.0,0.211030912399292,0.18508611470460892,1,1.2064148632618152,1.25,1.0
49,3,anti,none,0.8334855437278748,0.0,0.0,0.8248106060606061,0.8334855437278748,0.0,0.12726774364709853,0.2688480779528618,1,1.2064148632618152,1.25,1.0
49,3,anti,p,0.8334855437278748,0.0,0.0,0.8248106060606061,0.8334855437278748,0.0,0.1116916723549366,0.28442735970020294,1,1.2064148632618152,1.25,1.0
49,3,anti,k,0.8334855437278748,0.0,0.0,0.8248106060606061,0.8334855437278748,0.0,0.16954083889722824,0.22656748592853546,1,1.2064148632618152,1.25,1.0
49,3,anti,o,0.8334855437278748,0.0,0.0,0.8055555555555556,0.8334855437278748,0.0,0.12174978107213974,0.274366994202137,1,1.2064148632618152,1.25,1.0
49,3,anti,pk,0.8334855437278748,0.0,0.0,0.8248106060606061,0.8334855437278748,0.0,0.15279146581888198,0.24331749454140664,1,1.2064148632618152,1.25,1.0
49,3,anti,po,0.8334855437278748,0.0,0.0,0.8055555555555556,0.8334855437278748,0.0,0.10873722508549691,0.2873826056718826,1,1.2064148632618152,1.25,1.0
49,3,anti,ko,0.8334855437278748,0.0,0.0,0.8055555555555556,0.8334855437278748,0.0,0.15063477009534837,0.2454761415719986,1,1.2064148632618152,1.25,1.0
49,3,anti,pko,0.8334855437278748,0.0,0.0,0.8055555555555556,0.8334855437278748,0.0,0.13989714533090591,0.2562147080898285,1,1.2064148632618152,1.25,1.0
