protocol,split,replicate,severity,tier,cell,component,seed
mve3-v2-approved-2026-07-18,locked,0,1,controlled,shared,o_collection_root,589988274284953453
mve3-v2-approved-2026-07-18,locked,0,1,controlled,shared,non_o_collection_root,1773316481788693159
mve3-v2-approved-2026-07-18,locked,0,1,controlled,shared,evaluation_root,16459918121269462014
mve3-v2-approved-2026-07-18,locked,0,1,controlled,none,cell_identity,8920485959605195505
mve3-v2-approved-2026-07-18,locked,0,1,controlled,p,cell_identity,15828983750662182990
mve3-v2-approved-2026-07-18,locked,0,1,controlled,k,cell_identity,18238701746938558821
mve3-v2-approved-2026-07-18,locked,0,1,controlled,o,cell_identity,5875743710930298080
mve3-v2-approved-2026-07-18,locked,0,1,controlled,pk,cell_identity,10337950220950486714
mve3-v2-approved-2026-07-18,locked,0,1,controlled,po,cell_identity,2616450085794748805
mve3-v2-approved-2026-07-18,locked,0,1,controlled,ko,cell_identity,16776968106305527843
mve3-v2-approved-2026-07-18,locked,0,1,controlled,pko,cell_identity,815892808052869794
mve3-v2-approved-2026-07-18,locked,0,1,learned,shared,o_collection_root,15536275600997111230
mve3-v2-approved-2026-07-18,locked,0,1,learned,shared,non_o_collection_root,1773316481788693159
mve3-v2-approved-2026-07-18,locked,0,1,learned,shared,evaluation_root,16459918121269462014
mve3-v2-approved-2026-07-18,locked,0,1,learned,none,cell_identity,5538501396018184836
mve3-v2-approved-2026-07-18,locked,0,1,learned,p,cell_identity,5783618369383322628
mve3-v2-approved-2026-07-18,locked,0,1,learned,k,cell_identity,2251234631519940974
mve3-v2-approved-2026-07-18,locked,0,1,learned,o,cell_identity,4476297474837186748
mve3-v2-approved-2026-07-18,locked,0,1,learned,pk,cell_identity,187683075937156555
mve3-v2-approved-2026-07-18,locked,0,1,learned,po,cell_identity,13264822271769245668
mve3-v2-approved-2026-07-18,locked,0,1,learned,ko,cell_identity,16652697722291878394
mve3-v2-approved-2026-07-18,locked,0,1,learned,pko,cell_identity,6645101619558550986
mve3-v2-approved-2026-07-18,locked,0,1,shuffled,shared,o_collection_root,7652406075372610178
mve3-v2-approved-2026-07-18,locked,0,1,shuffled,shared,non_o_collection_root,1773316481788693159
mve3-v2-approved-2026-07-18,locked,0,1,shuffled,shared,evaluation_root,16459918121269462014
mve3-v2-approved-2026-07-18,locked,0,1,shuffled,none,cell_identity,14110331659857020799
mve3-v2-approved-2026-07-18,locked,0,1,shuffled,p,cell_identity,6946838353166880903
mve3-v2-approved-2026-07-18,locked,0,1,shuffled,k,cell_identity,18003283412444000197
mve3-v2-approved-2026-07-18,locked,0,1,shuffled,o,cell_identity,8313101201027172748
mve3-v2-approved-2026-07-18,locked,0,1,shuffled,pk,cell_identity,7628288182237194984
mve3-v2-approved-2026-07-18,locked,0,1,shuffled,po,cell_identity,4963197016512553919
mve3-v2-approved-2026-07-18,locked,0,1,shuffled,ko,cell_identity,13701081623975898410
mve3-v2-approved-2026-07-18,locked,0,1,shuffled,pko,cell_identity,5669960465503979156
mve3-v2-approved-2026-07-18,locked,0,1,anti,shared,o_collection_root,13322738940334560412
mve3-v2-approved-2026-07-18,locked,0,1,anti,shared,non_o_collection_root,1773316481788693159
mve3-v2-approved-2026-07-18,locked,0,1,anti,shared,evaluation_root,16459918121269462014
mve3-v2-approved-2026-07-18,locked,0,1,anti,none,cell_identity,16392704525546364595
mve3-v2-approved-2026-07-18,locked,0,1,anti,p,cell_identity,17402834703021093640
mve3-v2-approved-2026-07-18,locked,0,1,anti,k,cell_identity,14721076259606652639
mve3-v2-approved-2026-07-18,locked,0,1,anti,o,cell_identity,10192868452573992100
mve3-v2-approved-2026-07-18,locked,0,1,anti,pk,cell_identity,2490140313289360509
mve3-v2-approved-2026-07-18,locked,0,1,anti,po,cell_identity,9470390323331265770
mve3-v2-approved-2026-07-18,locked,0,1,anti,ko,cell_identity,14018683358454949326
mve3-v2-approved-2026-07-18,locked,0,1,anti,pko,cell_identity,6489939522308327787
mve3-v2-approved-2026-07-18,locked,0,2,controlled,shared,o_collection_root,10690356631811629474
mve3-v2-approved-2026-07-18,locked,0,2,controlled,shared,non_o_collection_root,5700424172141477682
mve3-v2-approved-2026-07-18,locked,0,2,controlled,shared,evaluation_root,1334899645254145435
mve3-v2-approved-2026-07-18,locked,0,2,controlled,none,cell_identity,12390485444525421604
mve3-v2-approved-2026-07-18,locked,0,2,controlled,p,cell_identity,2448499699265629301
mve3-v2-approved-2026-07-18,locked,0,2,controlled,k,cell_identity,8854451513853421520
mve3-v2-approved-2026-07-18,locked,0,2,controlled,o,cell_identity,2076186022085730956
mve3-v2-approved-2026-07-18,locked,0,2,controlled,pk,cell_identity,8712058873399257968
mve3-v2-approved-2026-07-18,locked,0,2,controlled,po,cell_identity,5484853232509718111
mve3-v2-approved-2026-07-18,locked,0,2,controlled,ko,cell_identity,8469233918164413194
mve3-v2-approved-2026-07-18,locked,0,2,controlled,pko,cell_identity,14871420037370629546
mve3-v2-approved-2026-07-18,locked,0,2,learned,shared,o_collection_root,1200635543427073639
mve3-v2-approved-2026-07-18,locked,0,2,learned,shared,non_o_collection_root,5700424172141477682
mve3-v2-approved-2026-07-18,locked,0,2,learned,shared,evaluation_root,1334899645254145435
mve3-v2-approved-2026-07-18,locked,0,2,learned,none,cell_identity,14424273037765952202
mve3-v2-approved-2026-07-18,locked,0,2,learned,p,cell_identity,4126194065811412295
mve3-v2-approved-2026-07-18,locked,0,2,learned,k,cell_identity,10184684356961515570
mve3-v2-approved-2026-07-18,locked,0,2,learned,o,cell_identity,6903770699957362340
mve3-v2-approved-2026-07-18,locked,0,2,learned,pk,cell_identity,5491469035886795363
mve3-v2-approved-2026-07-18,locked,0,2,learned,po,cell_identity,15124593890398922514
mve3-v2-approved-2026-07-18,locked,0,2,learned,ko,cell_identity,14568732556442464842
mve3-v2-approved-2026-07-18,locked,0,2,learned,pko,cell_identity,9272527297694946234
mve3-v2-approved-2026-07-18,locked,0,2,shuffled,shared,o_collection_root,9666335718245281868
mve3-v2-approved-2026-07-18,locked,0,2,shuffled,shared,non_o_collection_root,5700424172141477682
mve3-v2-approved-2026-07-18,locked,0,2,shuffled,shared,evaluation_root,1334899645254145435
mve3-v2-approved-2026-07-18,locked,0,2,shuffled,none,cell_identity,1226412320620549423
mve3-v2-approved-2026-07-18,locked,0,2,shuffled,p,cell_identity,11164878789831186770
mve3-v2-approved-2026-07-18,locked,0,2,shuffled,k,cell_identity,15798739672560989773
mve3-v2-approved-2026-07-18,locked,0,2,shuffled,o,cell_identity,6326947288642277766
mve3-v2-approved-2026-07-18,locked,0,2,shuffled,pk,cell_identity,6545558448791754520
mve3-v2-approved-2026-07-18,locked,0,2,shuffled,po,cell_identity,2053348325825784527
mve3-v2-approved-2026-07-18,locked,0,2,shuffled,ko,cell_identity,11647043139722670128
mve3-v2-approved-2026-07-18,locked,0,2,shuffled,pko,cell_identity,5276151432291858169
mve3-v2-approved-2026-07-18,locked,0,2,anti,shared,o_collection_root,10249791434828563513
mve3-v2-approved-2026-07-18,locked,0,2,anti,shared,non_o_collection_root,5700424172141477682
mve3-v2-approved-2026-07-18,locked,0,2,anti,shared,evaluation_root,1334899645254145435
mve3-v2-approved-2026-07-18,locked,0,2,anti,none,cell_identity,10870906635394571068
mve3-v2-approved-2026-07-18,locked,0,2,anti,p,cell_identity,10209156401601074678
mve3-v2-approved-2026-07-18,locked,0,2,anti,k,cell_identity,16284073162601435982
mve3-v2-approved-2026-07-18,locked,0,2,anti,o,cell_identity,16444611026125435628
mve3-v2-approved-2026-07-18,locked,0,2,anti,pk,cell_identity,1436702931034812558
mve3-v2-approved-2026-07-18,locked,0,2,anti,po,cell_identity,6432754973397227430
mve3-v2-approved-2026-07-18,locked,0,2,anti,ko,cell_identity,16021008527222712514
mve3-v2-approved-2026-07-18,locked,0,2,anti,pko,cell_identity,8352005597047829685
mve3-v2-approved-2026-07-18,locked,0,3,controlled,shared,o_collection_root,2511549975993013199
mve3-v2-approved-2026-07-18,locked,0,3,controlled,shared,non_o_collection_root,7867829118966604435
mve3-v2-approved-2026-07-18,locked,0,3,controlled,shared,evaluation_root,7475254588853067095
mve3-v2-approved-2026-07-18,locked,0,3,controlled,none,cell_identity,15577315199793754616
mve3-v2-approved-2026-07-18,locked,0,3,controlled,p,cell_identity,2048588701757797534
mve3-v2-approved-2026-07-18,locked,0,3,controlled,k,cell_identity,16189527141910973830
mve3-v2-approved-2026-07-18,locked,0,3,controlled,o,cell_identity,13767372892282109786
mve3-v2-approved-2026-07-18,locked,0,3,controlled,pk,cell_identity,5627202568782154240
mve3-v2-approved-2026-07-18,locked,0,3,controlled,po,cell_identity,15690209619229369597
mve3-v2-approved-2026-07-18,locked,0,3,controlled,ko,cell_identity,1636903465313507798
mve3-v2-approved-2026-07-18,locked,0,3,controlled,pko,cell_identity,15582807558033809299
mve3-v2-approved-2026-07-18,locked,0,3,learned,shared,o_collection_root,17031601001056391687
mve3-v2-approved-2026-07-18,locked,0,3,learned,shared,non_o_collection_root,7867829118966604435
mve3-v2-approved-2026-07-18,locked,0,3,learned,shared,evaluation_root,7475254588853067095
mve3-v2-approved-2026-07-18,locked,0,3,learned,none,cell_identity,14410329733307140179
mve3-v2-approved-2026-07-18,locked,0,3,learned,p,cell_identity,16122720922597789232
mve3-v2-approved-2026-07-18,locked,0,3,learned,k,cell_identity,9764490152432920518
mve3-v2-approved-2026-07-18,locked,0,3,learned,o,cell_identity,12173704144826311181
mve3-v2-approved-2026-07-18,locked,0,3,learned,pk,cell_identity,17011311925714249280
mve3-v2-approved-2026-07-18,locked,0,3,learned,po,cell_identity,5894288700196353841
mve3-v2-approved-2026-07-18,locked,0,3,learned,ko,cell_identity,7321580295875082142
mve3-v2-approved-2026-07-18,locked,0,3,learned,pko,cell_identity,6913234731585607398
mve3-v2-approved-2026-07-18,locked,0,3,shuffled,shared,o_collection_root,496458289586996576
mve3-v2-approved-2026-07-18,locked,0,3,shuffled,shared,non_o_collection_root,7867829118966604435
mve3-v2-approved-2026-07-18,locked,0,3,shuffled,shared,evaluation_root,7475254588853067095
mve3-v2-approved-2026-07-18,locked,0,3,shuffled,none,cell_identity,16208428763218525710
mve3-v2-approved-2026-07-18,locked,0,3,shuffled,p,cell_identity,17498527009846885671
mve3-v2-approved-2026-07-18,locked,0,3,shuffled,k,cell_identity,9020317002595316619
mve3-v2-approved-2026-07-18,locked,0,3,shuffled,o,cell_identity,12696712148239918664
mve3-v2-approved-2026-07-18,locked,0,3,shuffled,pk,cell_identity,12429559965416424668
mve3-v2-approved-2026-07-18,locked,0,3,shuffled,po,cell_identity,7673677496291793965
mve3-v2-approved-2026-07-18,locked,0,3,shuffled,ko,cell_identity,9718616877379263012
mve3-v2-approved-2026-07-18,locked,0,3,shuffled,pko,cell_identity,1808804570397140252
mve3-v2-approved-2026-07-18,locked,0,3,anti,shared,o_collection_root,7239667563755946891
mve3-v2-approved-2026-07-18,locked,0,3,anti,shared,non_o_collection_root,7867829118966604435
mve3-v2-approved-2026-07-18,locked,0,3,anti,shared,evaluation_root,7475254588853067095
mve3-v2-approved-2026-07-18,locked,0,3,anti,none,cell_identity,16615796772682163118
mve3-v2-approved-2026-07-18,locked,0,3,anti,p,cell_identity,7330207568728311241
mve3-v2-approved-2026-07-18,locked,0,3,anti,k,cell_identity,17780558202535809132
mve3-v2-approved-2026-07-18,locked,0,3,anti,o,cell_identity,13840209134760145158
mve3-v2-approved-2026-07-18,locked,0,3,anti,pk,cell_identity,3047290812029764631
mve3-v2-approved-2026-07-18,locked,0,3,anti,po,cell_identity,12714241671609463633
mve3-v2-approved-2026-07-18,locked,0,3,anti,ko,cell_identity,1374040006569749649
mve3-v2-approved-2026-07-18,locked,0,3,anti,pko,cell_identity,14808283738639018592
mve3-v2-approved-2026-07-18,locked,1,1,controlled,shared,o_collection_root,13945703986428914372
mve3-v2-approved-2026-07-18,locked,1,1,controlled,shared,non_o_collection_root,14927000175820287005
mve3-v2-approved-2026-07-18,locked,1,1,controlled,shared,evaluation_root,1490167166019115730
mve3-v2-approved-2026-07-18,locked,1,1,controlled,none,cell_identity,2046260288341234470
mve3-v2-approved-2026-07-18,locked,1,1,controlled,p,cell_identity,14256336088359354780
mve3-v2-approved-2026-07-18,locked,1,1,controlled,k,cell_identity,5912553617918773140
mve3-v2-approved-2026-07-18,locked,1,1,controlled,o,cell_identity,14642614433489788539
mve3-v2-approved-2026-07-18,locked,1,1,controlled,pk,cell_identity,9432311929545120099
mve3-v2-approved-2026-07-18,locked,1,1,controlled,po,cell_identity,15841147300929865620
mve3-v2-approved-2026-07-18,locked,1,1,controlled,ko,cell_identity,14294091984929694556
mve3-v2-approved-2026-07-18,locked,1,1,controlled,pko,cell_identity,5290520268019698092
mve3-v2-approved-2026-07-18,locked,1,1,learned,shared,o_collection_root,9374418239245310658
mve3-v2-approved-2026-07-18,locked,1,1,learned,shared,non_o_collection_root,14927000175820287005
mve3-v2-approved-2026-07-18,locked,1,1,learned,shared,evaluation_root,1490167166019115730
mve3-v2-approved-2026-07-18,locked,1,1,learned,none,cell_identity,18041111682449373386
mve3-v2-approved-2026-07-18,locked,1,1,learned,p,cell_identity,1218476081917036209
mve3-v2-approved-2026-07-18,locked,1,1,learned,k,cell_identity,4267597762111058825
mve3-v2-approved-2026-07-18,locked,1,1,learned,o,cell_identity,6828929349773945462
mve3-v2-approved-2026-07-18,locked,1,1,learned,pk,cell_identity,1016222142178366727
mve3-v2-approved-2026-07-18,locked,1,1,learned,po,cell_identity,2352244449332070903
mve3-v2-approved-2026-07-18,locked,1,1,learned,ko,cell_identity,17959093652186028789
mve3-v2-approved-2026-07-18,locked,1,1,learned,pko,cell_identity,9627176257074244575
mve3-v2-approved-2026-07-18,locked,1,1,shuffled,shared,o_collection_root,7595734790980331725
mve3-v2-approved-2026-07-18,locked,1,1,shuffled,shared,non_o_collection_root,14927000175820287005
mve3-v2-approved-2026-07-18,locked,1,1,shuffled,shared,evaluation_root,1490167166019115730
mve3-v2-approved-2026-07-18,locked,1,1,shuffled,none,cell_identity,4245769950741155183
mve3-v2-approved-2026-07-18,locked,1,1,shuffled,p,cell_identity,16922008190539110398
mve3-v2-approved-2026-07-18,locked,1,1,shuffled,k,cell_identity,14277348200432850017
mve3-v2-approved-2026-07-18,locked,1,1,shuffled,o,cell_identity,8546935846632288519
mve3-v2-approved-2026-07-18,locked,1,1,shuffled,pk,cell_identity,8619585294702534156
mve3-v2-approved-2026-07-18,locked,1,1,shuffled,po,cell_identity,17407014929478407268
mve3-v2-approved-2026-07-18,locked,1,1,shuffled,ko,cell_identity,7738877851413202902
mve3-v2-approved-2026-07-18,locked,1,1,shuffled,pko,cell_identity,15972860654055253564
mve3-v2-approved-2026-07-18,locked,1,1,anti,shared,o_collection_root,8743718083412346097
mve3-v2-approved-2026-07-18,locked,1,1,anti,shared,non_o_collection_root,14927000175820287005
mve3-v2-approved-2026-07-18,locked,1,1,anti,shared,evaluation_root,1490167166019115730
mve3-v2-approved-2026-07-18,locked,1,1,anti,none,cell_identity,12555023864910077361
mve3-v2-approved-2026-07-18,locked,1,1,anti,p,cell_identity,1529520983553105408
mve3-v2-approved-2026-07-18,locked,1,1,anti,k,cell_identity,1519505961175909646
mve3-v2-approved-2026-07-18,locked,1,1,anti,o,cell_identity,17993418140842160174
mve3-v2-approved-2026-07-18,locked,1,1,anti,pk,cell_identity,15799924907198645004
mve3-v2-approved-2026-07-18,locked,1,1,anti,po,cell_identity,6045167975867567576
mve3-v2-approved-2026-07-18,locked,1,1,anti,ko,cell_identity,13161274158089900562
mve3-v2-approved-2026-07-18,locked,1,1,anti,pko,cell_identity,9258215971369575147
mve3-v2-approved-2026-07-18,locked,1,2,controlled,shared,o_collection_root,6426336210751118210
mve3-v2-approved-2026-07-18,locked,1,2,controlled,shared,non_o_collection_root,7647991031620493602
mve3-v2-approved-2026-07-18,locked,1,2,controlled,shared,evaluation_root,8784915809202970803
mve3-v2-approved-2026-07-18,locked,1,2,controlled,none,cell_identity,6278825869218728430
mve3-v2-approved-2026-07-18,locked,1,2,controlled,p,cell_identity,16100400572002062262
mve3-v2-approved-2026-07-18,locked,1,2,controlled,k,cell_identity,5176627697613668303
mve3-v2-approved-2026-07-18,locked,1,2,controlled,o,cell_identity,2197211082341444025
mve3-v2-approved-2026-07-18,locked,1,2,controlled,pk,cell_identity,13425976577167834536
mve3-v2-approved-2026-07-18,locked,1,2,controlled,po,cell_identity,5516891155591866152
mve3-v2-approved-2026-07-18,locked,1,2,controlled,ko,cell_identity,2845406116541183872
mve3-v2-approved-2026-07-18,locked,1,2,controlled,pko,cell_identity,10777579711870003356
mve3-v2-approved-2026-07-18,locked,1,2,learned,shared,o_collection_root,798194102647926258
mve3-v2-approved-2026-07-18,locked,1,2,learned,shared,non_o_collection_root,7647991031620493602
mve3-v2-approved-2026-07-18,locked,1,2,learned,shared,evaluation_root,8784915809202970803
mve3-v2-approved-2026-07-18,locked,1,2,learned,none,cell_identity,13483507400341637289
mve3-v2-approved-2026-07-18,locked,1,2,learned,p,cell_identity,11396588494165740623
mve3-v2-approved-2026-07-18,locked,1,2,learned,k,cell_identity,5565122962520886141
mve3-v2-approved-2026-07-18,locked,1,2,learned,o,cell_identity,6001586462682370237
mve3-v2-approved-2026-07-18,locked,1,2,learned,pk,cell_identity,1027732560512882673
mve3-v2-approved-2026-07-18,locked,1,2,learned,po,cell_identity,14342016079417012079
mve3-v2-approved-2026-07-18,locked,1,2,learned,ko,cell_identity,3996329108269388812
mve3-v2-approved-2026-07-18,locked,1,2,learned,pko,cell_identity,2905316521772825734
mve3-v2-approved-2026-07-18,locked,1,2,shuffled,shared,o_collection_root,13504387690986249151
mve3-v2-approved-2026-07-18,locked,1,2,shuffled,shared,non_o_collection_root,7647991031620493602
mve3-v2-approved-2026-07-18,locked,1,2,shuffled,shared,evaluation_root,8784915809202970803
mve3-v2-approved-2026-07-18,locked,1,2,shuffled,none,cell_identity,10018402539971304045
mve3-v2-approved-2026-07-18,locked,1,2,shuffled,p,cell_identity,3967849124884497142
mve3-v2-approved-2026-07-18,locked,1,2,shuffled,k,cell_identity,17446283504206634815
mve3-v2-approved-2026-07-18,locked,1,2,shuffled,o,cell_identity,2911101110569801333
mve3-v2-approved-2026-07-18,locked,1,2,shuffled,pk,cell_identity,3528552769322221556
mve3-v2-approved-2026-07-18,locked,1,2,shuffled,po,cell_identity,2550472174855024238
mve3-v2-approved-2026-07-18,locked,1,2,shuffled,ko,cell_identity,1809122131929045014
mve3-v2-approved-2026-07-18,locked,1,2,shuffled,pko,cell_identity,6898462094095078076
mve3-v2-approved-2026-07-18,locked,1,2,anti,shared,o_collection_root,16028253687732656228
mve3-v2-approved-2026-07-18,locked,1,2,anti,shared,non_o_collection_root,7647991031620493602
mve3-v2-approved-2026-07-18,locked,1,2,anti,shared,evaluation_root,8784915809202970803
mve3-v2-approved-2026-07-18,locked,1,2,anti,none,cell_identity,2737723244444784479
mve3-v2-approved-2026-07-18,locked,1,2,anti,p,cell_identity,9324432577286704575
mve3-v2-approved-2026-07-18,locked,1,2,anti,k,cell_identity,11658058364784066985
mve3-v2-approved-2026-07-18,locked,1,2,anti,o,cell_identity,16683008338465684521
mve3-v2-approved-2026-07-18,locked,1,2,anti,pk,cell_identity,15003907606239494105
mve3-v2-approved-2026-07-18,locked,1,2,anti,po,cell_identity,12048289979989356419
mve3-v2-approved-2026-07-18,locked,1,2,anti,ko,cell_identity,2092426949335939482
mve3-v2-approved-2026-07-18,locked,1,2,anti,pko,cell_identity,14446977110771597049
mve3-v2-approved-2026-07-18,locked,1,3,controlled,shared,o_collection_root,10664811933360915454
mve3-v2-approved-2026-07-18,locked,1,3,controlled,shared,non_o_collection_root,8240341532612982282
mve3-v2-approved-2026-07-18,locked,1,3,controlled,shared,evaluation_root,9367288470332129148
mve3-v2-approved-2026-07-18,locked,1,3,controlled,none,cell_identity,11077008024255264468
mve3-v2-approved-2026-07-18,locked,1,3,controlled,p,cell_identity,7442452484534451550
mve3-v2-approved-2026-07-18,locked,1,3,controlled,k,cell_identity,5233227547448306794
mve3-v2-approved-2026-07-18,locked,1,3,controlled,o,cell_identity,4544058878470604406
mve3-v2-approved-2026-07-18,locked,1,3,controlled,pk,cell_identity,7087584762922090659
mve3-v2-approved-2026-07-18,locked,1,3,controlled,po,cell_identity,16015102755552259944
mve3-v2-approved-2026-07-18,locked,1,3,controlled,ko,cell_identity,17191828916095074232
mve3-v2-approved-2026-07-18,locked,1,3,controlled,pko,cell_identity,3113028737708526759
mve3-v2-approved-2026-07-18,locked,1,3,learned,shared,o_collection_root,6932407108586311540
mve3-v2-approved-2026-07-18,locked,1,3,learned,shared,non_o_collection_root,8240341532612982282
mve3-v2-approved-2026-07-18,locked,1,3,learned,shared,evaluation_root,9367288470332129148
mve3-v2-approved-2026-07-18,locked,1,3,learned,none,cell_identity,10647254268350067218
mve3-v2-approved-2026-07-18,locked,1,3,learned,p,cell_identity,4570186631888603455
mve3-v2-approved-2026-07-18,locked,1,3,learned,k,cell_identity,14743347906254942831
mve3-v2-approved-2026-07-18,locked,1,3,learned,o,cell_identity,8108972015618824459
mve3-v2-approved-2026-07-18,locked,1,3,learned,pk,cell_identity,12550382237225215054
mve3-v2-approved-2026-07-18,locked,1,3,learned,po,cell_identity,11742432737336314732
mve3-v2-approved-2026-07-18,locked,1,3,learned,ko,cell_identity,8385462552348224392
mve3-v2-approved-2026-07-18,locked,1,3,learned,pko,cell_identity,3823606924664837591
mve3-v2-approved-2026-07-18,locked,1,3,shuffled,shared,o_collection_root,17716283648317783133
mve3-v2-approved-2026-07-18,locked,1,3,shuffled,shared,non_o_collection_root,8240341532612982282
mve3-v2-approved-2026-07-18,locked,1,3,shuffled,shared,evaluation_root,9367288470332129148
mve3-v2-approved-2026-07-18,locked,1,3,shuffled,none,cell_identity,18217975272151918231
mve3-v2-approved-2026-07-18,locked,1,3,shuffled,p,cell_identity,1727808141043055423
mve3-v2-approved-2026-07-18,locked,1,3,shuffled,k,cell_identity,15188788155774737873
mve3-v2-approved-2026-07-18,locked,1,3,shuffled,o,cell_identity,13126323816863287790
mve3-v2-approved-2026-07-18,locked,1,3,shuffled,pk,cell_identity,4844157331031993031
mve3-v2-approved-2026-07-18,locked,1,3,shuffled,po,cell_identity,6305713071572837729
mve3-v2-approved-2026-07-18,locked,1,3,shuffled,ko,cell_identity,7054045586507704625
mve3-v2-approved-2026-07-18,locked,1,3,shuffled,pko,cell_identity,17401555204493209269
mve3-v2-approved-2026-07-18,locked,1,3,anti,shared,o_collection_root,10130152532645173465
mve3-v2-approved-2026-07-18,locked,1,3,anti,shared,non_o_collection_root,8240341532612982282
mve3-v2-approved-2026-07-18,locked,1,3,anti,shared,evaluation_root,9367288470332129148
mve3-v2-approved-2026-07-18,locked,1,3,anti,none,cell_identity,8476275193432411094
mve3-v2-approved-2026-07-18,locked,1,3,anti,p,cell_identity,6376665306968230021
mve3-v2-approved-2026-07-18,locked,1,3,anti,k,cell_identity,17393320239578574276
mve3-v2-approved-2026-07-18,locked,1,3,anti,o,cell_identity,12251246644288774238
mve3-v2-approved-2026-07-18,locked,1,3,anti,pk,cell_identity,17308022176422250341
mve3-v2-approved-2026-07-18,locked,1,3,anti,po,cell_identity,18014030982332447463
mve3-v2-approved-2026-07-18,locked,1,3,anti,ko,cell_identity,1641730892714841418
mve3-v2-approved-2026-07-18,locked,1,3,anti,pko,cell_identity,18236453845510222114
mve3-v2-approved-2026-07-18,locked,2,1,controlled,shared,o_collection_root,15901017584137972358
mve3-v2-approved-2026-07-18,locked,2,1,controlled,shared,non_o_collection_root,10571308080522505504
mve3-v2-approved-2026-07-18,locked,2,1,controlled,shared,evaluation_root,3481829733019468106
mve3-v2-approved-2026-07-18,locked,2,1,controlled,none,cell_identity,10430882029276379648
mve3-v2-approved-2026-07-18,locked,2,1,controlled,p,cell_identity,2150741547174585884
mve3-v2-approved-2026-07-18,locked,2,1,controlled,k,cell_identity,5584698100625649307
mve3-v2-approved-2026-07-18,locked,2,1,controlled,o,cell_identity,1373547157999519157
mve3-v2-approved-2026-07-18,locked,2,1,controlled,pk,cell_identity,14804546309783757350
mve3-v2-approved-2026-07-18,locked,2,1,controlled,po,cell_identity,12591873293472903038
mve3-v2-approved-2026-07-18,locked,2,1,controlled,ko,cell_identity,10318325957329779883
mve3-v2-approved-2026-07-18,locked,2,1,controlled,pko,cell_identity,17867955701033715902
mve3-v2-approved-2026-07-18,locked,2,1,learned,shared,o_collection_root,3804572406027881851
mve3-v2-approved-2026-07-18,locked,2,1,learned,shared,non_o_collection_root,10571308080522505504
mve3-v2-approved-2026-07-18,locked,2,1,learned,shared,evaluation_root,3481829733019468106
mve3-v2-approved-2026-07-18,locked,2,1,learned,none,cell_identity,16270049108024297698
mve3-v2-approved-2026-07-18,locked,2,1,learned,p,cell_identity,7825962263367044912
mve3-v2-approved-2026-07-18,locked,2,1,learned,k,cell_identity,3137606311196642286
mve3-v2-approved-2026-07-18,locked,2,1,learned,o,cell_identity,12671615752542689178
mve3-v2-approved-2026-07-18,locked,2,1,learned,pk,cell_identity,11349808824683562055
mve3-v2-approved-2026-07-18,locked,2,1,learned,po,cell_identity,10201377367002352491
mve3-v2-approved-2026-07-18,locked,2,1,learned,ko,cell_identity,3833237499827222020
mve3-v2-approved-2026-07-18,locked,2,1,learned,pko,cell_identity,5085278789291218237
mve3-v2-approved-2026-07-18,locked,2,1,shuffled,shared,o_collection_root,9062634560788078441
mve3-v2-approved-2026-07-18,locked,2,1,shuffled,shared,non_o_collection_root,10571308080522505504
mve3-v2-approved-2026-07-18,locked,2,1,shuffled,shared,evaluation_root,3481829733019468106
mve3-v2-approved-2026-07-18,locked,2,1,shuffled,none,cell_identity,18356238310966290683
mve3-v2-approved-2026-07-18,locked,2,1,shuffled,p,cell_identity,17665737786896081217
mve3-v2-approved-2026-07-18,locked,2,1,shuffled,k,cell_identity,6856855290411616461
mve3-v2-approved-2026-07-18,locked,2,1,shuffled,o,cell_identity,12649520530764306443
mve3-v2-approved-2026-07-18,locked,2,1,shuffled,pk,cell_identity,3652169817930320806
mve3-v2-approved-2026-07-18,locked,2,1,shuffled,po,cell_identity,12650045982926521302
mve3-v2-approved-2026-07-18,locked,2,1,shuffled,ko,cell_identity,131388416330535712
mve3-v2-approved-2026-07-18,locked,2,1,shuffled,pko,cell_identity,1158029769326223759
mve3-v2-approved-2026-07-18,locked,2,1,anti,shared,o_collection_root,14087643264395877306
mve3-v2-approved-2026-07-18,locked,2,1,anti,shared,non_o_collection_root,10571308080522505504
mve3-v2-approved-2026-07-18,locked,2,1,anti,shared,evaluation_root,3481829733019468106
mve3-v2-approved-2026-07-18,locked,2,1,anti,none,cell_identity,7055301307793245113
mve3-v2-approved-2026-07-18,locked,2,1,anti,p,cell_identity,11105045345032864886
mve3-v2-approved-2026-07-18,locked,2,1,anti,k,cell_identity,17335861872652709281
mve3-v2-approved-2026-07-18,locked,2,1,anti,o,cell_identity,12658744305226090007
mve3-v2-approved-2026-07-18,locked,2,1,anti,pk,cell_identity,7169654335741568094
mve3-v2-approved-2026-07-18,locked,2,1,anti,po,cell_identity,15582694193571924163
mve3-v2-approved-2026-07-18,locked,2,1,anti,ko,cell_identity,12050813904302180161
mve3-v2-approved-2026-07-18,locked,2,1,anti,pko,cell_identity,2286616408385596177
mve3-v2-approved-2026-07-18,locked,2,2,controlled,shared,o_collection_root,2820124524716653687
mve3-v2-approved-2026-07-18,locked,2,2,controlled,shared,non_o_collection_root,10952875644238302187
mve3-v2-approved-2026-07-18,locked,2,2,controlled,shared,evaluation_root,9277549950434082268
mve3-v2-approved-2026-07-18,locked,2,2,controlled,none,cell_identity,13850548863679256874
mve3-v2-approved-2026-07-18,locked,2,2,controlled,p,cell_identity,13186914214252439578
mve3-v2-approved-2026-07-18,locked,2,2,controlled,k,cell_identity,12604214247011471113
mve3-v2-approved-2026-07-18,locked,2,2,controlled,o,cell_identity,7637170269541580571
mve3-v2-approved-2026-07-18,locked,2,2,controlled,pk,cell_identity,14833847511413860123
mve3-v2-approved-2026-07-18,locked,2,2,controlled,po,cell_identity,10278597273618848004
mve3-v2-approved-2026-07-18,locked,2,2,controlled,ko,cell_identity,14435038492893932480
mve3-v2-approved-2026-07-18,locked,2,2,controlled,pko,cell_identity,9106445787178280329
mve3-v2-approved-2026-07-18,locked,2,2,learned,shared,o_collection_root,3042848472706069479
mve3-v2-approved-2026-07-18,locked,2,2,learned,shared,non_o_collection_root,10952875644238302187
mve3-v2-approved-2026-07-18,locked,2,2,learned,shared,evaluation_root,9277549950434082268
mve3-v2-approved-2026-07-18,locked,2,2,learned,none,cell_identity,297919472621698886
mve3-v2-approved-2026-07-18,locked,2,2,learned,p,cell_identity,16488161890052868491
mve3-v2-approved-2026-07-18,locked,2,2,learned,k,cell_identity,2419940391566703588
mve3-v2-approved-2026-07-18,locked,2,2,learned,o,cell_identity,5041332144084613753
mve3-v2-approved-2026-07-18,locked,2,2,learned,pk,cell_identity,16380215779458700158
mve3-v2-approved-2026-07-18,locked,2,2,learned,po,cell_identity,6984109873256069729
mve3-v2-approved-2026-07-18,locked,2,2,learned,ko,cell_identity,6160371256610840056
mve3-v2-approved-2026-07-18,locked,2,2,learned,pko,cell_identity,10031527397087014484
mve3-v2-approved-2026-07-18,locked,2,2,shuffled,shared,o_collection_root,13527814619520335690
mve3-v2-approved-2026-07-18,locked,2,2,shuffled,shared,non_o_collection_root,10952875644238302187
mve3-v2-approved-2026-07-18,locked,2,2,shuffled,shared,evaluation_root,9277549950434082268
mve3-v2-approved-2026-07-18,locked,2,2,shuffled,none,cell_identity,1136724358444023609
mve3-v2-approved-2026-07-18,locked,2,2,shuffled,p,cell_identity,1378760542636558895
mve3-v2-approved-2026-07-18,locked,2,2,shuffled,k,cell_identity,11283201579220699275
mve3-v2-approved-2026-07-18,locked,2,2,shuffled,o,cell_identity,4515199510760880563
mve3-v2-approved-2026-07-18,locked,2,2,shuffled,pk,cell_identity,4675310467722606404
mve3-v2-approved-2026-07-18,locked,2,2,shuffled,po,cell_identity,17133748143082277481
mve3-v2-approved-2026-07-18,locked,2,2,shuffled,ko,cell_identity,13539473470434975547
mve3-v2-approved-2026-07-18,locked,2,2,shuffled,pko,cell_identity,13898870381058911249
mve3-v2-approved-2026-07-18,locked,2,2,anti,shared,o_collection_root,2601345541572991763
mve3-v2-approved-2026-07-18,locked,2,2,anti,shared,non_o_collection_root,10952875644238302187
mve3-v2-approved-2026-07-18,locked,2,2,anti,shared,evaluation_root,9277549950434082268
mve3-v2-approved-2026-07-18,locked,2,2,anti,none,cell_identity,11079552995042232627
mve3-v2-approved-2026-07-18,locked,2,2,anti,p,cell_identity,5645889491342284667
mve3-v2-approved-2026-07-18,locked,2,2,anti,k,cell_identity,771139840054081817
mve3-v2-approved-2026-07-18,locked,2,2,anti,o,cell_identity,16846398639699485857
mve3-v2-approved-2026-07-18,locked,2,2,anti,pk,cell_identity,17522286236966810918
mve3-v2-approved-2026-07-18,locked,2,2,anti,po,cell_identity,10780634204245965302
mve3-v2-approved-2026-07-18,locked,2,2,anti,ko,cell_identity,7248637220017304777
mve3-v2-approved-2026-07-18,locked,2,2,anti,pko,cell_identity,2368976412683660483
mve3-v2-approved-2026-07-18,locked,2,3,controlled,shared,o_collection_root,6962865593853666964
mve3-v2-approved-2026-07-18,locked,2,3,controlled,shared,non_o_collection_root,7652069980373845293
mve3-v2-approved-2026-07-18,locked,2,3,controlled,shared,evaluation_root,1572971704786549662
mve3-v2-approved-2026-07-18,locked,2,3,controlled,none,cell_identity,564187686368501068
mve3-v2-approved-2026-07-18,locked,2,3,controlled,p,cell_identity,4725873018878095202
mve3-v2-approved-2026-07-18,locked,2,3,controlled,k,cell_identity,10784106642354551573
mve3-v2-approved-2026-07-18,locked,2,3,controlled,o,cell_identity,866509859011931237
mve3-v2-approved-2026-07-18,locked,2,3,controlled,pk,cell_identity,9237044818650619385
mve3-v2-approved-2026-07-18,locked,2,3,controlled,po,cell_identity,7930824934401657647
mve3-v2-approved-2026-07-18,locked,2,3,controlled,ko,cell_identity,4365461879289583199
mve3-v2-approved-2026-07-18,locked,2,3,controlled,pko,cell_identity,1115083605149316239
mve3-v2-approved-2026-07-18,locked,2,3,learned,shared,o_collection_root,5700943769255887290
mve3-v2-approved-2026-07-18,locked,2,3,learned,shared,non_o_collection_root,7652069980373845293
mve3-v2-approved-2026-07-18,locked,2,3,learned,shared,evaluation_root,1572971704786549662
mve3-v2-approved-2026-07-18,locked,2,3,learned,none,cell_identity,14996147434851132681
mve3-v2-approved-2026-07-18,locked,2,3,learned,p,cell_identity,12843295495029591785
mve3-v2-approved-2026-07-18,locked,2,3,learned,k,cell_identity,2472509987036629158
mve3-v2-approved-2026-07-18,locked,2,3,learned,o,cell_identity,12330081799591806157
mve3-v2-approved-2026-07-18,locked,2,3,learned,pk,cell_identity,9626620938328776276
mve3-v2-approved-2026-07-18,locked,2,3,learned,po,cell_identity,9037798995308384050
mve3-v2-approved-2026-07-18,locked,2,3,learned,ko,cell_identity,16998466115872423241
mve3-v2-approved-2026-07-18,locked,2,3,learned,pko,cell_identity,6738195020686535226
mve3-v2-approved-2026-07-18,locked,2,3,shuffled,shared,o_collection_root,4380334209998245150
mve3-v2-approved-2026-07-18,locked,2,3,shuffled,shared,non_o_collection_root,7652069980373845293
mve3-v2-approved-2026-07-18,locked,2,3,shuffled,shared,evaluation_root,1572971704786549662
mve3-v2-approved-2026-07-18,locked,2,3,shuffled,none,cell_identity,17693215204195579512
mve3-v2-approved-2026-07-18,locked,2,3,shuffled,p,cell_identity,18414933932788656144
mve3-v2-approved-2026-07-18,locked,2,3,shuffled,k,cell_identity,4580293183410423799
mve3-v2-approved-2026-07-18,locked,2,3,shuffled,o,cell_identity,13389943550130916564
mve3-v2-approved-2026-07-18,locked,2,3,shuffled,pk,cell_identity,6647455426366662885
mve3-v2-approved-2026-07-18,locked,2,3,shuffled,po,cell_identity,4629857686957536378
mve3-v2-approved-2026-07-18,locked,2,3,shuffled,ko,cell_identity,17935982804684348009
mve3-v2-approved-2026-07-18,locked,2,3,shuffled,pko,cell_identity,9689121913646019712
mve3-v2-approved-2026-07-18,locked,2,3,anti,shared,o_collection_root,8150096850043315348
mve3-v2-approved-2026-07-18,locked,2,3,anti,shared,non_o_collection_root,7652069980373845293
mve3-v2-approved-2026-07-18,locked,2,3,anti,shared,evaluation_root,1572971704786549662
mve3-v2-approved-2026-07-18,locked,2,3,anti,none,cell_identity,26279549556681824
mve3-v2-approved-2026-07-18,locked,2,3,anti,p,cell_identity,16254845360572294402
mve3-v2-approved-2026-07-18,locked,2,3,anti,k,cell_identity,1088706010837572552
mve3-v2-approved-2026-07-18,locked,2,3,anti,o,cell_identity,11590865638837194862
mve3-v2-approved-2026-07-18,locked,2,3,anti,pk,cell_identity,10254207425682742576
mve3-v2-approved-2026-07-18,locked,2,3,anti,po,cell_identity,9396642958810266154
mve3-v2-approved-2026-07-18,locked,2,3,anti,ko,cell_identity,16462338740348354987
mve3-v2-approved-2026-07-18,locked,2,3,anti,pko,cell_identity,8112666189513860458
mve3-v2-approved-2026-07-18,locked,3,1,controlled,shared,o_collection_root,380802462064191237
mve3-v2-approved-2026-07-18,locked,3,1,controlled,shared,non_o_collection_root,4755177832862363611
mve3-v2-approved-2026-07-18,locked,3,1,controlled,shared,evaluation_root,13922910101820082719
mve3-v2-approved-2026-07-18,locked,3,1,controlled,none,cell_identity,2173182100886461968
mve3-v2-approved-2026-07-18,locked,3,1,controlled,p,cell_identity,3329518033692849434
mve3-v2-approved-2026-07-18,locked,3,1,controlled,k,cell_identity,12833676354883426117
mve3-v2-approved-2026-07-18,locked,3,1,controlled,o,cell_identity,498536085755044196
mve3-v2-approved-2026-07-18,locked,3,1,controlled,pk,cell_identity,5399817433028076953
mve3-v2-approved-2026-07-18,locked,3,1,controlled,po,cell_identity,8921258731096411039
mve3-v2-approved-2026-07-18,locked,3,1,controlled,ko,cell_identity,5940397281249204416
mve3-v2-approved-2026-07-18,locked,3,1,controlled,pko,cell_identity,2681321217024524895
mve3-v2-approved-2026-07-18,locked,3,1,learned,shared,o_collection_root,10329308503317944906
mve3-v2-approved-2026-07-18,locked,3,1,learned,shared,non_o_collection_root,4755177832862363611
mve3-v2-approved-2026-07-18,locked,3,1,learned,shared,evaluation_root,13922910101820082719
mve3-v2-approved-2026-07-18,locked,3,1,learned,none,cell_identity,17009682596100329970
mve3-v2-approved-2026-07-18,locked,3,1,learned,p,cell_identity,13694224031326749223
mve3-v2-approved-2026-07-18,locked,3,1,learned,k,cell_identity,14841514655376779934
mve3-v2-approved-2026-07-18,locked,3,1,learned,o,cell_identity,13356926470899057325
mve3-v2-approved-2026-07-18,locked,3,1,learned,pk,cell_identity,14488659936999990537
mve3-v2-approved-2026-07-18,locked,3,1,learned,po,cell_identity,14308031983001224673
mve3-v2-approved-2026-07-18,locked,3,1,learned,ko,cell_identity,8413021807135319116
mve3-v2-approved-2026-07-18,locked,3,1,learned,pko,cell_identity,7182258292867054634
mve3-v2-approved-2026-07-18,locked,3,1,shuffled,shared,o_collection_root,15649917585965558900
mve3-v2-approved-2026-07-18,locked,3,1,shuffled,shared,non_o_collection_root,4755177832862363611
mve3-v2-approved-2026-07-18,locked,3,1,shuffled,shared,evaluation_root,13922910101820082719
mve3-v2-approved-2026-07-18,locked,3,1,shuffled,none,cell_identity,7629174763079435575
mve3-v2-approved-2026-07-18,locked,3,1,shuffled,p,cell_identity,2545022062006374873
mve3-v2-approved-2026-07-18,locked,3,1,shuffled,k,cell_identity,271422884737890168
mve3-v2-approved-2026-07-18,locked,3,1,shuffled,o,cell_identity,4247835274133236712
mve3-v2-approved-2026-07-18,locked,3,1,shuffled,pk,cell_identity,13129461251710595524
mve3-v2-approved-2026-07-18,locked,3,1,shuffled,po,cell_identity,10890808834982009914
mve3-v2-approved-2026-07-18,locked,3,1,shuffled,ko,cell_identity,2011239612985715627
mve3-v2-approved-2026-07-18,locked,3,1,shuffled,pko,cell_identity,8771880952570426001
mve3-v2-approved-2026-07-18,locked,3,1,anti,shared,o_collection_root,1782877339763727439
mve3-v2-approved-2026-07-18,locked,3,1,anti,shared,non_o_collection_root,4755177832862363611
mve3-v2-approved-2026-07-18,locked,3,1,anti,shared,evaluation_root,13922910101820082719
mve3-v2-approved-2026-07-18,locked,3,1,anti,none,cell_identity,17124006031143971826
mve3-v2-approved-2026-07-18,locked,3,1,anti,p,cell_identity,1401223784291516327
mve3-v2-approved-2026-07-18,locked,3,1,anti,k,cell_identity,13787393933686123504
mve3-v2-approved-2026-07-18,locked,3,1,anti,o,cell_identity,3008337224866420595
mve3-v2-approved-2026-07-18,locked,3,1,anti,pk,cell_identity,251261958300220615
mve3-v2-approved-2026-07-18,locked,3,1,anti,po,cell_identity,17599330657664825801
mve3-v2-approved-2026-07-18,locked,3,1,anti,ko,cell_identity,12757040026966954691
mve3-v2-approved-2026-07-18,locked,3,1,anti,pko,cell_identity,7408281737129871834
mve3-v2-approved-2026-07-18,locked,3,2,controlled,shared,o_collection_root,3610225958597475056
mve3-v2-approved-2026-07-18,locked,3,2,controlled,shared,non_o_collection_root,14089975761141277383
mve3-v2-approved-2026-07-18,locked,3,2,controlled,shared,evaluation_root,10915443769421501287
mve3-v2-approved-2026-07-18,locked,3,2,controlled,none,cell_identity,2533310455663813145
mve3-v2-approved-2026-07-18,locked,3,2,controlled,p,cell_identity,10230184175569591440
mve3-v2-approved-2026-07-18,locked,3,2,controlled,k,cell_identity,5049009295202076924
mve3-v2-approved-2026-07-18,locked,3,2,controlled,o,cell_identity,827254218837508035
mve3-v2-approved-2026-07-18,locked,3,2,controlled,pk,cell_identity,9960435859027888411
mve3-v2-approved-2026-07-18,locked,3,2,controlled,po,cell_identity,14451764768621010659
mve3-v2-approved-2026-07-18,locked,3,2,controlled,ko,cell_identity,7204458310639608941
mve3-v2-approved-2026-07-18,locked,3,2,controlled,pko,cell_identity,14586316625417368198
mve3-v2-approved-2026-07-18,locked,3,2,learned,shared,o_collection_root,95223539732008420
mve3-v2-approved-2026-07-18,locked,3,2,learned,shared,non_o_collection_root,14089975761141277383
mve3-v2-approved-2026-07-18,locked,3,2,learned,shared,evaluation_root,10915443769421501287
mve3-v2-approved-2026-07-18,locked,3,2,learned,none,cell_identity,6142990360670256924
mve3-v2-approved-2026-07-18,locked,3,2,learned,p,cell_identity,14064492486034954832
mve3-v2-approved-2026-07-18,locked,3,2,learned,k,cell_identity,1437857141196030378
mve3-v2-approved-2026-07-18,locked,3,2,learned,o,cell_identity,12797148355640768333
mve3-v2-approved-2026-07-18,locked,3,2,learned,pk,cell_identity,2482271545302626715
mve3-v2-approved-2026-07-18,locked,3,2,learned,po,cell_identity,12466837038233571887
mve3-v2-approved-2026-07-18,locked,3,2,learned,ko,cell_identity,3106606136905434430
mve3-v2-approved-2026-07-18,locked,3,2,learned,pko,cell_identity,16027155916032294217
mve3-v2-approved-2026-07-18,locked,3,2,shuffled,shared,o_collection_root,16992650418082232261
mve3-v2-approved-2026-07-18,locked,3,2,shuffled,shared,non_o_collection_root,14089975761141277383
mve3-v2-approved-2026-07-18,locked,3,2,shuffled,shared,evaluation_root,10915443769421501287
mve3-v2-approved-2026-07-18,locked,3,2,shuffled,none,cell_identity,7112418644306096808
mve3-v2-approved-2026-07-18,locked,3,2,shuffled,p,cell_identity,8094140998351033932
mve3-v2-approved-2026-07-18,locked,3,2,shuffled,k,cell_identity,4162421301328526483
mve3-v2-approved-2026-07-18,locked,3,2,shuffled,o,cell_identity,11483470507727770068
mve3-v2-approved-2026-07-18,locked,3,2,shuffled,pk,cell_identity,2242614984796766342
mve3-v2-approved-2026-07-18,locked,3,2,shuffled,po,cell_identity,14908118920379109356
mve3-v2-approved-2026-07-18,locked,3,2,shuffled,ko,cell_identity,6903209752570189472
mve3-v2-approved-2026-07-18,locked,3,2,shuffled,pko,cell_identity,12597172854199719541
mve3-v2-approved-2026-07-18,locked,3,2,anti,shared,o_collection_root,5282125268216192601
mve3-v2-approved-2026-07-18,locked,3,2,anti,shared,non_o_collection_root,14089975761141277383
mve3-v2-approved-2026-07-18,locked,3,2,anti,shared,evaluation_root,10915443769421501287
mve3-v2-approved-2026-07-18,locked,3,2,anti,none,cell_identity,1519951965048878932
mve3-v2-approved-2026-07-18,locked,3,2,anti,p,cell_identity,4485078606530164716
mve3-v2-approved-2026-07-18,locked,3,2,anti,k,cell_identity,15769128117480164894
mve3-v2-approved-2026-07-18,locked,3,2,anti,o,cell_identity,9562443777946667118
mve3-v2-approved-2026-07-18,locked,3,2,anti,pk,cell_identity,1317408632495450277
mve3-v2-approved-2026-07-18,locked,3,2,anti,po,cell_identity,11078271202952254787
mve3-v2-approved-2026-07-18,locked,3,2,anti,ko,cell_identity,15894354983350401437
mve3-v2-approved-2026-07-18,locked,3,2,anti,pko,cell_identity,5123816768940946837
mve3-v2-approved-2026-07-18,locked,3,3,controlled,shared,o_collection_root,5560072887578976170
mve3-v2-approved-2026-07-18,locked,3,3,controlled,shared,non_o_collection_root,15349992869175017005
mve3-v2-approved-2026-07-18,locked,3,3,controlled,shared,evaluation_root,5889458993056305952
mve3-v2-approved-2026-07-18,locked,3,3,controlled,none,cell_identity,17214150435387275939
mve3-v2-approved-2026-07-18,locked,3,3,controlled,p,cell_identity,15564740459487653986
mve3-v2-approved-2026-07-18,locked,3,3,controlled,k,cell_identity,12298174262132018921
mve3-v2-approved-2026-07-18,locked,3,3,controlled,o,cell_identity,8450533054293003911
mve3-v2-approved-2026-07-18,locked,3,3,controlled,pk,cell_identity,13800669868131016216
mve3-v2-approved-2026-07-18,locked,3,3,controlled,po,cell_identity,3436581576611889367
mve3-v2-approved-2026-07-18,locked,3,3,controlled,ko,cell_identity,3859353790873224116
mve3-v2-approved-2026-07-18,locked,3,3,controlled,pko,cell_identity,9110669865678508196
mve3-v2-approved-2026-07-18,locked,3,3,learned,shared,o_collection_root,13264589914374591633
mve3-v2-approved-2026-07-18,locked,3,3,learned,shared,non_o_collection_root,15349992869175017005
mve3-v2-approved-2026-07-18,locked,3,3,learned,shared,evaluation_root,5889458993056305952
mve3-v2-approved-2026-07-18,locked,3,3,learned,none,cell_identity,13420263103026061802
mve3-v2-approved-2026-07-18,locked,3,3,learned,p,cell_identity,4881029134888151575
mve3-v2-approved-2026-07-18,locked,3,3,learned,k,cell_identity,2579849429506155065
mve3-v2-approved-2026-07-18,locked,3,3,learned,o,cell_identity,3915636858637567580
mve3-v2-approved-2026-07-18,locked,3,3,learned,pk,cell_identity,12708184729830404784
mve3-v2-approved-2026-07-18,locked,3,3,learned,po,cell_identity,17103516854957294780
mve3-v2-approved-2026-07-18,locked,3,3,learned,ko,cell_identity,324774805553124847
mve3-v2-approved-2026-07-18,locked,3,3,learned,pko,cell_identity,375548276150760456
mve3-v2-approved-2026-07-18,locked,3,3,shuffled,shared,o_collection_root,7029971998240744168
mve3-v2-approved-2026-07-18,locked,3,3,shuffled,shared,non_o_collection_root,15349992869175017005
mve3-v2-approved-2026-07-18,locked,3,3,shuffled,shared,evaluation_root,5889458993056305952
mve3-v2-approved-2026-07-18,locked,3,3,shuffled,none,cell_identity,3304752761151540602
mve3-v2-approved-2026-07-18,locked,3,3,shuffled,p,cell_identity,6263468180038400810
mve3-v2-approved-2026-07-18,locked,3,3,shuffled,k,cell_identity,857395052405398083
mve3-v2-approved-2026-07-18,locked,3,3,shuffled,o,cell_identity,14653494986368179891
mve3-v2-approved-2026-07-18,locked,3,3,shuffled,pk,cell_identity,2116992469054589542
mve3-v2-approved-2026-07-18,locked,3,3,shuffled,po,cell_identity,2618160007739575694
mve3-v2-approved-2026-07-18,locked,3,3,shuffled,ko,cell_identity,17229069596399556677
mve3-v2-approved-2026-07-18,locked,3,3,shuffled,pko,cell_identity,18442913466299974498
mve3-v2-approved-2026-07-18,locked,3,3,anti,shared,o_collection_root,11701582629256743042
mve3-v2-approved-2026-07-18,locked,3,3,anti,shared,non_o_collection_root,15349992869175017005
mve3-v2-approved-2026-07-18,locked,3,3,anti,shared,evaluation_root,5889458993056305952
mve3-v2-approved-2026-07-18,locked,3,3,anti,none,cell_identity,6758872408553563050
mve3-v2-approved-2026-07-18,locked,3,3,anti,p,cell_identity,6291020287284652287
mve3-v2-approved-2026-07-18,locked,3,3,anti,k,cell_identity,978462823061910662
mve3-v2-approved-2026-07-18,locked,3,3,anti,o,cell_identity,4916365758276549092
mve3-v2-approved-2026-07-18,locked,3,3,anti,pk,cell_identity,9621674975717396157
mve3-v2-approved-2026-07-18,locked,3,3,anti,po,cell_identity,13622954388978065005
mve3-v2-approved-2026-07-18,locked,3,3,anti,ko,cell_identity,1014649606292251718
mve3-v2-approved-2026-07-18,locked,3,3,anti,pko,cell_identity,8002439383898933414
mve3-v2-approved-2026-07-18,locked,4,1,controlled,shared,o_collection_root,1309113550292828379
mve3-v2-approved-2026-07-18,locked,4,1,controlled,shared,non_o_collection_root,5519974167310531368
mve3-v2-approved-2026-07-18,locked,4,1,controlled,shared,evaluation_root,9444008338482905797
mve3-v2-approved-2026-07-18,locked,4,1,controlled,none,cell_identity,13153701254891845747
mve3-v2-approved-2026-07-18,locked,4,1,controlled,p,cell_identity,6130530890203559948
mve3-v2-approved-2026-07-18,locked,4,1,controlled,k,cell_identity,14395834307752528486
mve3-v2-approved-2026-07-18,locked,4,1,controlled,o,cell_identity,16481837666391456499
mve3-v2-approved-2026-07-18,locked,4,1,controlled,pk,cell_identity,12439227055626688626
mve3-v2-approved-2026-07-18,locked,4,1,controlled,po,cell_identity,17872805399248468747
mve3-v2-approved-2026-07-18,locked,4,1,controlled,ko,cell_identity,6105144345803633166
mve3-v2-approved-2026-07-18,locked,4,1,controlled,pko,cell_identity,13096593109786284819
mve3-v2-approved-2026-07-18,locked,4,1,learned,shared,o_collection_root,7438461577639839437
mve3-v2-approved-2026-07-18,locked,4,1,learned,shared,non_o_collection_root,5519974167310531368
mve3-v2-approved-2026-07-18,locked,4,1,learned,shared,evaluation_root,9444008338482905797
mve3-v2-approved-2026-07-18,locked,4,1,learned,none,cell_identity,15206447300710518633
mve3-v2-approved-2026-07-18,locked,4,1,learned,p,cell_identity,12596911772919323545
mve3-v2-approved-2026-07-18,locked,4,1,learned,k,cell_identity,13452744849444578521
mve3-v2-approved-2026-07-18,locked,4,1,learned,o,cell_identity,14219522040085104317
mve3-v2-approved-2026-07-18,locked,4,1,learned,pk,cell_identity,4860936703316187437
mve3-v2-approved-2026-07-18,locked,4,1,learned,po,cell_identity,15241925212981063549
mve3-v2-approved-2026-07-18,locked,4,1,learned,ko,cell_identity,13561237052574096968
mve3-v2-approved-2026-07-18,locked,4,1,learned,pko,cell_identity,12763780205089001001
mve3-v2-approved-2026-07-18,locked,4,1,shuffled,shared,o_collection_root,12316156613741954131
mve3-v2-approved-2026-07-18,locked,4,1,shuffled,shared,non_o_collection_root,5519974167310531368
mve3-v2-approved-2026-07-18,locked,4,1,shuffled,shared,evaluation_root,9444008338482905797
mve3-v2-approved-2026-07-18,locked,4,1,shuffled,none,cell_identity,14344857632390209187
mve3-v2-approved-2026-07-18,locked,4,1,shuffled,p,cell_identity,4805493758146908571
mve3-v2-approved-2026-07-18,locked,4,1,shuffled,k,cell_identity,5947386842205872985
mve3-v2-approved-2026-07-18,locked,4,1,shuffled,o,cell_identity,3599747629484921141
mve3-v2-approved-2026-07-18,locked,4,1,shuffled,pk,cell_identity,2077718256433842593
mve3-v2-approved-2026-07-18,locked,4,1,shuffled,po,cell_identity,17748481302408589972
mve3-v2-approved-2026-07-18,locked,4,1,shuffled,ko,cell_identity,8508254659632356798
mve3-v2-approved-2026-07-18,locked,4,1,shuffled,pko,cell_identity,9645153754596019603
mve3-v2-approved-2026-07-18,locked,4,1,anti,shared,o_collection_root,15204244358680660128
mve3-v2-approved-2026-07-18,locked,4,1,anti,shared,non_o_collection_root,5519974167310531368
mve3-v2-approved-2026-07-18,locked,4,1,anti,shared,evaluation_root,9444008338482905797
mve3-v2-approved-2026-07-18,locked,4,1,anti,none,cell_identity,2378355399483682563
mve3-v2-approved-2026-07-18,locked,4,1,anti,p,cell_identity,5409248260393254843
mve3-v2-approved-2026-07-18,locked,4,1,anti,k,cell_identity,13073097892991940181
mve3-v2-approved-2026-07-18,locked,4,1,anti,o,cell_identity,16441504645359182431
mve3-v2-approved-2026-07-18,locked,4,1,anti,pk,cell_identity,5474374143513648482
mve3-v2-approved-2026-07-18,locked,4,1,anti,po,cell_identity,1397956505621071872
mve3-v2-approved-2026-07-18,locked,4,1,anti,ko,cell_identity,18027341039291258078
mve3-v2-approved-2026-07-18,locked,4,1,anti,pko,cell_identity,992106506194470872
mve3-v2-approved-2026-07-18,locked,4,2,controlled,shared,o_collection_root,15986552115903940186
mve3-v2-approved-2026-07-18,locked,4,2,controlled,shared,non_o_collection_root,17273054473913499720
mve3-v2-approved-2026-07-18,locked,4,2,controlled,shared,evaluation_root,1549210556124378217
mve3-v2-approved-2026-07-18,locked,4,2,controlled,none,cell_identity,16185296097450791589
mve3-v2-approved-2026-07-18,locked,4,2,controlled,p,cell_identity,3840970143284135448
mve3-v2-approved-2026-07-18,locked,4,2,controlled,k,cell_identity,17851545603116555646
mve3-v2-approved-2026-07-18,locked,4,2,controlled,o,cell_identity,13986608717279324008
mve3-v2-approved-2026-07-18,locked,4,2,controlled,pk,cell_identity,6149796241872382989
mve3-v2-approved-2026-07-18,locked,4,2,controlled,po,cell_identity,5335237425601821939
mve3-v2-approved-2026-07-18,locked,4,2,controlled,ko,cell_identity,2844962175714866720
mve3-v2-approved-2026-07-18,locked,4,2,controlled,pko,cell_identity,6204647848637254297
mve3-v2-approved-2026-07-18,locked,4,2,learned,shared,o_collection_root,13921421739544801484
mve3-v2-approved-2026-07-18,locked,4,2,learned,shared,non_o_collection_root,17273054473913499720
mve3-v2-approved-2026-07-18,locked,4,2,learned,shared,evaluation_root,1549210556124378217
mve3-v2-approved-2026-07-18,locked,4,2,learned,none,cell_identity,3287625886644728340
mve3-v2-approved-2026-07-18,locked,4,2,learned,p,cell_identity,9949500891438633042
mve3-v2-approved-2026-07-18,locked,4,2,learned,k,cell_identity,5101371587128427688
mve3-v2-approved-2026-07-18,locked,4,2,learned,o,cell_identity,1050495610872614063
mve3-v2-approved-2026-07-18,locked,4,2,learned,pk,cell_identity,15365696219331934397
mve3-v2-approved-2026-07-18,locked,4,2,learned,po,cell_identity,3618640530886799523
mve3-v2-approved-2026-07-18,locked,4,2,learned,ko,cell_identity,3624192100805377246
mve3-v2-approved-2026-07-18,locked,4,2,learned,pko,cell_identity,12986894910978192517
mve3-v2-approved-2026-07-18,locked,4,2,shuffled,shared,o_collection_root,13082671846349178758
mve3-v2-approved-2026-07-18,locked,4,2,shuffled,shared,non_o_collection_root,17273054473913499720
mve3-v2-approved-2026-07-18,locked,4,2,shuffled,shared,evaluation_root,1549210556124378217
mve3-v2-approved-2026-07-18,locked,4,2,shuffled,none,cell_identity,3531218358371518746
mve3-v2-approved-2026-07-18,locked,4,2,shuffled,p,cell_identity,6234801656275165382
mve3-v2-approved-2026-07-18,locked,4,2,shuffled,k,cell_identity,3089718042487392708
mve3-v2-approved-2026-07-18,locked,4,2,shuffled,o,cell_identity,5066366076804655143
mve3-v2-approved-2026-07-18,locked,4,2,shuffled,pk,cell_identity,3634899749273450278
mve3-v2-approved-2026-07-18,locked,4,2,shuffled,po,cell_identity,6576846682068123101
mve3-v2-approved-2026-07-18,locked,4,2,shuffled,ko,cell_identity,2508073938877051439
mve3-v2-approved-2026-07-18,locked,4,2,shuffled,pko,cell_identity,17140390586728716874
mve3-v2-approved-2026-07-18,locked,4,2,anti,shared,o_collection_root,1148210990116673816
mve3-v2-approved-2026-07-18,locked,4,2,anti,shared,non_o_collection_root,17273054473913499720
mve3-v2-approved-2026-07-18,locked,4,2,anti,shared,evaluation_root,1549210556124378217
mve3-v2-approved-2026-07-18,locked,4,2,anti,none,cell_identity,17513922020607403863
mve3-v2-approved-2026-07-18,locked,4,2,anti,p,cell_identity,8911807067157092603
mve3-v2-approved-2026-07-18,locked,4,2,anti,k,cell_identity,1897102504539626975
mve3-v2-approved-2026-07-18,locked,4,2,anti,o,cell_identity,8272196243193161228
mve3-v2-approved-2026-07-18,locked,4,2,anti,pk,cell_identity,2382698863020782890
mve3-v2-approved-2026-07-18,locked,4,2,anti,po,cell_identity,7511384511692950454
mve3-v2-approved-2026-07-18,locked,4,2,anti,ko,cell_identity,7287145525748581520
mve3-v2-approved-2026-07-18,locked,4,2,anti,pko,cell_identity,6226814565578109809
mve3-v2-approved-2026-07-18,locked,4,3,controlled,shared,o_collection_root,331230828116934715
mve3-v2-approved-2026-07-18,locked,4,3,controlled,shared,non_o_collection_root,7203782723815740385
mve3-v2-approved-2026-07-18,locked,4,3,controlled,shared,evaluation_root,2403988336087090139
mve3-v2-approved-2026-07-18,locked,4,3,controlled,none,cell_identity,440640088555715072
mve3-v2-approved-2026-07-18,locked,4,3,controlled,p,cell_identity,18256703697596698262
mve3-v2-approved-2026-07-18,locked,4,3,controlled,k,cell_identity,14067897371256019218
mve3-v2-approved-2026-07-18,locked,4,3,controlled,o,cell_identity,676035361919057434
mve3-v2-approved-2026-07-18,locked,4,3,controlled,pk,cell_identity,11099859237397718041
mve3-v2-approved-2026-07-18,locked,4,3,controlled,po,cell_identity,8014125771457141632
mve3-v2-approved-2026-07-18,locked,4,3,controlled,ko,cell_identity,8803443288609899608
mve3-v2-approved-2026-07-18,locked,4,3,controlled,pko,cell_identity,6236768832025953764
mve3-v2-approved-2026-07-18,locked,4,3,learned,shared,o_collection_root,15619247446934640943
mve3-v2-approved-2026-07-18,locked,4,3,learned,shared,non_o_collection_root,7203782723815740385
mve3-v2-approved-2026-07-18,locked,4,3,learned,shared,evaluation_root,2403988336087090139
mve3-v2-approved-2026-07-18,locked,4,3,learned,none,cell_identity,3889458944199422629
mve3-v2-approved-2026-07-18,locked,4,3,learned,p,cell_identity,4757123060520644523
mve3-v2-approved-2026-07-18,locked,4,3,learned,k,cell_identity,14216875736075150118
mve3-v2-approved-2026-07-18,locked,4,3,learned,o,cell_identity,9750275474166861564
mve3-v2-approved-2026-07-18,locked,4,3,learned,pk,cell_identity,8160052883104106411
mve3-v2-approved-2026-07-18,locked,4,3,learned,po,cell_identity,15730624155087502088
mve3-v2-approved-2026-07-18,locked,4,3,learned,ko,cell_identity,15596936796262518824
mve3-v2-approved-2026-07-18,locked,4,3,learned,pko,cell_identity,14534085584917776328
mve3-v2-approved-2026-07-18,locked,4,3,shuffled,shared,o_collection_root,17044872277466591252
mve3-v2-approved-2026-07-18,locked,4,3,shuffled,shared,non_o_collection_root,7203782723815740385
mve3-v2-approved-2026-07-18,locked,4,3,shuffled,shared,evaluation_root,2403988336087090139
mve3-v2-approved-2026-07-18,locked,4,3,shuffled,none,cell_identity,10337018678591417686
mve3-v2-approved-2026-07-18,locked,4,3,shuffled,p,cell_identity,17896748810151844054
mve3-v2-approved-2026-07-18,locked,4,3,shuffled,k,cell_identity,10515890166570653585
mve3-v2-approved-2026-07-18,locked,4,3,shuffled,o,cell_identity,16765455829700790556
mve3-v2-approved-2026-07-18,locked,4,3,shuffled,pk,cell_identity,17971190774190093198
mve3-v2-approved-2026-07-18,locked,4,3,shuffled,po,cell_identity,3312521555586061822
mve3-v2-approved-2026-07-18,locked,4,3,shuffled,ko,cell_identity,13615206353488657834
mve3-v2-approved-2026-07-18,locked,4,3,shuffled,pko,cell_identity,5524017087690674900
mve3-v2-approved-2026-07-18,locked,4,3,anti,shared,o_collection_root,17541569116229669834
mve3-v2-approved-2026-07-18,locked,4,3,anti,shared,non_o_collection_root,7203782723815740385
mve3-v2-approved-2026-07-18,locked,4,3,anti,shared,evaluation_root,2403988336087090139
mve3-v2-approved-2026-07-18,locked,4,3,anti,none,cell_identity,1201606322220541471
mve3-v2-approved-2026-07-18,locked,4,3,anti,p,cell_identity,15617888637137979771
mve3-v2-approved-2026-07-18,locked,4,3,anti,k,cell_identity,4142104201318545226
mve3-v2-approved-2026-07-18,locked,4,3,anti,o,cell_identity,1144017569914587770
mve3-v2-approved-2026-07-18,locked,4,3,anti,pk,cell_identity,6164359496599353731
mve3-v2-approved-2026-07-18,locked,4,3,anti,po,cell_identity,15700070873360794604
mve3-v2-approved-2026-07-18,locked,4,3,anti,ko,cell_identity,224322751097022126
mve3-v2-approved-2026-07-18,locked,4,3,anti,pko,cell_identity,13436030444648416979
mve3-v2-approved-2026-07-18,locked,5,1,controlled,shared,o_collection_root,14405586764534845721
mve3-v2-approved-2026-07-18,locked,5,1,controlled,shared,non_o_collection_root,2096269776041182093
mve3-v2-approved-2026-07-18,locked,5,1,controlled,shared,evaluation_root,17215116992023395906
mve3-v2-approved-2026-07-18,locked,5,1,controlled,none,cell_identity,10671092610288904861
mve3-v2-approved-2026-07-18,locked,5,1,controlled,p,cell_identity,3782354690651552725
mve3-v2-approved-2026-07-18,locked,5,1,controlled,k,cell_identity,18271049972276105194
mve3-v2-approved-2026-07-18,locked,5,1,controlled,o,cell_identity,9508474932669825416
mve3-v2-approved-2026-07-18,locked,5,1,controlled,pk,cell_identity,13162655297305946169
mve3-v2-approved-2026-07-18,locked,5,1,controlled,po,cell_identity,11087199075469289181
mve3-v2-approved-2026-07-18,locked,5,1,controlled,ko,cell_identity,17873316079829139614
mve3-v2-approved-2026-07-18,locked,5,1,controlled,pko,cell_identity,15745952832457436893
mve3-v2-approved-2026-07-18,locked,5,1,learned,shared,o_collection_root,9789764153165851897
mve3-v2-approved-2026-07-18,locked,5,1,learned,shared,non_o_collection_root,2096269776041182093
mve3-v2-approved-2026-07-18,locked,5,1,learned,shared,evaluation_root,17215116992023395906
mve3-v2-approved-2026-07-18,locked,5,1,learned,none,cell_identity,8477362885733625128
mve3-v2-approved-2026-07-18,locked,5,1,learned,p,cell_identity,11720310649716336250
mve3-v2-approved-2026-07-18,locked,5,1,learned,k,cell_identity,14357773970421579229
mve3-v2-approved-2026-07-18,locked,5,1,learned,o,cell_identity,6152236202609515515
mve3-v2-approved-2026-07-18,locked,5,1,learned,pk,cell_identity,13090361377612254347
mve3-v2-approved-2026-07-18,locked,5,1,learned,po,cell_identity,9910916008891865865
mve3-v2-approved-2026-07-18,locked,5,1,learned,ko,cell_identity,9225492619814922646
mve3-v2-approved-2026-07-18,locked,5,1,learned,pko,cell_identity,14520586777724541298
mve3-v2-approved-2026-07-18,locked,5,1,shuffled,shared,o_collection_root,15551317510191679214
mve3-v2-approved-2026-07-18,locked,5,1,shuffled,shared,non_o_collection_root,2096269776041182093
mve3-v2-approved-2026-07-18,locked,5,1,shuffled,shared,evaluation_root,17215116992023395906
mve3-v2-approved-2026-07-18,locked,5,1,shuffled,none,cell_identity,689892900779328726
mve3-v2-approved-2026-07-18,locked,5,1,shuffled,p,cell_identity,5289206745446590071
mve3-v2-approved-2026-07-18,locked,5,1,shuffled,k,cell_identity,2545172209721146617
mve3-v2-approved-2026-07-18,locked,5,1,shuffled,o,cell_identity,17046760296045444317
mve3-v2-approved-2026-07-18,locked,5,1,shuffled,pk,cell_identity,5207250391320242789
mve3-v2-approved-2026-07-18,locked,5,1,shuffled,po,cell_identity,2366030305993104425
mve3-v2-approved-2026-07-18,locked,5,1,shuffled,ko,cell_identity,9320381003793092706
mve3-v2-approved-2026-07-18,locked,5,1,shuffled,pko,cell_identity,1365826101562689156
mve3-v2-approved-2026-07-18,locked,5,1,anti,shared,o_collection_root,355549305965944435
mve3-v2-approved-2026-07-18,locked,5,1,anti,shared,non_o_collection_root,2096269776041182093
mve3-v2-approved-2026-07-18,locked,5,1,anti,shared,evaluation_root,17215116992023395906
mve3-v2-approved-2026-07-18,locked,5,1,anti,none,cell_identity,4379943277364662223
mve3-v2-approved-2026-07-18,locked,5,1,anti,p,cell_identity,14219558177883847347
mve3-v2-approved-2026-07-18,locked,5,1,anti,k,cell_identity,6071122449062270594
mve3-v2-approved-2026-07-18,locked,5,1,anti,o,cell_identity,16410413273380136274
mve3-v2-approved-2026-07-18,locked,5,1,anti,pk,cell_identity,15200440313623050432
mve3-v2-approved-2026-07-18,locked,5,1,anti,po,cell_identity,1929991483899222134
mve3-v2-approved-2026-07-18,locked,5,1,anti,ko,cell_identity,6681574730140716473
mve3-v2-approved-2026-07-18,locked,5,1,anti,pko,cell_identity,15825711105583538456
mve3-v2-approved-2026-07-18,locked,5,2,controlled,shared,o_collection_root,6123697158384394691
mve3-v2-approved-2026-07-18,locked,5,2,controlled,shared,non_o_collection_root,11066028272732398287
mve3-v2-approved-2026-07-18,locked,5,2,controlled,shared,evaluation_root,16963466142035175214
mve3-v2-approved-2026-07-18,locked,5,2,controlled,none,cell_identity,406676088694471935
mve3-v2-approved-2026-07-18,locked,5,2,controlled,p,cell_identity,15375347359837927925
mve3-v2-approved-2026-07-18,locked,5,2,controlled,k,cell_identity,14602900213142667052
mve3-v2-approved-2026-07-18,locked,5,2,controlled,o,cell_identity,2004511049326245602
mve3-v2-approved-2026-07-18,locked,5,2,controlled,pk,cell_identity,12405452522035071724
mve3-v2-approved-2026-07-18,locked,5,2,controlled,po,cell_identity,12310900149567631422
mve3-v2-approved-2026-07-18,locked,5,2,controlled,ko,cell_identity,16400568591291627303
mve3-v2-approved-2026-07-18,locked,5,2,controlled,pko,cell_identity,4455000693777104404
mve3-v2-approved-2026-07-18,locked,5,2,learned,shared,o_collection_root,2859599251465517096
mve3-v2-approved-2026-07-18,locked,5,2,learned,shared,non_o_collection_root,11066028272732398287
mve3-v2-approved-2026-07-18,locked,5,2,learned,shared,evaluation_root,16963466142035175214
mve3-v2-approved-2026-07-18,locked,5,2,learned,none,cell_identity,12997643869294717832
mve3-v2-approved-2026-07-18,locked,5,2,learned,p,cell_identity,3739007498916889790
mve3-v2-approved-2026-07-18,locked,5,2,learned,k,cell_identity,12774700567181677249
mve3-v2-approved-2026-07-18,locked,5,2,learned,o,cell_identity,3230692321290624617
mve3-v2-approved-2026-07-18,locked,5,2,learned,pk,cell_identity,7325759424017233794
mve3-v2-approved-2026-07-18,locked,5,2,learned,po,cell_identity,13525024527389166764
mve3-v2-approved-2026-07-18,locked,5,2,learned,ko,cell_identity,7382997398551036886
mve3-v2-approved-2026-07-18,locked,5,2,learned,pko,cell_identity,15229971022620122073
mve3-v2-approved-2026-07-18,locked,5,2,shuffled,shared,o_collection_root,1230877748034098758
mve3-v2-approved-2026-07-18,locked,5,2,shuffled,shared,non_o_collection_root,11066028272732398287
mve3-v2-approved-2026-07-18,locked,5,2,shuffled,shared,evaluation_root,16963466142035175214
mve3-v2-approved-2026-07-18,locked,5,2,shuffled,none,cell_identity,4874495406834712549
mve3-v2-approved-2026-07-18,locked,5,2,shuffled,p,cell_identity,13108740932745238104
mve3-v2-approved-2026-07-18,locked,5,2,shuffled,k,cell_identity,3467102237196177888
mve3-v2-approved-2026-07-18,locked,5,2,shuffled,o,cell_identity,590198533521374103
mve3-v2-approved-2026-07-18,locked,5,2,shuffled,pk,cell_identity,13951197965807426878
mve3-v2-approved-2026-07-18,locked,5,2,shuffled,po,cell_identity,4366990374864649676
mve3-v2-approved-2026-07-18,locked,5,2,shuffled,ko,cell_identity,13644921607255977697
mve3-v2-approved-2026-07-18,locked,5,2,shuffled,pko,cell_identity,9501747240280638616
mve3-v2-approved-2026-07-18,locked,5,2,anti,shared,o_collection_root,2294724656998834813
mve3-v2-approved-2026-07-18,locked,5,2,anti,shared,non_o_collection_root,11066028272732398287
mve3-v2-approved-2026-07-18,locked,5,2,anti,shared,evaluation_root,16963466142035175214
mve3-v2-approved-2026-07-18,locked,5,2,anti,none,cell_identity,16144225222852155982
mve3-v2-approved-2026-07-18,locked,5,2,anti,p,cell_identity,4933745982463807473
mve3-v2-approved-2026-07-18,locked,5,2,anti,k,cell_identity,15620658883847721034
mve3-v2-approved-2026-07-18,locked,5,2,anti,o,cell_identity,15572096751095903271
mve3-v2-approved-2026-07-18,locked,5,2,anti,pk,cell_identity,9896669928150051672
mve3-v2-approved-2026-07-18,locked,5,2,anti,po,cell_identity,8059964700400011193
mve3-v2-approved-2026-07-18,locked,5,2,anti,ko,cell_identity,9483684697717971707
mve3-v2-approved-2026-07-18,locked,5,2,anti,pko,cell_identity,15135772814944240174
mve3-v2-approved-2026-07-18,locked,5,3,controlled,shared,o_collection_root,1118457651484566547
mve3-v2-approved-2026-07-18,locked,5,3,controlled,shared,non_o_collection_root,6985099538049397777
mve3-v2-approved-2026-07-18,locked,5,3,controlled,shared,evaluation_root,17406388396309899548
mve3-v2-approved-2026-07-18,locked,5,3,controlled,none,cell_identity,18131266277633805234
mve3-v2-approved-2026-07-18,locked,5,3,controlled,p,cell_identity,3067217430036291766
mve3-v2-approved-2026-07-18,locked,5,3,controlled,k,cell_identity,7538601087859592951
mve3-v2-approved-2026-07-18,locked,5,3,controlled,o,cell_identity,3169865691268607029
mve3-v2-approved-2026-07-18,locked,5,3,controlled,pk,cell_identity,8433725239673633885
mve3-v2-approved-2026-07-18,locked,5,3,controlled,po,cell_identity,13063617298366456886
mve3-v2-approved-2026-07-18,locked,5,3,controlled,ko,cell_identity,594990651917984756
mve3-v2-approved-2026-07-18,locked,5,3,controlled,pko,cell_identity,3587337844628751280
mve3-v2-approved-2026-07-18,locked,5,3,learned,shared,o_collection_root,12254089942698524404
mve3-v2-approved-2026-07-18,locked,5,3,learned,shared,non_o_collection_root,6985099538049397777
mve3-v2-approved-2026-07-18,locked,5,3,learned,shared,evaluation_root,17406388396309899548
mve3-v2-approved-2026-07-18,locked,5,3,learned,none,cell_identity,3493909421689181329
mve3-v2-approved-2026-07-18,locked,5,3,learned,p,cell_identity,4798528828055529375
mve3-v2-approved-2026-07-18,locked,5,3,learned,k,cell_identity,11869300482857904766
mve3-v2-approved-2026-07-18,locked,5,3,learned,o,cell_identity,10025047404761327934
mve3-v2-approved-2026-07-18,locked,5,3,learned,pk,cell_identity,9417844237197627638
mve3-v2-approved-2026-07-18,locked,5,3,learned,po,cell_identity,531674532208348025
mve3-v2-approved-2026-07-18,locked,5,3,learned,ko,cell_identity,10289040173064506540
mve3-v2-approved-2026-07-18,locked,5,3,learned,pko,cell_identity,17531296521681643348
mve3-v2-approved-2026-07-18,locked,5,3,shuffled,shared,o_collection_root,18254592991697874764
mve3-v2-approved-2026-07-18,locked,5,3,shuffled,shared,non_o_collection_root,6985099538049397777
mve3-v2-approved-2026-07-18,locked,5,3,shuffled,shared,evaluation_root,17406388396309899548
mve3-v2-approved-2026-07-18,locked,5,3,shuffled,none,cell_identity,10379241718252181612
mve3-v2-approved-2026-07-18,locked,5,3,shuffled,p,cell_identity,16749726300932891708
mve3-v2-approved-2026-07-18,locked,5,3,shuffled,k,cell_identity,14129044792877312394
mve3-v2-approved-2026-07-18,locked,5,3,shuffled,o,cell_identity,1428085448690238621
mve3-v2-approved-2026-07-18,locked,5,3,shuffled,pk,cell_identity,1001690730325942385
mve3-v2-approved-2026-07-18,locked,5,3,shuffled,po,cell_identity,17268323090995804235
mve3-v2-approved-2026-07-18,locked,5,3,shuffled,ko,cell_identity,13348327601402199096
mve3-v2-approved-2026-07-18,locked,5,3,shuffled,pko,cell_identity,16006149616879254065
mve3-v2-approved-2026-07-18,locked,5,3,anti,shared,o_collection_root,6258396593698643165
mve3-v2-approved-2026-07-18,locked,5,3,anti,shared,non_o_collection_root,6985099538049397777
mve3-v2-approved-2026-07-18,locked,5,3,anti,shared,evaluation_root,17406388396309899548
mve3-v2-approved-2026-07-18,locked,5,3,anti,none,cell_identity,500934751484958549
mve3-v2-approved-2026-07-18,locked,5,3,anti,p,cell_identity,6056278657536029917
mve3-v2-approved-2026-07-18,locked,5,3,anti,k,cell_identity,11138560698441356088
mve3-v2-approved-2026-07-18,locked,5,3,anti,o,cell_identity,1538752096328345579
mve3-v2-approved-2026-07-18,locked,5,3,anti,pk,cell_identity,9951940483982126785
mve3-v2-approved-2026-07-18,locked,5,3,anti,po,cell_identity,13394001846698253221
mve3-v2-approved-2026-07-18,locked,5,3,anti,ko,cell_identity,14123067253388899814
mve3-v2-approved-2026-07-18,locked,5,3,anti,pko,cell_identity,8212778225542852377
mve3-v2-approved-2026-07-18,locked,6,1,controlled,shared,o_collection_root,11757550146523221866
mve3-v2-approved-2026-07-18,locked,6,1,controlled,shared,non_o_collection_root,9680382418000578418
mve3-v2-approved-2026-07-18,locked,6,1,controlled,shared,evaluation_root,17750571725103455801
mve3-v2-approved-2026-07-18,locked,6,1,controlled,none,cell_identity,1664225782759318560
mve3-v2-approved-2026-07-18,locked,6,1,controlled,p,cell_identity,2885888613713027651
mve3-v2-approved-2026-07-18,locked,6,1,controlled,k,cell_identity,475009662721578455
mve3-v2-approved-2026-07-18,locked,6,1,controlled,o,cell_identity,15670500965601009641
mve3-v2-approved-2026-07-18,locked,6,1,controlled,pk,cell_identity,13615659539876870816
mve3-v2-approved-2026-07-18,locked,6,1,controlled,po,cell_identity,16409585298487614179
mve3-v2-approved-2026-07-18,locked,6,1,controlled,ko,cell_identity,17162679735622676366
mve3-v2-approved-2026-07-18,locked,6,1,controlled,pko,cell_identity,7778632333813903321
mve3-v2-approved-2026-07-18,locked,6,1,learned,shared,o_collection_root,8125484130588916424
mve3-v2-approved-2026-07-18,locked,6,1,learned,shared,non_o_collection_root,9680382418000578418
mve3-v2-approved-2026-07-18,locked,6,1,learned,shared,evaluation_root,17750571725103455801
mve3-v2-approved-2026-07-18,locked,6,1,learned,none,cell_identity,16823269763459329048
mve3-v2-approved-2026-07-18,locked,6,1,learned,p,cell_identity,1629136174740797051
mve3-v2-approved-2026-07-18,locked,6,1,learned,k,cell_identity,7005941257792645665
mve3-v2-approved-2026-07-18,locked,6,1,learned,o,cell_identity,17192293547497102881
mve3-v2-approved-2026-07-18,locked,6,1,learned,pk,cell_identity,4363454047277464054
mve3-v2-approved-2026-07-18,locked,6,1,learned,po,cell_identity,7622134219666784317
mve3-v2-approved-2026-07-18,locked,6,1,learned,ko,cell_identity,17639277094453271957
mve3-v2-approved-2026-07-18,locked,6,1,learned,pko,cell_identity,16686949768206855619
mve3-v2-approved-2026-07-18,locked,6,1,shuffled,shared,o_collection_root,5198511647780558268
mve3-v2-approved-2026-07-18,locked,6,1,shuffled,shared,non_o_collection_root,9680382418000578418
mve3-v2-approved-2026-07-18,locked,6,1,shuffled,shared,evaluation_root,17750571725103455801
mve3-v2-approved-2026-07-18,locked,6,1,shuffled,none,cell_identity,17700516888249515230
mve3-v2-approved-2026-07-18,locked,6,1,shuffled,p,cell_identity,3627330895369859299
mve3-v2-approved-2026-07-18,locked,6,1,shuffled,k,cell_identity,15738994691968882583
mve3-v2-approved-2026-07-18,locked,6,1,shuffled,o,cell_identity,12737192458541305915
mve3-v2-approved-2026-07-18,locked,6,1,shuffled,pk,cell_identity,5546910630958467320
mve3-v2-approved-2026-07-18,locked,6,1,shuffled,po,cell_identity,18377920815265689270
mve3-v2-approved-2026-07-18,locked,6,1,shuffled,ko,cell_identity,12684518012917518001
mve3-v2-approved-2026-07-18,locked,6,1,shuffled,pko,cell_identity,5084475135577455045
mve3-v2-approved-2026-07-18,locked,6,1,anti,shared,o_collection_root,11027641007498693940
mve3-v2-approved-2026-07-18,locked,6,1,anti,shared,non_o_collection_root,9680382418000578418
mve3-v2-approved-2026-07-18,locked,6,1,anti,shared,evaluation_root,17750571725103455801
mve3-v2-approved-2026-07-18,locked,6,1,anti,none,cell_identity,11029795185224026379
mve3-v2-approved-2026-07-18,locked,6,1,anti,p,cell_identity,10677030722417539029
mve3-v2-approved-2026-07-18,locked,6,1,anti,k,cell_identity,9113494349656942985
mve3-v2-approved-2026-07-18,locked,6,1,anti,o,cell_identity,2441958314917537494
mve3-v2-approved-2026-07-18,locked,6,1,anti,pk,cell_identity,14852500701895278008
mve3-v2-approved-2026-07-18,locked,6,1,anti,po,cell_identity,17224595040942813069
mve3-v2-approved-2026-07-18,locked,6,1,anti,ko,cell_identity,9556890659065680223
mve3-v2-approved-2026-07-18,locked,6,1,anti,pko,cell_identity,8249185638199347596
mve3-v2-approved-2026-07-18,locked,6,2,controlled,shared,o_collection_root,8309002558742535256
mve3-v2-approved-2026-07-18,locked,6,2,controlled,shared,non_o_collection_root,3870122464750906525
mve3-v2-approved-2026-07-18,locked,6,2,controlled,shared,evaluation_root,10739954618963786529
mve3-v2-approved-2026-07-18,locked,6,2,controlled,none,cell_identity,10887229623173332392
mve3-v2-approved-2026-07-18,locked,6,2,controlled,p,cell_identity,11516632119531102730
mve3-v2-approved-2026-07-18,locked,6,2,controlled,k,cell_identity,16002403689176644920
mve3-v2-approved-2026-07-18,locked,6,2,controlled,o,cell_identity,12402628174641349748
mve3-v2-approved-2026-07-18,locked,6,2,controlled,pk,cell_identity,15460097920331146439
mve3-v2-approved-2026-07-18,locked,6,2,controlled,po,cell_identity,11383745737851154261
mve3-v2-approved-2026-07-18,locked,6,2,controlled,ko,cell_identity,6006939343554008351
mve3-v2-approved-2026-07-18,locked,6,2,controlled,pko,cell_identity,18388706113901139665
mve3-v2-approved-2026-07-18,locked,6,2,learned,shared,o_collection_root,14081853413230618909
mve3-v2-approved-2026-07-18,locked,6,2,learned,shared,non_o_collection_root,3870122464750906525
mve3-v2-approved-2026-07-18,locked,6,2,learned,shared,evaluation_root,10739954618963786529
mve3-v2-approved-2026-07-18,locked,6,2,learned,none,cell_identity,7895406527588649113
mve3-v2-approved-2026-07-18,locked,6,2,learned,p,cell_identity,5043361665447923883
mve3-v2-approved-2026-07-18,locked,6,2,learned,k,cell_identity,12414336837260167031
mve3-v2-approved-2026-07-18,locked,6,2,learned,o,cell_identity,8744668879444153410
mve3-v2-approved-2026-07-18,locked,6,2,learned,pk,cell_identity,17229026095546067114
mve3-v2-approved-2026-07-18,locked,6,2,learned,po,cell_identity,7390262533863759049
mve3-v2-approved-2026-07-18,locked,6,2,learned,ko,cell_identity,8589220032089416544
mve3-v2-approved-2026-07-18,locked,6,2,learned,pko,cell_identity,14248083134239422065
mve3-v2-approved-2026-07-18,locked,6,2,shuffled,shared,o_collection_root,6678362632040930997
mve3-v2-approved-2026-07-18,locked,6,2,shuffled,shared,non_o_collection_root,3870122464750906525
mve3-v2-approved-2026-07-18,locked,6,2,shuffled,shared,evaluation_root,10739954618963786529
mve3-v2-approved-2026-07-18,locked,6,2,shuffled,none,cell_identity,8863089456248112673
mve3-v2-approved-2026-07-18,locked,6,2,shuffled,p,cell_identity,16294164605559926662
mve3-v2-approved-2026-07-18,locked,6,2,shuffled,k,cell_identity,2385328248603746494
mve3-v2-approved-2026-07-18,locked,6,2,shuffled,o,cell_identity,13859199706857546857
mve3-v2-approved-2026-07-18,locked,6,2,shuffled,pk,cell_identity,3590321743616244425
mve3-v2-approved-2026-07-18,locked,6,2,shuffled,po,cell_identity,7556822887393583060
mve3-v2-approved-2026-07-18,locked,6,2,shuffled,ko,cell_identity,8958714441327502005
mve3-v2-approved-2026-07-18,locked,6,2,shuffled,pko,cell_identity,3876628506502225017
mve3-v2-approved-2026-07-18,locked,6,2,anti,shared,o_collection_root,382642912539498102
mve3-v2-approved-2026-07-18,locked,6,2,anti,shared,non_o_collection_root,3870122464750906525
mve3-v2-approved-2026-07-18,locked,6,2,anti,shared,evaluation_root,10739954618963786529
mve3-v2-approved-2026-07-18,locked,6,2,anti,none,cell_identity,1845527673222275071
mve3-v2-approved-2026-07-18,locked,6,2,anti,p,cell_identity,6748551122498578096
mve3-v2-approved-2026-07-18,locked,6,2,anti,k,cell_identity,1608109342390665766
mve3-v2-approved-2026-07-18,locked,6,2,anti,o,cell_identity,1579330214884375449
mve3-v2-approved-2026-07-18,locked,6,2,anti,pk,cell_identity,8509707924613185523
mve3-v2-approved-2026-07-18,locked,6,2,anti,po,cell_identity,15312524578079389661
mve3-v2-approved-2026-07-18,locked,6,2,anti,ko,cell_identity,5792952312201446459
mve3-v2-approved-2026-07-18,locked,6,2,anti,pko,cell_identity,7563480014362363867
mve3-v2-approved-2026-07-18,locked,6,3,controlled,shared,o_collection_root,5734416271389549847
mve3-v2-approved-2026-07-18,locked,6,3,controlled,shared,non_o_collection_root,14547213365252025644
mve3-v2-approved-2026-07-18,locked,6,3,controlled,shared,evaluation_root,6077295441346514329
mve3-v2-approved-2026-07-18,locked,6,3,controlled,none,cell_identity,1641185920990048259
mve3-v2-approved-2026-07-18,locked,6,3,controlled,p,cell_identity,17172016141734482737
mve3-v2-approved-2026-07-18,locked,6,3,controlled,k,cell_identity,9034481197371577926
mve3-v2-approved-2026-07-18,locked,6,3,controlled,o,cell_identity,10166436559299649930
mve3-v2-approved-2026-07-18,locked,6,3,controlled,pk,cell_identity,7820388990169107128
mve3-v2-approved-2026-07-18,locked,6,3,controlled,po,cell_identity,8071140077799435970
mve3-v2-approved-2026-07-18,locked,6,3,controlled,ko,cell_identity,14478458433409544962
mve3-v2-approved-2026-07-18,locked,6,3,controlled,pko,cell_identity,15346249896759601022
mve3-v2-approved-2026-07-18,locked,6,3,learned,shared,o_collection_root,9308876578708018297
mve3-v2-approved-2026-07-18,locked,6,3,learned,shared,non_o_collection_root,14547213365252025644
mve3-v2-approved-2026-07-18,locked,6,3,learned,shared,evaluation_root,6077295441346514329
mve3-v2-approved-2026-07-18,locked,6,3,learned,none,cell_identity,6840577916323077653
mve3-v2-approved-2026-07-18,locked,6,3,learned,p,cell_identity,10000377124596743664
mve3-v2-approved-2026-07-18,locked,6,3,learned,k,cell_identity,10070152729354478351
mve3-v2-approved-2026-07-18,locked,6,3,learned,o,cell_identity,4042140828219214865
mve3-v2-approved-2026-07-18,locked,6,3,learned,pk,cell_identity,9480676998889517736
mve3-v2-approved-2026-07-18,locked,6,3,learned,po,cell_identity,16647081395215881686
mve3-v2-approved-2026-07-18,locked,6,3,learned,ko,cell_identity,8032288737009520446
mve3-v2-approved-2026-07-18,locked,6,3,learned,pko,cell_identity,64865386761217227
mve3-v2-approved-2026-07-18,locked,6,3,shuffled,shared,o_collection_root,7891071107125547139
mve3-v2-approved-2026-07-18,locked,6,3,shuffled,shared,non_o_collection_root,14547213365252025644
mve3-v2-approved-2026-07-18,locked,6,3,shuffled,shared,evaluation_root,6077295441346514329
mve3-v2-approved-2026-07-18,locked,6,3,shuffled,none,cell_identity,1152638196027449665
mve3-v2-approved-2026-07-18,locked,6,3,shuffled,p,cell_identity,6653650229526120214
mve3-v2-approved-2026-07-18,locked,6,3,shuffled,k,cell_identity,1168917051604001884
mve3-v2-approved-2026-07-18,locked,6,3,shuffled,o,cell_identity,2441513562492145519
mve3-v2-approved-2026-07-18,locked,6,3,shuffled,pk,cell_identity,6606385018076011821
mve3-v2-approved-2026-07-18,locked,6,3,shuffled,po,cell_identity,13026632695732212744
mve3-v2-approved-2026-07-18,locked,6,3,shuffled,ko,cell_identity,15804322421229250322
mve3-v2-approved-2026-07-18,locked,6,3,shuffled,pko,cell_identity,5831247992112139610
mve3-v2-approved-2026-07-18,locked,6,3,anti,shared,o_collection_root,360842540905905423
mve3-v2-approved-2026-07-18,locked,6,3,anti,shared,non_o_collection_root,14547213365252025644
mve3-v2-approved-2026-07-18,locked,6,3,anti,shared,evaluation_root,6077295441346514329
mve3-v2-approved-2026-07-18,locked,6,3,anti,none,cell_identity,2576162076955105918
mve3-v2-approved-2026-07-18,locked,6,3,anti,p,cell_identity,4982970202021131566
mve3-v2-approved-2026-07-18,locked,6,3,anti,k,cell_identity,7615994496349041294
mve3-v2-approved-2026-07-18,locked,6,3,anti,o,cell_identity,8222065053503995741
mve3-v2-approved-2026-07-18,locked,6,3,anti,pk,cell_identity,15376048398848112261
mve3-v2-approved-2026-07-18,locked,6,3,anti,po,cell_identity,18426628849700032611
mve3-v2-approved-2026-07-18,locked,6,3,anti,ko,cell_identity,14038933025739171409
mve3-v2-approved-2026-07-18,locked,6,3,anti,pko,cell_identity,628906223904964855
mve3-v2-approved-2026-07-18,locked,7,1,controlled,shared,o_collection_root,12822751545929006626
mve3-v2-approved-2026-07-18,locked,7,1,controlled,shared,non_o_collection_root,8262986220820904380
mve3-v2-approved-2026-07-18,locked,7,1,controlled,shared,evaluation_root,14450934929542807281
mve3-v2-approved-2026-07-18,locked,7,1,controlled,none,cell_identity,12571841164474567208
mve3-v2-approved-2026-07-18,locked,7,1,controlled,p,cell_identity,796525810997224986
mve3-v2-approved-2026-07-18,locked,7,1,controlled,k,cell_identity,5480147144864687234
mve3-v2-approved-2026-07-18,locked,7,1,controlled,o,cell_identity,17483170136472021204
mve3-v2-approved-2026-07-18,locked,7,1,controlled,pk,cell_identity,8141464468841117842
mve3-v2-approved-2026-07-18,locked,7,1,controlled,po,cell_identity,18446212007772288863
mve3-v2-approved-2026-07-18,locked,7,1,controlled,ko,cell_identity,4478885452145578161
mve3-v2-approved-2026-07-18,locked,7,1,controlled,pko,cell_identity,12661305477758709174
mve3-v2-approved-2026-07-18,locked,7,1,learned,shared,o_collection_root,11156955595160508290
mve3-v2-approved-2026-07-18,locked,7,1,learned,shared,non_o_collection_root,8262986220820904380
mve3-v2-approved-2026-07-18,locked,7,1,learned,shared,evaluation_root,14450934929542807281
mve3-v2-approved-2026-07-18,locked,7,1,learned,none,cell_identity,17672173708691729193
mve3-v2-approved-2026-07-18,locked,7,1,learned,p,cell_identity,1082438766132812513
mve3-v2-approved-2026-07-18,locked,7,1,learned,k,cell_identity,10431401207961958962
mve3-v2-approved-2026-07-18,locked,7,1,learned,o,cell_identity,16858808015905639584
mve3-v2-approved-2026-07-18,locked,7,1,learned,pk,cell_identity,15695741283688748702
mve3-v2-approved-2026-07-18,locked,7,1,learned,po,cell_identity,3549171140903858975
mve3-v2-approved-2026-07-18,locked,7,1,learned,ko,cell_identity,8284796156488270113
mve3-v2-approved-2026-07-18,locked,7,1,learned,pko,cell_identity,7600712564796017786
mve3-v2-approved-2026-07-18,locked,7,1,shuffled,shared,o_collection_root,17976155793261122675
mve3-v2-approved-2026-07-18,locked,7,1,shuffled,shared,non_o_collection_root,8262986220820904380
mve3-v2-approved-2026-07-18,locked,7,1,shuffled,shared,evaluation_root,14450934929542807281
mve3-v2-approved-2026-07-18,locked,7,1,shuffled,none,cell_identity,9087167093635704594
mve3-v2-approved-2026-07-18,locked,7,1,shuffled,p,cell_identity,1814791236058883452
mve3-v2-approved-2026-07-18,locked,7,1,shuffled,k,cell_identity,11483351947868880940
mve3-v2-approved-2026-07-18,locked,7,1,shuffled,o,cell_identity,4318295609117395795
mve3-v2-approved-2026-07-18,locked,7,1,shuffled,pk,cell_identity,7391905012285403701
mve3-v2-approved-2026-07-18,locked,7,1,shuffled,po,cell_identity,12604319786799837280
mve3-v2-approved-2026-07-18,locked,7,1,shuffled,ko,cell_identity,14316931128095703496
mve3-v2-approved-2026-07-18,locked,7,1,shuffled,pko,cell_identity,2061048687324898981
mve3-v2-approved-2026-07-18,locked,7,1,anti,shared,o_collection_root,11650432680076945328
mve3-v2-approved-2026-07-18,locked,7,1,anti,shared,non_o_collection_root,8262986220820904380
mve3-v2-approved-2026-07-18,locked,7,1,anti,shared,evaluation_root,14450934929542807281
mve3-v2-approved-2026-07-18,locked,7,1,anti,none,cell_identity,16964814726887742916
mve3-v2-approved-2026-07-18,locked,7,1,anti,p,cell_identity,1573299539653418785
mve3-v2-approved-2026-07-18,locked,7,1,anti,k,cell_identity,14845666869647651439
mve3-v2-approved-2026-07-18,locked,7,1,anti,o,cell_identity,13026596985228210141
mve3-v2-approved-2026-07-18,locked,7,1,anti,pk,cell_identity,1332547075643961781
mve3-v2-approved-2026-07-18,locked,7,1,anti,po,cell_identity,14054371454745086622
mve3-v2-approved-2026-07-18,locked,7,1,anti,ko,cell_identity,4434735245785592113
mve3-v2-approved-2026-07-18,locked,7,1,anti,pko,cell_identity,15566811370963843229
mve3-v2-approved-2026-07-18,locked,7,2,controlled,shared,o_collection_root,14693688852351687727
mve3-v2-approved-2026-07-18,locked,7,2,controlled,shared,non_o_collection_root,18228273767110393505
mve3-v2-approved-2026-07-18,locked,7,2,controlled,shared,evaluation_root,16443396772710835104
mve3-v2-approved-2026-07-18,locked,7,2,controlled,none,cell_identity,1933049847099447231
mve3-v2-approved-2026-07-18,locked,7,2,controlled,p,cell_identity,537188397562723566
mve3-v2-approved-2026-07-18,locked,7,2,controlled,k,cell_identity,327804431380722427
mve3-v2-approved-2026-07-18,locked,7,2,controlled,o,cell_identity,2785906799786022228
mve3-v2-approved-2026-07-18,locked,7,2,controlled,pk,cell_identity,17681631682309847839
mve3-v2-approved-2026-07-18,locked,7,2,controlled,po,cell_identity,4469348986085861037
mve3-v2-approved-2026-07-18,locked,7,2,controlled,ko,cell_identity,16710682809958766665
mve3-v2-approved-2026-07-18,locked,7,2,controlled,pko,cell_identity,2517568640153447588
mve3-v2-approved-2026-07-18,locked,7,2,learned,shared,o_collection_root,4375123304761513733
mve3-v2-approved-2026-07-18,locked,7,2,learned,shared,non_o_collection_root,18228273767110393505
mve3-v2-approved-2026-07-18,locked,7,2,learned,shared,evaluation_root,16443396772710835104
mve3-v2-approved-2026-07-18,locked,7,2,learned,none,cell_identity,13354379761039906293
mve3-v2-approved-2026-07-18,locked,7,2,learned,p,cell_identity,6928783245094485109
mve3-v2-approved-2026-07-18,locked,7,2,learned,k,cell_identity,4994133152973054064
mve3-v2-approved-2026-07-18,locked,7,2,learned,o,cell_identity,13897603253332446349
mve3-v2-approved-2026-07-18,locked,7,2,learned,pk,cell_identity,10017964592629618069
mve3-v2-approved-2026-07-18,locked,7,2,learned,po,cell_identity,9501628706484311599
mve3-v2-approved-2026-07-18,locked,7,2,learned,ko,cell_identity,15001812404295677108
mve3-v2-approved-2026-07-18,locked,7,2,learned,pko,cell_identity,17590210923415322588
mve3-v2-approved-2026-07-18,locked,7,2,shuffled,shared,o_collection_root,3528184842904215994
mve3-v2-approved-2026-07-18,locked,7,2,shuffled,shared,non_o_collection_root,18228273767110393505
mve3-v2-approved-2026-07-18,locked,7,2,shuffled,shared,evaluation_root,16443396772710835104
mve3-v2-approved-2026-07-18,locked,7,2,shuffled,none,cell_identity,15082557133875102487
mve3-v2-approved-2026-07-18,locked,7,2,shuffled,p,cell_identity,16651554904511775633
mve3-v2-approved-2026-07-18,locked,7,2,shuffled,k,cell_identity,11220659535158316920
mve3-v2-approved-2026-07-18,locked,7,2,shuffled,o,cell_identity,10257703394542616543
mve3-v2-approved-2026-07-18,locked,7,2,shuffled,pk,cell_identity,2587907397584611409
mve3-v2-approved-2026-07-18,locked,7,2,shuffled,po,cell_identity,5870228908649807296
mve3-v2-approved-2026-07-18,locked,7,2,shuffled,ko,cell_identity,14052909788294452960
mve3-v2-approved-2026-07-18,locked,7,2,shuffled,pko,cell_identity,17830973372020868952
mve3-v2-approved-2026-07-18,locked,7,2,anti,shared,o_collection_root,9739296609298963196
mve3-v2-approved-2026-07-18,locked,7,2,anti,shared,non_o_collection_root,18228273767110393505
mve3-v2-approved-2026-07-18,locked,7,2,anti,shared,evaluation_root,16443396772710835104
mve3-v2-approved-2026-07-18,locked,7,2,anti,none,cell_identity,2818025403553580396
mve3-v2-approved-2026-07-18,locked,7,2,anti,p,cell_identity,11309626976070885932
mve3-v2-approved-2026-07-18,locked,7,2,anti,k,cell_identity,9143868610293049557
mve3-v2-approved-2026-07-18,locked,7,2,anti,o,cell_identity,6469149585869523671
mve3-v2-approved-2026-07-18,locked,7,2,anti,pk,cell_identity,10545161301762927800
mve3-v2-approved-2026-07-18,locked,7,2,anti,po,cell_identity,667886547963572001
mve3-v2-approved-2026-07-18,locked,7,2,anti,ko,cell_identity,10627627917379836848
mve3-v2-approved-2026-07-18,locked,7,2,anti,pko,cell_identity,8503447469012088512
mve3-v2-approved-2026-07-18,locked,7,3,controlled,shared,o_collection_root,5375893203049789037
mve3-v2-approved-2026-07-18,locked,7,3,controlled,shared,non_o_collection_root,7651940620770602057
mve3-v2-approved-2026-07-18,locked,7,3,controlled,shared,evaluation_root,4260486323512164061
mve3-v2-approved-2026-07-18,locked,7,3,controlled,none,cell_identity,17195226116250893963
mve3-v2-approved-2026-07-18,locked,7,3,controlled,p,cell_identity,13952348784737367000
mve3-v2-approved-2026-07-18,locked,7,3,controlled,k,cell_identity,3641449321941530794
mve3-v2-approved-2026-07-18,locked,7,3,controlled,o,cell_identity,1088410464998304955
mve3-v2-approved-2026-07-18,locked,7,3,controlled,pk,cell_identity,17043366981526782757
mve3-v2-approved-2026-07-18,locked,7,3,controlled,po,cell_identity,12165701330179994826
mve3-v2-approved-2026-07-18,locked,7,3,controlled,ko,cell_identity,18176910414851402125
mve3-v2-approved-2026-07-18,locked,7,3,controlled,pko,cell_identity,5502902229227530785
mve3-v2-approved-2026-07-18,locked,7,3,learned,shared,o_collection_root,15993257208185232360
mve3-v2-approved-2026-07-18,locked,7,3,learned,shared,non_o_collection_root,7651940620770602057
mve3-v2-approved-2026-07-18,locked,7,3,learned,shared,evaluation_root,4260486323512164061
mve3-v2-approved-2026-07-18,locked,7,3,learned,none,cell_identity,11234141032160908992
mve3-v2-approved-2026-07-18,locked,7,3,learned,p,cell_identity,13470687520311993465
mve3-v2-approved-2026-07-18,locked,7,3,learned,k,cell_identity,13315205105431219344
mve3-v2-approved-2026-07-18,locked,7,3,learned,o,cell_identity,8845751214365690068
mve3-v2-approved-2026-07-18,locked,7,3,learned,pk,cell_identity,736808014906858486
mve3-v2-approved-2026-07-18,locked,7,3,learned,po,cell_identity,14994057729785443891
mve3-v2-approved-2026-07-18,locked,7,3,learned,ko,cell_identity,15910791482818906695
mve3-v2-approved-2026-07-18,locked,7,3,learned,pko,cell_identity,12329099580150047332
mve3-v2-approved-2026-07-18,locked,7,3,shuffled,shared,o_collection_root,16105113088340472320
mve3-v2-approved-2026-07-18,locked,7,3,shuffled,shared,non_o_collection_root,7651940620770602057
mve3-v2-approved-2026-07-18,locked,7,3,shuffled,shared,evaluation_root,4260486323512164061
mve3-v2-approved-2026-07-18,locked,7,3,shuffled,none,cell_identity,2120268811836804709
mve3-v2-approved-2026-07-18,locked,7,3,shuffled,p,cell_identity,6536896597525813852
mve3-v2-approved-2026-07-18,locked,7,3,shuffled,k,cell_identity,2880988637979736645
mve3-v2-approved-2026-07-18,locked,7,3,shuffled,o,cell_identity,4959477607931364889
mve3-v2-approved-2026-07-18,locked,7,3,shuffled,pk,cell_identity,16006837089625572675
mve3-v2-approved-2026-07-18,locked,7,3,shuffled,po,cell_identity,13948003943111426415
mve3-v2-approved-2026-07-18,locked,7,3,shuffled,ko,cell_identity,7634231023846573507
mve3-v2-approved-2026-07-18,locked,7,3,shuffled,pko,cell_identity,6371707195606187374
mve3-v2-approved-2026-07-18,locked,7,3,anti,shared,o_collection_root,4603207843442753522
mve3-v2-approved-2026-07-18,locked,7,3,anti,shared,non_o_collection_root,7651940620770602057
mve3-v2-approved-2026-07-18,locked,7,3,anti,shared,evaluation_root,4260486323512164061
mve3-v2-approved-2026-07-18,locked,7,3,anti,none,cell_identity,11599684630376299551
mve3-v2-approved-2026-07-18,locked,7,3,anti,p,cell_identity,4805210127658023440
mve3-v2-approved-2026-07-18,locked,7,3,anti,k,cell_identity,14836627607861932302
mve3-v2-approved-2026-07-18,locked,7,3,anti,o,cell_identity,11248264236441275255
mve3-v2-approved-2026-07-18,locked,7,3,anti,pk,cell_identity,15767166645553779469
mve3-v2-approved-2026-07-18,locked,7,3,anti,po,cell_identity,13969375223352295336
mve3-v2-approved-2026-07-18,locked,7,3,anti,ko,cell_identity,11029359733634243040
mve3-v2-approved-2026-07-18,locked,7,3,anti,pko,cell_identity,3720571808014881865
mve3-v2-approved-2026-07-18,locked,8,1,controlled,shared,o_collection_root,14490093468907883299
mve3-v2-approved-2026-07-18,locked,8,1,controlled,shared,non_o_collection_root,2899294422667766143
mve3-v2-approved-2026-07-18,locked,8,1,controlled,shared,evaluation_root,676605579400822436
mve3-v2-approved-2026-07-18,locked,8,1,controlled,none,cell_identity,17252956288342411720
mve3-v2-approved-2026-07-18,locked,8,1,controlled,p,cell_identity,3596125176055490665
mve3-v2-approved-2026-07-18,locked,8,1,controlled,k,cell_identity,7986912394335213512
mve3-v2-approved-2026-07-18,locked,8,1,controlled,o,cell_identity,2034247302431572421
mve3-v2-approved-2026-07-18,locked,8,1,controlled,pk,cell_identity,7375196298333037846
mve3-v2-approved-2026-07-18,locked,8,1,controlled,po,cell_identity,1867430512068162184
mve3-v2-approved-2026-07-18,locked,8,1,controlled,ko,cell_identity,3605025864555929563
mve3-v2-approved-2026-07-18,locked,8,1,controlled,pko,cell_identity,5487106950237935830
mve3-v2-approved-2026-07-18,locked,8,1,learned,shared,o_collection_root,4786666087793445335
mve3-v2-approved-2026-07-18,locked,8,1,learned,shared,non_o_collection_root,2899294422667766143
mve3-v2-approved-2026-07-18,locked,8,1,learned,shared,evaluation_root,676605579400822436
mve3-v2-approved-2026-07-18,locked,8,1,learned,none,cell_identity,3433698797252498373
mve3-v2-approved-2026-07-18,locked,8,1,learned,p,cell_identity,4605465194542250779
mve3-v2-approved-2026-07-18,locked,8,1,learned,k,cell_identity,3711656940315748095
mve3-v2-approved-2026-07-18,locked,8,1,learned,o,cell_identity,9932344141889673860
mve3-v2-approved-2026-07-18,locked,8,1,learned,pk,cell_identity,15375221458532484099
mve3-v2-approved-2026-07-18,locked,8,1,learned,po,cell_identity,6673634218317730822
mve3-v2-approved-2026-07-18,locked,8,1,learned,ko,cell_identity,7254082219373806867
mve3-v2-approved-2026-07-18,locked,8,1,learned,pko,cell_identity,14791676981682553627
mve3-v2-approved-2026-07-18,locked,8,1,shuffled,shared,o_collection_root,866720174900336185
mve3-v2-approved-2026-07-18,locked,8,1,shuffled,shared,non_o_collection_root,2899294422667766143
mve3-v2-approved-2026-07-18,locked,8,1,shuffled,shared,evaluation_root,676605579400822436
mve3-v2-approved-2026-07-18,locked,8,1,shuffled,none,cell_identity,1316244076145295033
mve3-v2-approved-2026-07-18,locked,8,1,shuffled,p,cell_identity,7481536496153876816
mve3-v2-approved-2026-07-18,locked,8,1,shuffled,k,cell_identity,7347885312901232810
mve3-v2-approved-2026-07-18,locked,8,1,shuffled,o,cell_identity,13509354015666160326
mve3-v2-approved-2026-07-18,locked,8,1,shuffled,pk,cell_identity,1664404141712870404
mve3-v2-approved-2026-07-18,locked,8,1,shuffled,po,cell_identity,7285485300540751714
mve3-v2-approved-2026-07-18,locked,8,1,shuffled,ko,cell_identity,132752053808145230
mve3-v2-approved-2026-07-18,locked,8,1,shuffled,pko,cell_identity,442630158479015929
mve3-v2-approved-2026-07-18,locked,8,1,anti,shared,o_collection_root,9873338228965495004
mve3-v2-approved-2026-07-18,locked,8,1,anti,shared,non_o_collection_root,2899294422667766143
mve3-v2-approved-2026-07-18,locked,8,1,anti,shared,evaluation_root,676605579400822436
mve3-v2-approved-2026-07-18,locked,8,1,anti,none,cell_identity,5781643203475855144
mve3-v2-approved-2026-07-18,locked,8,1,anti,p,cell_identity,10002855092081638264
mve3-v2-approved-2026-07-18,locked,8,1,anti,k,cell_identity,4906652213502853843
mve3-v2-approved-2026-07-18,locked,8,1,anti,o,cell_identity,4375735595269677944
mve3-v2-approved-2026-07-18,locked,8,1,anti,pk,cell_identity,8528577488872318366
mve3-v2-approved-2026-07-18,locked,8,1,anti,po,cell_identity,6329877242360664165
mve3-v2-approved-2026-07-18,locked,8,1,anti,ko,cell_identity,12276053819171388771
mve3-v2-approved-2026-07-18,locked,8,1,anti,pko,cell_identity,12852468162398179571
mve3-v2-approved-2026-07-18,locked,8,2,controlled,shared,o_collection_root,16656283682180598198
mve3-v2-approved-2026-07-18,locked,8,2,controlled,shared,non_o_collection_root,14443015981031212332
mve3-v2-approved-2026-07-18,locked,8,2,controlled,shared,evaluation_root,7960474233484522355
mve3-v2-approved-2026-07-18,locked,8,2,controlled,none,cell_identity,16444122459169540057
mve3-v2-approved-2026-07-18,locked,8,2,controlled,p,cell_identity,16198184449475450278
mve3-v2-approved-2026-07-18,locked,8,2,controlled,k,cell_identity,11124055899290507393
mve3-v2-approved-2026-07-18,locked,8,2,controlled,o,cell_identity,3958769318185496693
mve3-v2-approved-2026-07-18,locked,8,2,controlled,pk,cell_identity,6707883445862905904
mve3-v2-approved-2026-07-18,locked,8,2,controlled,po,cell_identity,2531768582453174289
mve3-v2-approved-2026-07-18,locked,8,2,controlled,ko,cell_identity,3488645471732226838
mve3-v2-approved-2026-07-18,locked,8,2,controlled,pko,cell_identity,12669781608085304127
mve3-v2-approved-2026-07-18,locked,8,2,learned,shared,o_collection_root,633022020678122883
mve3-v2-approved-2026-07-18,locked,8,2,learned,shared,non_o_collection_root,14443015981031212332
mve3-v2-approved-2026-07-18,locked,8,2,learned,shared,evaluation_root,7960474233484522355
mve3-v2-approved-2026-07-18,locked,8,2,learned,none,cell_identity,6448695123470563966
mve3-v2-approved-2026-07-18,locked,8,2,learned,p,cell_identity,16075526129182895670
mve3-v2-approved-2026-07-18,locked,8,2,learned,k,cell_identity,17973187419778037004
mve3-v2-approved-2026-07-18,locked,8,2,learned,o,cell_identity,17354370360002473562
mve3-v2-approved-2026-07-18,locked,8,2,learned,pk,cell_identity,3561391146607984279
mve3-v2-approved-2026-07-18,locked,8,2,learned,po,cell_identity,4032277151924394418
mve3-v2-approved-2026-07-18,locked,8,2,learned,ko,cell_identity,8908172937016956964
mve3-v2-approved-2026-07-18,locked,8,2,learned,pko,cell_identity,12148579845088840868
mve3-v2-approved-2026-07-18,locked,8,2,shuffled,shared,o_collection_root,13496398320750521271
mve3-v2-approved-2026-07-18,locked,8,2,shuffled,shared,non_o_collection_root,14443015981031212332
mve3-v2-approved-2026-07-18,locked,8,2,shuffled,shared,evaluation_root,7960474233484522355
mve3-v2-approved-2026-07-18,locked,8,2,shuffled,none,cell_identity,17286105232669373885
mve3-v2-approved-2026-07-18,locked,8,2,shuffled,p,cell_identity,12425294384058203697
mve3-v2-approved-2026-07-18,locked,8,2,shuffled,k,cell_identity,3891262887651123290
mve3-v2-approved-2026-07-18,locked,8,2,shuffled,o,cell_identity,7558063027796953806
mve3-v2-approved-2026-07-18,locked,8,2,shuffled,pk,cell_identity,6872940019373360235
mve3-v2-approved-2026-07-18,locked,8,2,shuffled,po,cell_identity,770146807977765381
mve3-v2-approved-2026-07-18,locked,8,2,shuffled,ko,cell_identity,12751970085071256440
mve3-v2-approved-2026-07-18,locked,8,2,shuffled,pko,cell_identity,11063150484208311248
mve3-v2-approved-2026-07-18,locked,8,2,anti,shared,o_collection_root,1816796294389336065
mve3-v2-approved-2026-07-18,locked,8,2,anti,shared,non_o_collection_root,14443015981031212332
mve3-v2-approved-2026-07-18,locked,8,2,anti,shared,evaluation_root,7960474233484522355
mve3-v2-approved-2026-07-18,locked,8,2,anti,none,cell_identity,4871327222746422705
mve3-v2-approved-2026-07-18,locked,8,2,anti,p,cell_identity,9869453642832558590
mve3-v2-approved-2026-07-18,locked,8,2,anti,k,cell_identity,11184959575449186284
mve3-v2-approved-2026-07-18,locked,8,2,anti,o,cell_identity,4582822140769392717
mve3-v2-approved-2026-07-18,locked,8,2,anti,pk,cell_identity,4909676422570974943
mve3-v2-approved-2026-07-18,locked,8,2,anti,po,cell_identity,6867489278939123377
mve3-v2-approved-2026-07-18,locked,8,2,anti,ko,cell_identity,6740645285728555695
mve3-v2-approved-2026-07-18,locked,8,2,anti,pko,cell_identity,8236231667143180829
mve3-v2-approved-2026-07-18,locked,8,3,controlled,shared,o_collection_root,9059308514618119024
mve3-v2-approved-2026-07-18,locked,8,3,controlled,shared,non_o_collection_root,17740104393775072362
mve3-v2-approved-2026-07-18,locked,8,3,controlled,shared,evaluation_root,12007233670575173565
mve3-v2-approved-2026-07-18,locked,8,3,controlled,none,cell_identity,8830926797531081868
mve3-v2-approved-2026-07-18,locked,8,3,controlled,p,cell_identity,4011819315181488432
mve3-v2-approved-2026-07-18,locked,8,3,controlled,k,cell_identity,11322374897442198007
mve3-v2-approved-2026-07-18,locked,8,3,controlled,o,cell_identity,7103497056257785746
mve3-v2-approved-2026-07-18,locked,8,3,controlled,pk,cell_identity,2971904479123641575
mve3-v2-approved-2026-07-18,locked,8,3,controlled,po,cell_identity,4707645061498851271
mve3-v2-approved-2026-07-18,locked,8,3,controlled,ko,cell_identity,6274843266163255012
mve3-v2-approved-2026-07-18,locked,8,3,controlled,pko,cell_identity,4408143711063573484
mve3-v2-approved-2026-07-18,locked,8,3,learned,shared,o_collection_root,524837910045345695
mve3-v2-approved-2026-07-18,locked,8,3,learned,shared,non_o_collection_root,17740104393775072362
mve3-v2-approved-2026-07-18,locked,8,3,learned,shared,evaluation_root,12007233670575173565
mve3-v2-approved-2026-07-18,locked,8,3,learned,none,cell_identity,16216257391164558142
mve3-v2-approved-2026-07-18,locked,8,3,learned,p,cell_identity,7864227444237799476
mve3-v2-approved-2026-07-18,locked,8,3,learned,k,cell_identity,3174065110595469184
mve3-v2-approved-2026-07-18,locked,8,3,learned,o,cell_identity,9649766901378472738
mve3-v2-approved-2026-07-18,locked,8,3,learned,pk,cell_identity,5945333876504701002
mve3-v2-approved-2026-07-18,locked,8,3,learned,po,cell_identity,15811113508841912948
mve3-v2-approved-2026-07-18,locked,8,3,learned,ko,cell_identity,10489809844014674420
mve3-v2-approved-2026-07-18,locked,8,3,learned,pko,cell_identity,7371892640773645791
mve3-v2-approved-2026-07-18,locked,8,3,shuffled,shared,o_collection_root,5274917088688392574
mve3-v2-approved-2026-07-18,locked,8,3,shuffled,shared,non_o_collection_root,17740104393775072362
mve3-v2-approved-2026-07-18,locked,8,3,shuffled,shared,evaluation_root,12007233670575173565
mve3-v2-approved-2026-07-18,locked,8,3,shuffled,none,cell_identity,16353049634564072734
mve3-v2-approved-2026-07-18,locked,8,3,shuffled,p,cell_identity,3113976376927999749
mve3-v2-approved-2026-07-18,locked,8,3,shuffled,k,cell_identity,4195125389305083421
mve3-v2-approved-2026-07-18,locked,8,3,shuffled,o,cell_identity,6951542269540745027
mve3-v2-approved-2026-07-18,locked,8,3,shuffled,pk,cell_identity,12446973894004484054
mve3-v2-approved-2026-07-18,locked,8,3,shuffled,po,cell_identity,1662477052249888501
mve3-v2-approved-2026-07-18,locked,8,3,shuffled,ko,cell_identity,13892718372937689097
mve3-v2-approved-2026-07-18,locked,8,3,shuffled,pko,cell_identity,7116406944932931787
mve3-v2-approved-2026-07-18,locked,8,3,anti,shared,o_collection_root,18005260484861003992
mve3-v2-approved-2026-07-18,locked,8,3,anti,shared,non_o_collection_root,17740104393775072362
mve3-v2-approved-2026-07-18,locked,8,3,anti,shared,evaluation_root,12007233670575173565
mve3-v2-approved-2026-07-18,locked,8,3,anti,none,cell_identity,7534232038842978234
mve3-v2-approved-2026-07-18,locked,8,3,anti,p,cell_identity,1646171693878229650
mve3-v2-approved-2026-07-18,locked,8,3,anti,k,cell_identity,2384993166718488996
mve3-v2-approved-2026-07-18,locked,8,3,anti,o,cell_identity,8521088728872011058
mve3-v2-approved-2026-07-18,locked,8,3,anti,pk,cell_identity,9174204377082079399
mve3-v2-approved-2026-07-18,locked,8,3,anti,po,cell_identity,17759363182676200842
mve3-v2-approved-2026-07-18,locked,8,3,anti,ko,cell_identity,947650327257902784
mve3-v2-approved-2026-07-18,locked,8,3,anti,pko,cell_identity,15501425529825385047
mve3-v2-approved-2026-07-18,locked,9,1,controlled,shared,o_collection_root,13331282894073634870
mve3-v2-approved-2026-07-18,locked,9,1,controlled,shared,non_o_collection_root,2294915037525789729
mve3-v2-approved-2026-07-18,locked,9,1,controlled,shared,evaluation_root,182653691835170122
mve3-v2-approved-2026-07-18,locked,9,1,controlled,none,cell_identity,8066436270561437805
mve3-v2-approved-2026-07-18,locked,9,1,controlled,p,cell_identity,11295469800805746771
mve3-v2-approved-2026-07-18,locked,9,1,controlled,k,cell_identity,11606077763043883203
mve3-v2-approved-2026-07-18,locked,9,1,controlled,o,cell_identity,9113597348093784810
mve3-v2-approved-2026-07-18,locked,9,1,controlled,pk,cell_identity,12331682962582416522
mve3-v2-approved-2026-07-18,locked,9,1,controlled,po,cell_identity,12366844675281117147
mve3-v2-approved-2026-07-18,locked,9,1,controlled,ko,cell_identity,14264461379134910082
mve3-v2-approved-2026-07-18,locked,9,1,controlled,pko,cell_identity,2698701263088747524
mve3-v2-approved-2026-07-18,locked,9,1,learned,shared,o_collection_root,11428804356334271890
mve3-v2-approved-2026-07-18,locked,9,1,learned,shared,non_o_collection_root,2294915037525789729
mve3-v2-approved-2026-07-18,locked,9,1,learned,shared,evaluation_root,182653691835170122
mve3-v2-approved-2026-07-18,locked,9,1,learned,none,cell_identity,1353695998739256933
mve3-v2-approved-2026-07-18,locked,9,1,learned,p,cell_identity,6094865844800914624
mve3-v2-approved-2026-07-18,locked,9,1,learned,k,cell_identity,16223650683948136071
mve3-v2-approved-2026-07-18,locked,9,1,learned,o,cell_identity,16520512224609423874
mve3-v2-approved-2026-07-18,locked,9,1,learned,pk,cell_identity,7829080444099105826
mve3-v2-approved-2026-07-18,locked,9,1,learned,po,cell_identity,9303957790424619008
mve3-v2-approved-2026-07-18,locked,9,1,learned,ko,cell_identity,1351038932751304155
mve3-v2-approved-2026-07-18,locked,9,1,learned,pko,cell_identity,536901507634069538
mve3-v2-approved-2026-07-18,locked,9,1,shuffled,shared,o_collection_root,9702082280502870371
mve3-v2-approved-2026-07-18,locked,9,1,shuffled,shared,non_o_collection_root,2294915037525789729
mve3-v2-approved-2026-07-18,locked,9,1,shuffled,shared,evaluation_root,182653691835170122
mve3-v2-approved-2026-07-18,locked,9,1,shuffled,none,cell_identity,3535313575571732268
mve3-v2-approved-2026-07-18,locked,9,1,shuffled,p,cell_identity,6881202364378880396
mve3-v2-approved-2026-07-18,locked,9,1,shuffled,k,cell_identity,17925381251366613595
mve3-v2-approved-2026-07-18,locked,9,1,shuffled,o,cell_identity,17677206669082646114
mve3-v2-approved-2026-07-18,locked,9,1,shuffled,pk,cell_identity,11664220400902918021
mve3-v2-approved-2026-07-18,locked,9,1,shuffled,po,cell_identity,2433530703445694513
mve3-v2-approved-2026-07-18,locked,9,1,shuffled,ko,cell_identity,13453563688909535292
mve3-v2-approved-2026-07-18,locked,9,1,shuffled,pko,cell_identity,15585913796929610003
mve3-v2-approved-2026-07-18,locked,9,1,anti,shared,o_collection_root,7885422956400247368
mve3-v2-approved-2026-07-18,locked,9,1,anti,shared,non_o_collection_root,2294915037525789729
mve3-v2-approved-2026-07-18,locked,9,1,anti,shared,evaluation_root,182653691835170122
mve3-v2-approved-2026-07-18,locked,9,1,anti,none,cell_identity,3311385831727883363
mve3-v2-approved-2026-07-18,locked,9,1,anti,p,cell_identity,9114063859013584284
mve3-v2-approved-2026-07-18,locked,9,1,anti,k,cell_identity,18204449975150829364
mve3-v2-approved-2026-07-18,locked,9,1,anti,o,cell_identity,18164505630318569616
mve3-v2-approved-2026-07-18,locked,9,1,anti,pk,cell_identity,13998981203115002706
mve3-v2-approved-2026-07-18,locked,9,1,anti,po,cell_identity,9522028841134160475
mve3-v2-approved-2026-07-18,locked,9,1,anti,ko,cell_identity,4872053855849039082
mve3-v2-approved-2026-07-18,locked,9,1,anti,pko,cell_identity,12930984232522806087
mve3-v2-approved-2026-07-18,locked,9,2,controlled,shared,o_collection_root,14104913650803955493
mve3-v2-approved-2026-07-18,locked,9,2,controlled,shared,non_o_collection_root,6912681512028633010
mve3-v2-approved-2026-07-18,locked,9,2,controlled,shared,evaluation_root,3332959970289672371
mve3-v2-approved-2026-07-18,locked,9,2,controlled,none,cell_identity,2763246121081329153
mve3-v2-approved-2026-07-18,locked,9,2,controlled,p,cell_identity,3823784023964554013
mve3-v2-approved-2026-07-18,locked,9,2,controlled,k,cell_identity,816530722348514766
mve3-v2-approved-2026-07-18,locked,9,2,controlled,o,cell_identity,3282617101016221443
mve3-v2-approved-2026-07-18,locked,9,2,controlled,pk,cell_identity,15913939152141910038
mve3-v2-approved-2026-07-18,locked,9,2,controlled,po,cell_identity,14369402236780005402
mve3-v2-approved-2026-07-18,locked,9,2,controlled,ko,cell_identity,5826681695485296879
mve3-v2-approved-2026-07-18,locked,9,2,controlled,pko,cell_identity,1857651500014346779
mve3-v2-approved-2026-07-18,locked,9,2,learned,shared,o_collection_root,5923869739392015163
mve3-v2-approved-2026-07-18,locked,9,2,learned,shared,non_o_collection_root,6912681512028633010
mve3-v2-approved-2026-07-18,locked,9,2,learned,shared,evaluation_root,3332959970289672371
mve3-v2-approved-2026-07-18,locked,9,2,learned,none,cell_identity,625742835367701168
mve3-v2-approved-2026-07-18,locked,9,2,learned,p,cell_identity,1604862979060921587
mve3-v2-approved-2026-07-18,locked,9,2,learned,k,cell_identity,13716933685705714293
mve3-v2-approved-2026-07-18,locked,9,2,learned,o,cell_identity,10292009744435861089
mve3-v2-approved-2026-07-18,locked,9,2,learned,pk,cell_identity,12944575338851460943
mve3-v2-approved-2026-07-18,locked,9,2,learned,po,cell_identity,9188996833485436610
mve3-v2-approved-2026-07-18,locked,9,2,learned,ko,cell_identity,6694482071768971120
mve3-v2-approved-2026-07-18,locked,9,2,learned,pko,cell_identity,16811338996330419852
mve3-v2-approved-2026-07-18,locked,9,2,shuffled,shared,o_collection_root,10351272939255382532
mve3-v2-approved-2026-07-18,locked,9,2,shuffled,shared,non_o_collection_root,6912681512028633010
mve3-v2-approved-2026-07-18,locked,9,2,shuffled,shared,evaluation_root,3332959970289672371
mve3-v2-approved-2026-07-18,locked,9,2,shuffled,none,cell_identity,7177489560581732257
mve3-v2-approved-2026-07-18,locked,9,2,shuffled,p,cell_identity,6302144160546351767
mve3-v2-approved-2026-07-18,locked,9,2,shuffled,k,cell_identity,6899434724521018090
mve3-v2-approved-2026-07-18,locked,9,2,shuffled,o,cell_identity,12143478511724200982
mve3-v2-approved-2026-07-18,locked,9,2,shuffled,pk,cell_identity,5577203878885605712
mve3-v2-approved-2026-07-18,locked,9,2,shuffled,po,cell_identity,14037079208054601087
mve3-v2-approved-2026-07-18,locked,9,2,shuffled,ko,cell_identity,15892319184816221695
mve3-v2-approved-2026-07-18,locked,9,2,shuffled,pko,cell_identity,12939756664000320790
mve3-v2-approved-2026-07-18,locked,9,2,anti,shared,o_collection_root,13134785157107116965
mve3-v2-approved-2026-07-18,locked,9,2,anti,shared,non_o_collection_root,6912681512028633010
mve3-v2-approved-2026-07-18,locked,9,2,anti,shared,evaluation_root,3332959970289672371
mve3-v2-approved-2026-07-18,locked,9,2,anti,none,cell_identity,3420014938068657911
mve3-v2-approved-2026-07-18,locked,9,2,anti,p,cell_identity,9858839037934128453
mve3-v2-approved-2026-07-18,locked,9,2,anti,k,cell_identity,222804603692026273
mve3-v2-approved-2026-07-18,locked,9,2,anti,o,cell_identity,8952591003476111003
mve3-v2-approved-2026-07-18,locked,9,2,anti,pk,cell_identity,13036708967716569716
mve3-v2-approved-2026-07-18,locked,9,2,anti,po,cell_identity,15443157831545289131
mve3-v2-approved-2026-07-18,locked,9,2,anti,ko,cell_identity,5365346672510389202
mve3-v2-approved-2026-07-18,locked,9,2,anti,pko,cell_identity,11738675026005038703
mve3-v2-approved-2026-07-18,locked,9,3,controlled,shared,o_collection_root,8600507184066361167
mve3-v2-approved-2026-07-18,locked,9,3,controlled,shared,non_o_collection_root,10245154400272603799
mve3-v2-approved-2026-07-18,locked,9,3,controlled,shared,evaluation_root,10416540972031155029
mve3-v2-approved-2026-07-18,locked,9,3,controlled,none,cell_identity,6666436400008820664
mve3-v2-approved-2026-07-18,locked,9,3,controlled,p,cell_identity,4215733223996162666
mve3-v2-approved-2026-07-18,locked,9,3,controlled,k,cell_identity,12223912454421236407
mve3-v2-approved-2026-07-18,locked,9,3,controlled,o,cell_identity,13807720975847682702
mve3-v2-approved-2026-07-18,locked,9,3,controlled,pk,cell_identity,14363692525709053913
mve3-v2-approved-2026-07-18,locked,9,3,controlled,po,cell_identity,8657923743147039410
mve3-v2-approved-2026-07-18,locked,9,3,controlled,ko,cell_identity,5793593899129567940
mve3-v2-approved-2026-07-18,locked,9,3,controlled,pko,cell_identity,1694264195803471879
mve3-v2-approved-2026-07-18,locked,9,3,learned,shared,o_collection_root,17508691690913850079
mve3-v2-approved-2026-07-18,locked,9,3,learned,shared,non_o_collection_root,10245154400272603799
mve3-v2-approved-2026-07-18,locked,9,3,learned,shared,evaluation_root,10416540972031155029
mve3-v2-approved-2026-07-18,locked,9,3,learned,none,cell_identity,4465386884140479005
mve3-v2-approved-2026-07-18,locked,9,3,learned,p,cell_identity,10697708198518269958
mve3-v2-approved-2026-07-18,locked,9,3,learned,k,cell_identity,4393841277639927329
mve3-v2-approved-2026-07-18,locked,9,3,learned,o,cell_identity,38842919924234958
mve3-v2-approved-2026-07-18,locked,9,3,learned,pk,cell_identity,2744000694518848621
mve3-v2-approved-2026-07-18,locked,9,3,learned,po,cell_identity,9668669090235452284
mve3-v2-approved-2026-07-18,locked,9,3,learned,ko,cell_identity,18170097428302113938
mve3-v2-approved-2026-07-18,locked,9,3,learned,pko,cell_identity,2478938258990986970
mve3-v2-approved-2026-07-18,locked,9,3,shuffled,shared,o_collection_root,148357842501267040
mve3-v2-approved-2026-07-18,locked,9,3,shuffled,shared,non_o_collection_root,10245154400272603799
mve3-v2-approved-2026-07-18,locked,9,3,shuffled,shared,evaluation_root,10416540972031155029
mve3-v2-approved-2026-07-18,locked,9,3,shuffled,none,cell_identity,14856120315252666723
mve3-v2-approved-2026-07-18,locked,9,3,shuffled,p,cell_identity,8460953778258286486
mve3-v2-approved-2026-07-18,locked,9,3,shuffled,k,cell_identity,8900777171621046341
mve3-v2-approved-2026-07-18,locked,9,3,shuffled,o,cell_identity,14684501407209366563
mve3-v2-approved-2026-07-18,locked,9,3,shuffled,pk,cell_identity,6091793681354494362
mve3-v2-approved-2026-07-18,locked,9,3,shuffled,po,cell_identity,14709273132480022625
mve3-v2-approved-2026-07-18,locked,9,3,shuffled,ko,cell_identity,17647724727875779934
mve3-v2-approved-2026-07-18,locked,9,3,shuffled,pko,cell_identity,5152084028718722405
mve3-v2-approved-2026-07-18,locked,9,3,anti,shared,o_collection_root,3061340369804848711
mve3-v2-approved-2026-07-18,locked,9,3,anti,shared,non_o_collection_root,10245154400272603799
mve3-v2-approved-2026-07-18,locked,9,3,anti,shared,evaluation_root,10416540972031155029
mve3-v2-approved-2026-07-18,locked,9,3,anti,none,cell_identity,12652239558106207773
mve3-v2-approved-2026-07-18,locked,9,3,anti,p,cell_identity,6908242928371452656
mve3-v2-approved-2026-07-18,locked,9,3,anti,k,cell_identity,12066488343854253248
mve3-v2-approved-2026-07-18,locked,9,3,anti,o,cell_identity,3243925170682916364
mve3-v2-approved-2026-07-18,locked,9,3,anti,pk,cell_identity,3627892765903382252
mve3-v2-approved-2026-07-18,locked,9,3,anti,po,cell_identity,8914527484642023196
mve3-v2-approved-2026-07-18,locked,9,3,anti,ko,cell_identity,8646809672479518028
mve3-v2-approved-2026-07-18,locked,9,3,anti,pko,cell_identity,4592335130840208002
mve3-v2-approved-2026-07-18,locked,10,1,controlled,shared,o_collection_root,16089551397206918317
mve3-v2-approved-2026-07-18,locked,10,1,controlled,shared,non_o_collection_root,16204645975623424094
mve3-v2-approved-2026-07-18,locked,10,1,controlled,shared,evaluation_root,6041368396004782920
mve3-v2-approved-2026-07-18,locked,10,1,controlled,none,cell_identity,13839461106416490330
mve3-v2-approved-2026-07-18,locked,10,1,controlled,p,cell_identity,1362470694761114301
mve3-v2-approved-2026-07-18,locked,10,1,controlled,k,cell_identity,133020303503298332
mve3-v2-approved-2026-07-18,locked,10,1,controlled,o,cell_identity,4214764733433626042
mve3-v2-approved-2026-07-18,locked,10,1,controlled,pk,cell_identity,15934561455336303928
mve3-v2-approved-2026-07-18,locked,10,1,controlled,po,cell_identity,2340953034136477079
mve3-v2-approved-2026-07-18,locked,10,1,controlled,ko,cell_identity,11019072315336930880
mve3-v2-approved-2026-07-18,locked,10,1,controlled,pko,cell_identity,8079791234350165601
mve3-v2-approved-2026-07-18,locked,10,1,learned,shared,o_collection_root,1201107419102155544
mve3-v2-approved-2026-07-18,locked,10,1,learned,shared,non_o_collection_root,16204645975623424094
mve3-v2-approved-2026-07-18,locked,10,1,learned,shared,evaluation_root,6041368396004782920
mve3-v2-approved-2026-07-18,locked,10,1,learned,none,cell_identity,9185555789383293484
mve3-v2-approved-2026-07-18,locked,10,1,learned,p,cell_identity,12748242919719515568
mve3-v2-approved-2026-07-18,locked,10,1,learned,k,cell_identity,1859760062181789421
mve3-v2-approved-2026-07-18,locked,10,1,learned,o,cell_identity,6014709786181769433
mve3-v2-approved-2026-07-18,locked,10,1,learned,pk,cell_identity,10424728486904422988
mve3-v2-approved-2026-07-18,locked,10,1,learned,po,cell_identity,4483798146108208057
mve3-v2-approved-2026-07-18,locked,10,1,learned,ko,cell_identity,15921875576138115105
mve3-v2-approved-2026-07-18,locked,10,1,learned,pko,cell_identity,2249921729874875000
mve3-v2-approved-2026-07-18,locked,10,1,shuffled,shared,o_collection_root,10727172983237656242
mve3-v2-approved-2026-07-18,locked,10,1,shuffled,shared,non_o_collection_root,16204645975623424094
mve3-v2-approved-2026-07-18,locked,10,1,shuffled,shared,evaluation_root,6041368396004782920
mve3-v2-approved-2026-07-18,locked,10,1,shuffled,none,cell_identity,237202769340953599
mve3-v2-approved-2026-07-18,locked,10,1,shuffled,p,cell_identity,13619625363503714408
mve3-v2-approved-2026-07-18,locked,10,1,shuffled,k,cell_identity,3853363563219161092
mve3-v2-approved-2026-07-18,locked,10,1,shuffled,o,cell_identity,16810936939716953811
mve3-v2-approved-2026-07-18,locked,10,1,shuffled,pk,cell_identity,2749718633188275676
mve3-v2-approved-2026-07-18,locked,10,1,shuffled,po,cell_identity,753693615155001471
mve3-v2-approved-2026-07-18,locked,10,1,shuffled,ko,cell_identity,3085350235149652332
mve3-v2-approved-2026-07-18,locked,10,1,shuffled,pko,cell_identity,12908236527179327585
mve3-v2-approved-2026-07-18,locked,10,1,anti,shared,o_collection_root,8008155510840461288
mve3-v2-approved-2026-07-18,locked,10,1,anti,shared,non_o_collection_root,16204645975623424094
mve3-v2-approved-2026-07-18,locked,10,1,anti,shared,evaluation_root,6041368396004782920
mve3-v2-approved-2026-07-18,locked,10,1,anti,none,cell_identity,299921234591929881
mve3-v2-approved-2026-07-18,locked,10,1,anti,p,cell_identity,12737041187633596899
mve3-v2-approved-2026-07-18,locked,10,1,anti,k,cell_identity,9673283576702968720
mve3-v2-approved-2026-07-18,locked,10,1,anti,o,cell_identity,9000021248638555429
mve3-v2-approved-2026-07-18,locked,10,1,anti,pk,cell_identity,1769268700600795221
mve3-v2-approved-2026-07-18,locked,10,1,anti,po,cell_identity,7320611564922667298
mve3-v2-approved-2026-07-18,locked,10,1,anti,ko,cell_identity,16913845473600279656
mve3-v2-approved-2026-07-18,locked,10,1,anti,pko,cell_identity,4763219085715835977
mve3-v2-approved-2026-07-18,locked,10,2,controlled,shared,o_collection_root,11983612425227320107
mve3-v2-approved-2026-07-18,locked,10,2,controlled,shared,non_o_collection_root,4411018596079961271
mve3-v2-approved-2026-07-18,locked,10,2,controlled,shared,evaluation_root,12700253939279089028
mve3-v2-approved-2026-07-18,locked,10,2,controlled,none,cell_identity,9865462640442411367
mve3-v2-approved-2026-07-18,locked,10,2,controlled,p,cell_identity,10693059463482698855
mve3-v2-approved-2026-07-18,locked,10,2,controlled,k,cell_identity,5633999449312193999
mve3-v2-approved-2026-07-18,locked,10,2,controlled,o,cell_identity,7945706429523707533
mve3-v2-approved-2026-07-18,locked,10,2,controlled,pk,cell_identity,8383565504143234263
mve3-v2-approved-2026-07-18,locked,10,2,controlled,po,cell_identity,15593976926996365609
mve3-v2-approved-2026-07-18,locked,10,2,controlled,ko,cell_identity,1191641651372662883
mve3-v2-approved-2026-07-18,locked,10,2,controlled,pko,cell_identity,9764637952227639489
mve3-v2-approved-2026-07-18,locked,10,2,learned,shared,o_collection_root,11475806706407150090
mve3-v2-approved-2026-07-18,locked,10,2,learned,shared,non_o_collection_root,4411018596079961271
mve3-v2-approved-2026-07-18,locked,10,2,learned,shared,evaluation_root,12700253939279089028
mve3-v2-approved-2026-07-18,locked,10,2,learned,none,cell_identity,14751771239589554595
mve3-v2-approved-2026-07-18,locked,10,2,learned,p,cell_identity,17353111827867577660
mve3-v2-approved-2026-07-18,locked,10,2,learned,k,cell_identity,194340482289474560
mve3-v2-approved-2026-07-18,locked,10,2,learned,o,cell_identity,4551625768889284093
mve3-v2-approved-2026-07-18,locked,10,2,learned,pk,cell_identity,1234179253443922120
mve3-v2-approved-2026-07-18,locked,10,2,learned,po,cell_identity,3254116997121723582
mve3-v2-approved-2026-07-18,locked,10,2,learned,ko,cell_identity,1382870022436296542
mve3-v2-approved-2026-07-18,locked,10,2,learned,pko,cell_identity,7830734179337148122
mve3-v2-approved-2026-07-18,locked,10,2,shuffled,shared,o_collection_root,10034105984095134995
mve3-v2-approved-2026-07-18,locked,10,2,shuffled,shared,non_o_collection_root,4411018596079961271
mve3-v2-approved-2026-07-18,locked,10,2,shuffled,shared,evaluation_root,12700253939279089028
mve3-v2-approved-2026-07-18,locked,10,2,shuffled,none,cell_identity,977458382438573983
mve3-v2-approved-2026-07-18,locked,10,2,shuffled,p,cell_identity,4510762619793622266
mve3-v2-approved-2026-07-18,locked,10,2,shuffled,k,cell_identity,6865467348062986026
mve3-v2-approved-2026-07-18,locked,10,2,shuffled,o,cell_identity,15743515350021519781
mve3-v2-approved-2026-07-18,locked,10,2,shuffled,pk,cell_identity,16186805771014873126
mve3-v2-approved-2026-07-18,locked,10,2,shuffled,po,cell_identity,3307450383725747029
mve3-v2-approved-2026-07-18,locked,10,2,shuffled,ko,cell_identity,7300679860198857839
mve3-v2-approved-2026-07-18,locked,10,2,shuffled,pko,cell_identity,5638476039348160494
mve3-v2-approved-2026-07-18,locked,10,2,anti,shared,o_collection_root,5506298805904172466
mve3-v2-approved-2026-07-18,locked,10,2,anti,shared,non_o_collection_root,4411018596079961271
mve3-v2-approved-2026-07-18,locked,10,2,anti,shared,evaluation_root,12700253939279089028
mve3-v2-approved-2026-07-18,locked,10,2,anti,none,cell_identity,1865296482499079746
mve3-v2-approved-2026-07-18,locked,10,2,anti,p,cell_identity,13222158370737442676
mve3-v2-approved-2026-07-18,locked,10,2,anti,k,cell_identity,9953244659174796408
mve3-v2-approved-2026-07-18,locked,10,2,anti,o,cell_identity,11939024862669963482
mve3-v2-approved-2026-07-18,locked,10,2,anti,pk,cell_identity,11455570707959396860
mve3-v2-approved-2026-07-18,locked,10,2,anti,po,cell_identity,10478971615064643327
mve3-v2-approved-2026-07-18,locked,10,2,anti,ko,cell_identity,5264431043753984319
mve3-v2-approved-2026-07-18,locked,10,2,anti,pko,cell_identity,16224679329240912643
mve3-v2-approved-2026-07-18,locked,10,3,controlled,shared,o_collection_root,10381907165701701193
mve3-v2-approved-2026-07-18,locked,10,3,controlled,shared,non_o_collection_root,12991291934623092463
mve3-v2-approved-2026-07-18,locked,10,3,controlled,shared,evaluation_root,3581022202549435354
mve3-v2-approved-2026-07-18,locked,10,3,controlled,none,cell_identity,17543956906304557823
mve3-v2-approved-2026-07-18,locked,10,3,controlled,p,cell_identity,16133605462695050609
mve3-v2-approved-2026-07-18,locked,10,3,controlled,k,cell_identity,14925616558957971738
mve3-v2-approved-2026-07-18,locked,10,3,controlled,o,cell_identity,12667884923984148583
mve3-v2-approved-2026-07-18,locked,10,3,controlled,pk,cell_identity,18131787208305239
mve3-v2-approved-2026-07-18,locked,10,3,controlled,po,cell_identity,10139252619455897300
mve3-v2-approved-2026-07-18,locked,10,3,controlled,ko,cell_identity,9110130463311220848
mve3-v2-approved-2026-07-18,locked,10,3,controlled,pko,cell_identity,5986389776320251000
mve3-v2-approved-2026-07-18,locked,10,3,learned,shared,o_collection_root,16173160998041438725
mve3-v2-approved-2026-07-18,locked,10,3,learned,shared,non_o_collection_root,12991291934623092463
mve3-v2-approved-2026-07-18,locked,10,3,learned,shared,evaluation_root,3581022202549435354
mve3-v2-approved-2026-07-18,locked,10,3,learned,none,cell_identity,7437377908169060129
mve3-v2-approved-2026-07-18,locked,10,3,learned,p,cell_identity,11409549730106010440
mve3-v2-approved-2026-07-18,locked,10,3,learned,k,cell_identity,18182123985950286516
mve3-v2-approved-2026-07-18,locked,10,3,learned,o,cell_identity,642037005877505087
mve3-v2-approved-2026-07-18,locked,10,3,learned,pk,cell_identity,5510078960574968920
mve3-v2-approved-2026-07-18,locked,10,3,learned,po,cell_identity,12884367645827188834
mve3-v2-approved-2026-07-18,locked,10,3,learned,ko,cell_identity,7379254726053613081
mve3-v2-approved-2026-07-18,locked,10,3,learned,pko,cell_identity,16532303362651710049
mve3-v2-approved-2026-07-18,locked,10,3,shuffled,shared,o_collection_root,15230909956652006761
mve3-v2-approved-2026-07-18,locked,10,3,shuffled,shared,non_o_collection_root,12991291934623092463
mve3-v2-approved-2026-07-18,locked,10,3,shuffled,shared,evaluation_root,3581022202549435354
mve3-v2-approved-2026-07-18,locked,10,3,shuffled,none,cell_identity,5505243896453170809
mve3-v2-approved-2026-07-18,locked,10,3,shuffled,p,cell_identity,8576294091673865952
mve3-v2-approved-2026-07-18,locked,10,3,shuffled,k,cell_identity,9922248382244247248
mve3-v2-approved-2026-07-18,locked,10,3,shuffled,o,cell_identity,7670483899007752998
mve3-v2-approved-2026-07-18,locked,10,3,shuffled,pk,cell_identity,4296973216234923070
mve3-v2-approved-2026-07-18,locked,10,3,shuffled,po,cell_identity,17691551573335829698
mve3-v2-approved-2026-07-18,locked,10,3,shuffled,ko,cell_identity,796944681713431209
mve3-v2-approved-2026-07-18,locked,10,3,shuffled,pko,cell_identity,16255100050457179099
mve3-v2-approved-2026-07-18,locked,10,3,anti,shared,o_collection_root,16583126331919146606
mve3-v2-approved-2026-07-18,locked,10,3,anti,shared,non_o_collection_root,12991291934623092463
mve3-v2-approved-2026-07-18,locked,10,3,anti,shared,evaluation_root,3581022202549435354
mve3-v2-approved-2026-07-18,locked,10,3,anti,none,cell_identity,5597342888601724623
mve3-v2-approved-2026-07-18,locked,10,3,anti,p,cell_identity,12626067243906429046
mve3-v2-approved-2026-07-18,locked,10,3,anti,k,cell_identity,4774357156726262546
mve3-v2-approved-2026-07-18,locked,10,3,anti,o,cell_identity,9098287484940641818
mve3-v2-approved-2026-07-18,locked,10,3,anti,pk,cell_identity,748669261771158524
mve3-v2-approved-2026-07-18,locked,10,3,anti,po,cell_identity,583296056126413900
mve3-v2-approved-2026-07-18,locked,10,3,anti,ko,cell_identity,7179776266459842862
mve3-v2-approved-2026-07-18,locked,10,3,anti,pko,cell_identity,14309772919530118424
mve3-v2-approved-2026-07-18,locked,11,1,controlled,shared,o_collection_root,12800847466391206603
mve3-v2-approved-2026-07-18,locked,11,1,controlled,shared,non_o_collection_root,4737737526668738213
mve3-v2-approved-2026-07-18,locked,11,1,controlled,shared,evaluation_root,7833263612450053660
mve3-v2-approved-2026-07-18,locked,11,1,controlled,none,cell_identity,4352553304543757725
mve3-v2-approved-2026-07-18,locked,11,1,controlled,p,cell_identity,789656808778524389
mve3-v2-approved-2026-07-18,locked,11,1,controlled,k,cell_identity,12234267904970359690
mve3-v2-approved-2026-07-18,locked,11,1,controlled,o,cell_identity,8100116007057452284
mve3-v2-approved-2026-07-18,locked,11,1,controlled,pk,cell_identity,1778952474464632521
mve3-v2-approved-2026-07-18,locked,11,1,controlled,po,cell_identity,7164621031093728237
mve3-v2-approved-2026-07-18,locked,11,1,controlled,ko,cell_identity,15154425923847233937
mve3-v2-approved-2026-07-18,locked,11,1,controlled,pko,cell_identity,1873541263512897083
mve3-v2-approved-2026-07-18,locked,11,1,learned,shared,o_collection_root,15825218026735862086
mve3-v2-approved-2026-07-18,locked,11,1,learned,shared,non_o_collection_root,4737737526668738213
mve3-v2-approved-2026-07-18,locked,11,1,learned,shared,evaluation_root,7833263612450053660
mve3-v2-approved-2026-07-18,locked,11,1,learned,none,cell_identity,9304988072411116219
mve3-v2-approved-2026-07-18,locked,11,1,learned,p,cell_identity,17261805779010656736
mve3-v2-approved-2026-07-18,locked,11,1,learned,k,cell_identity,1366725912063699736
mve3-v2-approved-2026-07-18,locked,11,1,learned,o,cell_identity,13384648216925675897
mve3-v2-approved-2026-07-18,locked,11,1,learned,pk,cell_identity,779088948048643156
mve3-v2-approved-2026-07-18,locked,11,1,learned,po,cell_identity,9717996883629226967
mve3-v2-approved-2026-07-18,locked,11,1,learned,ko,cell_identity,384457713513842122
mve3-v2-approved-2026-07-18,locked,11,1,learned,pko,cell_identity,2247312107031642984
mve3-v2-approved-2026-07-18,locked,11,1,shuffled,shared,o_collection_root,10931300885020190930
mve3-v2-approved-2026-07-18,locked,11,1,shuffled,shared,non_o_collection_root,4737737526668738213
mve3-v2-approved-2026-07-18,locked,11,1,shuffled,shared,evaluation_root,7833263612450053660
mve3-v2-approved-2026-07-18,locked,11,1,shuffled,none,cell_identity,10521392728254508257
mve3-v2-approved-2026-07-18,locked,11,1,shuffled,p,cell_identity,15467774602713354095
mve3-v2-approved-2026-07-18,locked,11,1,shuffled,k,cell_identity,14543554394545719630
mve3-v2-approved-2026-07-18,locked,11,1,shuffled,o,cell_identity,8661830398035770058
mve3-v2-approved-2026-07-18,locked,11,1,shuffled,pk,cell_identity,5902046083766346966
mve3-v2-approved-2026-07-18,locked,11,1,shuffled,po,cell_identity,15317174546955640526
mve3-v2-approved-2026-07-18,locked,11,1,shuffled,ko,cell_identity,3430472022497353118
mve3-v2-approved-2026-07-18,locked,11,1,shuffled,pko,cell_identity,7244739636917147094
mve3-v2-approved-2026-07-18,locked,11,1,anti,shared,o_collection_root,13960636518355316727
mve3-v2-approved-2026-07-18,locked,11,1,anti,shared,non_o_collection_root,4737737526668738213
mve3-v2-approved-2026-07-18,locked,11,1,anti,shared,evaluation_root,7833263612450053660
mve3-v2-approved-2026-07-18,locked,11,1,anti,none,cell_identity,5104538486679709767
mve3-v2-approved-2026-07-18,locked,11,1,anti,p,cell_identity,4674833068974342978
mve3-v2-approved-2026-07-18,locked,11,1,anti,k,cell_identity,12576791713120921803
mve3-v2-approved-2026-07-18,locked,11,1,anti,o,cell_identity,14208846095856210086
mve3-v2-approved-2026-07-18,locked,11,1,anti,pk,cell_identity,11059211167557213166
mve3-v2-approved-2026-07-18,locked,11,1,anti,po,cell_identity,16852608289140156793
mve3-v2-approved-2026-07-18,locked,11,1,anti,ko,cell_identity,14655646824601506145
mve3-v2-approved-2026-07-18,locked,11,1,anti,pko,cell_identity,7615100164159150719
mve3-v2-approved-2026-07-18,locked,11,2,controlled,shared,o_collection_root,7528779013288758068
mve3-v2-approved-2026-07-18,locked,11,2,controlled,shared,non_o_collection_root,2261943409291070040
mve3-v2-approved-2026-07-18,locked,11,2,controlled,shared,evaluation_root,6169799592615143593
mve3-v2-approved-2026-07-18,locked,11,2,controlled,none,cell_identity,13379681767304493264
mve3-v2-approved-2026-07-18,locked,11,2,controlled,p,cell_identity,15578699028129724677
mve3-v2-approved-2026-07-18,locked,11,2,controlled,k,cell_identity,6140744590004538681
mve3-v2-approved-2026-07-18,locked,11,2,controlled,o,cell_identity,5639772116551327658
mve3-v2-approved-2026-07-18,locked,11,2,controlled,pk,cell_identity,5985151284621124594
mve3-v2-approved-2026-07-18,locked,11,2,controlled,po,cell_identity,3173436662173342077
mve3-v2-approved-2026-07-18,locked,11,2,controlled,ko,cell_identity,4276465706532020639
mve3-v2-approved-2026-07-18,locked,11,2,controlled,pko,cell_identity,4341605480151648229
mve3-v2-approved-2026-07-18,locked,11,2,learned,shared,o_collection_root,12743150414818937305
mve3-v2-approved-2026-07-18,locked,11,2,learned,shared,non_o_collection_root,2261943409291070040
mve3-v2-approved-2026-07-18,locked,11,2,learned,shared,evaluation_root,6169799592615143593
mve3-v2-approved-2026-07-18,locked,11,2,learned,none,cell_identity,2728106450112134560
mve3-v2-approved-2026-07-18,locked,11,2,learned,p,cell_identity,15289435043208821717
mve3-v2-approved-2026-07-18,locked,11,2,learned,k,cell_identity,7973487339222730878
mve3-v2-approved-2026-07-18,locked,11,2,learned,o,cell_identity,3533794831751163265
mve3-v2-approved-2026-07-18,locked,11,2,learned,pk,cell_identity,14030408697079810286
mve3-v2-approved-2026-07-18,locked,11,2,learned,po,cell_identity,9454852531362971500
mve3-v2-approved-2026-07-18,locked,11,2,learned,ko,cell_identity,8491454422855480373
mve3-v2-approved-2026-07-18,locked,11,2,learned,pko,cell_identity,13787386256867419883
mve3-v2-approved-2026-07-18,locked,11,2,shuffled,shared,o_collection_root,4858941702185857037
mve3-v2-approved-2026-07-18,locked,11,2,shuffled,shared,non_o_collection_root,2261943409291070040
mve3-v2-approved-2026-07-18,locked,11,2,shuffled,shared,evaluation_root,6169799592615143593
mve3-v2-approved-2026-07-18,locked,11,2,shuffled,none,cell_identity,7682720107490546167
mve3-v2-approved-2026-07-18,locked,11,2,shuffled,p,cell_identity,7550178875826437788
mve3-v2-approved-2026-07-18,locked,11,2,shuffled,k,cell_identity,3638826356315740885
mve3-v2-approved-2026-07-18,locked,11,2,shuffled,o,cell_identity,4754058550821350804
mve3-v2-approved-2026-07-18,locked,11,2,shuffled,pk,cell_identity,9239686653907762723
mve3-v2-approved-2026-07-18,locked,11,2,shuffled,po,cell_identity,6121823766323998345
mve3-v2-approved-2026-07-18,locked,11,2,shuffled,ko,cell_identity,2395121105375319888
mve3-v2-approved-2026-07-18,locked,11,2,shuffled,pko,cell_identity,13879823105776473523
mve3-v2-approved-2026-07-18,locked,11,2,anti,shared,o_collection_root,15898126911528828126
mve3-v2-approved-2026-07-18,locked,11,2,anti,shared,non_o_collection_root,2261943409291070040
mve3-v2-approved-2026-07-18,locked,11,2,anti,shared,evaluation_root,6169799592615143593
mve3-v2-approved-2026-07-18,locked,11,2,anti,none,cell_identity,14390554812780613498
mve3-v2-approved-2026-07-18,locked,11,2,anti,p,cell_identity,9506660660255355662
mve3-v2-approved-2026-07-18,locked,11,2,anti,k,cell_identity,6026153719890077496
mve3-v2-approved-2026-07-18,locked,11,2,anti,o,cell_identity,10864001949803357372
mve3-v2-approved-2026-07-18,locked,11,2,anti,pk,cell_identity,6264626728149195236
mve3-v2-approved-2026-07-18,locked,11,2,anti,po,cell_identity,6103319641836691457
mve3-v2-approved-2026-07-18,locked,11,2,anti,ko,cell_identity,17203566028583346431
mve3-v2-approved-2026-07-18,locked,11,2,anti,pko,cell_identity,8330043576618042463
mve3-v2-approved-2026-07-18,locked,11,3,controlled,shared,o_collection_root,15078597596430048736
mve3-v2-approved-2026-07-18,locked,11,3,controlled,shared,non_o_collection_root,16273784935424783928
mve3-v2-approved-2026-07-18,locked,11,3,controlled,shared,evaluation_root,4556869069351433546
mve3-v2-approved-2026-07-18,locked,11,3,controlled,none,cell_identity,1171179552399858402
mve3-v2-approved-2026-07-18,locked,11,3,controlled,p,cell_identity,6640444614478587744
mve3-v2-approved-2026-07-18,locked,11,3,controlled,k,cell_identity,14648612920758248900
mve3-v2-approved-2026-07-18,locked,11,3,controlled,o,cell_identity,4843533597175658334
mve3-v2-approved-2026-07-18,locked,11,3,controlled,pk,cell_identity,2511924061514449674
mve3-v2-approved-2026-07-18,locked,11,3,controlled,po,cell_identity,18103150477072623002
mve3-v2-approved-2026-07-18,locked,11,3,controlled,ko,cell_identity,4346099579890660152
mve3-v2-approved-2026-07-18,locked,11,3,controlled,pko,cell_identity,10370523999025943356
mve3-v2-approved-2026-07-18,locked,11,3,learned,shared,o_collection_root,6792059363758454905
mve3-v2-approved-2026-07-18,locked,11,3,learned,shared,non_o_collection_root,16273784935424783928
mve3-v2-approved-2026-07-18,locked,11,3,learned,shared,evaluation_root,4556869069351433546
mve3-v2-approved-2026-07-18,locked,11,3,learned,none,cell_identity,2526981893538243743
mve3-v2-approved-2026-07-18,locked,11,3,learned,p,cell_identity,11450678188310274318
mve3-v2-approved-2026-07-18,locked,11,3,learned,k,cell_identity,822695736591404645
mve3-v2-approved-2026-07-18,locked,11,3,learned,o,cell_identity,5109562382539207493
mve3-v2-approved-2026-07-18,locked,11,3,learned,pk,cell_identity,4622828467530542537
mve3-v2-approved-2026-07-18,locked,11,3,learned,po,cell_identity,11820728840463590335
mve3-v2-approved-2026-07-18,locked,11,3,learned,ko,cell_identity,9118123988793768970
mve3-v2-approved-2026-07-18,locked,11,3,learned,pko,cell_identity,7247218070711212920
mve3-v2-approved-2026-07-18,locked,11,3,shuffled,shared,o_collection_root,12254299869067267975
mve3-v2-approved-2026-07-18,locked,11,3,shuffled,shared,non_o_collection_root,16273784935424783928
mve3-v2-approved-2026-07-18,locked,11,3,shuffled,shared,evaluation_root,4556869069351433546
mve3-v2-approved-2026-07-18,locked,11,3,shuffled,none,cell_identity,17970584059254785846
mve3-v2-approved-2026-07-18,locked,11,3,shuffled,p,cell_identity,10172335489363385814
mve3-v2-approved-2026-07-18,locked,11,3,shuffled,k,cell_identity,6871491352160641074
mve3-v2-approved-2026-07-18,locked,11,3,shuffled,o,cell_identity,14360352597632719388
mve3-v2-approved-2026-07-18,locked,11,3,shuffled,pk,cell_identity,9747508531006140574
mve3-v2-approved-2026-07-18,locked,11,3,shuffled,po,cell_identity,10098247511221124401
mve3-v2-approved-2026-07-18,locked,11,3,shuffled,ko,cell_identity,12656184905049845521
mve3-v2-approved-2026-07-18,locked,11,3,shuffled,pko,cell_identity,12766016473126570423
mve3-v2-approved-2026-07-18,locked,11,3,anti,shared,o_collection_root,10745980599918505614
mve3-v2-approved-2026-07-18,locked,11,3,anti,shared,non_o_collection_root,16273784935424783928
mve3-v2-approved-2026-07-18,locked,11,3,anti,shared,evaluation_root,4556869069351433546
mve3-v2-approved-2026-07-18,locked,11,3,anti,none,cell_identity,11163912714283191449
mve3-v2-approved-2026-07-18,locked,11,3,anti,p,cell_identity,18262192521345909954
mve3-v2-approved-2026-07-18,locked,11,3,anti,k,cell_identity,7323841439327329839
mve3-v2-approved-2026-07-18,locked,11,3,anti,o,cell_identity,11437014293763518998
mve3-v2-approved-2026-07-18,locked,11,3,anti,pk,cell_identity,8024612727777853128
mve3-v2-approved-2026-07-18,locked,11,3,anti,po,cell_identity,5157791222828762090
mve3-v2-approved-2026-07-18,locked,11,3,anti,ko,cell_identity,14861467959548623723
mve3-v2-approved-2026-07-18,locked,11,3,anti,pko,cell_identity,3494734844292012771
mve3-v2-approved-2026-07-18,locked,12,1,controlled,shared,o_collection_root,1546987385953201653
mve3-v2-approved-2026-07-18,locked,12,1,controlled,shared,non_o_collection_root,9990888415952410525
mve3-v2-approved-2026-07-18,locked,12,1,controlled,shared,evaluation_root,14981605371376062789
mve3-v2-approved-2026-07-18,locked,12,1,controlled,none,cell_identity,3601937153505662000
mve3-v2-approved-2026-07-18,locked,12,1,controlled,p,cell_identity,2915791498723149203
mve3-v2-approved-2026-07-18,locked,12,1,controlled,k,cell_identity,3793776729682357519
mve3-v2-approved-2026-07-18,locked,12,1,controlled,o,cell_identity,11720151461203517924
mve3-v2-approved-2026-07-18,locked,12,1,controlled,pk,cell_identity,16278558060460953165
mve3-v2-approved-2026-07-18,locked,12,1,controlled,po,cell_identity,401266582635617303
mve3-v2-approved-2026-07-18,locked,12,1,controlled,ko,cell_identity,9314083753451189961
mve3-v2-approved-2026-07-18,locked,12,1,controlled,pko,cell_identity,7671202482560811711
mve3-v2-approved-2026-07-18,locked,12,1,learned,shared,o_collection_root,2294820930104000151
mve3-v2-approved-2026-07-18,locked,12,1,learned,shared,non_o_collection_root,9990888415952410525
mve3-v2-approved-2026-07-18,locked,12,1,learned,shared,evaluation_root,14981605371376062789
mve3-v2-approved-2026-07-18,locked,12,1,learned,none,cell_identity,12342935736485658165
mve3-v2-approved-2026-07-18,locked,12,1,learned,p,cell_identity,10927483196389383470
mve3-v2-approved-2026-07-18,locked,12,1,learned,k,cell_identity,14821125413306087487
mve3-v2-approved-2026-07-18,locked,12,1,learned,o,cell_identity,13991819489221620947
mve3-v2-approved-2026-07-18,locked,12,1,learned,pk,cell_identity,11757150924373045043
mve3-v2-approved-2026-07-18,locked,12,1,learned,po,cell_identity,1599863444104351053
mve3-v2-approved-2026-07-18,locked,12,1,learned,ko,cell_identity,9453654874882145001
mve3-v2-approved-2026-07-18,locked,12,1,learned,pko,cell_identity,17971829649437253514
mve3-v2-approved-2026-07-18,locked,12,1,shuffled,shared,o_collection_root,12922306777832893357
mve3-v2-approved-2026-07-18,locked,12,1,shuffled,shared,non_o_collection_root,9990888415952410525
mve3-v2-approved-2026-07-18,locked,12,1,shuffled,shared,evaluation_root,14981605371376062789
mve3-v2-approved-2026-07-18,locked,12,1,shuffled,none,cell_identity,4429518650132943323
mve3-v2-approved-2026-07-18,locked,12,1,shuffled,p,cell_identity,4758334616631249089
mve3-v2-approved-2026-07-18,locked,12,1,shuffled,k,cell_identity,10528733474780524771
mve3-v2-approved-2026-07-18,locked,12,1,shuffled,o,cell_identity,8740641486862588643
mve3-v2-approved-2026-07-18,locked,12,1,shuffled,pk,cell_identity,6179616875481129136
mve3-v2-approved-2026-07-18,locked,12,1,shuffled,po,cell_identity,7399418007036115187
mve3-v2-approved-2026-07-18,locked,12,1,shuffled,ko,cell_identity,9409173889763099134
mve3-v2-approved-2026-07-18,locked,12,1,shuffled,pko,cell_identity,12387154732355819142
mve3-v2-approved-2026-07-18,locked,12,1,anti,shared,o_collection_root,12413495631274272895
mve3-v2-approved-2026-07-18,locked,12,1,anti,shared,non_o_collection_root,9990888415952410525
mve3-v2-approved-2026-07-18,locked,12,1,anti,shared,evaluation_root,14981605371376062789
mve3-v2-approved-2026-07-18,locked,12,1,anti,none,cell_identity,7295414159592392274
mve3-v2-approved-2026-07-18,locked,12,1,anti,p,cell_identity,14357756659393145520
mve3-v2-approved-2026-07-18,locked,12,1,anti,k,cell_identity,13453296521866026737
mve3-v2-approved-2026-07-18,locked,12,1,anti,o,cell_identity,1904296608647866368
mve3-v2-approved-2026-07-18,locked,12,1,anti,pk,cell_identity,10100192965881522002
mve3-v2-approved-2026-07-18,locked,12,1,anti,po,cell_identity,8432763311890207563
mve3-v2-approved-2026-07-18,locked,12,1,anti,ko,cell_identity,6727276948352212179
mve3-v2-approved-2026-07-18,locked,12,1,anti,pko,cell_identity,10889628156097587406
mve3-v2-approved-2026-07-18,locked,12,2,controlled,shared,o_collection_root,17637908692751816767
mve3-v2-approved-2026-07-18,locked,12,2,controlled,shared,non_o_collection_root,5568004874014785589
mve3-v2-approved-2026-07-18,locked,12,2,controlled,shared,evaluation_root,14037919900078599712
mve3-v2-approved-2026-07-18,locked,12,2,controlled,none,cell_identity,16396177514453096883
mve3-v2-approved-2026-07-18,locked,12,2,controlled,p,cell_identity,4524922818308182419
mve3-v2-approved-2026-07-18,locked,12,2,controlled,k,cell_identity,14626879741654524080
mve3-v2-approved-2026-07-18,locked,12,2,controlled,o,cell_identity,7481330331496129893
mve3-v2-approved-2026-07-18,locked,12,2,controlled,pk,cell_identity,15016331854060468011
mve3-v2-approved-2026-07-18,locked,12,2,controlled,po,cell_identity,8257017112702861974
mve3-v2-approved-2026-07-18,locked,12,2,controlled,ko,cell_identity,756998118491512389
mve3-v2-approved-2026-07-18,locked,12,2,controlled,pko,cell_identity,16043348092667034690
mve3-v2-approved-2026-07-18,locked,12,2,learned,shared,o_collection_root,3397130783551993382
mve3-v2-approved-2026-07-18,locked,12,2,learned,shared,non_o_collection_root,5568004874014785589
mve3-v2-approved-2026-07-18,locked,12,2,learned,shared,evaluation_root,14037919900078599712
mve3-v2-approved-2026-07-18,locked,12,2,learned,none,cell_identity,206133879928698242
mve3-v2-approved-2026-07-18,locked,12,2,learned,p,cell_identity,1107390109886456611
mve3-v2-approved-2026-07-18,locked,12,2,learned,k,cell_identity,1409913045998073277
mve3-v2-approved-2026-07-18,locked,12,2,learned,o,cell_identity,17612025164873658190
mve3-v2-approved-2026-07-18,locked,12,2,learned,pk,cell_identity,1346009508112687637
mve3-v2-approved-2026-07-18,locked,12,2,learned,po,cell_identity,16011981084482711459
mve3-v2-approved-2026-07-18,locked,12,2,learned,ko,cell_identity,8227528106777225599
mve3-v2-approved-2026-07-18,locked,12,2,learned,pko,cell_identity,12534301231616500686
mve3-v2-approved-2026-07-18,locked,12,2,shuffled,shared,o_collection_root,10125303907953591657
mve3-v2-approved-2026-07-18,locked,12,2,shuffled,shared,non_o_collection_root,5568004874014785589
mve3-v2-approved-2026-07-18,locked,12,2,shuffled,shared,evaluation_root,14037919900078599712
mve3-v2-approved-2026-07-18,locked,12,2,shuffled,none,cell_identity,3583875145673300422
mve3-v2-approved-2026-07-18,locked,12,2,shuffled,p,cell_identity,12902987367629048195
mve3-v2-approved-2026-07-18,locked,12,2,shuffled,k,cell_identity,137524547534718358
mve3-v2-approved-2026-07-18,locked,12,2,shuffled,o,cell_identity,14101316356776033283
mve3-v2-approved-2026-07-18,locked,12,2,shuffled,pk,cell_identity,11594855109016161833
mve3-v2-approved-2026-07-18,locked,12,2,shuffled,po,cell_identity,14316861477799430019
mve3-v2-approved-2026-07-18,locked,12,2,shuffled,ko,cell_identity,1045882128297734895
mve3-v2-approved-2026-07-18,locked,12,2,shuffled,pko,cell_identity,6263454659775893388
mve3-v2-approved-2026-07-18,locked,12,2,anti,shared,o_collection_root,15462487313954848456
mve3-v2-approved-2026-07-18,locked,12,2,anti,shared,non_o_collection_root,5568004874014785589
mve3-v2-approved-2026-07-18,locked,12,2,anti,shared,evaluation_root,14037919900078599712
mve3-v2-approved-2026-07-18,locked,12,2,anti,none,cell_identity,7994415530567080268
mve3-v2-approved-2026-07-18,locked,12,2,anti,p,cell_identity,5964364563582511628
mve3-v2-approved-2026-07-18,locked,12,2,anti,k,cell_identity,17833728963783985401
mve3-v2-approved-2026-07-18,locked,12,2,anti,o,cell_identity,13406917392100990986
mve3-v2-approved-2026-07-18,locked,12,2,anti,pk,cell_identity,5800652265698040550
mve3-v2-approved-2026-07-18,locked,12,2,anti,po,cell_identity,12447561641708340854
mve3-v2-approved-2026-07-18,locked,12,2,anti,ko,cell_identity,15957087538830625924
mve3-v2-approved-2026-07-18,locked,12,2,anti,pko,cell_identity,18086498343163224162
mve3-v2-approved-2026-07-18,locked,12,3,controlled,shared,o_collection_root,7135213962177447387
mve3-v2-approved-2026-07-18,locked,12,3,controlled,shared,non_o_collection_root,3732233011494238213
mve3-v2-approved-2026-07-18,locked,12,3,controlled,shared,evaluation_root,8430027741403036180
mve3-v2-approved-2026-07-18,locked,12,3,controlled,none,cell_identity,14607434746290043491
mve3-v2-approved-2026-07-18,locked,12,3,controlled,p,cell_identity,1639894419866431273
mve3-v2-approved-2026-07-18,locked,12,3,controlled,k,cell_identity,14527791253005949687
mve3-v2-approved-2026-07-18,locked,12,3,controlled,o,cell_identity,3980400347148601428
mve3-v2-approved-2026-07-18,locked,12,3,controlled,pk,cell_identity,4733733561925561340
mve3-v2-approved-2026-07-18,locked,12,3,controlled,po,cell_identity,1109756222864733178
mve3-v2-approved-2026-07-18,locked,12,3,controlled,ko,cell_identity,6180242779716321638
mve3-v2-approved-2026-07-18,locked,12,3,controlled,pko,cell_identity,14107476818019435338
mve3-v2-approved-2026-07-18,locked,12,3,learned,shared,o_collection_root,1045636147799326833
mve3-v2-approved-2026-07-18,locked,12,3,learned,shared,non_o_collection_root,3732233011494238213
mve3-v2-approved-2026-07-18,locked,12,3,learned,shared,evaluation_root,8430027741403036180
mve3-v2-approved-2026-07-18,locked,12,3,learned,none,cell_identity,12605526210857674110
mve3-v2-approved-2026-07-18,locked,12,3,learned,p,cell_identity,8817160592166751746
mve3-v2-approved-2026-07-18,locked,12,3,learned,k,cell_identity,18068405131132397449
mve3-v2-approved-2026-07-18,locked,12,3,learned,o,cell_identity,15422928919465510108
mve3-v2-approved-2026-07-18,locked,12,3,learned,pk,cell_identity,68535804305725103
mve3-v2-approved-2026-07-18,locked,12,3,learned,po,cell_identity,3168509184650295300
mve3-v2-approved-2026-07-18,locked,12,3,learned,ko,cell_identity,9098232427522243921
mve3-v2-approved-2026-07-18,locked,12,3,learned,pko,cell_identity,15611656123981872953
mve3-v2-approved-2026-07-18,locked,12,3,shuffled,shared,o_collection_root,1130465420302651936
mve3-v2-approved-2026-07-18,locked,12,3,shuffled,shared,non_o_collection_root,3732233011494238213
mve3-v2-approved-2026-07-18,locked,12,3,shuffled,shared,evaluation_root,8430027741403036180
mve3-v2-approved-2026-07-18,locked,12,3,shuffled,none,cell_identity,9990253911929803832
mve3-v2-approved-2026-07-18,locked,12,3,shuffled,p,cell_identity,5088009044259265131
mve3-v2-approved-2026-07-18,locked,12,3,shuffled,k,cell_identity,18103451324528994391
mve3-v2-approved-2026-07-18,locked,12,3,shuffled,o,cell_identity,3689449993167458196
mve3-v2-approved-2026-07-18,locked,12,3,shuffled,pk,cell_identity,5752596086879170897
mve3-v2-approved-2026-07-18,locked,12,3,shuffled,po,cell_identity,7336782797431892619
mve3-v2-approved-2026-07-18,locked,12,3,shuffled,ko,cell_identity,8854390023731111807
mve3-v2-approved-2026-07-18,locked,12,3,shuffled,pko,cell_identity,16338077506991039050
mve3-v2-approved-2026-07-18,locked,12,3,anti,shared,o_collection_root,15420894677943263021
mve3-v2-approved-2026-07-18,locked,12,3,anti,shared,non_o_collection_root,3732233011494238213
mve3-v2-approved-2026-07-18,locked,12,3,anti,shared,evaluation_root,8430027741403036180
mve3-v2-approved-2026-07-18,locked,12,3,anti,none,cell_identity,9521729477301410980
mve3-v2-approved-2026-07-18,locked,12,3,anti,p,cell_identity,18323451206244313438
mve3-v2-approved-2026-07-18,locked,12,3,anti,k,cell_identity,11724927844134961439
mve3-v2-approved-2026-07-18,locked,12,3,anti,o,cell_identity,15291604868290781692
mve3-v2-approved-2026-07-18,locked,12,3,anti,pk,cell_identity,13590666679793119630
mve3-v2-approved-2026-07-18,locked,12,3,anti,po,cell_identity,11704930711177141551
mve3-v2-approved-2026-07-18,locked,12,3,anti,ko,cell_identity,4525781672270000239
mve3-v2-approved-2026-07-18,locked,12,3,anti,pko,cell_identity,12268479745088410548
mve3-v2-approved-2026-07-18,locked,13,1,controlled,shared,o_collection_root,2189209950563336975
mve3-v2-approved-2026-07-18,locked,13,1,controlled,shared,non_o_collection_root,9727327183954289255
mve3-v2-approved-2026-07-18,locked,13,1,controlled,shared,evaluation_root,3401438756086750499
mve3-v2-approved-2026-07-18,locked,13,1,controlled,none,cell_identity,9630139753725248477
mve3-v2-approved-2026-07-18,locked,13,1,controlled,p,cell_identity,9349697551420322821
mve3-v2-approved-2026-07-18,locked,13,1,controlled,k,cell_identity,9567326964122407564
mve3-v2-approved-2026-07-18,locked,13,1,controlled,o,cell_identity,10362745183681665293
mve3-v2-approved-2026-07-18,locked,13,1,controlled,pk,cell_identity,17656879898636133075
mve3-v2-approved-2026-07-18,locked,13,1,controlled,po,cell_identity,8308628068113035289
mve3-v2-approved-2026-07-18,locked,13,1,controlled,ko,cell_identity,15785600801522647769
mve3-v2-approved-2026-07-18,locked,13,1,controlled,pko,cell_identity,13357994656920040557
mve3-v2-approved-2026-07-18,locked,13,1,learned,shared,o_collection_root,7862318085870777861
mve3-v2-approved-2026-07-18,locked,13,1,learned,shared,non_o_collection_root,9727327183954289255
mve3-v2-approved-2026-07-18,locked,13,1,learned,shared,evaluation_root,3401438756086750499
mve3-v2-approved-2026-07-18,locked,13,1,learned,none,cell_identity,14421824080194256597
mve3-v2-approved-2026-07-18,locked,13,1,learned,p,cell_identity,13472079650765575985
mve3-v2-approved-2026-07-18,locked,13,1,learned,k,cell_identity,6622686469360906895
mve3-v2-approved-2026-07-18,locked,13,1,learned,o,cell_identity,16814334475901946830
mve3-v2-approved-2026-07-18,locked,13,1,learned,pk,cell_identity,9898578021798855889
mve3-v2-approved-2026-07-18,locked,13,1,learned,po,cell_identity,9694401080714885457
mve3-v2-approved-2026-07-18,locked,13,1,learned,ko,cell_identity,17423546389865310307
mve3-v2-approved-2026-07-18,locked,13,1,learned,pko,cell_identity,18269766818776189658
mve3-v2-approved-2026-07-18,locked,13,1,shuffled,shared,o_collection_root,10817963889589487770
mve3-v2-approved-2026-07-18,locked,13,1,shuffled,shared,non_o_collection_root,9727327183954289255
mve3-v2-approved-2026-07-18,locked,13,1,shuffled,shared,evaluation_root,3401438756086750499
mve3-v2-approved-2026-07-18,locked,13,1,shuffled,none,cell_identity,4085044134518742539
mve3-v2-approved-2026-07-18,locked,13,1,shuffled,p,cell_identity,9300103300989427120
mve3-v2-approved-2026-07-18,locked,13,1,shuffled,k,cell_identity,1807298172397586821
mve3-v2-approved-2026-07-18,locked,13,1,shuffled,o,cell_identity,18297201747112046393
mve3-v2-approved-2026-07-18,locked,13,1,shuffled,pk,cell_identity,8599390246133804934
mve3-v2-approved-2026-07-18,locked,13,1,shuffled,po,cell_identity,9746348050047005188
mve3-v2-approved-2026-07-18,locked,13,1,shuffled,ko,cell_identity,2798543700870987475
mve3-v2-approved-2026-07-18,locked,13,1,shuffled,pko,cell_identity,4922010603458049244
mve3-v2-approved-2026-07-18,locked,13,1,anti,shared,o_collection_root,3079299579195005834
mve3-v2-approved-2026-07-18,locked,13,1,anti,shared,non_o_collection_root,9727327183954289255
mve3-v2-approved-2026-07-18,locked,13,1,anti,shared,evaluation_root,3401438756086750499
mve3-v2-approved-2026-07-18,locked,13,1,anti,none,cell_identity,658857989080603203
mve3-v2-approved-2026-07-18,locked,13,1,anti,p,cell_identity,16490956962048993581
mve3-v2-approved-2026-07-18,locked,13,1,anti,k,cell_identity,5589224761911871318
mve3-v2-approved-2026-07-18,locked,13,1,anti,o,cell_identity,12050557573932521777
mve3-v2-approved-2026-07-18,locked,13,1,anti,pk,cell_identity,2087885659136823228
mve3-v2-approved-2026-07-18,locked,13,1,anti,po,cell_identity,17339383258438430265
mve3-v2-approved-2026-07-18,locked,13,1,anti,ko,cell_identity,3104701424749957261
mve3-v2-approved-2026-07-18,locked,13,1,anti,pko,cell_identity,12732101813699599556
mve3-v2-approved-2026-07-18,locked,13,2,controlled,shared,o_collection_root,15144540864668340952
mve3-v2-approved-2026-07-18,locked,13,2,controlled,shared,non_o_collection_root,1021757123694891160
mve3-v2-approved-2026-07-18,locked,13,2,controlled,shared,evaluation_root,4167785869674846781
mve3-v2-approved-2026-07-18,locked,13,2,controlled,none,cell_identity,16418057262923209974
mve3-v2-approved-2026-07-18,locked,13,2,controlled,p,cell_identity,2335847290154182751
mve3-v2-approved-2026-07-18,locked,13,2,controlled,k,cell_identity,7063547025723929036
mve3-v2-approved-2026-07-18,locked,13,2,controlled,o,cell_identity,12994036983849877176
mve3-v2-approved-2026-07-18,locked,13,2,controlled,pk,cell_identity,7493797684242454808
mve3-v2-approved-2026-07-18,locked,13,2,controlled,po,cell_identity,14210329352378309505
mve3-v2-approved-2026-07-18,locked,13,2,controlled,ko,cell_identity,5474967253952200407
mve3-v2-approved-2026-07-18,locked,13,2,controlled,pko,cell_identity,17069185321811307581
mve3-v2-approved-2026-07-18,locked,13,2,learned,shared,o_collection_root,1655033275403057462
mve3-v2-approved-2026-07-18,locked,13,2,learned,shared,non_o_collection_root,1021757123694891160
mve3-v2-approved-2026-07-18,locked,13,2,learned,shared,evaluation_root,4167785869674846781
mve3-v2-approved-2026-07-18,locked,13,2,learned,none,cell_identity,2496421337939835856
mve3-v2-approved-2026-07-18,locked,13,2,learned,p,cell_identity,7893603520106674205
mve3-v2-approved-2026-07-18,locked,13,2,learned,k,cell_identity,17635810376678461123
mve3-v2-approved-2026-07-18,locked,13,2,learned,o,cell_identity,8905597382059626003
mve3-v2-approved-2026-07-18,locked,13,2,learned,pk,cell_identity,787370839565172157
mve3-v2-approved-2026-07-18,locked,13,2,learned,po,cell_identity,1349691846961319169
mve3-v2-approved-2026-07-18,locked,13,2,learned,ko,cell_identity,3897780774040987263
mve3-v2-approved-2026-07-18,locked,13,2,learned,pko,cell_identity,15982574247351699885
mve3-v2-approved-2026-07-18,locked,13,2,shuffled,shared,o_collection_root,16497857466809227174
mve3-v2-approved-2026-07-18,locked,13,2,shuffled,shared,non_o_collection_root,1021757123694891160
mve3-v2-approved-2026-07-18,locked,13,2,shuffled,shared,evaluation_root,4167785869674846781
mve3-v2-approved-2026-07-18,locked,13,2,shuffled,none,cell_identity,16392461336305879377
mve3-v2-approved-2026-07-18,locked,13,2,shuffled,p,cell_identity,12483106068021956413
mve3-v2-approved-2026-07-18,locked,13,2,shuffled,k,cell_identity,8219780938283374266
mve3-v2-approved-2026-07-18,locked,13,2,shuffled,o,cell_identity,17119076180831087808
mve3-v2-approved-2026-07-18,locked,13,2,shuffled,pk,cell_identity,11146054701892591223
mve3-v2-approved-2026-07-18,locked,13,2,shuffled,po,cell_identity,13967029180619407517
mve3-v2-approved-2026-07-18,locked,13,2,shuffled,ko,cell_identity,17239828318266944888
mve3-v2-approved-2026-07-18,locked,13,2,shuffled,pko,cell_identity,11969039126852679553
mve3-v2-approved-2026-07-18,locked,13,2,anti,shared,o_collection_root,3905771818714317415
mve3-v2-approved-2026-07-18,locked,13,2,anti,shared,non_o_collection_root,1021757123694891160
mve3-v2-approved-2026-07-18,locked,13,2,anti,shared,evaluation_root,4167785869674846781
mve3-v2-approved-2026-07-18,locked,13,2,anti,none,cell_identity,16553937201115441328
mve3-v2-approved-2026-07-18,locked,13,2,anti,p,cell_identity,7677203015868967617
mve3-v2-approved-2026-07-18,locked,13,2,anti,k,cell_identity,15471297162794344257
mve3-v2-approved-2026-07-18,locked,13,2,anti,o,cell_identity,17439071060611659730
mve3-v2-approved-2026-07-18,locked,13,2,anti,pk,cell_identity,12586421298267031226
mve3-v2-approved-2026-07-18,locked,13,2,anti,po,cell_identity,16875335367315580424
mve3-v2-approved-2026-07-18,locked,13,2,anti,ko,cell_identity,1465886088078359251
mve3-v2-approved-2026-07-18,locked,13,2,anti,pko,cell_identity,13400045211553116674
mve3-v2-approved-2026-07-18,locked,13,3,controlled,shared,o_collection_root,12229622308942104737
mve3-v2-approved-2026-07-18,locked,13,3,controlled,shared,non_o_collection_root,12123548218547224145
mve3-v2-approved-2026-07-18,locked,13,3,controlled,shared,evaluation_root,15794607008722557460
mve3-v2-approved-2026-07-18,locked,13,3,controlled,none,cell_identity,13570989812321078697
mve3-v2-approved-2026-07-18,locked,13,3,controlled,p,cell_identity,17899063153888565650
mve3-v2-approved-2026-07-18,locked,13,3,controlled,k,cell_identity,5103689946868489594
mve3-v2-approved-2026-07-18,locked,13,3,controlled,o,cell_identity,17011392334888116002
mve3-v2-approved-2026-07-18,locked,13,3,controlled,pk,cell_identity,2891775430917280380
mve3-v2-approved-2026-07-18,locked,13,3,controlled,po,cell_identity,3168529878899581180
mve3-v2-approved-2026-07-18,locked,13,3,controlled,ko,cell_identity,17769430285377017327
mve3-v2-approved-2026-07-18,locked,13,3,controlled,pko,cell_identity,11915360048108140883
mve3-v2-approved-2026-07-18,locked,13,3,learned,shared,o_collection_root,11764368308554953161
mve3-v2-approved-2026-07-18,locked,13,3,learned,shared,non_o_collection_root,12123548218547224145
mve3-v2-approved-2026-07-18,locked,13,3,learned,shared,evaluation_root,15794607008722557460
mve3-v2-approved-2026-07-18,locked,13,3,learned,none,cell_identity,7531777076879332456
mve3-v2-approved-2026-07-18,locked,13,3,learned,p,cell_identity,16118283694365621204
mve3-v2-approved-2026-07-18,locked,13,3,learned,k,cell_identity,2351023167604068488
mve3-v2-approved-2026-07-18,locked,13,3,learned,o,cell_identity,15272517879477789061
mve3-v2-approved-2026-07-18,locked,13,3,learned,pk,cell_identity,10771080907833342203
mve3-v2-approved-2026-07-18,locked,13,3,learned,po,cell_identity,3768787153212329285
mve3-v2-approved-2026-07-18,locked,13,3,learned,ko,cell_identity,6950689751525924123
mve3-v2-approved-2026-07-18,locked,13,3,learned,pko,cell_identity,10407962995440157274
mve3-v2-approved-2026-07-18,locked,13,3,shuffled,shared,o_collection_root,12783858602743522337
mve3-v2-approved-2026-07-18,locked,13,3,shuffled,shared,non_o_collection_root,12123548218547224145
mve3-v2-approved-2026-07-18,locked,13,3,shuffled,shared,evaluation_root,15794607008722557460
mve3-v2-approved-2026-07-18,locked,13,3,shuffled,none,cell_identity,11825913226669123604
mve3-v2-approved-2026-07-18,locked,13,3,shuffled,p,cell_identity,961862439685739393
mve3-v2-approved-2026-07-18,locked,13,3,shuffled,k,cell_identity,10657993908333149112
mve3-v2-approved-2026-07-18,locked,13,3,shuffled,o,cell_identity,16556079003322861567
mve3-v2-approved-2026-07-18,locked,13,3,shuffled,pk,cell_identity,17294543049555539855
mve3-v2-approved-2026-07-18,locked,13,3,shuffled,po,cell_identity,849732458006043883
mve3-v2-approved-2026-07-18,locked,13,3,shuffled,ko,cell_identity,17134831237173581778
mve3-v2-approved-2026-07-18,locked,13,3,shuffled,pko,cell_identity,14978756639124725794
mve3-v2-approved-2026-07-18,locked,13,3,anti,shared,o_collection_root,3165278144901632087
mve3-v2-approved-2026-07-18,locked,13,3,anti,shared,non_o_collection_root,12123548218547224145
mve3-v2-approved-2026-07-18,locked,13,3,anti,shared,evaluation_root,15794607008722557460
mve3-v2-approved-2026-07-18,locked,13,3,anti,none,cell_identity,17638633853911920886
mve3-v2-approved-2026-07-18,locked,13,3,anti,p,cell_identity,15871677297772108359
mve3-v2-approved-2026-07-18,locked,13,3,anti,k,cell_identity,9012311772829048647
mve3-v2-approved-2026-07-18,locked,13,3,anti,o,cell_identity,53362505408917406
mve3-v2-approved-2026-07-18,locked,13,3,anti,pk,cell_identity,8031791626192068289
mve3-v2-approved-2026-07-18,locked,13,3,anti,po,cell_identity,6242910618153666097
mve3-v2-approved-2026-07-18,locked,13,3,anti,ko,cell_identity,10320264557133590171
mve3-v2-approved-2026-07-18,locked,13,3,anti,pko,cell_identity,13827396110108022694
mve3-v2-approved-2026-07-18,locked,14,1,controlled,shared,o_collection_root,4275655438320088334
mve3-v2-approved-2026-07-18,locked,14,1,controlled,shared,non_o_collection_root,14427065079000298452
mve3-v2-approved-2026-07-18,locked,14,1,controlled,shared,evaluation_root,14680851251134200780
mve3-v2-approved-2026-07-18,locked,14,1,controlled,none,cell_identity,7337114438757796157
mve3-v2-approved-2026-07-18,locked,14,1,controlled,p,cell_identity,14311371079103512567
mve3-v2-approved-2026-07-18,locked,14,1,controlled,k,cell_identity,13346213423473445481
mve3-v2-approved-2026-07-18,locked,14,1,controlled,o,cell_identity,318985608559024234
mve3-v2-approved-2026-07-18,locked,14,1,controlled,pk,cell_identity,6662631971164139363
mve3-v2-approved-2026-07-18,locked,14,1,controlled,po,cell_identity,15383306588555466711
mve3-v2-approved-2026-07-18,locked,14,1,controlled,ko,cell_identity,7494725268438269506
mve3-v2-approved-2026-07-18,locked,14,1,controlled,pko,cell_identity,13059831078876517331
mve3-v2-approved-2026-07-18,locked,14,1,learned,shared,o_collection_root,16594196141575073481
mve3-v2-approved-2026-07-18,locked,14,1,learned,shared,non_o_collection_root,14427065079000298452
mve3-v2-approved-2026-07-18,locked,14,1,learned,shared,evaluation_root,14680851251134200780
mve3-v2-approved-2026-07-18,locked,14,1,learned,none,cell_identity,8774868597136772967
mve3-v2-approved-2026-07-18,locked,14,1,learned,p,cell_identity,13340283196005487393
mve3-v2-approved-2026-07-18,locked,14,1,learned,k,cell_identity,1456353592587273962
mve3-v2-approved-2026-07-18,locked,14,1,learned,o,cell_identity,17497969797683303153
mve3-v2-approved-2026-07-18,locked,14,1,learned,pk,cell_identity,16814721146695119797
mve3-v2-approved-2026-07-18,locked,14,1,learned,po,cell_identity,13317658612923276585
mve3-v2-approved-2026-07-18,locked,14,1,learned,ko,cell_identity,12734384348105859168
mve3-v2-approved-2026-07-18,locked,14,1,learned,pko,cell_identity,442093119001347881
mve3-v2-approved-2026-07-18,locked,14,1,shuffled,shared,o_collection_root,5385210501337916338
mve3-v2-approved-2026-07-18,locked,14,1,shuffled,shared,non_o_collection_root,14427065079000298452
mve3-v2-approved-2026-07-18,locked,14,1,shuffled,shared,evaluation_root,14680851251134200780
mve3-v2-approved-2026-07-18,locked,14,1,shuffled,none,cell_identity,7660047648120188609
mve3-v2-approved-2026-07-18,locked,14,1,shuffled,p,cell_identity,11386569658391658537
mve3-v2-approved-2026-07-18,locked,14,1,shuffled,k,cell_identity,12966234407057420929
mve3-v2-approved-2026-07-18,locked,14,1,shuffled,o,cell_identity,8399303391029824067
mve3-v2-approved-2026-07-18,locked,14,1,shuffled,pk,cell_identity,15871577827024250917
mve3-v2-approved-2026-07-18,locked,14,1,shuffled,po,cell_identity,12667437190616920608
mve3-v2-approved-2026-07-18,locked,14,1,shuffled,ko,cell_identity,11518891075640631628
mve3-v2-approved-2026-07-18,locked,14,1,shuffled,pko,cell_identity,1067271780648534061
mve3-v2-approved-2026-07-18,locked,14,1,anti,shared,o_collection_root,17807172196119083589
mve3-v2-approved-2026-07-18,locked,14,1,anti,shared,non_o_collection_root,14427065079000298452
mve3-v2-approved-2026-07-18,locked,14,1,anti,shared,evaluation_root,14680851251134200780
mve3-v2-approved-2026-07-18,locked,14,1,anti,none,cell_identity,3746140551084076365
mve3-v2-approved-2026-07-18,locked,14,1,anti,p,cell_identity,2591918979176470512
mve3-v2-approved-2026-07-18,locked,14,1,anti,k,cell_identity,9540921202847259835
mve3-v2-approved-2026-07-18,locked,14,1,anti,o,cell_identity,4155655335359536956
mve3-v2-approved-2026-07-18,locked,14,1,anti,pk,cell_identity,9531860293922170504
mve3-v2-approved-2026-07-18,locked,14,1,anti,po,cell_identity,4767109272256511575
mve3-v2-approved-2026-07-18,locked,14,1,anti,ko,cell_identity,4732664130626889762
mve3-v2-approved-2026-07-18,locked,14,1,anti,pko,cell_identity,13619364990296748100
mve3-v2-approved-2026-07-18,locked,14,2,controlled,shared,o_collection_root,16652342455420689760
mve3-v2-approved-2026-07-18,locked,14,2,controlled,shared,non_o_collection_root,12433542469304273511
mve3-v2-approved-2026-07-18,locked,14,2,controlled,shared,evaluation_root,1540574689372992086
mve3-v2-approved-2026-07-18,locked,14,2,controlled,none,cell_identity,13629684530940573271
mve3-v2-approved-2026-07-18,locked,14,2,controlled,p,cell_identity,4532245815493664813
mve3-v2-approved-2026-07-18,locked,14,2,controlled,k,cell_identity,12052262284119810599
mve3-v2-approved-2026-07-18,locked,14,2,controlled,o,cell_identity,13686850458260134129
mve3-v2-approved-2026-07-18,locked,14,2,controlled,pk,cell_identity,13479563052245500645
mve3-v2-approved-2026-07-18,locked,14,2,controlled,po,cell_identity,16501764365749570381
mve3-v2-approved-2026-07-18,locked,14,2,controlled,ko,cell_identity,14406855886085343128
mve3-v2-approved-2026-07-18,locked,14,2,controlled,pko,cell_identity,12808253255749063745
mve3-v2-approved-2026-07-18,locked,14,2,learned,shared,o_collection_root,11406463975605115477
mve3-v2-approved-2026-07-18,locked,14,2,learned,shared,non_o_collection_root,12433542469304273511
mve3-v2-approved-2026-07-18,locked,14,2,learned,shared,evaluation_root,1540574689372992086
mve3-v2-approved-2026-07-18,locked,14,2,learned,none,cell_identity,15298489442386722183
mve3-v2-approved-2026-07-18,locked,14,2,learned,p,cell_identity,15276779024564590650
mve3-v2-approved-2026-07-18,locked,14,2,learned,k,cell_identity,14263889885389170813
mve3-v2-approved-2026-07-18,locked,14,2,learned,o,cell_identity,13614983224618998757
mve3-v2-approved-2026-07-18,locked,14,2,learned,pk,cell_identity,47737340859880739
mve3-v2-approved-2026-07-18,locked,14,2,learned,po,cell_identity,2699399819623327902
mve3-v2-approved-2026-07-18,locked,14,2,learned,ko,cell_identity,3503193283959141184
mve3-v2-approved-2026-07-18,locked,14,2,learned,pko,cell_identity,4684736688183379370
mve3-v2-approved-2026-07-18,locked,14,2,shuffled,shared,o_collection_root,8096986029923752722
mve3-v2-approved-2026-07-18,locked,14,2,shuffled,shared,non_o_collection_root,12433542469304273511
mve3-v2-approved-2026-07-18,locked,14,2,shuffled,shared,evaluation_root,1540574689372992086
mve3-v2-approved-2026-07-18,locked,14,2,shuffled,none,cell_identity,3576960781118121664
mve3-v2-approved-2026-07-18,locked,14,2,shuffled,p,cell_identity,16201587430953410001
mve3-v2-approved-2026-07-18,locked,14,2,shuffled,k,cell_identity,14147950917054868165
mve3-v2-approved-2026-07-18,locked,14,2,shuffled,o,cell_identity,8373894780998816310
mve3-v2-approved-2026-07-18,locked,14,2,shuffled,pk,cell_identity,2372879583288154703
mve3-v2-approved-2026-07-18,locked,14,2,shuffled,po,cell_identity,3349774498293358710
mve3-v2-approved-2026-07-18,locked,14,2,shuffled,ko,cell_identity,1117511715263078354
mve3-v2-approved-2026-07-18,locked,14,2,shuffled,pko,cell_identity,4530215336761716838
mve3-v2-approved-2026-07-18,locked,14,2,anti,shared,o_collection_root,392849500138554071
mve3-v2-approved-2026-07-18,locked,14,2,anti,shared,non_o_collection_root,12433542469304273511
mve3-v2-approved-2026-07-18,locked,14,2,anti,shared,evaluation_root,1540574689372992086
mve3-v2-approved-2026-07-18,locked,14,2,anti,none,cell_identity,10071252461965060614
mve3-v2-approved-2026-07-18,locked,14,2,anti,p,cell_identity,10719129879169685702
mve3-v2-approved-2026-07-18,locked,14,2,anti,k,cell_identity,14754602429621392100
mve3-v2-approved-2026-07-18,locked,14,2,anti,o,cell_identity,3180082340593918071
mve3-v2-approved-2026-07-18,locked,14,2,anti,pk,cell_identity,3760786794700593883
mve3-v2-approved-2026-07-18,locked,14,2,anti,po,cell_identity,1990965759472758263
mve3-v2-approved-2026-07-18,locked,14,2,anti,ko,cell_identity,17758091062191223908
mve3-v2-approved-2026-07-18,locked,14,2,anti,pko,cell_identity,17079392080857939612
mve3-v2-approved-2026-07-18,locked,14,3,controlled,shared,o_collection_root,11001067629465699687
mve3-v2-approved-2026-07-18,locked,14,3,controlled,shared,non_o_collection_root,14684955668376528900
mve3-v2-approved-2026-07-18,locked,14,3,controlled,shared,evaluation_root,9438695413033837052
mve3-v2-approved-2026-07-18,locked,14,3,controlled,none,cell_identity,273925008527934572
mve3-v2-approved-2026-07-18,locked,14,3,controlled,p,cell_identity,12556908312371153709
mve3-v2-approved-2026-07-18,locked,14,3,controlled,k,cell_identity,16238469874100479190
mve3-v2-approved-2026-07-18,locked,14,3,controlled,o,cell_identity,15050872975805675242
mve3-v2-approved-2026-07-18,locked,14,3,controlled,pk,cell_identity,1885361720296987446
mve3-v2-approved-2026-07-18,locked,14,3,controlled,po,cell_identity,14664959169559326646
mve3-v2-approved-2026-07-18,locked,14,3,controlled,ko,cell_identity,7870957495830826813
mve3-v2-approved-2026-07-18,locked,14,3,controlled,pko,cell_identity,979756700779013592
mve3-v2-approved-2026-07-18,locked,14,3,learned,shared,o_collection_root,3836379324687230822
mve3-v2-approved-2026-07-18,locked,14,3,learned,shared,non_o_collection_root,14684955668376528900
mve3-v2-approved-2026-07-18,locked,14,3,learned,shared,evaluation_root,9438695413033837052
mve3-v2-approved-2026-07-18,locked,14,3,learned,none,cell_identity,2195036005156913366
mve3-v2-approved-2026-07-18,locked,14,3,learned,p,cell_identity,16161608883339760424
mve3-v2-approved-2026-07-18,locked,14,3,learned,k,cell_identity,4839993978838980285
mve3-v2-approved-2026-07-18,locked,14,3,learned,o,cell_identity,2645619753498088280
mve3-v2-approved-2026-07-18,locked,14,3,learned,pk,cell_identity,12981392453088944203
mve3-v2-approved-2026-07-18,locked,14,3,learned,po,cell_identity,5975217298549691018
mve3-v2-approved-2026-07-18,locked,14,3,learned,ko,cell_identity,8281965733342836238
mve3-v2-approved-2026-07-18,locked,14,3,learned,pko,cell_identity,14213062386000278863
mve3-v2-approved-2026-07-18,locked,14,3,shuffled,shared,o_collection_root,490839420486659842
mve3-v2-approved-2026-07-18,locked,14,3,shuffled,shared,non_o_collection_root,14684955668376528900
mve3-v2-approved-2026-07-18,locked,14,3,shuffled,shared,evaluation_root,9438695413033837052
mve3-v2-approved-2026-07-18,locked,14,3,shuffled,none,cell_identity,15712972064099488537
mve3-v2-approved-2026-07-18,locked,14,3,shuffled,p,cell_identity,1878431918777963104
mve3-v2-approved-2026-07-18,locked,14,3,shuffled,k,cell_identity,11477526734426850200
mve3-v2-approved-2026-07-18,locked,14,3,shuffled,o,cell_identity,671582684639054059
mve3-v2-approved-2026-07-18,locked,14,3,shuffled,pk,cell_identity,6241439815634584205
mve3-v2-approved-2026-07-18,locked,14,3,shuffled,po,cell_identity,5962671928060685941
mve3-v2-approved-2026-07-18,locked,14,3,shuffled,ko,cell_identity,16658809830347841785
mve3-v2-approved-2026-07-18,locked,14,3,shuffled,pko,cell_identity,18020451341951060427
mve3-v2-approved-2026-07-18,locked,14,3,anti,shared,o_collection_root,11167218677515416761
mve3-v2-approved-2026-07-18,locked,14,3,anti,shared,non_o_collection_root,14684955668376528900
mve3-v2-approved-2026-07-18,locked,14,3,anti,shared,evaluation_root,9438695413033837052
mve3-v2-approved-2026-07-18,locked,14,3,anti,none,cell_identity,12477339070474164662
mve3-v2-approved-2026-07-18,locked,14,3,anti,p,cell_identity,11616957238522074778
mve3-v2-approved-2026-07-18,locked,14,3,anti,k,cell_identity,15222335726379514408
mve3-v2-approved-2026-07-18,locked,14,3,anti,o,cell_identity,10080964079820104458
mve3-v2-approved-2026-07-18,locked,14,3,anti,pk,cell_identity,2265802390214253936
mve3-v2-approved-2026-07-18,locked,14,3,anti,po,cell_identity,2454601400401322082
mve3-v2-approved-2026-07-18,locked,14,3,anti,ko,cell_identity,10857294159646093119
mve3-v2-approved-2026-07-18,locked,14,3,anti,pko,cell_identity,15515894306156688044
mve3-v2-approved-2026-07-18,locked,15,1,controlled,shared,o_collection_root,8224278008304558745
mve3-v2-approved-2026-07-18,locked,15,1,controlled,shared,non_o_collection_root,9544802560377179040
mve3-v2-approved-2026-07-18,locked,15,1,controlled,shared,evaluation_root,3850072423656222380
mve3-v2-approved-2026-07-18,locked,15,1,controlled,none,cell_identity,380659833579991645
mve3-v2-approved-2026-07-18,locked,15,1,controlled,p,cell_identity,15610141005651313299
mve3-v2-approved-2026-07-18,locked,15,1,controlled,k,cell_identity,1302407198338084375
mve3-v2-approved-2026-07-18,locked,15,1,controlled,o,cell_identity,1890392123167349979
mve3-v2-approved-2026-07-18,locked,15,1,controlled,pk,cell_identity,2020919178117918127
mve3-v2-approved-2026-07-18,locked,15,1,controlled,po,cell_identity,14903643448728592999
mve3-v2-approved-2026-07-18,locked,15,1,controlled,ko,cell_identity,13027810048113365699
mve3-v2-approved-2026-07-18,locked,15,1,controlled,pko,cell_identity,4546619709231555972
mve3-v2-approved-2026-07-18,locked,15,1,learned,shared,o_collection_root,13968114976925253370
mve3-v2-approved-2026-07-18,locked,15,1,learned,shared,non_o_collection_root,9544802560377179040
mve3-v2-approved-2026-07-18,locked,15,1,learned,shared,evaluation_root,3850072423656222380
mve3-v2-approved-2026-07-18,locked,15,1,learned,none,cell_identity,3944385179414247910
mve3-v2-approved-2026-07-18,locked,15,1,learned,p,cell_identity,12076520990882902853
mve3-v2-approved-2026-07-18,locked,15,1,learned,k,cell_identity,5241889796829064742
mve3-v2-approved-2026-07-18,locked,15,1,learned,o,cell_identity,12428991273168038213
mve3-v2-approved-2026-07-18,locked,15,1,learned,pk,cell_identity,10371304155275529125
mve3-v2-approved-2026-07-18,locked,15,1,learned,po,cell_identity,9980106935222335472
mve3-v2-approved-2026-07-18,locked,15,1,learned,ko,cell_identity,16792873555425406501
mve3-v2-approved-2026-07-18,locked,15,1,learned,pko,cell_identity,11021212824600712483
mve3-v2-approved-2026-07-18,locked,15,1,shuffled,shared,o_collection_root,1052391529598106411
mve3-v2-approved-2026-07-18,locked,15,1,shuffled,shared,non_o_collection_root,9544802560377179040
mve3-v2-approved-2026-07-18,locked,15,1,shuffled,shared,evaluation_root,3850072423656222380
mve3-v2-approved-2026-07-18,locked,15,1,shuffled,none,cell_identity,6517876511671154968
mve3-v2-approved-2026-07-18,locked,15,1,shuffled,p,cell_identity,4785188083901280165
mve3-v2-approved-2026-07-18,locked,15,1,shuffled,k,cell_identity,9868659282625348041
mve3-v2-approved-2026-07-18,locked,15,1,shuffled,o,cell_identity,17061606040393900627
mve3-v2-approved-2026-07-18,locked,15,1,shuffled,pk,cell_identity,3023096827801134689
mve3-v2-approved-2026-07-18,locked,15,1,shuffled,po,cell_identity,9879087965554471712
mve3-v2-approved-2026-07-18,locked,15,1,shuffled,ko,cell_identity,6510180119239349675
mve3-v2-approved-2026-07-18,locked,15,1,shuffled,pko,cell_identity,1023222878771313257
mve3-v2-approved-2026-07-18,locked,15,1,anti,shared,o_collection_root,1824854374022607052
mve3-v2-approved-2026-07-18,locked,15,1,anti,shared,non_o_collection_root,9544802560377179040
mve3-v2-approved-2026-07-18,locked,15,1,anti,shared,evaluation_root,3850072423656222380
mve3-v2-approved-2026-07-18,locked,15,1,anti,none,cell_identity,4544959139464803865
mve3-v2-approved-2026-07-18,locked,15,1,anti,p,cell_identity,3131181303068222999
mve3-v2-approved-2026-07-18,locked,15,1,anti,k,cell_identity,16325384386491049800
mve3-v2-approved-2026-07-18,locked,15,1,anti,o,cell_identity,11469036605659433728
mve3-v2-approved-2026-07-18,locked,15,1,anti,pk,cell_identity,63050914103360904
mve3-v2-approved-2026-07-18,locked,15,1,anti,po,cell_identity,2415936699693703458
mve3-v2-approved-2026-07-18,locked,15,1,anti,ko,cell_identity,1146734858909384273
mve3-v2-approved-2026-07-18,locked,15,1,anti,pko,cell_identity,17940057773693666293
mve3-v2-approved-2026-07-18,locked,15,2,controlled,shared,o_collection_root,8639427317599746828
mve3-v2-approved-2026-07-18,locked,15,2,controlled,shared,non_o_collection_root,3719426485003050460
mve3-v2-approved-2026-07-18,locked,15,2,controlled,shared,evaluation_root,11012554517356581875
mve3-v2-approved-2026-07-18,locked,15,2,controlled,none,cell_identity,7403188514355989478
mve3-v2-approved-2026-07-18,locked,15,2,controlled,p,cell_identity,822486559037288924
mve3-v2-approved-2026-07-18,locked,15,2,controlled,k,cell_identity,11058571029013841569
mve3-v2-approved-2026-07-18,locked,15,2,controlled,o,cell_identity,2195271369861643166
mve3-v2-approved-2026-07-18,locked,15,2,controlled,pk,cell_identity,8747406669740792048
mve3-v2-approved-2026-07-18,locked,15,2,controlled,po,cell_identity,15111770636625359686
mve3-v2-approved-2026-07-18,locked,15,2,controlled,ko,cell_identity,8104482319180620485
mve3-v2-approved-2026-07-18,locked,15,2,controlled,pko,cell_identity,11549814146497992054
mve3-v2-approved-2026-07-18,locked,15,2,learned,shared,o_collection_root,12924731717539928317
mve3-v2-approved-2026-07-18,locked,15,2,learned,shared,non_o_collection_root,3719426485003050460
mve3-v2-approved-2026-07-18,locked,15,2,learned,shared,evaluation_root,11012554517356581875
mve3-v2-approved-2026-07-18,locked,15,2,learned,none,cell_identity,12724545304522139153
mve3-v2-approved-2026-07-18,locked,15,2,learned,p,cell_identity,10003342687850907875
mve3-v2-approved-2026-07-18,locked,15,2,learned,k,cell_identity,3418116239651319409
mve3-v2-approved-2026-07-18,locked,15,2,learned,o,cell_identity,16881325099560247713
mve3-v2-approved-2026-07-18,locked,15,2,learned,pk,cell_identity,3589133055099175821
mve3-v2-approved-2026-07-18,locked,15,2,learned,po,cell_identity,10405131274469450029
mve3-v2-approved-2026-07-18,locked,15,2,learned,ko,cell_identity,18417942409737303560
mve3-v2-approved-2026-07-18,locked,15,2,learned,pko,cell_identity,17915366848891870040
mve3-v2-approved-2026-07-18,locked,15,2,shuffled,shared,o_collection_root,2067239401858670603
mve3-v2-approved-2026-07-18,locked,15,2,shuffled,shared,non_o_collection_root,3719426485003050460
mve3-v2-approved-2026-07-18,locked,15,2,shuffled,shared,evaluation_root,11012554517356581875
mve3-v2-approved-2026-07-18,locked,15,2,shuffled,none,cell_identity,1085162809238050723
mve3-v2-approved-2026-07-18,locked,15,2,shuffled,p,cell_identity,2029833307241643619
mve3-v2-approved-2026-07-18,locked,15,2,shuffled,k,cell_identity,8105422913038854265
mve3-v2-approved-2026-07-18,locked,15,2,shuffled,o,cell_identity,14479352856338456253
mve3-v2-approved-2026-07-18,locked,15,2,shuffled,pk,cell_identity,12711976920166789113
mve3-v2-approved-2026-07-18,locked,15,2,shuffled,po,cell_identity,16340857206213980655
mve3-v2-approved-2026-07-18,locked,15,2,shuffled,ko,cell_identity,13926897569236319526
mve3-v2-approved-2026-07-18,locked,15,2,shuffled,pko,cell_identity,16289613359897442501
mve3-v2-approved-2026-07-18,locked,15,2,anti,shared,o_collection_root,5045070903622350378
mve3-v2-approved-2026-07-18,locked,15,2,anti,shared,non_o_collection_root,3719426485003050460
mve3-v2-approved-2026-07-18,locked,15,2,anti,shared,evaluation_root,11012554517356581875
mve3-v2-approved-2026-07-18,locked,15,2,anti,none,cell_identity,6916506653403558365
mve3-v2-approved-2026-07-18,locked,15,2,anti,p,cell_identity,2007716794173008994
mve3-v2-approved-2026-07-18,locked,15,2,anti,k,cell_identity,342652463412288265
mve3-v2-approved-2026-07-18,locked,15,2,anti,o,cell_identity,7332895478488624011
mve3-v2-approved-2026-07-18,locked,15,2,anti,pk,cell_identity,17355369422709235223
mve3-v2-approved-2026-07-18,locked,15,2,anti,po,cell_identity,10242508611752224113
mve3-v2-approved-2026-07-18,locked,15,2,anti,ko,cell_identity,15491621000613278827
mve3-v2-approved-2026-07-18,locked,15,2,anti,pko,cell_identity,10676460311469326384
mve3-v2-approved-2026-07-18,locked,15,3,controlled,shared,o_collection_root,5895394853798551711
mve3-v2-approved-2026-07-18,locked,15,3,controlled,shared,non_o_collection_root,3007059228551593166
mve3-v2-approved-2026-07-18,locked,15,3,controlled,shared,evaluation_root,17587295239472840364
mve3-v2-approved-2026-07-18,locked,15,3,controlled,none,cell_identity,17218409810836717775
mve3-v2-approved-2026-07-18,locked,15,3,controlled,p,cell_identity,10585139171945247448
mve3-v2-approved-2026-07-18,locked,15,3,controlled,k,cell_identity,905351269433621493
mve3-v2-approved-2026-07-18,locked,15,3,controlled,o,cell_identity,8233131267439995471
mve3-v2-approved-2026-07-18,locked,15,3,controlled,pk,cell_identity,9992863329528142604
mve3-v2-approved-2026-07-18,locked,15,3,controlled,po,cell_identity,1502895695378635466
mve3-v2-approved-2026-07-18,locked,15,3,controlled,ko,cell_identity,12417427546960932731
mve3-v2-approved-2026-07-18,locked,15,3,controlled,pko,cell_identity,18265497045666860234
mve3-v2-approved-2026-07-18,locked,15,3,learned,shared,o_collection_root,5236432820640963212
mve3-v2-approved-2026-07-18,locked,15,3,learned,shared,non_o_collection_root,3007059228551593166
mve3-v2-approved-2026-07-18,locked,15,3,learned,shared,evaluation_root,17587295239472840364
mve3-v2-approved-2026-07-18,locked,15,3,learned,none,cell_identity,6813571541425722660
mve3-v2-approved-2026-07-18,locked,15,3,learned,p,cell_identity,10287842395323186391
mve3-v2-approved-2026-07-18,locked,15,3,learned,k,cell_identity,18432463745230631677
mve3-v2-approved-2026-07-18,locked,15,3,learned,o,cell_identity,1094860004675282049
mve3-v2-approved-2026-07-18,locked,15,3,learned,pk,cell_identity,5890993140961307533
mve3-v2-approved-2026-07-18,locked,15,3,learned,po,cell_identity,5623820362426935155
mve3-v2-approved-2026-07-18,locked,15,3,learned,ko,cell_identity,9458633171514979228
mve3-v2-approved-2026-07-18,locked,15,3,learned,pko,cell_identity,49765412229985873
mve3-v2-approved-2026-07-18,locked,15,3,shuffled,shared,o_collection_root,9389534904963706337
mve3-v2-approved-2026-07-18,locked,15,3,shuffled,shared,non_o_collection_root,3007059228551593166
mve3-v2-approved-2026-07-18,locked,15,3,shuffled,shared,evaluation_root,17587295239472840364
mve3-v2-approved-2026-07-18,locked,15,3,shuffled,none,cell_identity,8584878980451034098
mve3-v2-approved-2026-07-18,locked,15,3,shuffled,p,cell_identity,16632893481747562234
mve3-v2-approved-2026-07-18,locked,15,3,shuffled,k,cell_identity,10546506242850819813
mve3-v2-approved-2026-07-18,locked,15,3,shuffled,o,cell_identity,15547191108718979027
mve3-v2-approved-2026-07-18,locked,15,3,shuffled,pk,cell_identity,4928412522949918364
mve3-v2-approved-2026-07-18,locked,15,3,shuffled,po,cell_identity,1878246929550090330
mve3-v2-approved-2026-07-18,locked,15,3,shuffled,ko,cell_identity,305411883024496588
mve3-v2-approved-2026-07-18,locked,15,3,shuffled,pko,cell_identity,17848067770916345599
mve3-v2-approved-2026-07-18,locked,15,3,anti,shared,o_collection_root,3312705488140937325
mve3-v2-approved-2026-07-18,locked,15,3,anti,shared,non_o_collection_root,3007059228551593166
mve3-v2-approved-2026-07-18,locked,15,3,anti,shared,evaluation_root,17587295239472840364
mve3-v2-approved-2026-07-18,locked,15,3,anti,none,cell_identity,13510766944908456120
mve3-v2-approved-2026-07-18,locked,15,3,anti,p,cell_identity,16675935368217932435
mve3-v2-approved-2026-07-18,locked,15,3,anti,k,cell_identity,18278644642778377066
mve3-v2-approved-2026-07-18,locked,15,3,anti,o,cell_identity,5053559970089246106
mve3-v2-approved-2026-07-18,locked,15,3,anti,pk,cell_identity,7634841114717721614
mve3-v2-approved-2026-07-18,locked,15,3,anti,po,cell_identity,6178437980673804582
mve3-v2-approved-2026-07-18,locked,15,3,anti,ko,cell_identity,9841402309496443225
mve3-v2-approved-2026-07-18,locked,15,3,anti,pko,cell_identity,15544555701611898423
mve3-v2-approved-2026-07-18,locked,16,1,controlled,shared,o_collection_root,7666101757868431879
mve3-v2-approved-2026-07-18,locked,16,1,controlled,shared,non_o_collection_root,8275228195872672096
mve3-v2-approved-2026-07-18,locked,16,1,controlled,shared,evaluation_root,6319320349625940836
mve3-v2-approved-2026-07-18,locked,16,1,controlled,none,cell_identity,15843437435093153149
mve3-v2-approved-2026-07-18,locked,16,1,controlled,p,cell_identity,13414259475123899850
mve3-v2-approved-2026-07-18,locked,16,1,controlled,k,cell_identity,7503594712563086844
mve3-v2-approved-2026-07-18,locked,16,1,controlled,o,cell_identity,9904430387992341621
mve3-v2-approved-2026-07-18,locked,16,1,controlled,pk,cell_identity,402482146493523768
mve3-v2-approved-2026-07-18,locked,16,1,controlled,po,cell_identity,13057327334659296647
mve3-v2-approved-2026-07-18,locked,16,1,controlled,ko,cell_identity,5974257180984187763
mve3-v2-approved-2026-07-18,locked,16,1,controlled,pko,cell_identity,17223436753587040563
mve3-v2-approved-2026-07-18,locked,16,1,learned,shared,o_collection_root,11065913483652195932
mve3-v2-approved-2026-07-18,locked,16,1,learned,shared,non_o_collection_root,8275228195872672096
mve3-v2-approved-2026-07-18,locked,16,1,learned,shared,evaluation_root,6319320349625940836
mve3-v2-approved-2026-07-18,locked,16,1,learned,none,cell_identity,6177415760178822989
mve3-v2-approved-2026-07-18,locked,16,1,learned,p,cell_identity,17503870288250711459
mve3-v2-approved-2026-07-18,locked,16,1,learned,k,cell_identity,3042454940883541479
mve3-v2-approved-2026-07-18,locked,16,1,learned,o,cell_identity,1669248036129049247
mve3-v2-approved-2026-07-18,locked,16,1,learned,pk,cell_identity,9060786110064632728
mve3-v2-approved-2026-07-18,locked,16,1,learned,po,cell_identity,14260007406181385202
mve3-v2-approved-2026-07-18,locked,16,1,learned,ko,cell_identity,4474908568514549729
mve3-v2-approved-2026-07-18,locked,16,1,learned,pko,cell_identity,17662032635402431752
mve3-v2-approved-2026-07-18,locked,16,1,shuffled,shared,o_collection_root,1043273458335035876
mve3-v2-approved-2026-07-18,locked,16,1,shuffled,shared,non_o_collection_root,8275228195872672096
mve3-v2-approved-2026-07-18,locked,16,1,shuffled,shared,evaluation_root,6319320349625940836
mve3-v2-approved-2026-07-18,locked,16,1,shuffled,none,cell_identity,558736963497511952
mve3-v2-approved-2026-07-18,locked,16,1,shuffled,p,cell_identity,8815190590427292057
mve3-v2-approved-2026-07-18,locked,16,1,shuffled,k,cell_identity,2556228880180863764
mve3-v2-approved-2026-07-18,locked,16,1,shuffled,o,cell_identity,9938595432374693500
mve3-v2-approved-2026-07-18,locked,16,1,shuffled,pk,cell_identity,13989303032655273451
mve3-v2-approved-2026-07-18,locked,16,1,shuffled,po,cell_identity,13359870505501387938
mve3-v2-approved-2026-07-18,locked,16,1,shuffled,ko,cell_identity,3038107198359866896
mve3-v2-approved-2026-07-18,locked,16,1,shuffled,pko,cell_identity,7041951055248102264
mve3-v2-approved-2026-07-18,locked,16,1,anti,shared,o_collection_root,12352378544615487152
mve3-v2-approved-2026-07-18,locked,16,1,anti,shared,non_o_collection_root,8275228195872672096
mve3-v2-approved-2026-07-18,locked,16,1,anti,shared,evaluation_root,6319320349625940836
mve3-v2-approved-2026-07-18,locked,16,1,anti,none,cell_identity,4467102526939822198
mve3-v2-approved-2026-07-18,locked,16,1,anti,p,cell_identity,13173877649315631716
mve3-v2-approved-2026-07-18,locked,16,1,anti,k,cell_identity,13627641848300128804
mve3-v2-approved-2026-07-18,locked,16,1,anti,o,cell_identity,4938144091172644231
mve3-v2-approved-2026-07-18,locked,16,1,anti,pk,cell_identity,11086540747264950655
mve3-v2-approved-2026-07-18,locked,16,1,anti,po,cell_identity,11065313409911826938
mve3-v2-approved-2026-07-18,locked,16,1,anti,ko,cell_identity,3139217860776471629
mve3-v2-approved-2026-07-18,locked,16,1,anti,pko,cell_identity,1876529183885816581
mve3-v2-approved-2026-07-18,locked,16,2,controlled,shared,o_collection_root,719409998377929327
mve3-v2-approved-2026-07-18,locked,16,2,controlled,shared,non_o_collection_root,266718120367371552
mve3-v2-approved-2026-07-18,locked,16,2,controlled,shared,evaluation_root,6499988591905321094
mve3-v2-approved-2026-07-18,locked,16,2,controlled,none,cell_identity,16067268557585177688
mve3-v2-approved-2026-07-18,locked,16,2,controlled,p,cell_identity,13930569322684015595
mve3-v2-approved-2026-07-18,locked,16,2,controlled,k,cell_identity,15610793060450162890
mve3-v2-approved-2026-07-18,locked,16,2,controlled,o,cell_identity,8880572562160175979
mve3-v2-approved-2026-07-18,locked,16,2,controlled,pk,cell_identity,9484412075707950502
mve3-v2-approved-2026-07-18,locked,16,2,controlled,po,cell_identity,1603852121613123582
mve3-v2-approved-2026-07-18,locked,16,2,controlled,ko,cell_identity,7172774564950359353
mve3-v2-approved-2026-07-18,locked,16,2,controlled,pko,cell_identity,15592391445172453631
mve3-v2-approved-2026-07-18,locked,16,2,learned,shared,o_collection_root,10061850958472678975
mve3-v2-approved-2026-07-18,locked,16,2,learned,shared,non_o_collection_root,266718120367371552
mve3-v2-approved-2026-07-18,locked,16,2,learned,shared,evaluation_root,6499988591905321094
mve3-v2-approved-2026-07-18,locked,16,2,learned,none,cell_identity,15206361200799462592
mve3-v2-approved-2026-07-18,locked,16,2,learned,p,cell_identity,7277390409561108709
mve3-v2-approved-2026-07-18,locked,16,2,learned,k,cell_identity,465606536695118336
mve3-v2-approved-2026-07-18,locked,16,2,learned,o,cell_identity,15056603841062095913
mve3-v2-approved-2026-07-18,locked,16,2,learned,pk,cell_identity,6930634173428920683
mve3-v2-approved-2026-07-18,locked,16,2,learned,po,cell_identity,15292332027819374355
mve3-v2-approved-2026-07-18,locked,16,2,learned,ko,cell_identity,3637284188444810391
mve3-v2-approved-2026-07-18,locked,16,2,learned,pko,cell_identity,3983946955568823836
mve3-v2-approved-2026-07-18,locked,16,2,shuffled,shared,o_collection_root,4815384432795082742
mve3-v2-approved-2026-07-18,locked,16,2,shuffled,shared,non_o_collection_root,266718120367371552
mve3-v2-approved-2026-07-18,locked,16,2,shuffled,shared,evaluation_root,6499988591905321094
mve3-v2-approved-2026-07-18,locked,16,2,shuffled,none,cell_identity,15485458329199343458
mve3-v2-approved-2026-07-18,locked,16,2,shuffled,p,cell_identity,10254552499375807006
mve3-v2-approved-2026-07-18,locked,16,2,shuffled,k,cell_identity,7684918761190992276
mve3-v2-approved-2026-07-18,locked,16,2,shuffled,o,cell_identity,12857788771469964078
mve3-v2-approved-2026-07-18,locked,16,2,shuffled,pk,cell_identity,2030942920689994320
mve3-v2-approved-2026-07-18,locked,16,2,shuffled,po,cell_identity,3081767970989193158
mve3-v2-approved-2026-07-18,locked,16,2,shuffled,ko,cell_identity,11364019302069631096
mve3-v2-approved-2026-07-18,locked,16,2,shuffled,pko,cell_identity,3841509084729838352
mve3-v2-approved-2026-07-18,locked,16,2,anti,shared,o_collection_root,18151933922892306030
mve3-v2-approved-2026-07-18,locked,16,2,anti,shared,non_o_collection_root,266718120367371552
mve3-v2-approved-2026-07-18,locked,16,2,anti,shared,evaluation_root,6499988591905321094
mve3-v2-approved-2026-07-18,locked,16,2,anti,none,cell_identity,11209830497631890955
mve3-v2-approved-2026-07-18,locked,16,2,anti,p,cell_identity,9065866114822506105
mve3-v2-approved-2026-07-18,locked,16,2,anti,k,cell_identity,3007560203837304975
mve3-v2-approved-2026-07-18,locked,16,2,anti,o,cell_identity,16179935086448935418
mve3-v2-approved-2026-07-18,locked,16,2,anti,pk,cell_identity,15301925753968714518
mve3-v2-approved-2026-07-18,locked,16,2,anti,po,cell_identity,5387719316604907414
mve3-v2-approved-2026-07-18,locked,16,2,anti,ko,cell_identity,8036624756778718000
mve3-v2-approved-2026-07-18,locked,16,2,anti,pko,cell_identity,13107352049181884471
mve3-v2-approved-2026-07-18,locked,16,3,controlled,shared,o_collection_root,2609649240037666190
mve3-v2-approved-2026-07-18,locked,16,3,controlled,shared,non_o_collection_root,13028393719956568939
mve3-v2-approved-2026-07-18,locked,16,3,controlled,shared,evaluation_root,10249986441429489722
mve3-v2-approved-2026-07-18,locked,16,3,controlled,none,cell_identity,5843098076896356083
mve3-v2-approved-2026-07-18,locked,16,3,controlled,p,cell_identity,10479763763937226018
mve3-v2-approved-2026-07-18,locked,16,3,controlled,k,cell_identity,10867521884301110994
mve3-v2-approved-2026-07-18,locked,16,3,controlled,o,cell_identity,3198277881635763127
mve3-v2-approved-2026-07-18,locked,16,3,controlled,pk,cell_identity,16525575880324964885
mve3-v2-approved-2026-07-18,locked,16,3,controlled,po,cell_identity,10600001633627081934
mve3-v2-approved-2026-07-18,locked,16,3,controlled,ko,cell_identity,15429956232863178498
mve3-v2-approved-2026-07-18,locked,16,3,controlled,pko,cell_identity,14329258865028068182
mve3-v2-approved-2026-07-18,locked,16,3,learned,shared,o_collection_root,16079517045374071585
mve3-v2-approved-2026-07-18,locked,16,3,learned,shared,non_o_collection_root,13028393719956568939
mve3-v2-approved-2026-07-18,locked,16,3,learned,shared,evaluation_root,10249986441429489722
mve3-v2-approved-2026-07-18,locked,16,3,learned,none,cell_identity,12458946296181345322
mve3-v2-approved-2026-07-18,locked,16,3,learned,p,cell_identity,3852540227177693558
mve3-v2-approved-2026-07-18,locked,16,3,learned,k,cell_identity,2507149057389390673
mve3-v2-approved-2026-07-18,locked,16,3,learned,o,cell_identity,8829216363994075391
mve3-v2-approved-2026-07-18,locked,16,3,learned,pk,cell_identity,10823676704650280722
mve3-v2-approved-2026-07-18,locked,16,3,learned,po,cell_identity,14906547296936235964
mve3-v2-approved-2026-07-18,locked,16,3,learned,ko,cell_identity,2092374620770010219
mve3-v2-approved-2026-07-18,locked,16,3,learned,pko,cell_identity,7815404385261974646
mve3-v2-approved-2026-07-18,locked,16,3,shuffled,shared,o_collection_root,6725708245282299964
mve3-v2-approved-2026-07-18,locked,16,3,shuffled,shared,non_o_collection_root,13028393719956568939
mve3-v2-approved-2026-07-18,locked,16,3,shuffled,shared,evaluation_root,10249986441429489722
mve3-v2-approved-2026-07-18,locked,16,3,shuffled,none,cell_identity,10799721627791737715
mve3-v2-approved-2026-07-18,locked,16,3,shuffled,p,cell_identity,4878131206121116081
mve3-v2-approved-2026-07-18,locked,16,3,shuffled,k,cell_identity,15229676707493479266
mve3-v2-approved-2026-07-18,locked,16,3,shuffled,o,cell_identity,6336692761459302056
mve3-v2-approved-2026-07-18,locked,16,3,shuffled,pk,cell_identity,4720988397363048991
mve3-v2-approved-2026-07-18,locked,16,3,shuffled,po,cell_identity,11017714649754320233
mve3-v2-approved-2026-07-18,locked,16,3,shuffled,ko,cell_identity,5583766839645824563
mve3-v2-approved-2026-07-18,locked,16,3,shuffled,pko,cell_identity,7927644489298736982
mve3-v2-approved-2026-07-18,locked,16,3,anti,shared,o_collection_root,2137096152402035155
mve3-v2-approved-2026-07-18,locked,16,3,anti,shared,non_o_collection_root,13028393719956568939
mve3-v2-approved-2026-07-18,locked,16,3,anti,shared,evaluation_root,10249986441429489722
mve3-v2-approved-2026-07-18,locked,16,3,anti,none,cell_identity,92846065350104018
mve3-v2-approved-2026-07-18,locked,16,3,anti,p,cell_identity,7642861869302849783
mve3-v2-approved-2026-07-18,locked,16,3,anti,k,cell_identity,12686139968729515924
mve3-v2-approved-2026-07-18,locked,16,3,anti,o,cell_identity,18093810275024657099
mve3-v2-approved-2026-07-18,locked,16,3,anti,pk,cell_identity,9195697292830840007
mve3-v2-approved-2026-07-18,locked,16,3,anti,po,cell_identity,4067942824194848726
mve3-v2-approved-2026-07-18,locked,16,3,anti,ko,cell_identity,4972324691799383035
mve3-v2-approved-2026-07-18,locked,16,3,anti,pko,cell_identity,8566082013806144666
mve3-v2-approved-2026-07-18,locked,17,1,controlled,shared,o_collection_root,15506413916909628090
mve3-v2-approved-2026-07-18,locked,17,1,controlled,shared,non_o_collection_root,5293804119906219586
mve3-v2-approved-2026-07-18,locked,17,1,controlled,shared,evaluation_root,5308066697281481468
mve3-v2-approved-2026-07-18,locked,17,1,controlled,none,cell_identity,1530796960696984809
mve3-v2-approved-2026-07-18,locked,17,1,controlled,p,cell_identity,705879937335158506
mve3-v2-approved-2026-07-18,locked,17,1,controlled,k,cell_identity,17189472785532619313
mve3-v2-approved-2026-07-18,locked,17,1,controlled,o,cell_identity,14702642235241268987
mve3-v2-approved-2026-07-18,locked,17,1,controlled,pk,cell_identity,747312239974840858
mve3-v2-approved-2026-07-18,locked,17,1,controlled,po,cell_identity,9140901580273777287
mve3-v2-approved-2026-07-18,locked,17,1,controlled,ko,cell_identity,15098276729196987091
mve3-v2-approved-2026-07-18,locked,17,1,controlled,pko,cell_identity,11114630806198632179
mve3-v2-approved-2026-07-18,locked,17,1,learned,shared,o_collection_root,13786538087127836364
mve3-v2-approved-2026-07-18,locked,17,1,learned,shared,non_o_collection_root,5293804119906219586
mve3-v2-approved-2026-07-18,locked,17,1,learned,shared,evaluation_root,5308066697281481468
mve3-v2-approved-2026-07-18,locked,17,1,learned,none,cell_identity,11736066452612566111
mve3-v2-approved-2026-07-18,locked,17,1,learned,p,cell_identity,14341046276288158088
mve3-v2-approved-2026-07-18,locked,17,1,learned,k,cell_identity,6837187339270713487
mve3-v2-approved-2026-07-18,locked,17,1,learned,o,cell_identity,1509299892546806353
mve3-v2-approved-2026-07-18,locked,17,1,learned,pk,cell_identity,548460095916821653
mve3-v2-approved-2026-07-18,locked,17,1,learned,po,cell_identity,4531759506001847446
mve3-v2-approved-2026-07-18,locked,17,1,learned,ko,cell_identity,1246987991663208262
mve3-v2-approved-2026-07-18,locked,17,1,learned,pko,cell_identity,2683438192119034984
mve3-v2-approved-2026-07-18,locked,17,1,shuffled,shared,o_collection_root,9158813156681238902
mve3-v2-approved-2026-07-18,locked,17,1,shuffled,shared,non_o_collection_root,5293804119906219586
mve3-v2-approved-2026-07-18,locked,17,1,shuffled,shared,evaluation_root,5308066697281481468
mve3-v2-approved-2026-07-18,locked,17,1,shuffled,none,cell_identity,13503390988338546437
mve3-v2-approved-2026-07-18,locked,17,1,shuffled,p,cell_identity,4400354726747642574
mve3-v2-approved-2026-07-18,locked,17,1,shuffled,k,cell_identity,18419836810675470106
mve3-v2-approved-2026-07-18,locked,17,1,shuffled,o,cell_identity,1972572777451253341
mve3-v2-approved-2026-07-18,locked,17,1,shuffled,pk,cell_identity,6449226371434823751
mve3-v2-approved-2026-07-18,locked,17,1,shuffled,po,cell_identity,2656862679214076334
mve3-v2-approved-2026-07-18,locked,17,1,shuffled,ko,cell_identity,474611534987052723
mve3-v2-approved-2026-07-18,locked,17,1,shuffled,pko,cell_identity,12392313887188861317
mve3-v2-approved-2026-07-18,locked,17,1,anti,shared,o_collection_root,2033305120635443720
mve3-v2-approved-2026-07-18,locked,17,1,anti,shared,non_o_collection_root,5293804119906219586
mve3-v2-approved-2026-07-18,locked,17,1,anti,shared,evaluation_root,5308066697281481468
mve3-v2-approved-2026-07-18,locked,17,1,anti,none,cell_identity,4645604885663341596
mve3-v2-approved-2026-07-18,locked,17,1,anti,p,cell_identity,7866588127254044993
mve3-v2-approved-2026-07-18,locked,17,1,anti,k,cell_identity,293610676270862289
mve3-v2-approved-2026-07-18,locked,17,1,anti,o,cell_identity,17931659121858082944
mve3-v2-approved-2026-07-18,locked,17,1,anti,pk,cell_identity,837492375500589515
mve3-v2-approved-2026-07-18,locked,17,1,anti,po,cell_identity,13826957618953902991
mve3-v2-approved-2026-07-18,locked,17,1,anti,ko,cell_identity,5191737392589038347
mve3-v2-approved-2026-07-18,locked,17,1,anti,pko,cell_identity,8931587783974033457
mve3-v2-approved-2026-07-18,locked,17,2,controlled,shared,o_collection_root,12618961481306530570
mve3-v2-approved-2026-07-18,locked,17,2,controlled,shared,non_o_collection_root,13734645645270078967
mve3-v2-approved-2026-07-18,locked,17,2,controlled,shared,evaluation_root,9982730765469905326
mve3-v2-approved-2026-07-18,locked,17,2,controlled,none,cell_identity,8222463559044362885
mve3-v2-approved-2026-07-18,locked,17,2,controlled,p,cell_identity,5459548880123799709
mve3-v2-approved-2026-07-18,locked,17,2,controlled,k,cell_identity,8067886179254214327
mve3-v2-approved-2026-07-18,locked,17,2,controlled,o,cell_identity,8731511746973216465
mve3-v2-approved-2026-07-18,locked,17,2,controlled,pk,cell_identity,1963403518002904653
mve3-v2-approved-2026-07-18,locked,17,2,controlled,po,cell_identity,9665120141266579976
mve3-v2-approved-2026-07-18,locked,17,2,controlled,ko,cell_identity,15440153962573967390
mve3-v2-approved-2026-07-18,locked,17,2,controlled,pko,cell_identity,3594314252149904898
mve3-v2-approved-2026-07-18,locked,17,2,learned,shared,o_collection_root,13976726846503705055
mve3-v2-approved-2026-07-18,locked,17,2,learned,shared,non_o_collection_root,13734645645270078967
mve3-v2-approved-2026-07-18,locked,17,2,learned,shared,evaluation_root,9982730765469905326
mve3-v2-approved-2026-07-18,locked,17,2,learned,none,cell_identity,4428777777965710914
mve3-v2-approved-2026-07-18,locked,17,2,learned,p,cell_identity,15654802439181628975
mve3-v2-approved-2026-07-18,locked,17,2,learned,k,cell_identity,13462615739658157853
mve3-v2-approved-2026-07-18,locked,17,2,learned,o,cell_identity,15178857621802982283
mve3-v2-approved-2026-07-18,locked,17,2,learned,pk,cell_identity,3554304692274365640
mve3-v2-approved-2026-07-18,locked,17,2,learned,po,cell_identity,8443002137077423250
mve3-v2-approved-2026-07-18,locked,17,2,learned,ko,cell_identity,7551074618908327207
mve3-v2-approved-2026-07-18,locked,17,2,learned,pko,cell_identity,11575478528500438820
mve3-v2-approved-2026-07-18,locked,17,2,shuffled,shared,o_collection_root,9311339161483824307
mve3-v2-approved-2026-07-18,locked,17,2,shuffled,shared,non_o_collection_root,13734645645270078967
mve3-v2-approved-2026-07-18,locked,17,2,shuffled,shared,evaluation_root,9982730765469905326
mve3-v2-approved-2026-07-18,locked,17,2,shuffled,none,cell_identity,6717276515902214204
mve3-v2-approved-2026-07-18,locked,17,2,shuffled,p,cell_identity,8107190262990295870
mve3-v2-approved-2026-07-18,locked,17,2,shuffled,k,cell_identity,9390282422214801539
mve3-v2-approved-2026-07-18,locked,17,2,shuffled,o,cell_identity,8588610993740498266
mve3-v2-approved-2026-07-18,locked,17,2,shuffled,pk,cell_identity,7389061603415018971
mve3-v2-approved-2026-07-18,locked,17,2,shuffled,po,cell_identity,16272857886164792460
mve3-v2-approved-2026-07-18,locked,17,2,shuffled,ko,cell_identity,3905297005872043053
mve3-v2-approved-2026-07-18,locked,17,2,shuffled,pko,cell_identity,8426655707443842968
mve3-v2-approved-2026-07-18,locked,17,2,anti,shared,o_collection_root,15823961940998802709
mve3-v2-approved-2026-07-18,locked,17,2,anti,shared,non_o_collection_root,13734645645270078967
mve3-v2-approved-2026-07-18,locked,17,2,anti,shared,evaluation_root,9982730765469905326
mve3-v2-approved-2026-07-18,locked,17,2,anti,none,cell_identity,3120226888709211823
mve3-v2-approved-2026-07-18,locked,17,2,anti,p,cell_identity,8265351913100439297
mve3-v2-approved-2026-07-18,locked,17,2,anti,k,cell_identity,14046421926099745150
mve3-v2-approved-2026-07-18,locked,17,2,anti,o,cell_identity,13295093560488897220
mve3-v2-approved-2026-07-18,locked,17,2,anti,pk,cell_identity,12415241596402556858
mve3-v2-approved-2026-07-18,locked,17,2,anti,po,cell_identity,11825749204419846372
mve3-v2-approved-2026-07-18,locked,17,2,anti,ko,cell_identity,5463154655391805604
mve3-v2-approved-2026-07-18,locked,17,2,anti,pko,cell_identity,1653347729588864931
mve3-v2-approved-2026-07-18,locked,17,3,controlled,shared,o_collection_root,16725783112872702419
mve3-v2-approved-2026-07-18,locked,17,3,controlled,shared,non_o_collection_root,17896632022613462635
mve3-v2-approved-2026-07-18,locked,17,3,controlled,shared,evaluation_root,4997421675241765559
mve3-v2-approved-2026-07-18,locked,17,3,controlled,none,cell_identity,10045210916656371901
mve3-v2-approved-2026-07-18,locked,17,3,controlled,p,cell_identity,13581432067216197306
mve3-v2-approved-2026-07-18,locked,17,3,controlled,k,cell_identity,13745075242714804080
mve3-v2-approved-2026-07-18,locked,17,3,controlled,o,cell_identity,9759222133340616447
mve3-v2-approved-2026-07-18,locked,17,3,controlled,pk,cell_identity,7190909321258667820
mve3-v2-approved-2026-07-18,locked,17,3,controlled,po,cell_identity,16027231291094236535
mve3-v2-approved-2026-07-18,locked,17,3,controlled,ko,cell_identity,6044489706343919916
mve3-v2-approved-2026-07-18,locked,17,3,controlled,pko,cell_identity,10472045164968237807
mve3-v2-approved-2026-07-18,locked,17,3,learned,shared,o_collection_root,3245152844986335349
mve3-v2-approved-2026-07-18,locked,17,3,learned,shared,non_o_collection_root,17896632022613462635
mve3-v2-approved-2026-07-18,locked,17,3,learned,shared,evaluation_root,4997421675241765559
mve3-v2-approved-2026-07-18,locked,17,3,learned,none,cell_identity,11115429322353961527
mve3-v2-approved-2026-07-18,locked,17,3,learned,p,cell_identity,11533087894716144176
mve3-v2-approved-2026-07-18,locked,17,3,learned,k,cell_identity,6575977494119305864
mve3-v2-approved-2026-07-18,locked,17,3,learned,o,cell_identity,6732634840087193977
mve3-v2-approved-2026-07-18,locked,17,3,learned,pk,cell_identity,8940769359969539325
mve3-v2-approved-2026-07-18,locked,17,3,learned,po,cell_identity,12917533397294438868
mve3-v2-approved-2026-07-18,locked,17,3,learned,ko,cell_identity,1428375672626034612
mve3-v2-approved-2026-07-18,locked,17,3,learned,pko,cell_identity,16254715108189653812
mve3-v2-approved-2026-07-18,locked,17,3,shuffled,shared,o_collection_root,4970728589219213715
mve3-v2-approved-2026-07-18,locked,17,3,shuffled,shared,non_o_collection_root,17896632022613462635
mve3-v2-approved-2026-07-18,locked,17,3,shuffled,shared,evaluation_root,4997421675241765559
mve3-v2-approved-2026-07-18,locked,17,3,shuffled,none,cell_identity,1283033084615107832
mve3-v2-approved-2026-07-18,locked,17,3,shuffled,p,cell_identity,7604138638371190945
mve3-v2-approved-2026-07-18,locked,17,3,shuffled,k,cell_identity,13497458471520910187
mve3-v2-approved-2026-07-18,locked,17,3,shuffled,o,cell_identity,2228655150602958100
mve3-v2-approved-2026-07-18,locked,17,3,shuffled,pk,cell_identity,11503478677027877294
mve3-v2-approved-2026-07-18,locked,17,3,shuffled,po,cell_identity,2890418591120563148
mve3-v2-approved-2026-07-18,locked,17,3,shuffled,ko,cell_identity,4880130167313874544
mve3-v2-approved-2026-07-18,locked,17,3,shuffled,pko,cell_identity,15669027632217009702
mve3-v2-approved-2026-07-18,locked,17,3,anti,shared,o_collection_root,167613286437692283
mve3-v2-approved-2026-07-18,locked,17,3,anti,shared,non_o_collection_root,17896632022613462635
mve3-v2-approved-2026-07-18,locked,17,3,anti,shared,evaluation_root,4997421675241765559
mve3-v2-approved-2026-07-18,locked,17,3,anti,none,cell_identity,8991018626819672870
mve3-v2-approved-2026-07-18,locked,17,3,anti,p,cell_identity,2571999139310497802
mve3-v2-approved-2026-07-18,locked,17,3,anti,k,cell_identity,14643591580460271555
mve3-v2-approved-2026-07-18,locked,17,3,anti,o,cell_identity,15426719361489213688
mve3-v2-approved-2026-07-18,locked,17,3,anti,pk,cell_identity,2220065303400692669
mve3-v2-approved-2026-07-18,locked,17,3,anti,po,cell_identity,6335151581921435863
mve3-v2-approved-2026-07-18,locked,17,3,anti,ko,cell_identity,14896553085435771970
mve3-v2-approved-2026-07-18,locked,17,3,anti,pko,cell_identity,15831039067997328171
mve3-v2-approved-2026-07-18,locked,18,1,controlled,shared,o_collection_root,10268160742241007070
mve3-v2-approved-2026-07-18,locked,18,1,controlled,shared,non_o_collection_root,6321648344864377942
mve3-v2-approved-2026-07-18,locked,18,1,controlled,shared,evaluation_root,17035117317632502244
mve3-v2-approved-2026-07-18,locked,18,1,controlled,none,cell_identity,2835869247548729891
mve3-v2-approved-2026-07-18,locked,18,1,controlled,p,cell_identity,9138083345381958014
mve3-v2-approved-2026-07-18,locked,18,1,controlled,k,cell_identity,2592907323426767594
mve3-v2-approved-2026-07-18,locked,18,1,controlled,o,cell_identity,1141612676458943285
mve3-v2-approved-2026-07-18,locked,18,1,controlled,pk,cell_identity,7964273196806289214
mve3-v2-approved-2026-07-18,locked,18,1,controlled,po,cell_identity,17219024506058197517
mve3-v2-approved-2026-07-18,locked,18,1,controlled,ko,cell_identity,7162293082987373430
mve3-v2-approved-2026-07-18,locked,18,1,controlled,pko,cell_identity,2903414707278236013
mve3-v2-approved-2026-07-18,locked,18,1,learned,shared,o_collection_root,4882303750859645937
mve3-v2-approved-2026-07-18,locked,18,1,learned,shared,non_o_collection_root,6321648344864377942
mve3-v2-approved-2026-07-18,locked,18,1,learned,shared,evaluation_root,17035117317632502244
mve3-v2-approved-2026-07-18,locked,18,1,learned,none,cell_identity,3073350448995128535
mve3-v2-approved-2026-07-18,locked,18,1,learned,p,cell_identity,16759392020843698685
mve3-v2-approved-2026-07-18,locked,18,1,learned,k,cell_identity,17798734273981129988
mve3-v2-approved-2026-07-18,locked,18,1,learned,o,cell_identity,4902959489778919770
mve3-v2-approved-2026-07-18,locked,18,1,learned,pk,cell_identity,12411051417846228395
mve3-v2-approved-2026-07-18,locked,18,1,learned,po,cell_identity,15963470015452065676
mve3-v2-approved-2026-07-18,locked,18,1,learned,ko,cell_identity,2908291022499557324
mve3-v2-approved-2026-07-18,locked,18,1,learned,pko,cell_identity,16319812764419195342
mve3-v2-approved-2026-07-18,locked,18,1,shuffled,shared,o_collection_root,4487798756829953503
mve3-v2-approved-2026-07-18,locked,18,1,shuffled,shared,non_o_collection_root,6321648344864377942
mve3-v2-approved-2026-07-18,locked,18,1,shuffled,shared,evaluation_root,17035117317632502244
mve3-v2-approved-2026-07-18,locked,18,1,shuffled,none,cell_identity,3468415539574230692
mve3-v2-approved-2026-07-18,locked,18,1,shuffled,p,cell_identity,6523730173802362092
mve3-v2-approved-2026-07-18,locked,18,1,shuffled,k,cell_identity,15252941383099040711
mve3-v2-approved-2026-07-18,locked,18,1,shuffled,o,cell_identity,2538623165331043387
mve3-v2-approved-2026-07-18,locked,18,1,shuffled,pk,cell_identity,10293737597311169436
mve3-v2-approved-2026-07-18,locked,18,1,shuffled,po,cell_identity,9927395929067467811
mve3-v2-approved-2026-07-18,locked,18,1,shuffled,ko,cell_identity,15577530977891080609
mve3-v2-approved-2026-07-18,locked,18,1,shuffled,pko,cell_identity,12816735243641512692
mve3-v2-approved-2026-07-18,locked,18,1,anti,shared,o_collection_root,15075915975852082551
mve3-v2-approved-2026-07-18,locked,18,1,anti,shared,non_o_collection_root,6321648344864377942
mve3-v2-approved-2026-07-18,locked,18,1,anti,shared,evaluation_root,17035117317632502244
mve3-v2-approved-2026-07-18,locked,18,1,anti,none,cell_identity,6578575534228089205
mve3-v2-approved-2026-07-18,locked,18,1,anti,p,cell_identity,627608541292029095
mve3-v2-approved-2026-07-18,locked,18,1,anti,k,cell_identity,9842645037801050301
mve3-v2-approved-2026-07-18,locked,18,1,anti,o,cell_identity,1598790033966900037
mve3-v2-approved-2026-07-18,locked,18,1,anti,pk,cell_identity,14847518926567302890
mve3-v2-approved-2026-07-18,locked,18,1,anti,po,cell_identity,11750408750528206858
mve3-v2-approved-2026-07-18,locked,18,1,anti,ko,cell_identity,18007675862511667250
mve3-v2-approved-2026-07-18,locked,18,1,anti,pko,cell_identity,4327331511757656942
mve3-v2-approved-2026-07-18,locked,18,2,controlled,shared,o_collection_root,16990827182628573220
mve3-v2-approved-2026-07-18,locked,18,2,controlled,shared,non_o_collection_root,6551584236504725150
mve3-v2-approved-2026-07-18,locked,18,2,controlled,shared,evaluation_root,10510040794507148500
mve3-v2-approved-2026-07-18,locked,18,2,controlled,none,cell_identity,11874462401642098543
mve3-v2-approved-2026-07-18,locked,18,2,controlled,p,cell_identity,12756581006390977308
mve3-v2-approved-2026-07-18,locked,18,2,controlled,k,cell_identity,2819575878432611457
mve3-v2-approved-2026-07-18,locked,18,2,controlled,o,cell_identity,8310095159620710446
mve3-v2-approved-2026-07-18,locked,18,2,controlled,pk,cell_identity,14690325095773798819
mve3-v2-approved-2026-07-18,locked,18,2,controlled,po,cell_identity,18403281756067657594
mve3-v2-approved-2026-07-18,locked,18,2,controlled,ko,cell_identity,363778939890918670
mve3-v2-approved-2026-07-18,locked,18,2,controlled,pko,cell_identity,4007894308577818491
mve3-v2-approved-2026-07-18,locked,18,2,learned,shared,o_collection_root,9801606967243135475
mve3-v2-approved-2026-07-18,locked,18,2,learned,shared,non_o_collection_root,6551584236504725150
mve3-v2-approved-2026-07-18,locked,18,2,learned,shared,evaluation_root,10510040794507148500
mve3-v2-approved-2026-07-18,locked,18,2,learned,none,cell_identity,3884910247655277219
mve3-v2-approved-2026-07-18,locked,18,2,learned,p,cell_identity,6513846406208885159
mve3-v2-approved-2026-07-18,locked,18,2,learned,k,cell_identity,16414609297988087047
mve3-v2-approved-2026-07-18,locked,18,2,learned,o,cell_identity,10573561420373527081
mve3-v2-approved-2026-07-18,locked,18,2,learned,pk,cell_identity,10683464910904733544
mve3-v2-approved-2026-07-18,locked,18,2,learned,po,cell_identity,15501759918518232739
mve3-v2-approved-2026-07-18,locked,18,2,learned,ko,cell_identity,11025675700690761078
mve3-v2-approved-2026-07-18,locked,18,2,learned,pko,cell_identity,11778427820759564383
mve3-v2-approved-2026-07-18,locked,18,2,shuffled,shared,o_collection_root,884105131500327343
mve3-v2-approved-2026-07-18,locked,18,2,shuffled,shared,non_o_collection_root,6551584236504725150
mve3-v2-approved-2026-07-18,locked,18,2,shuffled,shared,evaluation_root,10510040794507148500
mve3-v2-approved-2026-07-18,locked,18,2,shuffled,none,cell_identity,16821116222152965393
mve3-v2-approved-2026-07-18,locked,18,2,shuffled,p,cell_identity,9308196393440905927
mve3-v2-approved-2026-07-18,locked,18,2,shuffled,k,cell_identity,7717056567188878545
mve3-v2-approved-2026-07-18,locked,18,2,shuffled,o,cell_identity,9425426563008554528
mve3-v2-approved-2026-07-18,locked,18,2,shuffled,pk,cell_identity,14916171039762915738
mve3-v2-approved-2026-07-18,locked,18,2,shuffled,po,cell_identity,7626662034494582367
mve3-v2-approved-2026-07-18,locked,18,2,shuffled,ko,cell_identity,1773777933817965245
mve3-v2-approved-2026-07-18,locked,18,2,shuffled,pko,cell_identity,7381835189058222690
mve3-v2-approved-2026-07-18,locked,18,2,anti,shared,o_collection_root,14124226225844137205
mve3-v2-approved-2026-07-18,locked,18,2,anti,shared,non_o_collection_root,6551584236504725150
mve3-v2-approved-2026-07-18,locked,18,2,anti,shared,evaluation_root,10510040794507148500
mve3-v2-approved-2026-07-18,locked,18,2,anti,none,cell_identity,16423963053392991683
mve3-v2-approved-2026-07-18,locked,18,2,anti,p,cell_identity,10885775840937969179
mve3-v2-approved-2026-07-18,locked,18,2,anti,k,cell_identity,15350123724969683631
mve3-v2-approved-2026-07-18,locked,18,2,anti,o,cell_identity,9108770069530859077
mve3-v2-approved-2026-07-18,locked,18,2,anti,pk,cell_identity,12657878847117177876
mve3-v2-approved-2026-07-18,locked,18,2,anti,po,cell_identity,10390575769718618277
mve3-v2-approved-2026-07-18,locked,18,2,anti,ko,cell_identity,3593885456845891563
mve3-v2-approved-2026-07-18,locked,18,2,anti,pko,cell_identity,17789285753161018958
mve3-v2-approved-2026-07-18,locked,18,3,controlled,shared,o_collection_root,3150514815992039222
mve3-v2-approved-2026-07-18,locked,18,3,controlled,shared,non_o_collection_root,17860211279744575224
mve3-v2-approved-2026-07-18,locked,18,3,controlled,shared,evaluation_root,7850354712953061565
mve3-v2-approved-2026-07-18,locked,18,3,controlled,none,cell_identity,10727821113162291708
mve3-v2-approved-2026-07-18,locked,18,3,controlled,p,cell_identity,18295540753389531165
mve3-v2-approved-2026-07-18,locked,18,3,controlled,k,cell_identity,1783404507034512677
mve3-v2-approved-2026-07-18,locked,18,3,controlled,o,cell_identity,7415674333247300344
mve3-v2-approved-2026-07-18,locked,18,3,controlled,pk,cell_identity,16275566046000459988
mve3-v2-approved-2026-07-18,locked,18,3,controlled,po,cell_identity,367424738732062322
mve3-v2-approved-2026-07-18,locked,18,3,controlled,ko,cell_identity,2513551674759202520
mve3-v2-approved-2026-07-18,locked,18,3,controlled,pko,cell_identity,1975953172612404933
mve3-v2-approved-2026-07-18,locked,18,3,learned,shared,o_collection_root,4757182447707993125
mve3-v2-approved-2026-07-18,locked,18,3,learned,shared,non_o_collection_root,17860211279744575224
mve3-v2-approved-2026-07-18,locked,18,3,learned,shared,evaluation_root,7850354712953061565
mve3-v2-approved-2026-07-18,locked,18,3,learned,none,cell_identity,8413223257108953454
mve3-v2-approved-2026-07-18,locked,18,3,learned,p,cell_identity,5382078163314683691
mve3-v2-approved-2026-07-18,locked,18,3,learned,k,cell_identity,12507853902073904681
mve3-v2-approved-2026-07-18,locked,18,3,learned,o,cell_identity,13003293724961360582
mve3-v2-approved-2026-07-18,locked,18,3,learned,pk,cell_identity,6861883614121751033
mve3-v2-approved-2026-07-18,locked,18,3,learned,po,cell_identity,13249080099802927722
mve3-v2-approved-2026-07-18,locked,18,3,learned,ko,cell_identity,9680549041876329837
mve3-v2-approved-2026-07-18,locked,18,3,learned,pko,cell_identity,4828235653429980281
mve3-v2-approved-2026-07-18,locked,18,3,shuffled,shared,o_collection_root,5175355744006411645
mve3-v2-approved-2026-07-18,locked,18,3,shuffled,shared,non_o_collection_root,17860211279744575224
mve3-v2-approved-2026-07-18,locked,18,3,shuffled,shared,evaluation_root,7850354712953061565
mve3-v2-approved-2026-07-18,locked,18,3,shuffled,none,cell_identity,14918703963691664730
mve3-v2-approved-2026-07-18,locked,18,3,shuffled,p,cell_identity,3974410902246430188
mve3-v2-approved-2026-07-18,locked,18,3,shuffled,k,cell_identity,14836444539792851793
mve3-v2-approved-2026-07-18,locked,18,3,shuffled,o,cell_identity,16820400590036970523
mve3-v2-approved-2026-07-18,locked,18,3,shuffled,pk,cell_identity,17597753778089815279
mve3-v2-approved-2026-07-18,locked,18,3,shuffled,po,cell_identity,55062397253342433
mve3-v2-approved-2026-07-18,locked,18,3,shuffled,ko,cell_identity,11696443753443914639
mve3-v2-approved-2026-07-18,locked,18,3,shuffled,pko,cell_identity,4557666574396478003
mve3-v2-approved-2026-07-18,locked,18,3,anti,shared,o_collection_root,17111760730297576972
mve3-v2-approved-2026-07-18,locked,18,3,anti,shared,non_o_collection_root,17860211279744575224
mve3-v2-approved-2026-07-18,locked,18,3,anti,shared,evaluation_root,7850354712953061565
mve3-v2-approved-2026-07-18,locked,18,3,anti,none,cell_identity,4976123994135892298
mve3-v2-approved-2026-07-18,locked,18,3,anti,p,cell_identity,17989362462567087452
mve3-v2-approved-2026-07-18,locked,18,3,anti,k,cell_identity,3506431108947781026
mve3-v2-approved-2026-07-18,locked,18,3,anti,o,cell_identity,10603295445357714261
mve3-v2-approved-2026-07-18,locked,18,3,anti,pk,cell_identity,9850256983943711312
mve3-v2-approved-2026-07-18,locked,18,3,anti,po,cell_identity,6334421576636753541
mve3-v2-approved-2026-07-18,locked,18,3,anti,ko,cell_identity,15483803773887683404
mve3-v2-approved-2026-07-18,locked,18,3,anti,pko,cell_identity,12047915181655150414
mve3-v2-approved-2026-07-18,locked,19,1,controlled,shared,o_collection_root,1456696432371830824
mve3-v2-approved-2026-07-18,locked,19,1,controlled,shared,non_o_collection_root,16608954782145384505
mve3-v2-approved-2026-07-18,locked,19,1,controlled,shared,evaluation_root,10733416822101783639
mve3-v2-approved-2026-07-18,locked,19,1,controlled,none,cell_identity,9378948167917165943
mve3-v2-approved-2026-07-18,locked,19,1,controlled,p,cell_identity,4742323019196554521
mve3-v2-approved-2026-07-18,locked,19,1,controlled,k,cell_identity,12814040638353848417
mve3-v2-approved-2026-07-18,locked,19,1,controlled,o,cell_identity,16781772495487876090
mve3-v2-approved-2026-07-18,locked,19,1,controlled,pk,cell_identity,12512788793569241449
mve3-v2-approved-2026-07-18,locked,19,1,controlled,po,cell_identity,17830341718945420151
mve3-v2-approved-2026-07-18,locked,19,1,controlled,ko,cell_identity,1311203000727591872
mve3-v2-approved-2026-07-18,locked,19,1,controlled,pko,cell_identity,704697014751347287
mve3-v2-approved-2026-07-18,locked,19,1,learned,shared,o_collection_root,634529481555299063
mve3-v2-approved-2026-07-18,locked,19,1,learned,shared,non_o_collection_root,16608954782145384505
mve3-v2-approved-2026-07-18,locked,19,1,learned,shared,evaluation_root,10733416822101783639
mve3-v2-approved-2026-07-18,locked,19,1,learned,none,cell_identity,10947077180100095624
mve3-v2-approved-2026-07-18,locked,19,1,learned,p,cell_identity,5480838189494686837
mve3-v2-approved-2026-07-18,locked,19,1,learned,k,cell_identity,12873522605280614124
mve3-v2-approved-2026-07-18,locked,19,1,learned,o,cell_identity,339706840776517268
mve3-v2-approved-2026-07-18,locked,19,1,learned,pk,cell_identity,5843005241829533598
mve3-v2-approved-2026-07-18,locked,19,1,learned,po,cell_identity,11905712959441860514
mve3-v2-approved-2026-07-18,locked,19,1,learned,ko,cell_identity,10887443186884340753
mve3-v2-approved-2026-07-18,locked,19,1,learned,pko,cell_identity,10964800687344598760
mve3-v2-approved-2026-07-18,locked,19,1,shuffled,shared,o_collection_root,4153123150394183395
mve3-v2-approved-2026-07-18,locked,19,1,shuffled,shared,non_o_collection_root,16608954782145384505
mve3-v2-approved-2026-07-18,locked,19,1,shuffled,shared,evaluation_root,10733416822101783639
mve3-v2-approved-2026-07-18,locked,19,1,shuffled,none,cell_identity,3698174489431973479
mve3-v2-approved-2026-07-18,locked,19,1,shuffled,p,cell_identity,5988835160793878693
mve3-v2-approved-2026-07-18,locked,19,1,shuffled,k,cell_identity,6240943848500592351
mve3-v2-approved-2026-07-18,locked,19,1,shuffled,o,cell_identity,15575816466995123836
mve3-v2-approved-2026-07-18,locked,19,1,shuffled,pk,cell_identity,6193061986061441572
mve3-v2-approved-2026-07-18,locked,19,1,shuffled,po,cell_identity,16968788895715242341
mve3-v2-approved-2026-07-18,locked,19,1,shuffled,ko,cell_identity,3740442473435951971
mve3-v2-approved-2026-07-18,locked,19,1,shuffled,pko,cell_identity,7966428885380603105
mve3-v2-approved-2026-07-18,locked,19,1,anti,shared,o_collection_root,1508046835514263362
mve3-v2-approved-2026-07-18,locked,19,1,anti,shared,non_o_collection_root,16608954782145384505
mve3-v2-approved-2026-07-18,locked,19,1,anti,shared,evaluation_root,10733416822101783639
mve3-v2-approved-2026-07-18,locked,19,1,anti,none,cell_identity,14766385859468680469
mve3-v2-approved-2026-07-18,locked,19,1,anti,p,cell_identity,14405338645533221040
mve3-v2-approved-2026-07-18,locked,19,1,anti,k,cell_identity,3468303890773873326
mve3-v2-approved-2026-07-18,locked,19,1,anti,o,cell_identity,5414122635953683790
mve3-v2-approved-2026-07-18,locked,19,1,anti,pk,cell_identity,6637804545002261574
mve3-v2-approved-2026-07-18,locked,19,1,anti,po,cell_identity,14085543750783405098
mve3-v2-approved-2026-07-18,locked,19,1,anti,ko,cell_identity,3230465939746190744
mve3-v2-approved-2026-07-18,locked,19,1,anti,pko,cell_identity,12037507419926101301
mve3-v2-approved-2026-07-18,locked,19,2,controlled,shared,o_collection_root,594524868940593439
mve3-v2-approved-2026-07-18,locked,19,2,controlled,shared,non_o_collection_root,17403089974029824183
mve3-v2-approved-2026-07-18,locked,19,2,controlled,shared,evaluation_root,8901150792540337543
mve3-v2-approved-2026-07-18,locked,19,2,controlled,none,cell_identity,16082592382723803208
mve3-v2-approved-2026-07-18,locked,19,2,controlled,p,cell_identity,14762858375892209482
mve3-v2-approved-2026-07-18,locked,19,2,controlled,k,cell_identity,17824680129394849880
mve3-v2-approved-2026-07-18,locked,19,2,controlled,o,cell_identity,12685744878743465083
mve3-v2-approved-2026-07-18,locked,19,2,controlled,pk,cell_identity,11853704772085392458
mve3-v2-approved-2026-07-18,locked,19,2,controlled,po,cell_identity,5412920091755726660
mve3-v2-approved-2026-07-18,locked,19,2,controlled,ko,cell_identity,12635309122470623882
mve3-v2-approved-2026-07-18,locked,19,2,controlled,pko,cell_identity,9402876049669079826
mve3-v2-approved-2026-07-18,locked,19,2,learned,shared,o_collection_root,551129847789447681
mve3-v2-approved-2026-07-18,locked,19,2,learned,shared,non_o_collection_root,17403089974029824183
mve3-v2-approved-2026-07-18,locked,19,2,learned,shared,evaluation_root,8901150792540337543
mve3-v2-approved-2026-07-18,locked,19,2,learned,none,cell_identity,15586110098073297341
mve3-v2-approved-2026-07-18,locked,19,2,learned,p,cell_identity,16780619002141178463
mve3-v2-approved-2026-07-18,locked,19,2,learned,k,cell_identity,13117150536773257341
mve3-v2-approved-2026-07-18,locked,19,2,learned,o,cell_identity,11321346025384397511
mve3-v2-approved-2026-07-18,locked,19,2,learned,pk,cell_identity,6954130172585127047
mve3-v2-approved-2026-07-18,locked,19,2,learned,po,cell_identity,79228260012029395
mve3-v2-approved-2026-07-18,locked,19,2,learned,ko,cell_identity,12817170298422289221
mve3-v2-approved-2026-07-18,locked,19,2,learned,pko,cell_identity,16508288694614235459
mve3-v2-approved-2026-07-18,locked,19,2,shuffled,shared,o_collection_root,12055242593840475322
mve3-v2-approved-2026-07-18,locked,19,2,shuffled,shared,non_o_collection_root,17403089974029824183
mve3-v2-approved-2026-07-18,locked,19,2,shuffled,shared,evaluation_root,8901150792540337543
mve3-v2-approved-2026-07-18,locked,19,2,shuffled,none,cell_identity,6003308556386993337
mve3-v2-approved-2026-07-18,locked,19,2,shuffled,p,cell_identity,10254105336146033364
mve3-v2-approved-2026-07-18,locked,19,2,shuffled,k,cell_identity,14972771005879328457
mve3-v2-approved-2026-07-18,locked,19,2,shuffled,o,cell_identity,14472708433813895717
mve3-v2-approved-2026-07-18,locked,19,2,shuffled,pk,cell_identity,15980656712683056324
mve3-v2-approved-2026-07-18,locked,19,2,shuffled,po,cell_identity,18282438214749525845
mve3-v2-approved-2026-07-18,locked,19,2,shuffled,ko,cell_identity,6828325745862683642
mve3-v2-approved-2026-07-18,locked,19,2,shuffled,pko,cell_identity,13420488058950512049
mve3-v2-approved-2026-07-18,locked,19,2,anti,shared,o_collection_root,11629615097999236713
mve3-v2-approved-2026-07-18,locked,19,2,anti,shared,non_o_collection_root,17403089974029824183
mve3-v2-approved-2026-07-18,locked,19,2,anti,shared,evaluation_root,8901150792540337543
mve3-v2-approved-2026-07-18,locked,19,2,anti,none,cell_identity,8077563130668281347
mve3-v2-approved-2026-07-18,locked,19,2,anti,p,cell_identity,4796261812355349182
mve3-v2-approved-2026-07-18,locked,19,2,anti,k,cell_identity,7313052042574521747
mve3-v2-approved-2026-07-18,locked,19,2,anti,o,cell_identity,10356274750873389411
mve3-v2-approved-2026-07-18,locked,19,2,anti,pk,cell_identity,10669067030892247658
mve3-v2-approved-2026-07-18,locked,19,2,anti,po,cell_identity,8472298276697974573
mve3-v2-approved-2026-07-18,locked,19,2,anti,ko,cell_identity,17710250344427254712
mve3-v2-approved-2026-07-18,locked,19,2,anti,pko,cell_identity,17429279137265762512
mve3-v2-approved-2026-07-18,locked,19,3,controlled,shared,o_collection_root,15666582623986272906
mve3-v2-approved-2026-07-18,locked,19,3,controlled,shared,non_o_collection_root,10433530025069660442
mve3-v2-approved-2026-07-18,locked,19,3,controlled,shared,evaluation_root,13437055265143533768
mve3-v2-approved-2026-07-18,locked,19,3,controlled,none,cell_identity,8079969611282730662
mve3-v2-approved-2026-07-18,locked,19,3,controlled,p,cell_identity,6527137601159174180
mve3-v2-approved-2026-07-18,locked,19,3,controlled,k,cell_identity,12786658095226496091
mve3-v2-approved-2026-07-18,locked,19,3,controlled,o,cell_identity,4619006760499331594
mve3-v2-approved-2026-07-18,locked,19,3,controlled,pk,cell_identity,13324105658693202708
mve3-v2-approved-2026-07-18,locked,19,3,controlled,po,cell_identity,9823188465533459404
mve3-v2-approved-2026-07-18,locked,19,3,controlled,ko,cell_identity,13654482300866428986
mve3-v2-approved-2026-07-18,locked,19,3,controlled,pko,cell_identity,17023656946839954088
mve3-v2-approved-2026-07-18,locked,19,3,learned,shared,o_collection_root,7972956072653668002
mve3-v2-approved-2026-07-18,locked,19,3,learned,shared,non_o_collection_root,10433530025069660442
mve3-v2-approved-2026-07-18,locked,19,3,learned,shared,evaluation_root,13437055265143533768
mve3-v2-approved-2026-07-18,locked,19,3,learned,none,cell_identity,12989774143687926233
mve3-v2-approved-2026-07-18,locked,19,3,learned,p,cell_identity,1831995029399927676
mve3-v2-approved-2026-07-18,locked,19,3,learned,k,cell_identity,16999584225084978866
mve3-v2-approved-2026-07-18,locked,19,3,learned,o,cell_identity,17219569906518476156
mve3-v2-approved-2026-07-18,locked,19,3,learned,pk,cell_identity,13423337466864204234
mve3-v2-approved-2026-07-18,locked,19,3,learned,po,cell_identity,2597812671265262260
mve3-v2-approved-2026-07-18,locked,19,3,learned,ko,cell_identity,2970692526022112028
mve3-v2-approved-2026-07-18,locked,19,3,learned,pko,cell_identity,13524663642616066334
mve3-v2-approved-2026-07-18,locked,19,3,shuffled,shared,o_collection_root,6945318769277725888
mve3-v2-approved-2026-07-18,locked,19,3,shuffled,shared,non_o_collection_root,10433530025069660442
mve3-v2-approved-2026-07-18,locked,19,3,shuffled,shared,evaluation_root,13437055265143533768
mve3-v2-approved-2026-07-18,locked,19,3,shuffled,none,cell_identity,7331826031883733386
mve3-v2-approved-2026-07-18,locked,19,3,shuffled,p,cell_identity,12495790714347496051
mve3-v2-approved-2026-07-18,locked,19,3,shuffled,k,cell_identity,1765429182010003932
mve3-v2-approved-2026-07-18,locked,19,3,shuffled,o,cell_identity,2785289616304776476
mve3-v2-approved-2026-07-18,locked,19,3,shuffled,pk,cell_identity,10515148530978944525
mve3-v2-approved-2026-07-18,locked,19,3,shuffled,po,cell_identity,15031260898508260256
mve3-v2-approved-2026-07-18,locked,19,3,shuffled,ko,cell_identity,11174389500455348739
mve3-v2-approved-2026-07-18,locked,19,3,shuffled,pko,cell_identity,9148558812632731518
mve3-v2-approved-2026-07-18,locked,19,3,anti,shared,o_collection_root,3922440786128826853
mve3-v2-approved-2026-07-18,locked,19,3,anti,shared,non_o_collection_root,10433530025069660442
mve3-v2-approved-2026-07-18,locked,19,3,anti,shared,evaluation_root,13437055265143533768
mve3-v2-approved-2026-07-18,locked,19,3,anti,none,cell_identity,18307461031810954741
mve3-v2-approved-2026-07-18,locked,19,3,anti,p,cell_identity,4418535054705862752
mve3-v2-approved-2026-07-18,locked,19,3,anti,k,cell_identity,2903293559834081098
mve3-v2-approved-2026-07-18,locked,19,3,anti,o,cell_identity,11970280452476646025
mve3-v2-approved-2026-07-18,locked,19,3,anti,pk,cell_identity,16535243735178459289
mve3-v2-approved-2026-07-18,locked,19,3,anti,po,cell_identity,15772383158211673451
mve3-v2-approved-2026-07-18,locked,19,3,anti,ko,cell_identity,1672664399590971303
mve3-v2-approved-2026-07-18,locked,19,3,anti,pko,cell_identity,12648330770113527548
mve3-v2-approved-2026-07-18,locked,20,1,controlled,shared,o_collection_root,9901296222075194282
mve3-v2-approved-2026-07-18,locked,20,1,controlled,shared,non_o_collection_root,9420399180307266767
mve3-v2-approved-2026-07-18,locked,20,1,controlled,shared,evaluation_root,16210349701666637334
mve3-v2-approved-2026-07-18,locked,20,1,controlled,none,cell_identity,866312435571306184
mve3-v2-approved-2026-07-18,locked,20,1,controlled,p,cell_identity,485746942143163155
mve3-v2-approved-2026-07-18,locked,20,1,controlled,k,cell_identity,10737402144752744418
mve3-v2-approved-2026-07-18,locked,20,1,controlled,o,cell_identity,9878811215585360713
mve3-v2-approved-2026-07-18,locked,20,1,controlled,pk,cell_identity,3538526350395567992
mve3-v2-approved-2026-07-18,locked,20,1,controlled,po,cell_identity,4593124768039672234
mve3-v2-approved-2026-07-18,locked,20,1,controlled,ko,cell_identity,1775570348207448706
mve3-v2-approved-2026-07-18,locked,20,1,controlled,pko,cell_identity,8455197594962619512
mve3-v2-approved-2026-07-18,locked,20,1,learned,shared,o_collection_root,9794378090295852244
mve3-v2-approved-2026-07-18,locked,20,1,learned,shared,non_o_collection_root,9420399180307266767
mve3-v2-approved-2026-07-18,locked,20,1,learned,shared,evaluation_root,16210349701666637334
mve3-v2-approved-2026-07-18,locked,20,1,learned,none,cell_identity,13133872292120268838
mve3-v2-approved-2026-07-18,locked,20,1,learned,p,cell_identity,3293376679600765971
mve3-v2-approved-2026-07-18,locked,20,1,learned,k,cell_identity,11723652110726558984
mve3-v2-approved-2026-07-18,locked,20,1,learned,o,cell_identity,17126592589012913154
mve3-v2-approved-2026-07-18,locked,20,1,learned,pk,cell_identity,18111607255815968361
mve3-v2-approved-2026-07-18,locked,20,1,learned,po,cell_identity,4824949032558731970
mve3-v2-approved-2026-07-18,locked,20,1,learned,ko,cell_identity,1097679308321875903
mve3-v2-approved-2026-07-18,locked,20,1,learned,pko,cell_identity,4978099498964945942
mve3-v2-approved-2026-07-18,locked,20,1,shuffled,shared,o_collection_root,7543925502682086718
mve3-v2-approved-2026-07-18,locked,20,1,shuffled,shared,non_o_collection_root,9420399180307266767
mve3-v2-approved-2026-07-18,locked,20,1,shuffled,shared,evaluation_root,16210349701666637334
mve3-v2-approved-2026-07-18,locked,20,1,shuffled,none,cell_identity,8068105302879076868
mve3-v2-approved-2026-07-18,locked,20,1,shuffled,p,cell_identity,850352402898234022
mve3-v2-approved-2026-07-18,locked,20,1,shuffled,k,cell_identity,5412383884978786386
mve3-v2-approved-2026-07-18,locked,20,1,shuffled,o,cell_identity,15170580671208388815
mve3-v2-approved-2026-07-18,locked,20,1,shuffled,pk,cell_identity,9084490748052361710
mve3-v2-approved-2026-07-18,locked,20,1,shuffled,po,cell_identity,18359083813598841936
mve3-v2-approved-2026-07-18,locked,20,1,shuffled,ko,cell_identity,13406434261005046862
mve3-v2-approved-2026-07-18,locked,20,1,shuffled,pko,cell_identity,3743655700244103557
mve3-v2-approved-2026-07-18,locked,20,1,anti,shared,o_collection_root,10640695301870821968
mve3-v2-approved-2026-07-18,locked,20,1,anti,shared,non_o_collection_root,9420399180307266767
mve3-v2-approved-2026-07-18,locked,20,1,anti,shared,evaluation_root,16210349701666637334
mve3-v2-approved-2026-07-18,locked,20,1,anti,none,cell_identity,9247739690298645683
mve3-v2-approved-2026-07-18,locked,20,1,anti,p,cell_identity,13173588276653808921
mve3-v2-approved-2026-07-18,locked,20,1,anti,k,cell_identity,7960531751203988135
mve3-v2-approved-2026-07-18,locked,20,1,anti,o,cell_identity,2735747958008574853
mve3-v2-approved-2026-07-18,locked,20,1,anti,pk,cell_identity,10601252453090632513
mve3-v2-approved-2026-07-18,locked,20,1,anti,po,cell_identity,16984557570823801500
mve3-v2-approved-2026-07-18,locked,20,1,anti,ko,cell_identity,12621730727044072977
mve3-v2-approved-2026-07-18,locked,20,1,anti,pko,cell_identity,15946970318553885202
mve3-v2-approved-2026-07-18,locked,20,2,controlled,shared,o_collection_root,5444416339749507407
mve3-v2-approved-2026-07-18,locked,20,2,controlled,shared,non_o_collection_root,645433109056147298
mve3-v2-approved-2026-07-18,locked,20,2,controlled,shared,evaluation_root,8052490133432185687
mve3-v2-approved-2026-07-18,locked,20,2,controlled,none,cell_identity,15215988494181740323
mve3-v2-approved-2026-07-18,locked,20,2,controlled,p,cell_identity,376997484631703586
mve3-v2-approved-2026-07-18,locked,20,2,controlled,k,cell_identity,5384259097549002611
mve3-v2-approved-2026-07-18,locked,20,2,controlled,o,cell_identity,15169308181778417717
mve3-v2-approved-2026-07-18,locked,20,2,controlled,pk,cell_identity,8982214808309988920
mve3-v2-approved-2026-07-18,locked,20,2,controlled,po,cell_identity,17231632262286049723
mve3-v2-approved-2026-07-18,locked,20,2,controlled,ko,cell_identity,11558906377059521951
mve3-v2-approved-2026-07-18,locked,20,2,controlled,pko,cell_identity,14814775496128980723
mve3-v2-approved-2026-07-18,locked,20,2,learned,shared,o_collection_root,15174419791708684724
mve3-v2-approved-2026-07-18,locked,20,2,learned,shared,non_o_collection_root,645433109056147298
mve3-v2-approved-2026-07-18,locked,20,2,learned,shared,evaluation_root,8052490133432185687
mve3-v2-approved-2026-07-18,locked,20,2,learned,none,cell_identity,1883949320436819684
mve3-v2-approved-2026-07-18,locked,20,2,learned,p,cell_identity,4699265743752308924
mve3-v2-approved-2026-07-18,locked,20,2,learned,k,cell_identity,14364037373863678564
mve3-v2-approved-2026-07-18,locked,20,2,learned,o,cell_identity,11142048711804044967
mve3-v2-approved-2026-07-18,locked,20,2,learned,pk,cell_identity,8634997538524931439
mve3-v2-approved-2026-07-18,locked,20,2,learned,po,cell_identity,8446531881788282005
mve3-v2-approved-2026-07-18,locked,20,2,learned,ko,cell_identity,17515555005548484507
mve3-v2-approved-2026-07-18,locked,20,2,learned,pko,cell_identity,2431375860296417679
mve3-v2-approved-2026-07-18,locked,20,2,shuffled,shared,o_collection_root,12939704964197512162
mve3-v2-approved-2026-07-18,locked,20,2,shuffled,shared,non_o_collection_root,645433109056147298
mve3-v2-approved-2026-07-18,locked,20,2,shuffled,shared,evaluation_root,8052490133432185687
mve3-v2-approved-2026-07-18,locked,20,2,shuffled,none,cell_identity,10619960759456823055
mve3-v2-approved-2026-07-18,locked,20,2,shuffled,p,cell_identity,1767835678661139509
mve3-v2-approved-2026-07-18,locked,20,2,shuffled,k,cell_identity,6255996490583012963
mve3-v2-approved-2026-07-18,locked,20,2,shuffled,o,cell_identity,1389478473868985252
mve3-v2-approved-2026-07-18,locked,20,2,shuffled,pk,cell_identity,2182872438510713528
mve3-v2-approved-2026-07-18,locked,20,2,shuffled,po,cell_identity,16929853832788495511
mve3-v2-approved-2026-07-18,locked,20,2,shuffled,ko,cell_identity,14422194599321394129
mve3-v2-approved-2026-07-18,locked,20,2,shuffled,pko,cell_identity,1486986382634251226
mve3-v2-approved-2026-07-18,locked,20,2,anti,shared,o_collection_root,15921620725607306278
mve3-v2-approved-2026-07-18,locked,20,2,anti,shared,non_o_collection_root,645433109056147298
mve3-v2-approved-2026-07-18,locked,20,2,anti,shared,evaluation_root,8052490133432185687
mve3-v2-approved-2026-07-18,locked,20,2,anti,none,cell_identity,11703186617190753790
mve3-v2-approved-2026-07-18,locked,20,2,anti,p,cell_identity,13657249580225727922
mve3-v2-approved-2026-07-18,locked,20,2,anti,k,cell_identity,17658225983341465297
mve3-v2-approved-2026-07-18,locked,20,2,anti,o,cell_identity,17341888143495569569
mve3-v2-approved-2026-07-18,locked,20,2,anti,pk,cell_identity,11812600345524460468
mve3-v2-approved-2026-07-18,locked,20,2,anti,po,cell_identity,10330933181904498122
mve3-v2-approved-2026-07-18,locked,20,2,anti,ko,cell_identity,14254678003890915867
mve3-v2-approved-2026-07-18,locked,20,2,anti,pko,cell_identity,14892667478628258064
mve3-v2-approved-2026-07-18,locked,20,3,controlled,shared,o_collection_root,768132611689266464
mve3-v2-approved-2026-07-18,locked,20,3,controlled,shared,non_o_collection_root,12558539139918991166
mve3-v2-approved-2026-07-18,locked,20,3,controlled,shared,evaluation_root,15791916871429294208
mve3-v2-approved-2026-07-18,locked,20,3,controlled,none,cell_identity,17288000291220111484
mve3-v2-approved-2026-07-18,locked,20,3,controlled,p,cell_identity,17483680247844867508
mve3-v2-approved-2026-07-18,locked,20,3,controlled,k,cell_identity,5859799411612078732
mve3-v2-approved-2026-07-18,locked,20,3,controlled,o,cell_identity,14219226948340601163
mve3-v2-approved-2026-07-18,locked,20,3,controlled,pk,cell_identity,3328787192940395114
mve3-v2-approved-2026-07-18,locked,20,3,controlled,po,cell_identity,3593335262067618795
mve3-v2-approved-2026-07-18,locked,20,3,controlled,ko,cell_identity,4789342507833948947
mve3-v2-approved-2026-07-18,locked,20,3,controlled,pko,cell_identity,10368019715790921627
mve3-v2-approved-2026-07-18,locked,20,3,learned,shared,o_collection_root,12016007598746289719
mve3-v2-approved-2026-07-18,locked,20,3,learned,shared,non_o_collection_root,12558539139918991166
mve3-v2-approved-2026-07-18,locked,20,3,learned,shared,evaluation_root,15791916871429294208
mve3-v2-approved-2026-07-18,locked,20,3,learned,none,cell_identity,4997089619085154744
mve3-v2-approved-2026-07-18,locked,20,3,learned,p,cell_identity,16100363700757270533
mve3-v2-approved-2026-07-18,locked,20,3,learned,k,cell_identity,4280999272943475096
mve3-v2-approved-2026-07-18,locked,20,3,learned,o,cell_identity,7568794205599562051
mve3-v2-approved-2026-07-18,locked,20,3,learned,pk,cell_identity,5840311180522760362
mve3-v2-approved-2026-07-18,locked,20,3,learned,po,cell_identity,6927741731054202022
mve3-v2-approved-2026-07-18,locked,20,3,learned,ko,cell_identity,12586540698112921974
mve3-v2-approved-2026-07-18,locked,20,3,learned,pko,cell_identity,2593218094238333925
mve3-v2-approved-2026-07-18,locked,20,3,shuffled,shared,o_collection_root,18424696001471293502
mve3-v2-approved-2026-07-18,locked,20,3,shuffled,shared,non_o_collection_root,12558539139918991166
mve3-v2-approved-2026-07-18,locked,20,3,shuffled,shared,evaluation_root,15791916871429294208
mve3-v2-approved-2026-07-18,locked,20,3,shuffled,none,cell_identity,7882840356838051706
mve3-v2-approved-2026-07-18,locked,20,3,shuffled,p,cell_identity,17829047333222670496
mve3-v2-approved-2026-07-18,locked,20,3,shuffled,k,cell_identity,10523573725202644383
mve3-v2-approved-2026-07-18,locked,20,3,shuffled,o,cell_identity,13996441076505231832
mve3-v2-approved-2026-07-18,locked,20,3,shuffled,pk,cell_identity,5215779132721005382
mve3-v2-approved-2026-07-18,locked,20,3,shuffled,po,cell_identity,9774851562705904697
mve3-v2-approved-2026-07-18,locked,20,3,shuffled,ko,cell_identity,11494494002007734773
mve3-v2-approved-2026-07-18,locked,20,3,shuffled,pko,cell_identity,2572726144784461772
mve3-v2-approved-2026-07-18,locked,20,3,anti,shared,o_collection_root,8766563960919033278
mve3-v2-approved-2026-07-18,locked,20,3,anti,shared,non_o_collection_root,12558539139918991166
mve3-v2-approved-2026-07-18,locked,20,3,anti,shared,evaluation_root,15791916871429294208
mve3-v2-approved-2026-07-18,locked,20,3,anti,none,cell_identity,3927797413048847300
mve3-v2-approved-2026-07-18,locked,20,3,anti,p,cell_identity,2211890169482646915
mve3-v2-approved-2026-07-18,locked,20,3,anti,k,cell_identity,8545018501380195668
mve3-v2-approved-2026-07-18,locked,20,3,anti,o,cell_identity,8373008164799929499
mve3-v2-approved-2026-07-18,locked,20,3,anti,pk,cell_identity,16348318763381164381
mve3-v2-approved-2026-07-18,locked,20,3,anti,po,cell_identity,13253339625420281575
mve3-v2-approved-2026-07-18,locked,20,3,anti,ko,cell_identity,4716557263922035100
mve3-v2-approved-2026-07-18,locked,20,3,anti,pko,cell_identity,3760390639775796916
mve3-v2-approved-2026-07-18,locked,21,1,controlled,shared,o_collection_root,5532408948653718728
mve3-v2-approved-2026-07-18,locked,21,1,controlled,shared,non_o_collection_root,13329087673816376878
mve3-v2-approved-2026-07-18,locked,21,1,controlled,shared,evaluation_root,9284257739767515283
mve3-v2-approved-2026-07-18,locked,21,1,controlled,none,cell_identity,7211473685153453648
mve3-v2-approved-2026-07-18,locked,21,1,controlled,p,cell_identity,14840537273507537200
mve3-v2-approved-2026-07-18,locked,21,1,controlled,k,cell_identity,17566883841682485044
mve3-v2-approved-2026-07-18,locked,21,1,controlled,o,cell_identity,2810512929907082049
mve3-v2-approved-2026-07-18,locked,21,1,controlled,pk,cell_identity,9653754869964850639
mve3-v2-approved-2026-07-18,locked,21,1,controlled,po,cell_identity,15156732454062921409
mve3-v2-approved-2026-07-18,locked,21,1,controlled,ko,cell_identity,15934871054473640500
mve3-v2-approved-2026-07-18,locked,21,1,controlled,pko,cell_identity,9569238810945599327
mve3-v2-approved-2026-07-18,locked,21,1,learned,shared,o_collection_root,8961756065148617636
mve3-v2-approved-2026-07-18,locked,21,1,learned,shared,non_o_collection_root,13329087673816376878
mve3-v2-approved-2026-07-18,locked,21,1,learned,shared,evaluation_root,9284257739767515283
mve3-v2-approved-2026-07-18,locked,21,1,learned,none,cell_identity,8378598523297000974
mve3-v2-approved-2026-07-18,locked,21,1,learned,p,cell_identity,10620180679093047749
mve3-v2-approved-2026-07-18,locked,21,1,learned,k,cell_identity,8328859734606203774
mve3-v2-approved-2026-07-18,locked,21,1,learned,o,cell_identity,10177249674878493668
mve3-v2-approved-2026-07-18,locked,21,1,learned,pk,cell_identity,6588921138251183946
mve3-v2-approved-2026-07-18,locked,21,1,learned,po,cell_identity,8878069109127127294
mve3-v2-approved-2026-07-18,locked,21,1,learned,ko,cell_identity,8354960918060169285
mve3-v2-approved-2026-07-18,locked,21,1,learned,pko,cell_identity,8579128928331405330
mve3-v2-approved-2026-07-18,locked,21,1,shuffled,shared,o_collection_root,8979989214604335965
mve3-v2-approved-2026-07-18,locked,21,1,shuffled,shared,non_o_collection_root,13329087673816376878
mve3-v2-approved-2026-07-18,locked,21,1,shuffled,shared,evaluation_root,9284257739767515283
mve3-v2-approved-2026-07-18,locked,21,1,shuffled,none,cell_identity,11536498188913300295
mve3-v2-approved-2026-07-18,locked,21,1,shuffled,p,cell_identity,13346664339246229107
mve3-v2-approved-2026-07-18,locked,21,1,shuffled,k,cell_identity,12085041527324660669
mve3-v2-approved-2026-07-18,locked,21,1,shuffled,o,cell_identity,8940902048852692565
mve3-v2-approved-2026-07-18,locked,21,1,shuffled,pk,cell_identity,17410251426259866785
mve3-v2-approved-2026-07-18,locked,21,1,shuffled,po,cell_identity,1555029036150173141
mve3-v2-approved-2026-07-18,locked,21,1,shuffled,ko,cell_identity,12268398949435874097
mve3-v2-approved-2026-07-18,locked,21,1,shuffled,pko,cell_identity,4838261374106645501
mve3-v2-approved-2026-07-18,locked,21,1,anti,shared,o_collection_root,12335123710190357642
mve3-v2-approved-2026-07-18,locked,21,1,anti,shared,non_o_collection_root,13329087673816376878
mve3-v2-approved-2026-07-18,locked,21,1,anti,shared,evaluation_root,9284257739767515283
mve3-v2-approved-2026-07-18,locked,21,1,anti,none,cell_identity,9609934811026874240
mve3-v2-approved-2026-07-18,locked,21,1,anti,p,cell_identity,4242792487401446851
mve3-v2-approved-2026-07-18,locked,21,1,anti,k,cell_identity,14180171668034489751
mve3-v2-approved-2026-07-18,locked,21,1,anti,o,cell_identity,1103840126570217100
mve3-v2-approved-2026-07-18,locked,21,1,anti,pk,cell_identity,8058402850573221128
mve3-v2-approved-2026-07-18,locked,21,1,anti,po,cell_identity,6106105557455756701
mve3-v2-approved-2026-07-18,locked,21,1,anti,ko,cell_identity,9773974484935343927
mve3-v2-approved-2026-07-18,locked,21,1,anti,pko,cell_identity,10754627656599628079
mve3-v2-approved-2026-07-18,locked,21,2,controlled,shared,o_collection_root,11172859938059786454
mve3-v2-approved-2026-07-18,locked,21,2,controlled,shared,non_o_collection_root,5158026636271861669
mve3-v2-approved-2026-07-18,locked,21,2,controlled,shared,evaluation_root,8023346735523208289
mve3-v2-approved-2026-07-18,locked,21,2,controlled,none,cell_identity,18190964642713514078
mve3-v2-approved-2026-07-18,locked,21,2,controlled,p,cell_identity,9610501870461283220
mve3-v2-approved-2026-07-18,locked,21,2,controlled,k,cell_identity,9345740217770419745
mve3-v2-approved-2026-07-18,locked,21,2,controlled,o,cell_identity,14530776028940769468
mve3-v2-approved-2026-07-18,locked,21,2,controlled,pk,cell_identity,357114896777313564
mve3-v2-approved-2026-07-18,locked,21,2,controlled,po,cell_identity,1647823066436316157
mve3-v2-approved-2026-07-18,locked,21,2,controlled,ko,cell_identity,4749614823256111054
mve3-v2-approved-2026-07-18,locked,21,2,controlled,pko,cell_identity,6421824945541630899
mve3-v2-approved-2026-07-18,locked,21,2,learned,shared,o_collection_root,3469289461898349902
mve3-v2-approved-2026-07-18,locked,21,2,learned,shared,non_o_collection_root,5158026636271861669
mve3-v2-approved-2026-07-18,locked,21,2,learned,shared,evaluation_root,8023346735523208289
mve3-v2-approved-2026-07-18,locked,21,2,learned,none,cell_identity,13010579003591820704
mve3-v2-approved-2026-07-18,locked,21,2,learned,p,cell_identity,10675898148675575855
mve3-v2-approved-2026-07-18,locked,21,2,learned,k,cell_identity,10114638962148920468
mve3-v2-approved-2026-07-18,locked,21,2,learned,o,cell_identity,149834402511858469
mve3-v2-approved-2026-07-18,locked,21,2,learned,pk,cell_identity,9810538253130675896
mve3-v2-approved-2026-07-18,locked,21,2,learned,po,cell_identity,10937622464857964077
mve3-v2-approved-2026-07-18,locked,21,2,learned,ko,cell_identity,3454072181242760061
mve3-v2-approved-2026-07-18,locked,21,2,learned,pko,cell_identity,8534553924851137334
mve3-v2-approved-2026-07-18,locked,21,2,shuffled,shared,o_collection_root,3952993217377901621
mve3-v2-approved-2026-07-18,locked,21,2,shuffled,shared,non_o_collection_root,5158026636271861669
mve3-v2-approved-2026-07-18,locked,21,2,shuffled,shared,evaluation_root,8023346735523208289
mve3-v2-approved-2026-07-18,locked,21,2,shuffled,none,cell_identity,7229358216421740226
mve3-v2-approved-2026-07-18,locked,21,2,shuffled,p,cell_identity,5758241750028236487
mve3-v2-approved-2026-07-18,locked,21,2,shuffled,k,cell_identity,2223828538542050335
mve3-v2-approved-2026-07-18,locked,21,2,shuffled,o,cell_identity,11298620813284753663
mve3-v2-approved-2026-07-18,locked,21,2,shuffled,pk,cell_identity,3744466764231710034
mve3-v2-approved-2026-07-18,locked,21,2,shuffled,po,cell_identity,16709269973020776965
mve3-v2-approved-2026-07-18,locked,21,2,shuffled,ko,cell_identity,16846144996222521895
mve3-v2-approved-2026-07-18,locked,21,2,shuffled,pko,cell_identity,16322909402793912578
mve3-v2-approved-2026-07-18,locked,21,2,anti,shared,o_collection_root,8500802058375314751
mve3-v2-approved-2026-07-18,locked,21,2,anti,shared,non_o_collection_root,5158026636271861669
mve3-v2-approved-2026-07-18,locked,21,2,anti,shared,evaluation_root,8023346735523208289
mve3-v2-approved-2026-07-18,locked,21,2,anti,none,cell_identity,7180080121941587266
mve3-v2-approved-2026-07-18,locked,21,2,anti,p,cell_identity,15514311237187309585
mve3-v2-approved-2026-07-18,locked,21,2,anti,k,cell_identity,12281465218827037072
mve3-v2-approved-2026-07-18,locked,21,2,anti,o,cell_identity,686299621260461522
mve3-v2-approved-2026-07-18,locked,21,2,anti,pk,cell_identity,8863110355670512932
mve3-v2-approved-2026-07-18,locked,21,2,anti,po,cell_identity,7173932264572105169
mve3-v2-approved-2026-07-18,locked,21,2,anti,ko,cell_identity,14577590068530255838
mve3-v2-approved-2026-07-18,locked,21,2,anti,pko,cell_identity,7103113145993533693
mve3-v2-approved-2026-07-18,locked,21,3,controlled,shared,o_collection_root,7511145001400729430
mve3-v2-approved-2026-07-18,locked,21,3,controlled,shared,non_o_collection_root,8654754245322426493
mve3-v2-approved-2026-07-18,locked,21,3,controlled,shared,evaluation_root,2838276128479852267
mve3-v2-approved-2026-07-18,locked,21,3,controlled,none,cell_identity,10740488967231660769
mve3-v2-approved-2026-07-18,locked,21,3,controlled,p,cell_identity,7058008658950805490
mve3-v2-approved-2026-07-18,locked,21,3,controlled,k,cell_identity,9007086882382897096
mve3-v2-approved-2026-07-18,locked,21,3,controlled,o,cell_identity,17933683023530766582
mve3-v2-approved-2026-07-18,locked,21,3,controlled,pk,cell_identity,253561950134841560
mve3-v2-approved-2026-07-18,locked,21,3,controlled,po,cell_identity,774803516361481065
mve3-v2-approved-2026-07-18,locked,21,3,controlled,ko,cell_identity,13216752347016091220
mve3-v2-approved-2026-07-18,locked,21,3,controlled,pko,cell_identity,14533627017129088174
mve3-v2-approved-2026-07-18,locked,21,3,learned,shared,o_collection_root,6948901227984298815
mve3-v2-approved-2026-07-18,locked,21,3,learned,shared,non_o_collection_root,8654754245322426493
mve3-v2-approved-2026-07-18,locked,21,3,learned,shared,evaluation_root,2838276128479852267
mve3-v2-approved-2026-07-18,locked,21,3,learned,none,cell_identity,18388040316977011967
mve3-v2-approved-2026-07-18,locked,21,3,learned,p,cell_identity,14185390398690856230
mve3-v2-approved-2026-07-18,locked,21,3,learned,k,cell_identity,6103747650477655633
mve3-v2-approved-2026-07-18,locked,21,3,learned,o,cell_identity,6290817743137166230
mve3-v2-approved-2026-07-18,locked,21,3,learned,pk,cell_identity,9690053579951415979
mve3-v2-approved-2026-07-18,locked,21,3,learned,po,cell_identity,11790334021089926806
mve3-v2-approved-2026-07-18,locked,21,3,learned,ko,cell_identity,12841174174980266269
mve3-v2-approved-2026-07-18,locked,21,3,learned,pko,cell_identity,9570192822357861887
mve3-v2-approved-2026-07-18,locked,21,3,shuffled,shared,o_collection_root,8999639864006190536
mve3-v2-approved-2026-07-18,locked,21,3,shuffled,shared,non_o_collection_root,8654754245322426493
mve3-v2-approved-2026-07-18,locked,21,3,shuffled,shared,evaluation_root,2838276128479852267
mve3-v2-approved-2026-07-18,locked,21,3,shuffled,none,cell_identity,16652666463254741378
mve3-v2-approved-2026-07-18,locked,21,3,shuffled,p,cell_identity,9334168750503741425
mve3-v2-approved-2026-07-18,locked,21,3,shuffled,k,cell_identity,7524498796058814630
mve3-v2-approved-2026-07-18,locked,21,3,shuffled,o,cell_identity,13163112271126369337
mve3-v2-approved-2026-07-18,locked,21,3,shuffled,pk,cell_identity,11159409867741899859
mve3-v2-approved-2026-07-18,locked,21,3,shuffled,po,cell_identity,3355814549973212689
mve3-v2-approved-2026-07-18,locked,21,3,shuffled,ko,cell_identity,12465776272570455295
mve3-v2-approved-2026-07-18,locked,21,3,shuffled,pko,cell_identity,13344546851204834923
mve3-v2-approved-2026-07-18,locked,21,3,anti,shared,o_collection_root,12680581670275214939
mve3-v2-approved-2026-07-18,locked,21,3,anti,shared,non_o_collection_root,8654754245322426493
mve3-v2-approved-2026-07-18,locked,21,3,anti,shared,evaluation_root,2838276128479852267
mve3-v2-approved-2026-07-18,locked,21,3,anti,none,cell_identity,11626506848153343854
mve3-v2-approved-2026-07-18,locked,21,3,anti,p,cell_identity,2187049011942218706
mve3-v2-approved-2026-07-18,locked,21,3,anti,k,cell_identity,1693981060368642260
mve3-v2-approved-2026-07-18,locked,21,3,anti,o,cell_identity,5723332101922464690
mve3-v2-approved-2026-07-18,locked,21,3,anti,pk,cell_identity,17777455717994009348
mve3-v2-approved-2026-07-18,locked,21,3,anti,po,cell_identity,6036253871181373137
mve3-v2-approved-2026-07-18,locked,21,3,anti,ko,cell_identity,12649846594148824359
mve3-v2-approved-2026-07-18,locked,21,3,anti,pko,cell_identity,15499514282300160459
mve3-v2-approved-2026-07-18,locked,22,1,controlled,shared,o_collection_root,8295602198463017544
mve3-v2-approved-2026-07-18,locked,22,1,controlled,shared,non_o_collection_root,1549428137927799123
mve3-v2-approved-2026-07-18,locked,22,1,controlled,shared,evaluation_root,4463447256123592994
mve3-v2-approved-2026-07-18,locked,22,1,controlled,none,cell_identity,3509190190081886837
mve3-v2-approved-2026-07-18,locked,22,1,controlled,p,cell_identity,3985719218977092941
mve3-v2-approved-2026-07-18,locked,22,1,controlled,k,cell_identity,13634575739296126889
mve3-v2-approved-2026-07-18,locked,22,1,controlled,o,cell_identity,13128001075464881149
mve3-v2-approved-2026-07-18,locked,22,1,controlled,pk,cell_identity,1664903701213553443
mve3-v2-approved-2026-07-18,locked,22,1,controlled,po,cell_identity,10183710801908689059
mve3-v2-approved-2026-07-18,locked,22,1,controlled,ko,cell_identity,8919083921236613932
mve3-v2-approved-2026-07-18,locked,22,1,controlled,pko,cell_identity,4532603211355291177
mve3-v2-approved-2026-07-18,locked,22,1,learned,shared,o_collection_root,9053985147049970467
mve3-v2-approved-2026-07-18,locked,22,1,learned,shared,non_o_collection_root,1549428137927799123
mve3-v2-approved-2026-07-18,locked,22,1,learned,shared,evaluation_root,4463447256123592994
mve3-v2-approved-2026-07-18,locked,22,1,learned,none,cell_identity,17521690831435141304
mve3-v2-approved-2026-07-18,locked,22,1,learned,p,cell_identity,3353058857404237530
mve3-v2-approved-2026-07-18,locked,22,1,learned,k,cell_identity,13117236393354026333
mve3-v2-approved-2026-07-18,locked,22,1,learned,o,cell_identity,3592144338540016199
mve3-v2-approved-2026-07-18,locked,22,1,learned,pk,cell_identity,14264027618684558637
mve3-v2-approved-2026-07-18,locked,22,1,learned,po,cell_identity,10744399370146640007
mve3-v2-approved-2026-07-18,locked,22,1,learned,ko,cell_identity,4789734418117464712
mve3-v2-approved-2026-07-18,locked,22,1,learned,pko,cell_identity,4922362927409938089
mve3-v2-approved-2026-07-18,locked,22,1,shuffled,shared,o_collection_root,9627650521070286861
mve3-v2-approved-2026-07-18,locked,22,1,shuffled,shared,non_o_collection_root,1549428137927799123
mve3-v2-approved-2026-07-18,locked,22,1,shuffled,shared,evaluation_root,4463447256123592994
mve3-v2-approved-2026-07-18,locked,22,1,shuffled,none,cell_identity,2034006884410392288
mve3-v2-approved-2026-07-18,locked,22,1,shuffled,p,cell_identity,971420497917749693
mve3-v2-approved-2026-07-18,locked,22,1,shuffled,k,cell_identity,10297031945718799344
mve3-v2-approved-2026-07-18,locked,22,1,shuffled,o,cell_identity,4945063714119358161
mve3-v2-approved-2026-07-18,locked,22,1,shuffled,pk,cell_identity,1823778817170544207
mve3-v2-approved-2026-07-18,locked,22,1,shuffled,po,cell_identity,16795190800325637558
mve3-v2-approved-2026-07-18,locked,22,1,shuffled,ko,cell_identity,4220756684761839933
mve3-v2-approved-2026-07-18,locked,22,1,shuffled,pko,cell_identity,126281231332497658
mve3-v2-approved-2026-07-18,locked,22,1,anti,shared,o_collection_root,13095074326433512240
mve3-v2-approved-2026-07-18,locked,22,1,anti,shared,non_o_collection_root,1549428137927799123
mve3-v2-approved-2026-07-18,locked,22,1,anti,shared,evaluation_root,4463447256123592994
mve3-v2-approved-2026-07-18,locked,22,1,anti,none,cell_identity,16492024248365804006
mve3-v2-approved-2026-07-18,locked,22,1,anti,p,cell_identity,2449883544985886846
mve3-v2-approved-2026-07-18,locked,22,1,anti,k,cell_identity,9674704474203487829
mve3-v2-approved-2026-07-18,locked,22,1,anti,o,cell_identity,15415774454710072603
mve3-v2-approved-2026-07-18,locked,22,1,anti,pk,cell_identity,10675257815663626778
mve3-v2-approved-2026-07-18,locked,22,1,anti,po,cell_identity,15741693456436718031
mve3-v2-approved-2026-07-18,locked,22,1,anti,ko,cell_identity,15431185599794908906
mve3-v2-approved-2026-07-18,locked,22,1,anti,pko,cell_identity,13084603786132970800
mve3-v2-approved-2026-07-18,locked,22,2,controlled,shared,o_collection_root,12850498097436876695
mve3-v2-approved-2026-07-18,locked,22,2,controlled,shared,non_o_collection_root,17694836786092250994
mve3-v2-approved-2026-07-18,locked,22,2,controlled,shared,evaluation_root,17723354157192516738
mve3-v2-approved-2026-07-18,locked,22,2,controlled,none,cell_identity,10979849745857340214
mve3-v2-approved-2026-07-18,locked,22,2,controlled,p,cell_identity,18257021369114105026
mve3-v2-approved-2026-07-18,locked,22,2,controlled,k,cell_identity,2480164192573428427
mve3-v2-approved-2026-07-18,locked,22,2,controlled,o,cell_identity,638315203578145637
mve3-v2-approved-2026-07-18,locked,22,2,controlled,pk,cell_identity,2261370325628424701
mve3-v2-approved-2026-07-18,locked,22,2,controlled,po,cell_identity,6666458337808258807
mve3-v2-approved-2026-07-18,locked,22,2,controlled,ko,cell_identity,13171579814700453129
mve3-v2-approved-2026-07-18,locked,22,2,controlled,pko,cell_identity,8309699370155615551
mve3-v2-approved-2026-07-18,locked,22,2,learned,shared,o_collection_root,4284237041274637108
mve3-v2-approved-2026-07-18,locked,22,2,learned,shared,non_o_collection_root,17694836786092250994
mve3-v2-approved-2026-07-18,locked,22,2,learned,shared,evaluation_root,17723354157192516738
mve3-v2-approved-2026-07-18,locked,22,2,learned,none,cell_identity,4340454057548417652
mve3-v2-approved-2026-07-18,locked,22,2,learned,p,cell_identity,1429178926239971386
mve3-v2-approved-2026-07-18,locked,22,2,learned,k,cell_identity,14018337191355870690
mve3-v2-approved-2026-07-18,locked,22,2,learned,o,cell_identity,8188239437902475821
mve3-v2-approved-2026-07-18,locked,22,2,learned,pk,cell_identity,9715249749355347363
mve3-v2-approved-2026-07-18,locked,22,2,learned,po,cell_identity,2350409379157081396
mve3-v2-approved-2026-07-18,locked,22,2,learned,ko,cell_identity,7953243878721771576
mve3-v2-approved-2026-07-18,locked,22,2,learned,pko,cell_identity,5873540201035369871
mve3-v2-approved-2026-07-18,locked,22,2,shuffled,shared,o_collection_root,16075739414160054506
mve3-v2-approved-2026-07-18,locked,22,2,shuffled,shared,non_o_collection_root,17694836786092250994
mve3-v2-approved-2026-07-18,locked,22,2,shuffled,shared,evaluation_root,17723354157192516738
mve3-v2-approved-2026-07-18,locked,22,2,shuffled,none,cell_identity,13980852793745453396
mve3-v2-approved-2026-07-18,locked,22,2,shuffled,p,cell_identity,10436247354504038219
mve3-v2-approved-2026-07-18,locked,22,2,shuffled,k,cell_identity,3445368840317920128
mve3-v2-approved-2026-07-18,locked,22,2,shuffled,o,cell_identity,165400767673006335
mve3-v2-approved-2026-07-18,locked,22,2,shuffled,pk,cell_identity,15679692749836219299
mve3-v2-approved-2026-07-18,locked,22,2,shuffled,po,cell_identity,8843803342633241448
mve3-v2-approved-2026-07-18,locked,22,2,shuffled,ko,cell_identity,13679456630954037393
mve3-v2-approved-2026-07-18,locked,22,2,shuffled,pko,cell_identity,4909385560299715471
mve3-v2-approved-2026-07-18,locked,22,2,anti,shared,o_collection_root,11359968835038888331
mve3-v2-approved-2026-07-18,locked,22,2,anti,shared,non_o_collection_root,17694836786092250994
mve3-v2-approved-2026-07-18,locked,22,2,anti,shared,evaluation_root,17723354157192516738
mve3-v2-approved-2026-07-18,locked,22,2,anti,none,cell_identity,4445312433603904787
mve3-v2-approved-2026-07-18,locked,22,2,anti,p,cell_identity,11889121930371986557
mve3-v2-approved-2026-07-18,locked,22,2,anti,k,cell_identity,1137822469411361466
mve3-v2-approved-2026-07-18,locked,22,2,anti,o,cell_identity,16460681323195932919
mve3-v2-approved-2026-07-18,locked,22,2,anti,pk,cell_identity,15337512442431177638
mve3-v2-approved-2026-07-18,locked,22,2,anti,po,cell_identity,11784730670957225943
mve3-v2-approved-2026-07-18,locked,22,2,anti,ko,cell_identity,9012462981937433605
mve3-v2-approved-2026-07-18,locked,22,2,anti,pko,cell_identity,13340509051601823208
mve3-v2-approved-2026-07-18,locked,22,3,controlled,shared,o_collection_root,6392714545224880648
mve3-v2-approved-2026-07-18,locked,22,3,controlled,shared,non_o_collection_root,11803168706348513987
mve3-v2-approved-2026-07-18,locked,22,3,controlled,shared,evaluation_root,4681933470514741946
mve3-v2-approved-2026-07-18,locked,22,3,controlled,none,cell_identity,13359445707224258304
mve3-v2-approved-2026-07-18,locked,22,3,controlled,p,cell_identity,10357463017277269902
mve3-v2-approved-2026-07-18,locked,22,3,controlled,k,cell_identity,17229446009739108193
mve3-v2-approved-2026-07-18,locked,22,3,controlled,o,cell_identity,16794540723708532237
mve3-v2-approved-2026-07-18,locked,22,3,controlled,pk,cell_identity,234225980177131806
mve3-v2-approved-2026-07-18,locked,22,3,controlled,po,cell_identity,13478994311247019571
mve3-v2-approved-2026-07-18,locked,22,3,controlled,ko,cell_identity,828215467273984949
mve3-v2-approved-2026-07-18,locked,22,3,controlled,pko,cell_identity,10735017259531361391
mve3-v2-approved-2026-07-18,locked,22,3,learned,shared,o_collection_root,3483814817747712281
mve3-v2-approved-2026-07-18,locked,22,3,learned,shared,non_o_collection_root,11803168706348513987
mve3-v2-approved-2026-07-18,locked,22,3,learned,shared,evaluation_root,4681933470514741946
mve3-v2-approved-2026-07-18,locked,22,3,learned,none,cell_identity,4676571248465570699
mve3-v2-approved-2026-07-18,locked,22,3,learned,p,cell_identity,17103952381591991026
mve3-v2-approved-2026-07-18,locked,22,3,learned,k,cell_identity,10206045689970123399
mve3-v2-approved-2026-07-18,locked,22,3,learned,o,cell_identity,3607667642223574542
mve3-v2-approved-2026-07-18,locked,22,3,learned,pk,cell_identity,12426814403910032126
mve3-v2-approved-2026-07-18,locked,22,3,learned,po,cell_identity,5068194944782183516
mve3-v2-approved-2026-07-18,locked,22,3,learned,ko,cell_identity,5884688070651704155
mve3-v2-approved-2026-07-18,locked,22,3,learned,pko,cell_identity,8017528381688853190
mve3-v2-approved-2026-07-18,locked,22,3,shuffled,shared,o_collection_root,6645191544381569488
mve3-v2-approved-2026-07-18,locked,22,3,shuffled,shared,non_o_collection_root,11803168706348513987
mve3-v2-approved-2026-07-18,locked,22,3,shuffled,shared,evaluation_root,4681933470514741946
mve3-v2-approved-2026-07-18,locked,22,3,shuffled,none,cell_identity,2253817480902995290
mve3-v2-approved-2026-07-18,locked,22,3,shuffled,p,cell_identity,3243093639303602815
mve3-v2-approved-2026-07-18,locked,22,3,shuffled,k,cell_identity,18148804581625215284
mve3-v2-approved-2026-07-18,locked,22,3,shuffled,o,cell_identity,18310882243782944331
mve3-v2-approved-2026-07-18,locked,22,3,shuffled,pk,cell_identity,1498737445808172459
mve3-v2-approved-2026-07-18,locked,22,3,shuffled,po,cell_identity,15429798269408235804
mve3-v2-approved-2026-07-18,locked,22,3,shuffled,ko,cell_identity,15863875788978331511
mve3-v2-approved-2026-07-18,locked,22,3,shuffled,pko,cell_identity,12377027698938506305
mve3-v2-approved-2026-07-18,locked,22,3,anti,shared,o_collection_root,13226523699892977068
mve3-v2-approved-2026-07-18,locked,22,3,anti,shared,non_o_collection_root,11803168706348513987
mve3-v2-approved-2026-07-18,locked,22,3,anti,shared,evaluation_root,4681933470514741946
mve3-v2-approved-2026-07-18,locked,22,3,anti,none,cell_identity,17592368851072286670
mve3-v2-approved-2026-07-18,locked,22,3,anti,p,cell_identity,6139584725900208620
mve3-v2-approved-2026-07-18,locked,22,3,anti,k,cell_identity,1539944029200914152
mve3-v2-approved-2026-07-18,locked,22,3,anti,o,cell_identity,1393180956999720907
mve3-v2-approved-2026-07-18,locked,22,3,anti,pk,cell_identity,18285126327462696653
mve3-v2-approved-2026-07-18,locked,22,3,anti,po,cell_identity,16797379406812198502
mve3-v2-approved-2026-07-18,locked,22,3,anti,ko,cell_identity,6266539605612965937
mve3-v2-approved-2026-07-18,locked,22,3,anti,pko,cell_identity,10725232790209081330
mve3-v2-approved-2026-07-18,locked,23,1,controlled,shared,o_collection_root,17475880779403200488
mve3-v2-approved-2026-07-18,locked,23,1,controlled,shared,non_o_collection_root,4643149923781223796
mve3-v2-approved-2026-07-18,locked,23,1,controlled,shared,evaluation_root,14092421697951473752
mve3-v2-approved-2026-07-18,locked,23,1,controlled,none,cell_identity,5658098624463503970
mve3-v2-approved-2026-07-18,locked,23,1,controlled,p,cell_identity,12522963291851443844
mve3-v2-approved-2026-07-18,locked,23,1,controlled,k,cell_identity,15329762962198764022
mve3-v2-approved-2026-07-18,locked,23,1,controlled,o,cell_identity,15010575587682126281
mve3-v2-approved-2026-07-18,locked,23,1,controlled,pk,cell_identity,1362224836841329649
mve3-v2-approved-2026-07-18,locked,23,1,controlled,po,cell_identity,16877007820125319632
mve3-v2-approved-2026-07-18,locked,23,1,controlled,ko,cell_identity,8188981243549181208
mve3-v2-approved-2026-07-18,locked,23,1,controlled,pko,cell_identity,9288837254453706565
mve3-v2-approved-2026-07-18,locked,23,1,learned,shared,o_collection_root,2500872888019854179
mve3-v2-approved-2026-07-18,locked,23,1,learned,shared,non_o_collection_root,4643149923781223796
mve3-v2-approved-2026-07-18,locked,23,1,learned,shared,evaluation_root,14092421697951473752
mve3-v2-approved-2026-07-18,locked,23,1,learned,none,cell_identity,16340608494137720726
mve3-v2-approved-2026-07-18,locked,23,1,learned,p,cell_identity,18092645913159017374
mve3-v2-approved-2026-07-18,locked,23,1,learned,k,cell_identity,4137915108573896630
mve3-v2-approved-2026-07-18,locked,23,1,learned,o,cell_identity,1496656088968941006
mve3-v2-approved-2026-07-18,locked,23,1,learned,pk,cell_identity,10472683418681629407
mve3-v2-approved-2026-07-18,locked,23,1,learned,po,cell_identity,1939177892599377965
mve3-v2-approved-2026-07-18,locked,23,1,learned,ko,cell_identity,789367205933565184
mve3-v2-approved-2026-07-18,locked,23,1,learned,pko,cell_identity,18115380461136896310
mve3-v2-approved-2026-07-18,locked,23,1,shuffled,shared,o_collection_root,136454224056422903
mve3-v2-approved-2026-07-18,locked,23,1,shuffled,shared,non_o_collection_root,4643149923781223796
mve3-v2-approved-2026-07-18,locked,23,1,shuffled,shared,evaluation_root,14092421697951473752
mve3-v2-approved-2026-07-18,locked,23,1,shuffled,none,cell_identity,11647144522770875283
mve3-v2-approved-2026-07-18,locked,23,1,shuffled,p,cell_identity,10793600528662548496
mve3-v2-approved-2026-07-18,locked,23,1,shuffled,k,cell_identity,10444161849858123217
mve3-v2-approved-2026-07-18,locked,23,1,shuffled,o,cell_identity,14829621403953076720
mve3-v2-approved-2026-07-18,locked,23,1,shuffled,pk,cell_identity,16418009799647249112
mve3-v2-approved-2026-07-18,locked,23,1,shuffled,po,cell_identity,14367686393086394893
mve3-v2-approved-2026-07-18,locked,23,1,shuffled,ko,cell_identity,2991483757925469793
mve3-v2-approved-2026-07-18,locked,23,1,shuffled,pko,cell_identity,15203390358128126187
mve3-v2-approved-2026-07-18,locked,23,1,anti,shared,o_collection_root,955521893065681639
mve3-v2-approved-2026-07-18,locked,23,1,anti,shared,non_o_collection_root,4643149923781223796
mve3-v2-approved-2026-07-18,locked,23,1,anti,shared,evaluation_root,14092421697951473752
mve3-v2-approved-2026-07-18,locked,23,1,anti,none,cell_identity,4645837637981115399
mve3-v2-approved-2026-07-18,locked,23,1,anti,p,cell_identity,8108962465421510587
mve3-v2-approved-2026-07-18,locked,23,1,anti,k,cell_identity,9300965268301935785
mve3-v2-approved-2026-07-18,locked,23,1,anti,o,cell_identity,3555701565459212043
mve3-v2-approved-2026-07-18,locked,23,1,anti,pk,cell_identity,14027993885378403052
mve3-v2-approved-2026-07-18,locked,23,1,anti,po,cell_identity,4263029625404569154
mve3-v2-approved-2026-07-18,locked,23,1,anti,ko,cell_identity,4979614160273569346
mve3-v2-approved-2026-07-18,locked,23,1,anti,pko,cell_identity,11783137766740690645
mve3-v2-approved-2026-07-18,locked,23,2,controlled,shared,o_collection_root,14730960197297104854
mve3-v2-approved-2026-07-18,locked,23,2,controlled,shared,non_o_collection_root,1940868323261784096
mve3-v2-approved-2026-07-18,locked,23,2,controlled,shared,evaluation_root,3116666808062901230
mve3-v2-approved-2026-07-18,locked,23,2,controlled,none,cell_identity,13095173349833224235
mve3-v2-approved-2026-07-18,locked,23,2,controlled,p,cell_identity,5418304392969829782
mve3-v2-approved-2026-07-18,locked,23,2,controlled,k,cell_identity,8455478020065920500
mve3-v2-approved-2026-07-18,locked,23,2,controlled,o,cell_identity,2032213368894620795
mve3-v2-approved-2026-07-18,locked,23,2,controlled,pk,cell_identity,14547302122175683891
mve3-v2-approved-2026-07-18,locked,23,2,controlled,po,cell_identity,13247175768848026805
mve3-v2-approved-2026-07-18,locked,23,2,controlled,ko,cell_identity,16579296681732442122
mve3-v2-approved-2026-07-18,locked,23,2,controlled,pko,cell_identity,11752073713752810090
mve3-v2-approved-2026-07-18,locked,23,2,learned,shared,o_collection_root,17709104158625838697
mve3-v2-approved-2026-07-18,locked,23,2,learned,shared,non_o_collection_root,1940868323261784096
mve3-v2-approved-2026-07-18,locked,23,2,learned,shared,evaluation_root,3116666808062901230
mve3-v2-approved-2026-07-18,locked,23,2,learned,none,cell_identity,12588417933615521884
mve3-v2-approved-2026-07-18,locked,23,2,learned,p,cell_identity,4467650170717216935
mve3-v2-approved-2026-07-18,locked,23,2,learned,k,cell_identity,14504180735223043354
mve3-v2-approved-2026-07-18,locked,23,2,learned,o,cell_identity,5534435776439669403
mve3-v2-approved-2026-07-18,locked,23,2,learned,pk,cell_identity,10027550480558623264
mve3-v2-approved-2026-07-18,locked,23,2,learned,po,cell_identity,16530234450538183110
mve3-v2-approved-2026-07-18,locked,23,2,learned,ko,cell_identity,6481122326019552041
mve3-v2-approved-2026-07-18,locked,23,2,learned,pko,cell_identity,15949970310104658584
mve3-v2-approved-2026-07-18,locked,23,2,shuffled,shared,o_collection_root,17727016982553885184
mve3-v2-approved-2026-07-18,locked,23,2,shuffled,shared,non_o_collection_root,1940868323261784096
mve3-v2-approved-2026-07-18,locked,23,2,shuffled,shared,evaluation_root,3116666808062901230
mve3-v2-approved-2026-07-18,locked,23,2,shuffled,none,cell_identity,14287116499264293139
mve3-v2-approved-2026-07-18,locked,23,2,shuffled,p,cell_identity,13073171045049586339
mve3-v2-approved-2026-07-18,locked,23,2,shuffled,k,cell_identity,5515147518758818976
mve3-v2-approved-2026-07-18,locked,23,2,shuffled,o,cell_identity,16497885776539567578
mve3-v2-approved-2026-07-18,locked,23,2,shuffled,pk,cell_identity,6575911443079131725
mve3-v2-approved-2026-07-18,locked,23,2,shuffled,po,cell_identity,9274041851802522216
mve3-v2-approved-2026-07-18,locked,23,2,shuffled,ko,cell_identity,8713817718733450015
mve3-v2-approved-2026-07-18,locked,23,2,shuffled,pko,cell_identity,7802281321551468664
mve3-v2-approved-2026-07-18,locked,23,2,anti,shared,o_collection_root,17220077990077672421
mve3-v2-approved-2026-07-18,locked,23,2,anti,shared,non_o_collection_root,1940868323261784096
mve3-v2-approved-2026-07-18,locked,23,2,anti,shared,evaluation_root,3116666808062901230
mve3-v2-approved-2026-07-18,locked,23,2,anti,none,cell_identity,293560653758772885
mve3-v2-approved-2026-07-18,locked,23,2,anti,p,cell_identity,8832101864836152480
mve3-v2-approved-2026-07-18,locked,23,2,anti,k,cell_identity,12212248669744564627
mve3-v2-approved-2026-07-18,locked,23,2,anti,o,cell_identity,8429092780490369993
mve3-v2-approved-2026-07-18,locked,23,2,anti,pk,cell_identity,3382339937240479890
mve3-v2-approved-2026-07-18,locked,23,2,anti,po,cell_identity,13218700358016581222
mve3-v2-approved-2026-07-18,locked,23,2,anti,ko,cell_identity,13590098227981411770
mve3-v2-approved-2026-07-18,locked,23,2,anti,pko,cell_identity,15697033232021203901
mve3-v2-approved-2026-07-18,locked,23,3,controlled,shared,o_collection_root,4779375652395360770
mve3-v2-approved-2026-07-18,locked,23,3,controlled,shared,non_o_collection_root,11935503136090247298
mve3-v2-approved-2026-07-18,locked,23,3,controlled,shared,evaluation_root,3651390357391593454
mve3-v2-approved-2026-07-18,locked,23,3,controlled,none,cell_identity,6351571747877471464
mve3-v2-approved-2026-07-18,locked,23,3,controlled,p,cell_identity,5661829893799485780
mve3-v2-approved-2026-07-18,locked,23,3,controlled,k,cell_identity,5050399485372948264
mve3-v2-approved-2026-07-18,locked,23,3,controlled,o,cell_identity,8742197569929674475
mve3-v2-approved-2026-07-18,locked,23,3,controlled,pk,cell_identity,16140904701870033206
mve3-v2-approved-2026-07-18,locked,23,3,controlled,po,cell_identity,2758912256442523246
mve3-v2-approved-2026-07-18,locked,23,3,controlled,ko,cell_identity,9797296274623000355
mve3-v2-approved-2026-07-18,locked,23,3,controlled,pko,cell_identity,5655875431257107697
mve3-v2-approved-2026-07-18,locked,23,3,learned,shared,o_collection_root,10485207934485262196
mve3-v2-approved-2026-07-18,locked,23,3,learned,shared,non_o_collection_root,11935503136090247298
mve3-v2-approved-2026-07-18,locked,23,3,learned,shared,evaluation_root,3651390357391593454
mve3-v2-approved-2026-07-18,locked,23,3,learned,none,cell_identity,12237259826750969032
mve3-v2-approved-2026-07-18,locked,23,3,learned,p,cell_identity,14741396601315844583
mve3-v2-approved-2026-07-18,locked,23,3,learned,k,cell_identity,10771539417522947847
mve3-v2-approved-2026-07-18,locked,23,3,learned,o,cell_identity,10328266000300293733
mve3-v2-approved-2026-07-18,locked,23,3,learned,pk,cell_identity,16644025038298057957
mve3-v2-approved-2026-07-18,locked,23,3,learned,po,cell_identity,15042589837416577825
mve3-v2-approved-2026-07-18,locked,23,3,learned,ko,cell_identity,2054682405531166152
mve3-v2-approved-2026-07-18,locked,23,3,learned,pko,cell_identity,1182198694424526057
mve3-v2-approved-2026-07-18,locked,23,3,shuffled,shared,o_collection_root,13845083193443598239
mve3-v2-approved-2026-07-18,locked,23,3,shuffled,shared,non_o_collection_root,11935503136090247298
mve3-v2-approved-2026-07-18,locked,23,3,shuffled,shared,evaluation_root,3651390357391593454
mve3-v2-approved-2026-07-18,locked,23,3,shuffled,none,cell_identity,17804744010419261333
mve3-v2-approved-2026-07-18,locked,23,3,shuffled,p,cell_identity,5075862433912350380
mve3-v2-approved-2026-07-18,locked,23,3,shuffled,k,cell_identity,2018927092339358747
mve3-v2-approved-2026-07-18,locked,23,3,shuffled,o,cell_identity,6957996647759055542
mve3-v2-approved-2026-07-18,locked,23,3,shuffled,pk,cell_identity,11818510420446013543
mve3-v2-approved-2026-07-18,locked,23,3,shuffled,po,cell_identity,5398286853358669939
mve3-v2-approved-2026-07-18,locked,23,3,shuffled,ko,cell_identity,430285691859378198
mve3-v2-approved-2026-07-18,locked,23,3,shuffled,pko,cell_identity,878426389792771793
mve3-v2-approved-2026-07-18,locked,23,3,anti,shared,o_collection_root,14744437987206945041
mve3-v2-approved-2026-07-18,locked,23,3,anti,shared,non_o_collection_root,11935503136090247298
mve3-v2-approved-2026-07-18,locked,23,3,anti,shared,evaluation_root,3651390357391593454
mve3-v2-approved-2026-07-18,locked,23,3,anti,none,cell_identity,8112100482861255356
mve3-v2-approved-2026-07-18,locked,23,3,anti,p,cell_identity,1210048289743055207
mve3-v2-approved-2026-07-18,locked,23,3,anti,k,cell_identity,7991139964322866593
mve3-v2-approved-2026-07-18,locked,23,3,anti,o,cell_identity,17903430683931005746
mve3-v2-approved-2026-07-18,locked,23,3,anti,pk,cell_identity,13560117755109882922
mve3-v2-approved-2026-07-18,locked,23,3,anti,po,cell_identity,10186549314733646917
mve3-v2-approved-2026-07-18,locked,23,3,anti,ko,cell_identity,15952907832860816990
mve3-v2-approved-2026-07-18,locked,23,3,anti,pko,cell_identity,3075945190393789653
mve3-v2-approved-2026-07-18,locked,24,1,controlled,shared,o_collection_root,2488623372442040855
mve3-v2-approved-2026-07-18,locked,24,1,controlled,shared,non_o_collection_root,17929284171874148317
mve3-v2-approved-2026-07-18,locked,24,1,controlled,shared,evaluation_root,5051884371561107484
mve3-v2-approved-2026-07-18,locked,24,1,controlled,none,cell_identity,18329532725386077610
mve3-v2-approved-2026-07-18,locked,24,1,controlled,p,cell_identity,1347743892237395951
mve3-v2-approved-2026-07-18,locked,24,1,controlled,k,cell_identity,1942967646911493068
mve3-v2-approved-2026-07-18,locked,24,1,controlled,o,cell_identity,223496215177208289
mve3-v2-approved-2026-07-18,locked,24,1,controlled,pk,cell_identity,12150314308370453818
mve3-v2-approved-2026-07-18,locked,24,1,controlled,po,cell_identity,16879447118617197687
mve3-v2-approved-2026-07-18,locked,24,1,controlled,ko,cell_identity,16237819179130879483
mve3-v2-approved-2026-07-18,locked,24,1,controlled,pko,cell_identity,10004849574870676924
mve3-v2-approved-2026-07-18,locked,24,1,learned,shared,o_collection_root,5891330011752596117
mve3-v2-approved-2026-07-18,locked,24,1,learned,shared,non_o_collection_root,17929284171874148317
mve3-v2-approved-2026-07-18,locked,24,1,learned,shared,evaluation_root,5051884371561107484
mve3-v2-approved-2026-07-18,locked,24,1,learned,none,cell_identity,16885086010474984741
mve3-v2-approved-2026-07-18,locked,24,1,learned,p,cell_identity,17441661046018519878
mve3-v2-approved-2026-07-18,locked,24,1,learned,k,cell_identity,12773354302747469643
mve3-v2-approved-2026-07-18,locked,24,1,learned,o,cell_identity,12478372475742905964
mve3-v2-approved-2026-07-18,locked,24,1,learned,pk,cell_identity,747024526539589081
mve3-v2-approved-2026-07-18,locked,24,1,learned,po,cell_identity,10585357067984550340
mve3-v2-approved-2026-07-18,locked,24,1,learned,ko,cell_identity,15010439083657663826
mve3-v2-approved-2026-07-18,locked,24,1,learned,pko,cell_identity,3986022742100855459
mve3-v2-approved-2026-07-18,locked,24,1,shuffled,shared,o_collection_root,986459359130071212
mve3-v2-approved-2026-07-18,locked,24,1,shuffled,shared,non_o_collection_root,17929284171874148317
mve3-v2-approved-2026-07-18,locked,24,1,shuffled,shared,evaluation_root,5051884371561107484
mve3-v2-approved-2026-07-18,locked,24,1,shuffled,none,cell_identity,4793409410263262313
mve3-v2-approved-2026-07-18,locked,24,1,shuffled,p,cell_identity,15311461029405317846
mve3-v2-approved-2026-07-18,locked,24,1,shuffled,k,cell_identity,16165808506467355203
mve3-v2-approved-2026-07-18,locked,24,1,shuffled,o,cell_identity,14226142259712191142
mve3-v2-approved-2026-07-18,locked,24,1,shuffled,pk,cell_identity,10678995574377288932
mve3-v2-approved-2026-07-18,locked,24,1,shuffled,po,cell_identity,11567512802199230347
mve3-v2-approved-2026-07-18,locked,24,1,shuffled,ko,cell_identity,13102768933306132811
mve3-v2-approved-2026-07-18,locked,24,1,shuffled,pko,cell_identity,1633139739668855697
mve3-v2-approved-2026-07-18,locked,24,1,anti,shared,o_collection_root,16238813316372461702
mve3-v2-approved-2026-07-18,locked,24,1,anti,shared,non_o_collection_root,17929284171874148317
mve3-v2-approved-2026-07-18,locked,24,1,anti,shared,evaluation_root,5051884371561107484
mve3-v2-approved-2026-07-18,locked,24,1,anti,none,cell_identity,3750549837197994491
mve3-v2-approved-2026-07-18,locked,24,1,anti,p,cell_identity,3939144164933510546
mve3-v2-approved-2026-07-18,locked,24,1,anti,k,cell_identity,4288548918531925826
mve3-v2-approved-2026-07-18,locked,24,1,anti,o,cell_identity,17670607412774269998
mve3-v2-approved-2026-07-18,locked,24,1,anti,pk,cell_identity,9588581250340352241
mve3-v2-approved-2026-07-18,locked,24,1,anti,po,cell_identity,5508113502017847821
mve3-v2-approved-2026-07-18,locked,24,1,anti,ko,cell_identity,10436625597343934725
mve3-v2-approved-2026-07-18,locked,24,1,anti,pko,cell_identity,3611824514388190748
mve3-v2-approved-2026-07-18,locked,24,2,controlled,shared,o_collection_root,12433892938569400224
mve3-v2-approved-2026-07-18,locked,24,2,controlled,shared,non_o_collection_root,17448383328433104254
mve3-v2-approved-2026-07-18,locked,24,2,controlled,shared,evaluation_root,3256494182526126039
mve3-v2-approved-2026-07-18,locked,24,2,controlled,none,cell_identity,7211395552629619802
mve3-v2-approved-2026-07-18,locked,24,2,controlled,p,cell_identity,14280905242654768008
mve3-v2-approved-2026-07-18,locked,24,2,controlled,k,cell_identity,6712678424869927329
mve3-v2-approved-2026-07-18,locked,24,2,controlled,o,cell_identity,12324783037696379733
mve3-v2-approved-2026-07-18,locked,24,2,controlled,pk,cell_identity,2894831719392176039
mve3-v2-approved-2026-07-18,locked,24,2,controlled,po,cell_identity,1730688097200312863
mve3-v2-approved-2026-07-18,locked,24,2,controlled,ko,cell_identity,4221528236908048303
mve3-v2-approved-2026-07-18,locked,24,2,controlled,pko,cell_identity,14708441280132871641
mve3-v2-approved-2026-07-18,locked,24,2,learned,shared,o_collection_root,5997824456962475101
mve3-v2-approved-2026-07-18,locked,24,2,learned,shared,non_o_collection_root,17448383328433104254
mve3-v2-approved-2026-07-18,locked,24,2,learned,shared,evaluation_root,3256494182526126039
mve3-v2-approved-2026-07-18,locked,24,2,learned,none,cell_identity,2660346186052597612
mve3-v2-approved-2026-07-18,locked,24,2,learned,p,cell_identity,8280940895996987538
mve3-v2-approved-2026-07-18,locked,24,2,learned,k,cell_identity,4999424353528711781
mve3-v2-approved-2026-07-18,locked,24,2,learned,o,cell_identity,4123437887105503758
mve3-v2-approved-2026-07-18,locked,24,2,learned,pk,cell_identity,16172081568484211777
mve3-v2-approved-2026-07-18,locked,24,2,learned,po,cell_identity,8908876030949011158
mve3-v2-approved-2026-07-18,locked,24,2,learned,ko,cell_identity,11655414535113527935
mve3-v2-approved-2026-07-18,locked,24,2,learned,pko,cell_identity,15456705387176148651
mve3-v2-approved-2026-07-18,locked,24,2,shuffled,shared,o_collection_root,3584977415227665714
mve3-v2-approved-2026-07-18,locked,24,2,shuffled,shared,non_o_collection_root,17448383328433104254
mve3-v2-approved-2026-07-18,locked,24,2,shuffled,shared,evaluation_root,3256494182526126039
mve3-v2-approved-2026-07-18,locked,24,2,shuffled,none,cell_identity,11947418858500555533
mve3-v2-approved-2026-07-18,locked,24,2,shuffled,p,cell_identity,16686314940725448164
mve3-v2-approved-2026-07-18,locked,24,2,shuffled,k,cell_identity,3987405097395773913
mve3-v2-approved-2026-07-18,locked,24,2,shuffled,o,cell_identity,9987724653036451915
mve3-v2-approved-2026-07-18,locked,24,2,shuffled,pk,cell_identity,8929351198423349247
mve3-v2-approved-2026-07-18,locked,24,2,shuffled,po,cell_identity,601849268168687446
mve3-v2-approved-2026-07-18,locked,24,2,shuffled,ko,cell_identity,14334098535014040650
mve3-v2-approved-2026-07-18,locked,24,2,shuffled,pko,cell_identity,16915940006173143898
mve3-v2-approved-2026-07-18,locked,24,2,anti,shared,o_collection_root,71010910102951788
mve3-v2-approved-2026-07-18,locked,24,2,anti,shared,non_o_collection_root,17448383328433104254
mve3-v2-approved-2026-07-18,locked,24,2,anti,shared,evaluation_root,3256494182526126039
mve3-v2-approved-2026-07-18,locked,24,2,anti,none,cell_identity,9848711750244621075
mve3-v2-approved-2026-07-18,locked,24,2,anti,p,cell_identity,5518753180058643322
mve3-v2-approved-2026-07-18,locked,24,2,anti,k,cell_identity,7363974567469125756
mve3-v2-approved-2026-07-18,locked,24,2,anti,o,cell_identity,5721587066103764968
mve3-v2-approved-2026-07-18,locked,24,2,anti,pk,cell_identity,17102453853282779448
mve3-v2-approved-2026-07-18,locked,24,2,anti,po,cell_identity,11637627765008402235
mve3-v2-approved-2026-07-18,locked,24,2,anti,ko,cell_identity,2223770347715601036
mve3-v2-approved-2026-07-18,locked,24,2,anti,pko,cell_identity,12377180489549649164
mve3-v2-approved-2026-07-18,locked,24,3,controlled,shared,o_collection_root,3381177974966789930
mve3-v2-approved-2026-07-18,locked,24,3,controlled,shared,non_o_collection_root,12515789652974139696
mve3-v2-approved-2026-07-18,locked,24,3,controlled,shared,evaluation_root,10120980999782325917
mve3-v2-approved-2026-07-18,locked,24,3,controlled,none,cell_identity,591881571140508556
mve3-v2-approved-2026-07-18,locked,24,3,controlled,p,cell_identity,8800899133648205853
mve3-v2-approved-2026-07-18,locked,24,3,controlled,k,cell_identity,8747820688306864750
mve3-v2-approved-2026-07-18,locked,24,3,controlled,o,cell_identity,5819377708830438404
mve3-v2-approved-2026-07-18,locked,24,3,controlled,pk,cell_identity,1558248465838385676
mve3-v2-approved-2026-07-18,locked,24,3,controlled,po,cell_identity,4336705070579280729
mve3-v2-approved-2026-07-18,locked,24,3,controlled,ko,cell_identity,18367332501061158500
mve3-v2-approved-2026-07-18,locked,24,3,controlled,pko,cell_identity,12392826401615597093
mve3-v2-approved-2026-07-18,locked,24,3,learned,shared,o_collection_root,10122378727125533558
mve3-v2-approved-2026-07-18,locked,24,3,learned,shared,non_o_collection_root,12515789652974139696
mve3-v2-approved-2026-07-18,locked,24,3,learned,shared,evaluation_root,10120980999782325917
mve3-v2-approved-2026-07-18,locked,24,3,learned,none,cell_identity,6028883504940485547
mve3-v2-approved-2026-07-18,locked,24,3,learned,p,cell_identity,15791782124579549226
mve3-v2-approved-2026-07-18,locked,24,3,learned,k,cell_identity,12612385688930546604
mve3-v2-approved-2026-07-18,locked,24,3,learned,o,cell_identity,8588235371163120249
mve3-v2-approved-2026-07-18,locked,24,3,learned,pk,cell_identity,9454754434339042700
mve3-v2-approved-2026-07-18,locked,24,3,learned,po,cell_identity,8967492277309425772
mve3-v2-approved-2026-07-18,locked,24,3,learned,ko,cell_identity,1515636256735844516
mve3-v2-approved-2026-07-18,locked,24,3,learned,pko,cell_identity,11411640958276145404
mve3-v2-approved-2026-07-18,locked,24,3,shuffled,shared,o_collection_root,13230858089512217877
mve3-v2-approved-2026-07-18,locked,24,3,shuffled,shared,non_o_collection_root,12515789652974139696
mve3-v2-approved-2026-07-18,locked,24,3,shuffled,shared,evaluation_root,10120980999782325917
mve3-v2-approved-2026-07-18,locked,24,3,shuffled,none,cell_identity,10916146123361650770
mve3-v2-approved-2026-07-18,locked,24,3,shuffled,p,cell_identity,15449976575728538347
mve3-v2-approved-2026-07-18,locked,24,3,shuffled,k,cell_identity,11657553689613900728
mve3-v2-approved-2026-07-18,locked,24,3,shuffled,o,cell_identity,15146125415013431104
mve3-v2-approved-2026-07-18,locked,24,3,shuffled,pk,cell_identity,12547936804322150166
mve3-v2-approved-2026-07-18,locked,24,3,shuffled,po,cell_identity,11968787298562328003
mve3-v2-approved-2026-07-18,locked,24,3,shuffled,ko,cell_identity,7216606054559961965
mve3-v2-approved-2026-07-18,locked,24,3,shuffled,pko,cell_identity,9196299159710548326
mve3-v2-approved-2026-07-18,locked,24,3,anti,shared,o_collection_root,17161269551048963661
mve3-v2-approved-2026-07-18,locked,24,3,anti,shared,non_o_collection_root,12515789652974139696
mve3-v2-approved-2026-07-18,locked,24,3,anti,shared,evaluation_root,10120980999782325917
mve3-v2-approved-2026-07-18,locked,24,3,anti,none,cell_identity,13924527052985084891
mve3-v2-approved-2026-07-18,locked,24,3,anti,p,cell_identity,11885689444789183543
mve3-v2-approved-2026-07-18,locked,24,3,anti,k,cell_identity,8080555339094369260
mve3-v2-approved-2026-07-18,locked,24,3,anti,o,cell_identity,5688408649441822466
mve3-v2-approved-2026-07-18,locked,24,3,anti,pk,cell_identity,886232045777641641
mve3-v2-approved-2026-07-18,locked,24,3,anti,po,cell_identity,17367443809029320610
mve3-v2-approved-2026-07-18,locked,24,3,anti,ko,cell_identity,6361137044979739157
mve3-v2-approved-2026-07-18,locked,24,3,anti,pko,cell_identity,2964076057122043865
mve3-v2-approved-2026-07-18,locked,25,1,controlled,shared,o_collection_root,15938199527619550469
mve3-v2-approved-2026-07-18,locked,25,1,controlled,shared,non_o_collection_root,16310913324762616953
mve3-v2-approved-2026-07-18,locked,25,1,controlled,shared,evaluation_root,3410670828639036874
mve3-v2-approved-2026-07-18,locked,25,1,controlled,none,cell_identity,16453645694935544792
mve3-v2-approved-2026-07-18,locked,25,1,controlled,p,cell_identity,2695238806011427611
mve3-v2-approved-2026-07-18,locked,25,1,controlled,k,cell_identity,6408320727196512579
mve3-v2-approved-2026-07-18,locked,25,1,controlled,o,cell_identity,12258413803280442097
mve3-v2-approved-2026-07-18,locked,25,1,controlled,pk,cell_identity,12746544150124334526
mve3-v2-approved-2026-07-18,locked,25,1,controlled,po,cell_identity,12971768640321525563
mve3-v2-approved-2026-07-18,locked,25,1,controlled,ko,cell_identity,9531438734244948023
mve3-v2-approved-2026-07-18,locked,25,1,controlled,pko,cell_identity,8833026535239105328
mve3-v2-approved-2026-07-18,locked,25,1,learned,shared,o_collection_root,2253962136466505888
mve3-v2-approved-2026-07-18,locked,25,1,learned,shared,non_o_collection_root,16310913324762616953
mve3-v2-approved-2026-07-18,locked,25,1,learned,shared,evaluation_root,3410670828639036874
mve3-v2-approved-2026-07-18,locked,25,1,learned,none,cell_identity,9152777570184957476
mve3-v2-approved-2026-07-18,locked,25,1,learned,p,cell_identity,18245726760178328691
mve3-v2-approved-2026-07-18,locked,25,1,learned,k,cell_identity,7634954231748615966
mve3-v2-approved-2026-07-18,locked,25,1,learned,o,cell_identity,6033566712235897912
mve3-v2-approved-2026-07-18,locked,25,1,learned,pk,cell_identity,2543404327758092033
mve3-v2-approved-2026-07-18,locked,25,1,learned,po,cell_identity,13262977372241393293
mve3-v2-approved-2026-07-18,locked,25,1,learned,ko,cell_identity,2465477839433734198
mve3-v2-approved-2026-07-18,locked,25,1,learned,pko,cell_identity,7806073891036852367
mve3-v2-approved-2026-07-18,locked,25,1,shuffled,shared,o_collection_root,12017234256973635142
mve3-v2-approved-2026-07-18,locked,25,1,shuffled,shared,non_o_collection_root,16310913324762616953
mve3-v2-approved-2026-07-18,locked,25,1,shuffled,shared,evaluation_root,3410670828639036874
mve3-v2-approved-2026-07-18,locked,25,1,shuffled,none,cell_identity,12933120004477671732
mve3-v2-approved-2026-07-18,locked,25,1,shuffled,p,cell_identity,3286941444162810379
mve3-v2-approved-2026-07-18,locked,25,1,shuffled,k,cell_identity,9613039124501654669
mve3-v2-approved-2026-07-18,locked,25,1,shuffled,o,cell_identity,13802551177396210469
mve3-v2-approved-2026-07-18,locked,25,1,shuffled,pk,cell_identity,7708956333265218134
mve3-v2-approved-2026-07-18,locked,25,1,shuffled,po,cell_identity,5027314232444363280
mve3-v2-approved-2026-07-18,locked,25,1,shuffled,ko,cell_identity,17269714851461285577
mve3-v2-approved-2026-07-18,locked,25,1,shuffled,pko,cell_identity,4271510361081897317
mve3-v2-approved-2026-07-18,locked,25,1,anti,shared,o_collection_root,14532057701279488809
mve3-v2-approved-2026-07-18,locked,25,1,anti,shared,non_o_collection_root,16310913324762616953
mve3-v2-approved-2026-07-18,locked,25,1,anti,shared,evaluation_root,3410670828639036874
mve3-v2-approved-2026-07-18,locked,25,1,anti,none,cell_identity,6476661904329324879
mve3-v2-approved-2026-07-18,locked,25,1,anti,p,cell_identity,8637395117857485449
mve3-v2-approved-2026-07-18,locked,25,1,anti,k,cell_identity,10602858567697593037
mve3-v2-approved-2026-07-18,locked,25,1,anti,o,cell_identity,13209637912264701299
mve3-v2-approved-2026-07-18,locked,25,1,anti,pk,cell_identity,9452297981290323113
mve3-v2-approved-2026-07-18,locked,25,1,anti,po,cell_identity,6055495178788854594
mve3-v2-approved-2026-07-18,locked,25,1,anti,ko,cell_identity,16329566758611729469
mve3-v2-approved-2026-07-18,locked,25,1,anti,pko,cell_identity,3908874654635240055
mve3-v2-approved-2026-07-18,locked,25,2,controlled,shared,o_collection_root,11075121002860614824
mve3-v2-approved-2026-07-18,locked,25,2,controlled,shared,non_o_collection_root,18206374494552174534
mve3-v2-approved-2026-07-18,locked,25,2,controlled,shared,evaluation_root,867480172632608245
mve3-v2-approved-2026-07-18,locked,25,2,controlled,none,cell_identity,4058286454221403585
mve3-v2-approved-2026-07-18,locked,25,2,controlled,p,cell_identity,17224935432047296694
mve3-v2-approved-2026-07-18,locked,25,2,controlled,k,cell_identity,10990478346664492244
mve3-v2-approved-2026-07-18,locked,25,2,controlled,o,cell_identity,14059164462871052202
mve3-v2-approved-2026-07-18,locked,25,2,controlled,pk,cell_identity,12244067158504539541
mve3-v2-approved-2026-07-18,locked,25,2,controlled,po,cell_identity,14616476494086931620
mve3-v2-approved-2026-07-18,locked,25,2,controlled,ko,cell_identity,9182991497468665121
mve3-v2-approved-2026-07-18,locked,25,2,controlled,pko,cell_identity,4141602521077779062
mve3-v2-approved-2026-07-18,locked,25,2,learned,shared,o_collection_root,14759988780201662584
mve3-v2-approved-2026-07-18,locked,25,2,learned,shared,non_o_collection_root,18206374494552174534
mve3-v2-approved-2026-07-18,locked,25,2,learned,shared,evaluation_root,867480172632608245
mve3-v2-approved-2026-07-18,locked,25,2,learned,none,cell_identity,9189242372441455805
mve3-v2-approved-2026-07-18,locked,25,2,learned,p,cell_identity,17001052505838945263
mve3-v2-approved-2026-07-18,locked,25,2,learned,k,cell_identity,12228781757602269466
mve3-v2-approved-2026-07-18,locked,25,2,learned,o,cell_identity,16369351464076775829
mve3-v2-approved-2026-07-18,locked,25,2,learned,pk,cell_identity,3365233877947321316
mve3-v2-approved-2026-07-18,locked,25,2,learned,po,cell_identity,10415473847019937484
mve3-v2-approved-2026-07-18,locked,25,2,learned,ko,cell_identity,4293579179014132356
mve3-v2-approved-2026-07-18,locked,25,2,learned,pko,cell_identity,17450982486847189145
mve3-v2-approved-2026-07-18,locked,25,2,shuffled,shared,o_collection_root,1125670232392840818
mve3-v2-approved-2026-07-18,locked,25,2,shuffled,shared,non_o_collection_root,18206374494552174534
mve3-v2-approved-2026-07-18,locked,25,2,shuffled,shared,evaluation_root,867480172632608245
mve3-v2-approved-2026-07-18,locked,25,2,shuffled,none,cell_identity,8743700344464973622
mve3-v2-approved-2026-07-18,locked,25,2,shuffled,p,cell_identity,6187745040666938374
mve3-v2-approved-2026-07-18,locked,25,2,shuffled,k,cell_identity,1045573133892114425
mve3-v2-approved-2026-07-18,locked,25,2,shuffled,o,cell_identity,13848602555969117241
mve3-v2-approved-2026-07-18,locked,25,2,shuffled,pk,cell_identity,11512839514126738466
mve3-v2-approved-2026-07-18,locked,25,2,shuffled,po,cell_identity,18236521096775459462
mve3-v2-approved-2026-07-18,locked,25,2,shuffled,ko,cell_identity,882148418636601665
mve3-v2-approved-2026-07-18,locked,25,2,shuffled,pko,cell_identity,16476174985987398883
mve3-v2-approved-2026-07-18,locked,25,2,anti,shared,o_collection_root,17782222859228980013
mve3-v2-approved-2026-07-18,locked,25,2,anti,shared,non_o_collection_root,18206374494552174534
mve3-v2-approved-2026-07-18,locked,25,2,anti,shared,evaluation_root,867480172632608245
mve3-v2-approved-2026-07-18,locked,25,2,anti,none,cell_identity,7461728322858061757
mve3-v2-approved-2026-07-18,locked,25,2,anti,p,cell_identity,11712260865136137840
mve3-v2-approved-2026-07-18,locked,25,2,anti,k,cell_identity,1369841823511907684
mve3-v2-approved-2026-07-18,locked,25,2,anti,o,cell_identity,6748475479214536537
mve3-v2-approved-2026-07-18,locked,25,2,anti,pk,cell_identity,15934965545870825630
mve3-v2-approved-2026-07-18,locked,25,2,anti,po,cell_identity,6094546652496320802
mve3-v2-approved-2026-07-18,locked,25,2,anti,ko,cell_identity,7784481849811625114
mve3-v2-approved-2026-07-18,locked,25,2,anti,pko,cell_identity,3883810748206385396
mve3-v2-approved-2026-07-18,locked,25,3,controlled,shared,o_collection_root,12759622478555512925
mve3-v2-approved-2026-07-18,locked,25,3,controlled,shared,non_o_collection_root,920685358597848325
mve3-v2-approved-2026-07-18,locked,25,3,controlled,shared,evaluation_root,6198935429846966888
mve3-v2-approved-2026-07-18,locked,25,3,controlled,none,cell_identity,17885697691720767389
mve3-v2-approved-2026-07-18,locked,25,3,controlled,p,cell_identity,16130880836915354450
mve3-v2-approved-2026-07-18,locked,25,3,controlled,k,cell_identity,2485347395629531314
mve3-v2-approved-2026-07-18,locked,25,3,controlled,o,cell_identity,16557582354530895918
mve3-v2-approved-2026-07-18,locked,25,3,controlled,pk,cell_identity,15824822876022202632
mve3-v2-approved-2026-07-18,locked,25,3,controlled,po,cell_identity,5328719101052470471
mve3-v2-approved-2026-07-18,locked,25,3,controlled,ko,cell_identity,5900279166988286838
mve3-v2-approved-2026-07-18,locked,25,3,controlled,pko,cell_identity,10334694645685015061
mve3-v2-approved-2026-07-18,locked,25,3,learned,shared,o_collection_root,11616801362230122596
mve3-v2-approved-2026-07-18,locked,25,3,learned,shared,non_o_collection_root,920685358597848325
mve3-v2-approved-2026-07-18,locked,25,3,learned,shared,evaluation_root,6198935429846966888
mve3-v2-approved-2026-07-18,locked,25,3,learned,none,cell_identity,15745610552523493317
mve3-v2-approved-2026-07-18,locked,25,3,learned,p,cell_identity,1104121115399545340
mve3-v2-approved-2026-07-18,locked,25,3,learned,k,cell_identity,12360324677691582095
mve3-v2-approved-2026-07-18,locked,25,3,learned,o,cell_identity,61654857380498649
mve3-v2-approved-2026-07-18,locked,25,3,learned,pk,cell_identity,10481509690113238599
mve3-v2-approved-2026-07-18,locked,25,3,learned,po,cell_identity,11564346526264823442
mve3-v2-approved-2026-07-18,locked,25,3,learned,ko,cell_identity,17530991058056103150
mve3-v2-approved-2026-07-18,locked,25,3,learned,pko,cell_identity,8853808219331188625
mve3-v2-approved-2026-07-18,locked,25,3,shuffled,shared,o_collection_root,7108853769808066257
mve3-v2-approved-2026-07-18,locked,25,3,shuffled,shared,non_o_collection_root,920685358597848325
mve3-v2-approved-2026-07-18,locked,25,3,shuffled,shared,evaluation_root,6198935429846966888
mve3-v2-approved-2026-07-18,locked,25,3,shuffled,none,cell_identity,3544972412377543010
mve3-v2-approved-2026-07-18,locked,25,3,shuffled,p,cell_identity,6745537469600247323
mve3-v2-approved-2026-07-18,locked,25,3,shuffled,k,cell_identity,17731354947420387762
mve3-v2-approved-2026-07-18,locked,25,3,shuffled,o,cell_identity,3362882323856616343
mve3-v2-approved-2026-07-18,locked,25,3,shuffled,pk,cell_identity,10335040413923953424
mve3-v2-approved-2026-07-18,locked,25,3,shuffled,po,cell_identity,6028828296167620813
mve3-v2-approved-2026-07-18,locked,25,3,shuffled,ko,cell_identity,2680174508902876199
mve3-v2-approved-2026-07-18,locked,25,3,shuffled,pko,cell_identity,3162308846845908098
mve3-v2-approved-2026-07-18,locked,25,3,anti,shared,o_collection_root,6575561023335632304
mve3-v2-approved-2026-07-18,locked,25,3,anti,shared,non_o_collection_root,920685358597848325
mve3-v2-approved-2026-07-18,locked,25,3,anti,shared,evaluation_root,6198935429846966888
mve3-v2-approved-2026-07-18,locked,25,3,anti,none,cell_identity,1143185604703653724
mve3-v2-approved-2026-07-18,locked,25,3,anti,p,cell_identity,12033271933394574975
mve3-v2-approved-2026-07-18,locked,25,3,anti,k,cell_identity,12225216874983893964
mve3-v2-approved-2026-07-18,locked,25,3,anti,o,cell_identity,6030033732926106710
mve3-v2-approved-2026-07-18,locked,25,3,anti,pk,cell_identity,14585105331401131815
mve3-v2-approved-2026-07-18,locked,25,3,anti,po,cell_identity,12566991546174116022
mve3-v2-approved-2026-07-18,locked,25,3,anti,ko,cell_identity,365582522548853655
mve3-v2-approved-2026-07-18,locked,25,3,anti,pko,cell_identity,372857890670862055
mve3-v2-approved-2026-07-18,locked,26,1,controlled,shared,o_collection_root,14962300950469709679
mve3-v2-approved-2026-07-18,locked,26,1,controlled,shared,non_o_collection_root,9068727143428566973
mve3-v2-approved-2026-07-18,locked,26,1,controlled,shared,evaluation_root,2114189637310372780
mve3-v2-approved-2026-07-18,locked,26,1,controlled,none,cell_identity,17951778693491936308
mve3-v2-approved-2026-07-18,locked,26,1,controlled,p,cell_identity,10368178501659286063
mve3-v2-approved-2026-07-18,locked,26,1,controlled,k,cell_identity,14852537309667621636
mve3-v2-approved-2026-07-18,locked,26,1,controlled,o,cell_identity,16927934043938966726
mve3-v2-approved-2026-07-18,locked,26,1,controlled,pk,cell_identity,16774491199817384091
mve3-v2-approved-2026-07-18,locked,26,1,controlled,po,cell_identity,6263908400636583725
mve3-v2-approved-2026-07-18,locked,26,1,controlled,ko,cell_identity,8228872655241626022
mve3-v2-approved-2026-07-18,locked,26,1,controlled,pko,cell_identity,11391689497597152765
mve3-v2-approved-2026-07-18,locked,26,1,learned,shared,o_collection_root,13415968302508078596
mve3-v2-approved-2026-07-18,locked,26,1,learned,shared,non_o_collection_root,9068727143428566973
mve3-v2-approved-2026-07-18,locked,26,1,learned,shared,evaluation_root,2114189637310372780
mve3-v2-approved-2026-07-18,locked,26,1,learned,none,cell_identity,9971996172514086421
mve3-v2-approved-2026-07-18,locked,26,1,learned,p,cell_identity,8513253728778630784
mve3-v2-approved-2026-07-18,locked,26,1,learned,k,cell_identity,17327110488479745190
mve3-v2-approved-2026-07-18,locked,26,1,learned,o,cell_identity,13121546442408389882
mve3-v2-approved-2026-07-18,locked,26,1,learned,pk,cell_identity,13752899504149194497
mve3-v2-approved-2026-07-18,locked,26,1,learned,po,cell_identity,3332189665028102682
mve3-v2-approved-2026-07-18,locked,26,1,learned,ko,cell_identity,9021083908363880199
mve3-v2-approved-2026-07-18,locked,26,1,learned,pko,cell_identity,18023160200589626050
mve3-v2-approved-2026-07-18,locked,26,1,shuffled,shared,o_collection_root,2304197492090959012
mve3-v2-approved-2026-07-18,locked,26,1,shuffled,shared,non_o_collection_root,9068727143428566973
mve3-v2-approved-2026-07-18,locked,26,1,shuffled,shared,evaluation_root,2114189637310372780
mve3-v2-approved-2026-07-18,locked,26,1,shuffled,none,cell_identity,14835024143663693716
mve3-v2-approved-2026-07-18,locked,26,1,shuffled,p,cell_identity,8427159177507217346
mve3-v2-approved-2026-07-18,locked,26,1,shuffled,k,cell_identity,13088078822994512681
mve3-v2-approved-2026-07-18,locked,26,1,shuffled,o,cell_identity,12580542527388281295
mve3-v2-approved-2026-07-18,locked,26,1,shuffled,pk,cell_identity,4732611781554729980
mve3-v2-approved-2026-07-18,locked,26,1,shuffled,po,cell_identity,9965268358570797991
mve3-v2-approved-2026-07-18,locked,26,1,shuffled,ko,cell_identity,5160117854903959639
mve3-v2-approved-2026-07-18,locked,26,1,shuffled,pko,cell_identity,4826540789551949123
mve3-v2-approved-2026-07-18,locked,26,1,anti,shared,o_collection_root,15751046919298863957
mve3-v2-approved-2026-07-18,locked,26,1,anti,shared,non_o_collection_root,9068727143428566973
mve3-v2-approved-2026-07-18,locked,26,1,anti,shared,evaluation_root,2114189637310372780
mve3-v2-approved-2026-07-18,locked,26,1,anti,none,cell_identity,10672687763176970142
mve3-v2-approved-2026-07-18,locked,26,1,anti,p,cell_identity,18162524369408021732
mve3-v2-approved-2026-07-18,locked,26,1,anti,k,cell_identity,11048695795703101388
mve3-v2-approved-2026-07-18,locked,26,1,anti,o,cell_identity,7734568329832071288
mve3-v2-approved-2026-07-18,locked,26,1,anti,pk,cell_identity,10591279210503631114
mve3-v2-approved-2026-07-18,locked,26,1,anti,po,cell_identity,16974510245842906499
mve3-v2-approved-2026-07-18,locked,26,1,anti,ko,cell_identity,16455589592978424069
mve3-v2-approved-2026-07-18,locked,26,1,anti,pko,cell_identity,13407873153223588665
mve3-v2-approved-2026-07-18,locked,26,2,controlled,shared,o_collection_root,13330032303885164951
mve3-v2-approved-2026-07-18,locked,26,2,controlled,shared,non_o_collection_root,1202727931856223637
mve3-v2-approved-2026-07-18,locked,26,2,controlled,shared,evaluation_root,12891992554400440248
mve3-v2-approved-2026-07-18,locked,26,2,controlled,none,cell_identity,6111790241273978671
mve3-v2-approved-2026-07-18,locked,26,2,controlled,p,cell_identity,3100329506151842369
mve3-v2-approved-2026-07-18,locked,26,2,controlled,k,cell_identity,9212575449693124618
mve3-v2-approved-2026-07-18,locked,26,2,controlled,o,cell_identity,8657216106925048845
mve3-v2-approved-2026-07-18,locked,26,2,controlled,pk,cell_identity,14808002281776401765
mve3-v2-approved-2026-07-18,locked,26,2,controlled,po,cell_identity,10897547618980965102
mve3-v2-approved-2026-07-18,locked,26,2,controlled,ko,cell_identity,3323564367759315974
mve3-v2-approved-2026-07-18,locked,26,2,controlled,pko,cell_identity,14455218064338206564
mve3-v2-approved-2026-07-18,locked,26,2,learned,shared,o_collection_root,14539211519411449536
mve3-v2-approved-2026-07-18,locked,26,2,learned,shared,non_o_collection_root,1202727931856223637
mve3-v2-approved-2026-07-18,locked,26,2,learned,shared,evaluation_root,12891992554400440248
mve3-v2-approved-2026-07-18,locked,26,2,learned,none,cell_identity,17896718349709066943
mve3-v2-approved-2026-07-18,locked,26,2,learned,p,cell_identity,18319275542352772780
mve3-v2-approved-2026-07-18,locked,26,2,learned,k,cell_identity,10994810713350505882
mve3-v2-approved-2026-07-18,locked,26,2,learned,o,cell_identity,1464839916483056080
mve3-v2-approved-2026-07-18,locked,26,2,learned,pk,cell_identity,3023857594743256911
mve3-v2-approved-2026-07-18,locked,26,2,learned,po,cell_identity,12238036222804778186
mve3-v2-approved-2026-07-18,locked,26,2,learned,ko,cell_identity,2940703098847050288
mve3-v2-approved-2026-07-18,locked,26,2,learned,pko,cell_identity,9644805421396853057
mve3-v2-approved-2026-07-18,locked,26,2,shuffled,shared,o_collection_root,16721751238798039668
mve3-v2-approved-2026-07-18,locked,26,2,shuffled,shared,non_o_collection_root,1202727931856223637
mve3-v2-approved-2026-07-18,locked,26,2,shuffled,shared,evaluation_root,12891992554400440248
mve3-v2-approved-2026-07-18,locked,26,2,shuffled,none,cell_identity,5313781474419296752
mve3-v2-approved-2026-07-18,locked,26,2,shuffled,p,cell_identity,2498693431902463862
mve3-v2-approved-2026-07-18,locked,26,2,shuffled,k,cell_identity,6209758980917715677
mve3-v2-approved-2026-07-18,locked,26,2,shuffled,o,cell_identity,16883592630974450182
mve3-v2-approved-2026-07-18,locked,26,2,shuffled,pk,cell_identity,16477791366181953557
mve3-v2-approved-2026-07-18,locked,26,2,shuffled,po,cell_identity,101698515093244415
mve3-v2-approved-2026-07-18,locked,26,2,shuffled,ko,cell_identity,14835097208199624729
mve3-v2-approved-2026-07-18,locked,26,2,shuffled,pko,cell_identity,12301101331752911906
mve3-v2-approved-2026-07-18,locked,26,2,anti,shared,o_collection_root,5253343308389686374
mve3-v2-approved-2026-07-18,locked,26,2,anti,shared,non_o_collection_root,1202727931856223637
mve3-v2-approved-2026-07-18,locked,26,2,anti,shared,evaluation_root,12891992554400440248
mve3-v2-approved-2026-07-18,locked,26,2,anti,none,cell_identity,2639247090781005012
mve3-v2-approved-2026-07-18,locked,26,2,anti,p,cell_identity,6564306486938255939
mve3-v2-approved-2026-07-18,locked,26,2,anti,k,cell_identity,5765022092103955948
mve3-v2-approved-2026-07-18,locked,26,2,anti,o,cell_identity,16697751699319673995
mve3-v2-approved-2026-07-18,locked,26,2,anti,pk,cell_identity,6352871947666156893
mve3-v2-approved-2026-07-18,locked,26,2,anti,po,cell_identity,12748018702751956994
mve3-v2-approved-2026-07-18,locked,26,2,anti,ko,cell_identity,15086114842224210448
mve3-v2-approved-2026-07-18,locked,26,2,anti,pko,cell_identity,14066011057099833721
mve3-v2-approved-2026-07-18,locked,26,3,controlled,shared,o_collection_root,10973104225812715879
mve3-v2-approved-2026-07-18,locked,26,3,controlled,shared,non_o_collection_root,17777865185348535618
mve3-v2-approved-2026-07-18,locked,26,3,controlled,shared,evaluation_root,14633558775110170793
mve3-v2-approved-2026-07-18,locked,26,3,controlled,none,cell_identity,13946564907300989835
mve3-v2-approved-2026-07-18,locked,26,3,controlled,p,cell_identity,10266912651441268090
mve3-v2-approved-2026-07-18,locked,26,3,controlled,k,cell_identity,10230271106747399050
mve3-v2-approved-2026-07-18,locked,26,3,controlled,o,cell_identity,10632335446752881082
mve3-v2-approved-2026-07-18,locked,26,3,controlled,pk,cell_identity,2838713120939427766
mve3-v2-approved-2026-07-18,locked,26,3,controlled,po,cell_identity,16079376946097237192
mve3-v2-approved-2026-07-18,locked,26,3,controlled,ko,cell_identity,1017881796098510194
mve3-v2-approved-2026-07-18,locked,26,3,controlled,pko,cell_identity,3412952303857240392
mve3-v2-approved-2026-07-18,locked,26,3,learned,shared,o_collection_root,2019254881418595468
mve3-v2-approved-2026-07-18,locked,26,3,learned,shared,non_o_collection_root,17777865185348535618
mve3-v2-approved-2026-07-18,locked,26,3,learned,shared,evaluation_root,14633558775110170793
mve3-v2-approved-2026-07-18,locked,26,3,learned,none,cell_identity,14635134777833458872
mve3-v2-approved-2026-07-18,locked,26,3,learned,p,cell_identity,15822706362120491411
mve3-v2-approved-2026-07-18,locked,26,3,learned,k,cell_identity,15283511005961022911
mve3-v2-approved-2026-07-18,locked,26,3,learned,o,cell_identity,1144176627969516818
mve3-v2-approved-2026-07-18,locked,26,3,learned,pk,cell_identity,1490937695536940671
mve3-v2-approved-2026-07-18,locked,26,3,learned,po,cell_identity,16930446505520573793
mve3-v2-approved-2026-07-18,locked,26,3,learned,ko,cell_identity,8982938614346370424
mve3-v2-approved-2026-07-18,locked,26,3,learned,pko,cell_identity,11563401487944716618
mve3-v2-approved-2026-07-18,locked,26,3,shuffled,shared,o_collection_root,16032302485624244042
mve3-v2-approved-2026-07-18,locked,26,3,shuffled,shared,non_o_collection_root,17777865185348535618
mve3-v2-approved-2026-07-18,locked,26,3,shuffled,shared,evaluation_root,14633558775110170793
mve3-v2-approved-2026-07-18,locked,26,3,shuffled,none,cell_identity,14204387269467354376
mve3-v2-approved-2026-07-18,locked,26,3,shuffled,p,cell_identity,9591618877473126972
mve3-v2-approved-2026-07-18,locked,26,3,shuffled,k,cell_identity,8481877406364026694
mve3-v2-approved-2026-07-18,locked,26,3,shuffled,o,cell_identity,7909988849464714116
mve3-v2-approved-2026-07-18,locked,26,3,shuffled,pk,cell_identity,13710601768848222655
mve3-v2-approved-2026-07-18,locked,26,3,shuffled,po,cell_identity,17294283181259678294
mve3-v2-approved-2026-07-18,locked,26,3,shuffled,ko,cell_identity,716435115753557478
mve3-v2-approved-2026-07-18,locked,26,3,shuffled,pko,cell_identity,9762234668937035981
mve3-v2-approved-2026-07-18,locked,26,3,anti,shared,o_collection_root,491865870176582532
mve3-v2-approved-2026-07-18,locked,26,3,anti,shared,non_o_collection_root,17777865185348535618
mve3-v2-approved-2026-07-18,locked,26,3,anti,shared,evaluation_root,14633558775110170793
mve3-v2-approved-2026-07-18,locked,26,3,anti,none,cell_identity,9599019154171443998
mve3-v2-approved-2026-07-18,locked,26,3,anti,p,cell_identity,9859202342881992093
mve3-v2-approved-2026-07-18,locked,26,3,anti,k,cell_identity,9979039980342148823
mve3-v2-approved-2026-07-18,locked,26,3,anti,o,cell_identity,9153409539036025499
mve3-v2-approved-2026-07-18,locked,26,3,anti,pk,cell_identity,6751892755024425158
mve3-v2-approved-2026-07-18,locked,26,3,anti,po,cell_identity,10798701562788758098
mve3-v2-approved-2026-07-18,locked,26,3,anti,ko,cell_identity,2726955044005453662
mve3-v2-approved-2026-07-18,locked,26,3,anti,pko,cell_identity,11066104372905778036
mve3-v2-approved-2026-07-18,locked,27,1,controlled,shared,o_collection_root,14244976392217753778
mve3-v2-approved-2026-07-18,locked,27,1,controlled,shared,non_o_collection_root,12174101214051610684
mve3-v2-approved-2026-07-18,locked,27,1,controlled,shared,evaluation_root,9020258004660339233
mve3-v2-approved-2026-07-18,locked,27,1,controlled,none,cell_identity,8641737413968340077
mve3-v2-approved-2026-07-18,locked,27,1,controlled,p,cell_identity,2841651936621027015
mve3-v2-approved-2026-07-18,locked,27,1,controlled,k,cell_identity,6571608945054779819
mve3-v2-approved-2026-07-18,locked,27,1,controlled,o,cell_identity,13029385756716567044
mve3-v2-approved-2026-07-18,locked,27,1,controlled,pk,cell_identity,2364725882212408416
mve3-v2-approved-2026-07-18,locked,27,1,controlled,po,cell_identity,3320775300072322940
mve3-v2-approved-2026-07-18,locked,27,1,controlled,ko,cell_identity,4731838684961799300
mve3-v2-approved-2026-07-18,locked,27,1,controlled,pko,cell_identity,7039137573865693889
mve3-v2-approved-2026-07-18,locked,27,1,learned,shared,o_collection_root,7537577617541567348
mve3-v2-approved-2026-07-18,locked,27,1,learned,shared,non_o_collection_root,12174101214051610684
mve3-v2-approved-2026-07-18,locked,27,1,learned,shared,evaluation_root,9020258004660339233
mve3-v2-approved-2026-07-18,locked,27,1,learned,none,cell_identity,18282946800631095781
mve3-v2-approved-2026-07-18,locked,27,1,learned,p,cell_identity,6472557831424390892
mve3-v2-approved-2026-07-18,locked,27,1,learned,k,cell_identity,8713512071403410844
mve3-v2-approved-2026-07-18,locked,27,1,learned,o,cell_identity,1801372370921113895
mve3-v2-approved-2026-07-18,locked,27,1,learned,pk,cell_identity,9806804067269498128
mve3-v2-approved-2026-07-18,locked,27,1,learned,po,cell_identity,10135297948468772619
mve3-v2-approved-2026-07-18,locked,27,1,learned,ko,cell_identity,11721072368053493775
mve3-v2-approved-2026-07-18,locked,27,1,learned,pko,cell_identity,5771722010763660246
mve3-v2-approved-2026-07-18,locked,27,1,shuffled,shared,o_collection_root,10864471141779965023
mve3-v2-approved-2026-07-18,locked,27,1,shuffled,shared,non_o_collection_root,12174101214051610684
mve3-v2-approved-2026-07-18,locked,27,1,shuffled,shared,evaluation_root,9020258004660339233
mve3-v2-approved-2026-07-18,locked,27,1,shuffled,none,cell_identity,1769490359802017313
mve3-v2-approved-2026-07-18,locked,27,1,shuffled,p,cell_identity,17618260249868985399
mve3-v2-approved-2026-07-18,locked,27,1,shuffled,k,cell_identity,4358952674758370647
mve3-v2-approved-2026-07-18,locked,27,1,shuffled,o,cell_identity,1936626353328360804
mve3-v2-approved-2026-07-18,locked,27,1,shuffled,pk,cell_identity,12889418901846565904
mve3-v2-approved-2026-07-18,locked,27,1,shuffled,po,cell_identity,15103619260314297188
mve3-v2-approved-2026-07-18,locked,27,1,shuffled,ko,cell_identity,7334020077794826800
mve3-v2-approved-2026-07-18,locked,27,1,shuffled,pko,cell_identity,3513674322387224522
mve3-v2-approved-2026-07-18,locked,27,1,anti,shared,o_collection_root,10026957719609820621
mve3-v2-approved-2026-07-18,locked,27,1,anti,shared,non_o_collection_root,12174101214051610684
mve3-v2-approved-2026-07-18,locked,27,1,anti,shared,evaluation_root,9020258004660339233
mve3-v2-approved-2026-07-18,locked,27,1,anti,none,cell_identity,2981684938367768801
mve3-v2-approved-2026-07-18,locked,27,1,anti,p,cell_identity,12873519157522881369
mve3-v2-approved-2026-07-18,locked,27,1,anti,k,cell_identity,10692503582087414350
mve3-v2-approved-2026-07-18,locked,27,1,anti,o,cell_identity,15843867447408276897
mve3-v2-approved-2026-07-18,locked,27,1,anti,pk,cell_identity,4286472194525766118
mve3-v2-approved-2026-07-18,locked,27,1,anti,po,cell_identity,12643383443813362871
mve3-v2-approved-2026-07-18,locked,27,1,anti,ko,cell_identity,1267153562233921468
mve3-v2-approved-2026-07-18,locked,27,1,anti,pko,cell_identity,4024951578324260520
mve3-v2-approved-2026-07-18,locked,27,2,controlled,shared,o_collection_root,607135809086245593
mve3-v2-approved-2026-07-18,locked,27,2,controlled,shared,non_o_collection_root,244606628625099261
mve3-v2-approved-2026-07-18,locked,27,2,controlled,shared,evaluation_root,3760631162363416098
mve3-v2-approved-2026-07-18,locked,27,2,controlled,none,cell_identity,17720121104265058216
mve3-v2-approved-2026-07-18,locked,27,2,controlled,p,cell_identity,4435597465318051431
mve3-v2-approved-2026-07-18,locked,27,2,controlled,k,cell_identity,17329381314414661062
mve3-v2-approved-2026-07-18,locked,27,2,controlled,o,cell_identity,2398065128804452717
mve3-v2-approved-2026-07-18,locked,27,2,controlled,pk,cell_identity,12964422602616533779
mve3-v2-approved-2026-07-18,locked,27,2,controlled,po,cell_identity,7037417684072741198
mve3-v2-approved-2026-07-18,locked,27,2,controlled,ko,cell_identity,6270932314764555769
mve3-v2-approved-2026-07-18,locked,27,2,controlled,pko,cell_identity,8377520195882125059
mve3-v2-approved-2026-07-18,locked,27,2,learned,shared,o_collection_root,10903892400965344680
mve3-v2-approved-2026-07-18,locked,27,2,learned,shared,non_o_collection_root,244606628625099261
mve3-v2-approved-2026-07-18,locked,27,2,learned,shared,evaluation_root,3760631162363416098
mve3-v2-approved-2026-07-18,locked,27,2,learned,none,cell_identity,11264917377211082737
mve3-v2-approved-2026-07-18,locked,27,2,learned,p,cell_identity,7543212172355492801
mve3-v2-approved-2026-07-18,locked,27,2,learned,k,cell_identity,2652759343251890609
mve3-v2-approved-2026-07-18,locked,27,2,learned,o,cell_identity,9847287753254191206
mve3-v2-approved-2026-07-18,locked,27,2,learned,pk,cell_identity,3510925420099415510
mve3-v2-approved-2026-07-18,locked,27,2,learned,po,cell_identity,13796408045067540257
mve3-v2-approved-2026-07-18,locked,27,2,learned,ko,cell_identity,7610201320415620743
mve3-v2-approved-2026-07-18,locked,27,2,learned,pko,cell_identity,17173514025614446731
mve3-v2-approved-2026-07-18,locked,27,2,shuffled,shared,o_collection_root,4208547939208824582
mve3-v2-approved-2026-07-18,locked,27,2,shuffled,shared,non_o_collection_root,244606628625099261
mve3-v2-approved-2026-07-18,locked,27,2,shuffled,shared,evaluation_root,3760631162363416098
mve3-v2-approved-2026-07-18,locked,27,2,shuffled,none,cell_identity,3769453840650556395
mve3-v2-approved-2026-07-18,locked,27,2,shuffled,p,cell_identity,12634334367779737884
mve3-v2-approved-2026-07-18,locked,27,2,shuffled,k,cell_identity,2625725469767201386
mve3-v2-approved-2026-07-18,locked,27,2,shuffled,o,cell_identity,5158364995840004052
mve3-v2-approved-2026-07-18,locked,27,2,shuffled,pk,cell_identity,14538191733869730488
mve3-v2-approved-2026-07-18,locked,27,2,shuffled,po,cell_identity,15656689303937063134
mve3-v2-approved-2026-07-18,locked,27,2,shuffled,ko,cell_identity,16308320975124257966
mve3-v2-approved-2026-07-18,locked,27,2,shuffled,pko,cell_identity,3512392294022426305
mve3-v2-approved-2026-07-18,locked,27,2,anti,shared,o_collection_root,781683148008385249
mve3-v2-approved-2026-07-18,locked,27,2,anti,shared,non_o_collection_root,244606628625099261
mve3-v2-approved-2026-07-18,locked,27,2,anti,shared,evaluation_root,3760631162363416098
mve3-v2-approved-2026-07-18,locked,27,2,anti,none,cell_identity,4297973152230514746
mve3-v2-approved-2026-07-18,locked,27,2,anti,p,cell_identity,2096440118793062249
mve3-v2-approved-2026-07-18,locked,27,2,anti,k,cell_identity,7079679534908175976
mve3-v2-approved-2026-07-18,locked,27,2,anti,o,cell_identity,10982304368365578025
mve3-v2-approved-2026-07-18,locked,27,2,anti,pk,cell_identity,5825684058665342705
mve3-v2-approved-2026-07-18,locked,27,2,anti,po,cell_identity,17902081848138642099
mve3-v2-approved-2026-07-18,locked,27,2,anti,ko,cell_identity,8446353799906035549
mve3-v2-approved-2026-07-18,locked,27,2,anti,pko,cell_identity,1618981734725092877
mve3-v2-approved-2026-07-18,locked,27,3,controlled,shared,o_collection_root,12353058330423458080
mve3-v2-approved-2026-07-18,locked,27,3,controlled,shared,non_o_collection_root,11577267971595967675
mve3-v2-approved-2026-07-18,locked,27,3,controlled,shared,evaluation_root,8177642995673468950
mve3-v2-approved-2026-07-18,locked,27,3,controlled,none,cell_identity,12679902310721268621
mve3-v2-approved-2026-07-18,locked,27,3,controlled,p,cell_identity,4067620495453634048
mve3-v2-approved-2026-07-18,locked,27,3,controlled,k,cell_identity,193525923408401648
mve3-v2-approved-2026-07-18,locked,27,3,controlled,o,cell_identity,16622351594565838251
mve3-v2-approved-2026-07-18,locked,27,3,controlled,pk,cell_identity,679187568375834009
mve3-v2-approved-2026-07-18,locked,27,3,controlled,po,cell_identity,16790795333376246122
mve3-v2-approved-2026-07-18,locked,27,3,controlled,ko,cell_identity,15669409494561126814
mve3-v2-approved-2026-07-18,locked,27,3,controlled,pko,cell_identity,13822566184643165744
mve3-v2-approved-2026-07-18,locked,27,3,learned,shared,o_collection_root,18205706452817978938
mve3-v2-approved-2026-07-18,locked,27,3,learned,shared,non_o_collection_root,11577267971595967675
mve3-v2-approved-2026-07-18,locked,27,3,learned,shared,evaluation_root,8177642995673468950
mve3-v2-approved-2026-07-18,locked,27,3,learned,none,cell_identity,9345621495610472427
mve3-v2-approved-2026-07-18,locked,27,3,learned,p,cell_identity,2018928914243413508
mve3-v2-approved-2026-07-18,locked,27,3,learned,k,cell_identity,16457609295486181079
mve3-v2-approved-2026-07-18,locked,27,3,learned,o,cell_identity,9833169470663093780
mve3-v2-approved-2026-07-18,locked,27,3,learned,pk,cell_identity,17036223106593319754
mve3-v2-approved-2026-07-18,locked,27,3,learned,po,cell_identity,1536907730879837394
mve3-v2-approved-2026-07-18,locked,27,3,learned,ko,cell_identity,16434308440863617693
mve3-v2-approved-2026-07-18,locked,27,3,learned,pko,cell_identity,4567246555069951004
mve3-v2-approved-2026-07-18,locked,27,3,shuffled,shared,o_collection_root,2338577966369971234
mve3-v2-approved-2026-07-18,locked,27,3,shuffled,shared,non_o_collection_root,11577267971595967675
mve3-v2-approved-2026-07-18,locked,27,3,shuffled,shared,evaluation_root,8177642995673468950
mve3-v2-approved-2026-07-18,locked,27,3,shuffled,none,cell_identity,10971164411018531834
mve3-v2-approved-2026-07-18,locked,27,3,shuffled,p,cell_identity,16913587080213984427
mve3-v2-approved-2026-07-18,locked,27,3,shuffled,k,cell_identity,8949615016178380168
mve3-v2-approved-2026-07-18,locked,27,3,shuffled,o,cell_identity,9993991173256795298
mve3-v2-approved-2026-07-18,locked,27,3,shuffled,pk,cell_identity,8761648359525534051
mve3-v2-approved-2026-07-18,locked,27,3,shuffled,po,cell_identity,10606164620095181852
mve3-v2-approved-2026-07-18,locked,27,3,shuffled,ko,cell_identity,540893858157489199
mve3-v2-approved-2026-07-18,locked,27,3,shuffled,pko,cell_identity,11163664574294401928
mve3-v2-approved-2026-07-18,locked,27,3,anti,shared,o_collection_root,10394395532714928424
mve3-v2-approved-2026-07-18,locked,27,3,anti,shared,non_o_collection_root,11577267971595967675
mve3-v2-approved-2026-07-18,locked,27,3,anti,shared,evaluation_root,8177642995673468950
mve3-v2-approved-2026-07-18,locked,27,3,anti,none,cell_identity,12986428535250718627
mve3-v2-approved-2026-07-18,locked,27,3,anti,p,cell_identity,5059492623608253151
mve3-v2-approved-2026-07-18,locked,27,3,anti,k,cell_identity,17199127816319135047
mve3-v2-approved-2026-07-18,locked,27,3,anti,o,cell_identity,8959333655416915955
mve3-v2-approved-2026-07-18,locked,27,3,anti,pk,cell_identity,9318395912257600217
mve3-v2-approved-2026-07-18,locked,27,3,anti,po,cell_identity,1406341272592431854
mve3-v2-approved-2026-07-18,locked,27,3,anti,ko,cell_identity,6853472495878378504
mve3-v2-approved-2026-07-18,locked,27,3,anti,pko,cell_identity,17277169802019550317
mve3-v2-approved-2026-07-18,locked,28,1,controlled,shared,o_collection_root,5984538290354604001
mve3-v2-approved-2026-07-18,locked,28,1,controlled,shared,non_o_collection_root,6867420065488463529
mve3-v2-approved-2026-07-18,locked,28,1,controlled,shared,evaluation_root,16557225882641438625
mve3-v2-approved-2026-07-18,locked,28,1,controlled,none,cell_identity,1956025433457007230
mve3-v2-approved-2026-07-18,locked,28,1,controlled,p,cell_identity,12357277887979285828
mve3-v2-approved-2026-07-18,locked,28,1,controlled,k,cell_identity,13588566917270479783
mve3-v2-approved-2026-07-18,locked,28,1,controlled,o,cell_identity,2582580161721294160
mve3-v2-approved-2026-07-18,locked,28,1,controlled,pk,cell_identity,12379205845645135617
mve3-v2-approved-2026-07-18,locked,28,1,controlled,po,cell_identity,18052816121727046806
mve3-v2-approved-2026-07-18,locked,28,1,controlled,ko,cell_identity,8290760187497317399
mve3-v2-approved-2026-07-18,locked,28,1,controlled,pko,cell_identity,9077601783223930684
mve3-v2-approved-2026-07-18,locked,28,1,learned,shared,o_collection_root,16907962884903253622
mve3-v2-approved-2026-07-18,locked,28,1,learned,shared,non_o_collection_root,6867420065488463529
mve3-v2-approved-2026-07-18,locked,28,1,learned,shared,evaluation_root,16557225882641438625
mve3-v2-approved-2026-07-18,locked,28,1,learned,none,cell_identity,14437124767701459826
mve3-v2-approved-2026-07-18,locked,28,1,learned,p,cell_identity,11902783928708295561
mve3-v2-approved-2026-07-18,locked,28,1,learned,k,cell_identity,9263566428986615484
mve3-v2-approved-2026-07-18,locked,28,1,learned,o,cell_identity,6621039012821127274
mve3-v2-approved-2026-07-18,locked,28,1,learned,pk,cell_identity,2515841688694112619
mve3-v2-approved-2026-07-18,locked,28,1,learned,po,cell_identity,11275049736728038224
mve3-v2-approved-2026-07-18,locked,28,1,learned,ko,cell_identity,16183758822260644633
mve3-v2-approved-2026-07-18,locked,28,1,learned,pko,cell_identity,17925190126152642029
mve3-v2-approved-2026-07-18,locked,28,1,shuffled,shared,o_collection_root,5154673486246151062
mve3-v2-approved-2026-07-18,locked,28,1,shuffled,shared,non_o_collection_root,6867420065488463529
mve3-v2-approved-2026-07-18,locked,28,1,shuffled,shared,evaluation_root,16557225882641438625
mve3-v2-approved-2026-07-18,locked,28,1,shuffled,none,cell_identity,11932604564006622657
mve3-v2-approved-2026-07-18,locked,28,1,shuffled,p,cell_identity,12536723589965339192
mve3-v2-approved-2026-07-18,locked,28,1,shuffled,k,cell_identity,7468276943293290925
mve3-v2-approved-2026-07-18,locked,28,1,shuffled,o,cell_identity,5742193840313158574
mve3-v2-approved-2026-07-18,locked,28,1,shuffled,pk,cell_identity,7075988086158950003
mve3-v2-approved-2026-07-18,locked,28,1,shuffled,po,cell_identity,2016993412873734269
mve3-v2-approved-2026-07-18,locked,28,1,shuffled,ko,cell_identity,16004372526569559120
mve3-v2-approved-2026-07-18,locked,28,1,shuffled,pko,cell_identity,16477196612623848441
mve3-v2-approved-2026-07-18,locked,28,1,anti,shared,o_collection_root,7313418374571012753
mve3-v2-approved-2026-07-18,locked,28,1,anti,shared,non_o_collection_root,6867420065488463529
mve3-v2-approved-2026-07-18,locked,28,1,anti,shared,evaluation_root,16557225882641438625
mve3-v2-approved-2026-07-18,locked,28,1,anti,none,cell_identity,7858122441320231542
mve3-v2-approved-2026-07-18,locked,28,1,anti,p,cell_identity,11468866781835353221
mve3-v2-approved-2026-07-18,locked,28,1,anti,k,cell_identity,10739545676200234781
mve3-v2-approved-2026-07-18,locked,28,1,anti,o,cell_identity,13664858721828663811
mve3-v2-approved-2026-07-18,locked,28,1,anti,pk,cell_identity,17199888713097234660
mve3-v2-approved-2026-07-18,locked,28,1,anti,po,cell_identity,11536014465370716041
mve3-v2-approved-2026-07-18,locked,28,1,anti,ko,cell_identity,6785346629861074272
mve3-v2-approved-2026-07-18,locked,28,1,anti,pko,cell_identity,14981678213288121079
mve3-v2-approved-2026-07-18,locked,28,2,controlled,shared,o_collection_root,4094196333051770187
mve3-v2-approved-2026-07-18,locked,28,2,controlled,shared,non_o_collection_root,13409670554971616157
mve3-v2-approved-2026-07-18,locked,28,2,controlled,shared,evaluation_root,6033568119875048627
mve3-v2-approved-2026-07-18,locked,28,2,controlled,none,cell_identity,6603192994449429709
mve3-v2-approved-2026-07-18,locked,28,2,controlled,p,cell_identity,8693706761553873942
mve3-v2-approved-2026-07-18,locked,28,2,controlled,k,cell_identity,15767882082613333323
mve3-v2-approved-2026-07-18,locked,28,2,controlled,o,cell_identity,5406849702260935313
mve3-v2-approved-2026-07-18,locked,28,2,controlled,pk,cell_identity,16724025376645307201
mve3-v2-approved-2026-07-18,locked,28,2,controlled,po,cell_identity,5910515965800075017
mve3-v2-approved-2026-07-18,locked,28,2,controlled,ko,cell_identity,13473917973479604542
mve3-v2-approved-2026-07-18,locked,28,2,controlled,pko,cell_identity,1492285377333976749
mve3-v2-approved-2026-07-18,locked,28,2,learned,shared,o_collection_root,9256760720480231037
mve3-v2-approved-2026-07-18,locked,28,2,learned,shared,non_o_collection_root,13409670554971616157
mve3-v2-approved-2026-07-18,locked,28,2,learned,shared,evaluation_root,6033568119875048627
mve3-v2-approved-2026-07-18,locked,28,2,learned,none,cell_identity,13002712360526894489
mve3-v2-approved-2026-07-18,locked,28,2,learned,p,cell_identity,3171698084285007222
mve3-v2-approved-2026-07-18,locked,28,2,learned,k,cell_identity,16742029518622937399
mve3-v2-approved-2026-07-18,locked,28,2,learned,o,cell_identity,4730139301758262920
mve3-v2-approved-2026-07-18,locked,28,2,learned,pk,cell_identity,3358995159947287749
mve3-v2-approved-2026-07-18,locked,28,2,learned,po,cell_identity,11600488177798217968
mve3-v2-approved-2026-07-18,locked,28,2,learned,ko,cell_identity,14653925248462010230
mve3-v2-approved-2026-07-18,locked,28,2,learned,pko,cell_identity,4347756084199711083
mve3-v2-approved-2026-07-18,locked,28,2,shuffled,shared,o_collection_root,2620053490196907376
mve3-v2-approved-2026-07-18,locked,28,2,shuffled,shared,non_o_collection_root,13409670554971616157
mve3-v2-approved-2026-07-18,locked,28,2,shuffled,shared,evaluation_root,6033568119875048627
mve3-v2-approved-2026-07-18,locked,28,2,shuffled,none,cell_identity,14678792841974096822
mve3-v2-approved-2026-07-18,locked,28,2,shuffled,p,cell_identity,11149006890271029344
mve3-v2-approved-2026-07-18,locked,28,2,shuffled,k,cell_identity,15996100526243192238
mve3-v2-approved-2026-07-18,locked,28,2,shuffled,o,cell_identity,13680634475571787145
mve3-v2-approved-2026-07-18,locked,28,2,shuffled,pk,cell_identity,7928956236299819490
mve3-v2-approved-2026-07-18,locked,28,2,shuffled,po,cell_identity,4870980052082150535
mve3-v2-approved-2026-07-18,locked,28,2,shuffled,ko,cell_identity,16859941410184026331
mve3-v2-approved-2026-07-18,locked,28,2,shuffled,pko,cell_identity,10938010795354956070
mve3-v2-approved-2026-07-18,locked,28,2,anti,shared,o_collection_root,4362740612127276935
mve3-v2-approved-2026-07-18,locked,28,2,anti,shared,non_o_collection_root,13409670554971616157
mve3-v2-approved-2026-07-18,locked,28,2,anti,shared,evaluation_root,6033568119875048627
mve3-v2-approved-2026-07-18,locked,28,2,anti,none,cell_identity,961555636451077690
mve3-v2-approved-2026-07-18,locked,28,2,anti,p,cell_identity,4914791285491141204
mve3-v2-approved-2026-07-18,locked,28,2,anti,k,cell_identity,11424624858897928736
mve3-v2-approved-2026-07-18,locked,28,2,anti,o,cell_identity,9256594250806645565
mve3-v2-approved-2026-07-18,locked,28,2,anti,pk,cell_identity,12107509013739396728
mve3-v2-approved-2026-07-18,locked,28,2,anti,po,cell_identity,16148330768216196393
mve3-v2-approved-2026-07-18,locked,28,2,anti,ko,cell_identity,8348738095416698700
mve3-v2-approved-2026-07-18,locked,28,2,anti,pko,cell_identity,8242960868204491596
mve3-v2-approved-2026-07-18,locked,28,3,controlled,shared,o_collection_root,16435812806108718540
mve3-v2-approved-2026-07-18,locked,28,3,controlled,shared,non_o_collection_root,7439429024841783255
mve3-v2-approved-2026-07-18,locked,28,3,controlled,shared,evaluation_root,123024662110533605
mve3-v2-approved-2026-07-18,locked,28,3,controlled,none,cell_identity,9782601365649964946
mve3-v2-approved-2026-07-18,locked,28,3,controlled,p,cell_identity,4097495401292233712
mve3-v2-approved-2026-07-18,locked,28,3,controlled,k,cell_identity,4397294723435670292
mve3-v2-approved-2026-07-18,locked,28,3,controlled,o,cell_identity,13822957331112731705
mve3-v2-approved-2026-07-18,locked,28,3,controlled,pk,cell_identity,12546990242041103342
mve3-v2-approved-2026-07-18,locked,28,3,controlled,po,cell_identity,9676677945488897546
mve3-v2-approved-2026-07-18,locked,28,3,controlled,ko,cell_identity,11066117628741509447
mve3-v2-approved-2026-07-18,locked,28,3,controlled,pko,cell_identity,1847357897611976977
mve3-v2-approved-2026-07-18,locked,28,3,learned,shared,o_collection_root,7999577588056106775
mve3-v2-approved-2026-07-18,locked,28,3,learned,shared,non_o_collection_root,7439429024841783255
mve3-v2-approved-2026-07-18,locked,28,3,learned,shared,evaluation_root,123024662110533605
mve3-v2-approved-2026-07-18,locked,28,3,learned,none,cell_identity,120048140341859121
mve3-v2-approved-2026-07-18,locked,28,3,learned,p,cell_identity,8148122112962699128
mve3-v2-approved-2026-07-18,locked,28,3,learned,k,cell_identity,18246199923974420022
mve3-v2-approved-2026-07-18,locked,28,3,learned,o,cell_identity,11391354042157341282
mve3-v2-approved-2026-07-18,locked,28,3,learned,pk,cell_identity,12346733007842291076
mve3-v2-approved-2026-07-18,locked,28,3,learned,po,cell_identity,11676775842940149676
mve3-v2-approved-2026-07-18,locked,28,3,learned,ko,cell_identity,16008114399746160352
mve3-v2-approved-2026-07-18,locked,28,3,learned,pko,cell_identity,6680532947442790163
mve3-v2-approved-2026-07-18,locked,28,3,shuffled,shared,o_collection_root,387110270891916318
mve3-v2-approved-2026-07-18,locked,28,3,shuffled,shared,non_o_collection_root,7439429024841783255
mve3-v2-approved-2026-07-18,locked,28,3,shuffled,shared,evaluation_root,123024662110533605
mve3-v2-approved-2026-07-18,locked,28,3,shuffled,none,cell_identity,17141573466227110964
mve3-v2-approved-2026-07-18,locked,28,3,shuffled,p,cell_identity,14410291429108755955
mve3-v2-approved-2026-07-18,locked,28,3,shuffled,k,cell_identity,18192651057732343755
mve3-v2-approved-2026-07-18,locked,28,3,shuffled,o,cell_identity,17383384681411954250
mve3-v2-approved-2026-07-18,locked,28,3,shuffled,pk,cell_identity,5009491296488259469
mve3-v2-approved-2026-07-18,locked,28,3,shuffled,po,cell_identity,7155486620156444264
mve3-v2-approved-2026-07-18,locked,28,3,shuffled,ko,cell_identity,7228162478534645567
mve3-v2-approved-2026-07-18,locked,28,3,shuffled,pko,cell_identity,9882942535470377077
mve3-v2-approved-2026-07-18,locked,28,3,anti,shared,o_collection_root,10801337654471394780
mve3-v2-approved-2026-07-18,locked,28,3,anti,shared,non_o_collection_root,7439429024841783255
mve3-v2-approved-2026-07-18,locked,28,3,anti,shared,evaluation_root,123024662110533605
mve3-v2-approved-2026-07-18,locked,28,3,anti,none,cell_identity,5418306983875222830
mve3-v2-approved-2026-07-18,locked,28,3,anti,p,cell_identity,12405860176644106713
mve3-v2-approved-2026-07-18,locked,28,3,anti,k,cell_identity,13579764946367975660
mve3-v2-approved-2026-07-18,locked,28,3,anti,o,cell_identity,7372868195061798349
mve3-v2-approved-2026-07-18,locked,28,3,anti,pk,cell_identity,4645151295570888753
mve3-v2-approved-2026-07-18,locked,28,3,anti,po,cell_identity,14253405280795087880
mve3-v2-approved-2026-07-18,locked,28,3,anti,ko,cell_identity,2338815142716950950
mve3-v2-approved-2026-07-18,locked,28,3,anti,pko,cell_identity,12880748999277137093
mve3-v2-approved-2026-07-18,locked,29,1,controlled,shared,o_collection_root,14475600026906649726
mve3-v2-approved-2026-07-18,locked,29,1,controlled,shared,non_o_collection_root,5032500489453567645
mve3-v2-approved-2026-07-18,locked,29,1,controlled,shared,evaluation_root,3722977839667448994
mve3-v2-approved-2026-07-18,locked,29,1,controlled,none,cell_identity,14748739842064525865
mve3-v2-approved-2026-07-18,locked,29,1,controlled,p,cell_identity,11820350162615496238
mve3-v2-approved-2026-07-18,locked,29,1,controlled,k,cell_identity,10770188552557956788
mve3-v2-approved-2026-07-18,locked,29,1,controlled,o,cell_identity,4067277643831079159
mve3-v2-approved-2026-07-18,locked,29,1,controlled,pk,cell_identity,8464508509773052063
mve3-v2-approved-2026-07-18,locked,29,1,controlled,po,cell_identity,2432327485478190655
mve3-v2-approved-2026-07-18,locked,29,1,controlled,ko,cell_identity,11723756885458400631
mve3-v2-approved-2026-07-18,locked,29,1,controlled,pko,cell_identity,1666915607866951195
mve3-v2-approved-2026-07-18,locked,29,1,learned,shared,o_collection_root,15322153499186326245
mve3-v2-approved-2026-07-18,locked,29,1,learned,shared,non_o_collection_root,5032500489453567645
mve3-v2-approved-2026-07-18,locked,29,1,learned,shared,evaluation_root,3722977839667448994
mve3-v2-approved-2026-07-18,locked,29,1,learned,none,cell_identity,16417298697260337742
mve3-v2-approved-2026-07-18,locked,29,1,learned,p,cell_identity,3159507643726142110
mve3-v2-approved-2026-07-18,locked,29,1,learned,k,cell_identity,2878840726869579005
mve3-v2-approved-2026-07-18,locked,29,1,learned,o,cell_identity,7182556677886971114
mve3-v2-approved-2026-07-18,locked,29,1,learned,pk,cell_identity,14141897899943025675
mve3-v2-approved-2026-07-18,locked,29,1,learned,po,cell_identity,1837867451324991404
mve3-v2-approved-2026-07-18,locked,29,1,learned,ko,cell_identity,6870324592707785587
mve3-v2-approved-2026-07-18,locked,29,1,learned,pko,cell_identity,12909878554181665042
mve3-v2-approved-2026-07-18,locked,29,1,shuffled,shared,o_collection_root,15764660441820673496
mve3-v2-approved-2026-07-18,locked,29,1,shuffled,shared,non_o_collection_root,5032500489453567645
mve3-v2-approved-2026-07-18,locked,29,1,shuffled,shared,evaluation_root,3722977839667448994
mve3-v2-approved-2026-07-18,locked,29,1,shuffled,none,cell_identity,7865193450658644604
mve3-v2-approved-2026-07-18,locked,29,1,shuffled,p,cell_identity,3991282563778646627
mve3-v2-approved-2026-07-18,locked,29,1,shuffled,k,cell_identity,12679570261410135371
mve3-v2-approved-2026-07-18,locked,29,1,shuffled,o,cell_identity,15464335539237202183
mve3-v2-approved-2026-07-18,locked,29,1,shuffled,pk,cell_identity,227502241873324566
mve3-v2-approved-2026-07-18,locked,29,1,shuffled,po,cell_identity,8431079438208023526
mve3-v2-approved-2026-07-18,locked,29,1,shuffled,ko,cell_identity,12935816388005665629
mve3-v2-approved-2026-07-18,locked,29,1,shuffled,pko,cell_identity,11723244780111391227
mve3-v2-approved-2026-07-18,locked,29,1,anti,shared,o_collection_root,7950294742967967612
mve3-v2-approved-2026-07-18,locked,29,1,anti,shared,non_o_collection_root,5032500489453567645
mve3-v2-approved-2026-07-18,locked,29,1,anti,shared,evaluation_root,3722977839667448994
mve3-v2-approved-2026-07-18,locked,29,1,anti,none,cell_identity,864762241881690273
mve3-v2-approved-2026-07-18,locked,29,1,anti,p,cell_identity,1460369509840349222
mve3-v2-approved-2026-07-18,locked,29,1,anti,k,cell_identity,14948071290877964311
mve3-v2-approved-2026-07-18,locked,29,1,anti,o,cell_identity,7498956100011755860
mve3-v2-approved-2026-07-18,locked,29,1,anti,pk,cell_identity,5227240836080953318
mve3-v2-approved-2026-07-18,locked,29,1,anti,po,cell_identity,9465304259458875446
mve3-v2-approved-2026-07-18,locked,29,1,anti,ko,cell_identity,7225793462032636244
mve3-v2-approved-2026-07-18,locked,29,1,anti,pko,cell_identity,6856609459454220177
mve3-v2-approved-2026-07-18,locked,29,2,controlled,shared,o_collection_root,4272127942389653536
mve3-v2-approved-2026-07-18,locked,29,2,controlled,shared,non_o_collection_root,10053916100576420551
mve3-v2-approved-2026-07-18,locked,29,2,controlled,shared,evaluation_root,193737965285103803
mve3-v2-approved-2026-07-18,locked,29,2,controlled,none,cell_identity,16308257759798004226
mve3-v2-approved-2026-07-18,locked,29,2,controlled,p,cell_identity,4156351884139754495
mve3-v2-approved-2026-07-18,locked,29,2,controlled,k,cell_identity,15879613086839652493
mve3-v2-approved-2026-07-18,locked,29,2,controlled,o,cell_identity,2653356327811400345
mve3-v2-approved-2026-07-18,locked,29,2,controlled,pk,cell_identity,8761698420164165516
mve3-v2-approved-2026-07-18,locked,29,2,controlled,po,cell_identity,3192969401605323706
mve3-v2-approved-2026-07-18,locked,29,2,controlled,ko,cell_identity,12363786745953416960
mve3-v2-approved-2026-07-18,locked,29,2,controlled,pko,cell_identity,3848001671461850528
mve3-v2-approved-2026-07-18,locked,29,2,learned,shared,o_collection_root,12481256244714993365
mve3-v2-approved-2026-07-18,locked,29,2,learned,shared,non_o_collection_root,10053916100576420551
mve3-v2-approved-2026-07-18,locked,29,2,learned,shared,evaluation_root,193737965285103803
mve3-v2-approved-2026-07-18,locked,29,2,learned,none,cell_identity,12523438814525522701
mve3-v2-approved-2026-07-18,locked,29,2,learned,p,cell_identity,6334742691497471403
mve3-v2-approved-2026-07-18,locked,29,2,learned,k,cell_identity,15957083593181043502
mve3-v2-approved-2026-07-18,locked,29,2,learned,o,cell_identity,1321586228173268770
mve3-v2-approved-2026-07-18,locked,29,2,learned,pk,cell_identity,12725856746808105070
mve3-v2-approved-2026-07-18,locked,29,2,learned,po,cell_identity,17532906125787969119
mve3-v2-approved-2026-07-18,locked,29,2,learned,ko,cell_identity,15944703298126648390
mve3-v2-approved-2026-07-18,locked,29,2,learned,pko,cell_identity,14834333573232820818
mve3-v2-approved-2026-07-18,locked,29,2,shuffled,shared,o_collection_root,6482147525551704529
mve3-v2-approved-2026-07-18,locked,29,2,shuffled,shared,non_o_collection_root,10053916100576420551
mve3-v2-approved-2026-07-18,locked,29,2,shuffled,shared,evaluation_root,193737965285103803
mve3-v2-approved-2026-07-18,locked,29,2,shuffled,none,cell_identity,4124405452565884160
mve3-v2-approved-2026-07-18,locked,29,2,shuffled,p,cell_identity,12596218681483657069
mve3-v2-approved-2026-07-18,locked,29,2,shuffled,k,cell_identity,8279633942681604928
mve3-v2-approved-2026-07-18,locked,29,2,shuffled,o,cell_identity,2699853599370828162
mve3-v2-approved-2026-07-18,locked,29,2,shuffled,pk,cell_identity,4166852507091228523
mve3-v2-approved-2026-07-18,locked,29,2,shuffled,po,cell_identity,11142034185152408328
mve3-v2-approved-2026-07-18,locked,29,2,shuffled,ko,cell_identity,11964391593039662486
mve3-v2-approved-2026-07-18,locked,29,2,shuffled,pko,cell_identity,17394458426444658474
mve3-v2-approved-2026-07-18,locked,29,2,anti,shared,o_collection_root,13381484103773277697
mve3-v2-approved-2026-07-18,locked,29,2,anti,shared,non_o_collection_root,10053916100576420551
mve3-v2-approved-2026-07-18,locked,29,2,anti,shared,evaluation_root,193737965285103803
mve3-v2-approved-2026-07-18,locked,29,2,anti,none,cell_identity,8337009224031061408
mve3-v2-approved-2026-07-18,locked,29,2,anti,p,cell_identity,6066952999051231701
mve3-v2-approved-2026-07-18,locked,29,2,anti,k,cell_identity,1433992585599279372
mve3-v2-approved-2026-07-18,locked,29,2,anti,o,cell_identity,9105157348214999470
mve3-v2-approved-2026-07-18,locked,29,2,anti,pk,cell_identity,14419222606273076170
mve3-v2-approved-2026-07-18,locked,29,2,anti,po,cell_identity,9080451222850100348
mve3-v2-approved-2026-07-18,locked,29,2,anti,ko,cell_identity,5282286975736480823
mve3-v2-approved-2026-07-18,locked,29,2,anti,pko,cell_identity,15077945661420724483
mve3-v2-approved-2026-07-18,locked,29,3,controlled,shared,o_collection_root,13374537809228709905
mve3-v2-approved-2026-07-18,locked,29,3,controlled,shared,non_o_collection_root,6546113076611851349
mve3-v2-approved-2026-07-18,locked,29,3,controlled,shared,evaluation_root,3970690277725916110
mve3-v2-approved-2026-07-18,locked,29,3,controlled,none,cell_identity,9294374970128621388
mve3-v2-approved-2026-07-18,locked,29,3,controlled,p,cell_identity,7940713784229276521
mve3-v2-approved-2026-07-18,locked,29,3,controlled,k,cell_identity,2928465676100626182
mve3-v2-approved-2026-07-18,locked,29,3,controlled,o,cell_identity,11569193263778659393
mve3-v2-approved-2026-07-18,locked,29,3,controlled,pk,cell_identity,3818442037943820402
mve3-v2-approved-2026-07-18,locked,29,3,controlled,po,cell_identity,13999097247795496539
mve3-v2-approved-2026-07-18,locked,29,3,controlled,ko,cell_identity,13829589931256305555
mve3-v2-approved-2026-07-18,locked,29,3,controlled,pko,cell_identity,18371324990689022378
mve3-v2-approved-2026-07-18,locked,29,3,learned,shared,o_collection_root,13473835871776894162
mve3-v2-approved-2026-07-18,locked,29,3,learned,shared,non_o_collection_root,6546113076611851349
mve3-v2-approved-2026-07-18,locked,29,3,learned,shared,evaluation_root,3970690277725916110
mve3-v2-approved-2026-07-18,locked,29,3,learned,none,cell_identity,10955940895236672513
mve3-v2-approved-2026-07-18,locked,29,3,learned,p,cell_identity,2068086656643016835
mve3-v2-approved-2026-07-18,locked,29,3,learned,k,cell_identity,2809614303946972818
mve3-v2-approved-2026-07-18,locked,29,3,learned,o,cell_identity,7094839762051107049
mve3-v2-approved-2026-07-18,locked,29,3,learned,pk,cell_identity,13701077148946430439
mve3-v2-approved-2026-07-18,locked,29,3,learned,po,cell_identity,13793667443629890394
mve3-v2-approved-2026-07-18,locked,29,3,learned,ko,cell_identity,6810136404158934743
mve3-v2-approved-2026-07-18,locked,29,3,learned,pko,cell_identity,15261661275523315903
mve3-v2-approved-2026-07-18,locked,29,3,shuffled,shared,o_collection_root,15550128662522530914
mve3-v2-approved-2026-07-18,locked,29,3,shuffled,shared,non_o_collection_root,6546113076611851349
mve3-v2-approved-2026-07-18,locked,29,3,shuffled,shared,evaluation_root,3970690277725916110
mve3-v2-approved-2026-07-18,locked,29,3,shuffled,none,cell_identity,6124788324377768805
mve3-v2-approved-2026-07-18,locked,29,3,shuffled,p,cell_identity,8159209401522366922
mve3-v2-approved-2026-07-18,locked,29,3,shuffled,k,cell_identity,17608708298893074265
mve3-v2-approved-2026-07-18,locked,29,3,shuffled,o,cell_identity,6885790008620727986
mve3-v2-approved-2026-07-18,locked,29,3,shuffled,pk,cell_identity,12664589484919280820
mve3-v2-approved-2026-07-18,locked,29,3,shuffled,po,cell_identity,10513325493480833254
mve3-v2-approved-2026-07-18,locked,29,3,shuffled,ko,cell_identity,1816542026299794773
mve3-v2-approved-2026-07-18,locked,29,3,shuffled,pko,cell_identity,9415103067626070821
mve3-v2-approved-2026-07-18,locked,29,3,anti,shared,o_collection_root,5928100333893528933
mve3-v2-approved-2026-07-18,locked,29,3,anti,shared,non_o_collection_root,6546113076611851349
mve3-v2-approved-2026-07-18,locked,29,3,anti,shared,evaluation_root,3970690277725916110
mve3-v2-approved-2026-07-18,locked,29,3,anti,none,cell_identity,14493012179247959974
mve3-v2-approved-2026-07-18,locked,29,3,anti,p,cell_identity,11730235161773901210
mve3-v2-approved-2026-07-18,locked,29,3,anti,k,cell_identity,8270639081702479829
mve3-v2-approved-2026-07-18,locked,29,3,anti,o,cell_identity,7472732410979368842
mve3-v2-approved-2026-07-18,locked,29,3,anti,pk,cell_identity,442029179434775109
mve3-v2-approved-2026-07-18,locked,29,3,anti,po,cell_identity,149900307235441791
mve3-v2-approved-2026-07-18,locked,29,3,anti,ko,cell_identity,15373520910420575217
mve3-v2-approved-2026-07-18,locked,29,3,anti,pko,cell_identity,3905666951894818627
mve3-v2-approved-2026-07-18,locked,30,1,controlled,shared,o_collection_root,12683334985758330126
mve3-v2-approved-2026-07-18,locked,30,1,controlled,shared,non_o_collection_root,16260614496966967526
mve3-v2-approved-2026-07-18,locked,30,1,controlled,shared,evaluation_root,676843448392002615
mve3-v2-approved-2026-07-18,locked,30,1,controlled,none,cell_identity,3417971312075923220
mve3-v2-approved-2026-07-18,locked,30,1,controlled,p,cell_identity,195843593977972426
mve3-v2-approved-2026-07-18,locked,30,1,controlled,k,cell_identity,220563567760242224
mve3-v2-approved-2026-07-18,locked,30,1,controlled,o,cell_identity,5142214699947198081
mve3-v2-approved-2026-07-18,locked,30,1,controlled,pk,cell_identity,4860513642786203395
mve3-v2-approved-2026-07-18,locked,30,1,controlled,po,cell_identity,11971416196152801470
mve3-v2-approved-2026-07-18,locked,30,1,controlled,ko,cell_identity,10012845120686091154
mve3-v2-approved-2026-07-18,locked,30,1,controlled,pko,cell_identity,2219649837902535923
mve3-v2-approved-2026-07-18,locked,30,1,learned,shared,o_collection_root,2959332970604349442
mve3-v2-approved-2026-07-18,locked,30,1,learned,shared,non_o_collection_root,16260614496966967526
mve3-v2-approved-2026-07-18,locked,30,1,learned,shared,evaluation_root,676843448392002615
mve3-v2-approved-2026-07-18,locked,30,1,learned,none,cell_identity,5431967808318063063
mve3-v2-approved-2026-07-18,locked,30,1,learned,p,cell_identity,6956850837661848593
mve3-v2-approved-2026-07-18,locked,30,1,learned,k,cell_identity,696691602470377819
mve3-v2-approved-2026-07-18,locked,30,1,learned,o,cell_identity,8529269217683879724
mve3-v2-approved-2026-07-18,locked,30,1,learned,pk,cell_identity,8207424165191948508
mve3-v2-approved-2026-07-18,locked,30,1,learned,po,cell_identity,540516062143389687
mve3-v2-approved-2026-07-18,locked,30,1,learned,ko,cell_identity,12946325488392807638
mve3-v2-approved-2026-07-18,locked,30,1,learned,pko,cell_identity,7406328341241512548
mve3-v2-approved-2026-07-18,locked,30,1,shuffled,shared,o_collection_root,5724478321907715975
mve3-v2-approved-2026-07-18,locked,30,1,shuffled,shared,non_o_collection_root,16260614496966967526
mve3-v2-approved-2026-07-18,locked,30,1,shuffled,shared,evaluation_root,676843448392002615
mve3-v2-approved-2026-07-18,locked,30,1,shuffled,none,cell_identity,17681320897572392109
mve3-v2-approved-2026-07-18,locked,30,1,shuffled,p,cell_identity,5690102533574930299
mve3-v2-approved-2026-07-18,locked,30,1,shuffled,k,cell_identity,8036780749253915667
mve3-v2-approved-2026-07-18,locked,30,1,shuffled,o,cell_identity,781711997985198543
mve3-v2-approved-2026-07-18,locked,30,1,shuffled,pk,cell_identity,8366372217014013395
mve3-v2-approved-2026-07-18,locked,30,1,shuffled,po,cell_identity,14011252529055720397
mve3-v2-approved-2026-07-18,locked,30,1,shuffled,ko,cell_identity,6680782490782317282
mve3-v2-approved-2026-07-18,locked,30,1,shuffled,pko,cell_identity,10787140063051422308
mve3-v2-approved-2026-07-18,locked,30,1,anti,shared,o_collection_root,1924874292039086200
mve3-v2-approved-2026-07-18,locked,30,1,anti,shared,non_o_collection_root,16260614496966967526
mve3-v2-approved-2026-07-18,locked,30,1,anti,shared,evaluation_root,676843448392002615
mve3-v2-approved-2026-07-18,locked,30,1,anti,none,cell_identity,5068388637170245422
mve3-v2-approved-2026-07-18,locked,30,1,anti,p,cell_identity,999147603530124738
mve3-v2-approved-2026-07-18,locked,30,1,anti,k,cell_identity,5203207214436053356
mve3-v2-approved-2026-07-18,locked,30,1,anti,o,cell_identity,14130206749274797160
mve3-v2-approved-2026-07-18,locked,30,1,anti,pk,cell_identity,18003161302894711139
mve3-v2-approved-2026-07-18,locked,30,1,anti,po,cell_identity,18129056582933841409
mve3-v2-approved-2026-07-18,locked,30,1,anti,ko,cell_identity,6312631529348894195
mve3-v2-approved-2026-07-18,locked,30,1,anti,pko,cell_identity,12549246074816443826
mve3-v2-approved-2026-07-18,locked,30,2,controlled,shared,o_collection_root,13826670366105346771
mve3-v2-approved-2026-07-18,locked,30,2,controlled,shared,non_o_collection_root,16317482838256791073
mve3-v2-approved-2026-07-18,locked,30,2,controlled,shared,evaluation_root,16591307697930820934
mve3-v2-approved-2026-07-18,locked,30,2,controlled,none,cell_identity,17378103701583400522
mve3-v2-approved-2026-07-18,locked,30,2,controlled,p,cell_identity,16665487013487803209
mve3-v2-approved-2026-07-18,locked,30,2,controlled,k,cell_identity,6808618986276416245
mve3-v2-approved-2026-07-18,locked,30,2,controlled,o,cell_identity,14838908534975430921
mve3-v2-approved-2026-07-18,locked,30,2,controlled,pk,cell_identity,558606673304629889
mve3-v2-approved-2026-07-18,locked,30,2,controlled,po,cell_identity,2470987798617212893
mve3-v2-approved-2026-07-18,locked,30,2,controlled,ko,cell_identity,7210827741768053441
mve3-v2-approved-2026-07-18,locked,30,2,controlled,pko,cell_identity,11347003738282624811
mve3-v2-approved-2026-07-18,locked,30,2,learned,shared,o_collection_root,8612476890906132550
mve3-v2-approved-2026-07-18,locked,30,2,learned,shared,non_o_collection_root,16317482838256791073
mve3-v2-approved-2026-07-18,locked,30,2,learned,shared,evaluation_root,16591307697930820934
mve3-v2-approved-2026-07-18,locked,30,2,learned,none,cell_identity,12276591494710301091
mve3-v2-approved-2026-07-18,locked,30,2,learned,p,cell_identity,5048632440499429660
mve3-v2-approved-2026-07-18,locked,30,2,learned,k,cell_identity,154967755497229894
mve3-v2-approved-2026-07-18,locked,30,2,learned,o,cell_identity,7066147393941251471
mve3-v2-approved-2026-07-18,locked,30,2,learned,pk,cell_identity,10044851261578728443
mve3-v2-approved-2026-07-18,locked,30,2,learned,po,cell_identity,8213452230166150528
mve3-v2-approved-2026-07-18,locked,30,2,learned,ko,cell_identity,5781813943230330692
mve3-v2-approved-2026-07-18,locked,30,2,learned,pko,cell_identity,13234027412637034849
mve3-v2-approved-2026-07-18,locked,30,2,shuffled,shared,o_collection_root,7694067296010426664
mve3-v2-approved-2026-07-18,locked,30,2,shuffled,shared,non_o_collection_root,16317482838256791073
mve3-v2-approved-2026-07-18,locked,30,2,shuffled,shared,evaluation_root,16591307697930820934
mve3-v2-approved-2026-07-18,locked,30,2,shuffled,none,cell_identity,13802795462585197160
mve3-v2-approved-2026-07-18,locked,30,2,shuffled,p,cell_identity,927020241103269591
mve3-v2-approved-2026-07-18,locked,30,2,shuffled,k,cell_identity,5970268311488927956
mve3-v2-approved-2026-07-18,locked,30,2,shuffled,o,cell_identity,1889611624050429135
mve3-v2-approved-2026-07-18,locked,30,2,shuffled,pk,cell_identity,18005133253875562674
mve3-v2-approved-2026-07-18,locked,30,2,shuffled,po,cell_identity,1026108996315998147
mve3-v2-approved-2026-07-18,locked,30,2,shuffled,ko,cell_identity,7802768930267331549
mve3-v2-approved-2026-07-18,locked,30,2,shuffled,pko,cell_identity,17068423182498558096
mve3-v2-approved-2026-07-18,locked,30,2,anti,shared,o_collection_root,7294484884968239590
mve3-v2-approved-2026-07-18,locked,30,2,anti,shared,non_o_collection_root,16317482838256791073
mve3-v2-approved-2026-07-18,locked,30,2,anti,shared,evaluation_root,16591307697930820934
mve3-v2-approved-2026-07-18,locked,30,2,anti,none,cell_identity,5124312540262659441
mve3-v2-approved-2026-07-18,locked,30,2,anti,p,cell_identity,13324412399876104467
mve3-v2-approved-2026-07-18,locked,30,2,anti,k,cell_identity,16385784596340809266
mve3-v2-approved-2026-07-18,locked,30,2,anti,o,cell_identity,2987372059193176554
mve3-v2-approved-2026-07-18,locked,30,2,anti,pk,cell_identity,9844541300451086019
mve3-v2-approved-2026-07-18,locked,30,2,anti,po,cell_identity,3764953436909570011
mve3-v2-approved-2026-07-18,locked,30,2,anti,ko,cell_identity,6077083312919500554
mve3-v2-approved-2026-07-18,locked,30,2,anti,pko,cell_identity,25155359933791073
mve3-v2-approved-2026-07-18,locked,30,3,controlled,shared,o_collection_root,4717950887926093181
mve3-v2-approved-2026-07-18,locked,30,3,controlled,shared,non_o_collection_root,7647532556701835621
mve3-v2-approved-2026-07-18,locked,30,3,controlled,shared,evaluation_root,4405104919357530073
mve3-v2-approved-2026-07-18,locked,30,3,controlled,none,cell_identity,8349223609364954484
mve3-v2-approved-2026-07-18,locked,30,3,controlled,p,cell_identity,14524781381184292946
mve3-v2-approved-2026-07-18,locked,30,3,controlled,k,cell_identity,12699596437454173201
mve3-v2-approved-2026-07-18,locked,30,3,controlled,o,cell_identity,12241757102333004305
mve3-v2-approved-2026-07-18,locked,30,3,controlled,pk,cell_identity,10156971772858254177
mve3-v2-approved-2026-07-18,locked,30,3,controlled,po,cell_identity,1092032084098907642
mve3-v2-approved-2026-07-18,locked,30,3,controlled,ko,cell_identity,17021586785229990
mve3-v2-approved-2026-07-18,locked,30,3,controlled,pko,cell_identity,3882660209261663876
mve3-v2-approved-2026-07-18,locked,30,3,learned,shared,o_collection_root,1432373059230217750
mve3-v2-approved-2026-07-18,locked,30,3,learned,shared,non_o_collection_root,7647532556701835621
mve3-v2-approved-2026-07-18,locked,30,3,learned,shared,evaluation_root,4405104919357530073
mve3-v2-approved-2026-07-18,locked,30,3,learned,none,cell_identity,8606864841584837958
mve3-v2-approved-2026-07-18,locked,30,3,learned,p,cell_identity,7665934218820130195
mve3-v2-approved-2026-07-18,locked,30,3,learned,k,cell_identity,8196329778549649933
mve3-v2-approved-2026-07-18,locked,30,3,learned,o,cell_identity,8644546851981881035
mve3-v2-approved-2026-07-18,locked,30,3,learned,pk,cell_identity,7318772209841876812
mve3-v2-approved-2026-07-18,locked,30,3,learned,po,cell_identity,10592216367859036554
mve3-v2-approved-2026-07-18,locked,30,3,learned,ko,cell_identity,12989564838487284365
mve3-v2-approved-2026-07-18,locked,30,3,learned,pko,cell_identity,3913133070118592536
mve3-v2-approved-2026-07-18,locked,30,3,shuffled,shared,o_collection_root,17768850156822724335
mve3-v2-approved-2026-07-18,locked,30,3,shuffled,shared,non_o_collection_root,7647532556701835621
mve3-v2-approved-2026-07-18,locked,30,3,shuffled,shared,evaluation_root,4405104919357530073
mve3-v2-approved-2026-07-18,locked,30,3,shuffled,none,cell_identity,17491093451153332252
mve3-v2-approved-2026-07-18,locked,30,3,shuffled,p,cell_identity,15055073923379405084
mve3-v2-approved-2026-07-18,locked,30,3,shuffled,k,cell_identity,13282393478978146
mve3-v2-approved-2026-07-18,locked,30,3,shuffled,o,cell_identity,12583391689308859105
mve3-v2-approved-2026-07-18,locked,30,3,shuffled,pk,cell_identity,3920238816871399911
mve3-v2-approved-2026-07-18,locked,30,3,shuffled,po,cell_identity,10767430703980133496
mve3-v2-approved-2026-07-18,locked,30,3,shuffled,ko,cell_identity,10255188049227080633
mve3-v2-approved-2026-07-18,locked,30,3,shuffled,pko,cell_identity,701930496381178393
mve3-v2-approved-2026-07-18,locked,30,3,anti,shared,o_collection_root,11603881145063349272
mve3-v2-approved-2026-07-18,locked,30,3,anti,shared,non_o_collection_root,7647532556701835621
mve3-v2-approved-2026-07-18,locked,30,3,anti,shared,evaluation_root,4405104919357530073
mve3-v2-approved-2026-07-18,locked,30,3,anti,none,cell_identity,9078865199356370994
mve3-v2-approved-2026-07-18,locked,30,3,anti,p,cell_identity,11724012916899735541
mve3-v2-approved-2026-07-18,locked,30,3,anti,k,cell_identity,9425590720938010832
mve3-v2-approved-2026-07-18,locked,30,3,anti,o,cell_identity,553633662304175057
mve3-v2-approved-2026-07-18,locked,30,3,anti,pk,cell_identity,18287219305450606648
mve3-v2-approved-2026-07-18,locked,30,3,anti,po,cell_identity,13741198788283298914
mve3-v2-approved-2026-07-18,locked,30,3,anti,ko,cell_identity,15150795066666211340
mve3-v2-approved-2026-07-18,locked,30,3,anti,pko,cell_identity,1383656648218829747
mve3-v2-approved-2026-07-18,locked,31,1,controlled,shared,o_collection_root,9175965845132622672
mve3-v2-approved-2026-07-18,locked,31,1,controlled,shared,non_o_collection_root,1101262950362558483
mve3-v2-approved-2026-07-18,locked,31,1,controlled,shared,evaluation_root,11062189893386299498
mve3-v2-approved-2026-07-18,locked,31,1,controlled,none,cell_identity,16363663538899815995
mve3-v2-approved-2026-07-18,locked,31,1,controlled,p,cell_identity,16620351765724106950
mve3-v2-approved-2026-07-18,locked,31,1,controlled,k,cell_identity,12700754373695098124
mve3-v2-approved-2026-07-18,locked,31,1,controlled,o,cell_identity,7841497810134817689
mve3-v2-approved-2026-07-18,locked,31,1,controlled,pk,cell_identity,4753781516154891584
mve3-v2-approved-2026-07-18,locked,31,1,controlled,po,cell_identity,16539034079378150046
mve3-v2-approved-2026-07-18,locked,31,1,controlled,ko,cell_identity,4073842283163242530
mve3-v2-approved-2026-07-18,locked,31,1,controlled,pko,cell_identity,6380399821839165588
mve3-v2-approved-2026-07-18,locked,31,1,learned,shared,o_collection_root,487419699860642181
mve3-v2-approved-2026-07-18,locked,31,1,learned,shared,non_o_collection_root,1101262950362558483
mve3-v2-approved-2026-07-18,locked,31,1,learned,shared,evaluation_root,11062189893386299498
mve3-v2-approved-2026-07-18,locked,31,1,learned,none,cell_identity,11259220854139300020
mve3-v2-approved-2026-07-18,locked,31,1,learned,p,cell_identity,11431451598121886336
mve3-v2-approved-2026-07-18,locked,31,1,learned,k,cell_identity,2892143683285898404
mve3-v2-approved-2026-07-18,locked,31,1,learned,o,cell_identity,3870172317076843569
mve3-v2-approved-2026-07-18,locked,31,1,learned,pk,cell_identity,17293969378997457258
mve3-v2-approved-2026-07-18,locked,31,1,learned,po,cell_identity,8963096675783739777
mve3-v2-approved-2026-07-18,locked,31,1,learned,ko,cell_identity,11993987507224474483
mve3-v2-approved-2026-07-18,locked,31,1,learned,pko,cell_identity,8886483858875568825
mve3-v2-approved-2026-07-18,locked,31,1,shuffled,shared,o_collection_root,756536103275078018
mve3-v2-approved-2026-07-18,locked,31,1,shuffled,shared,non_o_collection_root,1101262950362558483
mve3-v2-approved-2026-07-18,locked,31,1,shuffled,shared,evaluation_root,11062189893386299498
mve3-v2-approved-2026-07-18,locked,31,1,shuffled,none,cell_identity,16257884987498872264
mve3-v2-approved-2026-07-18,locked,31,1,shuffled,p,cell_identity,16618129047606321255
mve3-v2-approved-2026-07-18,locked,31,1,shuffled,k,cell_identity,12859872508762071040
mve3-v2-approved-2026-07-18,locked,31,1,shuffled,o,cell_identity,4272627415005668028
mve3-v2-approved-2026-07-18,locked,31,1,shuffled,pk,cell_identity,2840329129419535599
mve3-v2-approved-2026-07-18,locked,31,1,shuffled,po,cell_identity,13791273664520527518
mve3-v2-approved-2026-07-18,locked,31,1,shuffled,ko,cell_identity,2737149288426877984
mve3-v2-approved-2026-07-18,locked,31,1,shuffled,pko,cell_identity,14964416623136817154
mve3-v2-approved-2026-07-18,locked,31,1,anti,shared,o_collection_root,10578945126615272640
mve3-v2-approved-2026-07-18,locked,31,1,anti,shared,non_o_collection_root,1101262950362558483
mve3-v2-approved-2026-07-18,locked,31,1,anti,shared,evaluation_root,11062189893386299498
mve3-v2-approved-2026-07-18,locked,31,1,anti,none,cell_identity,17740337030503131997
mve3-v2-approved-2026-07-18,locked,31,1,anti,p,cell_identity,9764607896389594938
mve3-v2-approved-2026-07-18,locked,31,1,anti,k,cell_identity,5792814420580576015
mve3-v2-approved-2026-07-18,locked,31,1,anti,o,cell_identity,10864414303769816927
mve3-v2-approved-2026-07-18,locked,31,1,anti,pk,cell_identity,3097918396930410847
mve3-v2-approved-2026-07-18,locked,31,1,anti,po,cell_identity,14405267114151542943
mve3-v2-approved-2026-07-18,locked,31,1,anti,ko,cell_identity,10927079852268365481
mve3-v2-approved-2026-07-18,locked,31,1,anti,pko,cell_identity,4735497689035687436
mve3-v2-approved-2026-07-18,locked,31,2,controlled,shared,o_collection_root,8519698018425929319
mve3-v2-approved-2026-07-18,locked,31,2,controlled,shared,non_o_collection_root,1164929368673637881
mve3-v2-approved-2026-07-18,locked,31,2,controlled,shared,evaluation_root,5524715910557733407
mve3-v2-approved-2026-07-18,locked,31,2,controlled,none,cell_identity,15437614492057760968
mve3-v2-approved-2026-07-18,locked,31,2,controlled,p,cell_identity,5848313335728937605
mve3-v2-approved-2026-07-18,locked,31,2,controlled,k,cell_identity,16779492812007446213
mve3-v2-approved-2026-07-18,locked,31,2,controlled,o,cell_identity,1144015958289159542
mve3-v2-approved-2026-07-18,locked,31,2,controlled,pk,cell_identity,12048484246995779062
mve3-v2-approved-2026-07-18,locked,31,2,controlled,po,cell_identity,1464329563936182924
mve3-v2-approved-2026-07-18,locked,31,2,controlled,ko,cell_identity,3257975120357323121
mve3-v2-approved-2026-07-18,locked,31,2,controlled,pko,cell_identity,15283729521532714953
mve3-v2-approved-2026-07-18,locked,31,2,learned,shared,o_collection_root,6772410132547538333
mve3-v2-approved-2026-07-18,locked,31,2,learned,shared,non_o_collection_root,1164929368673637881
mve3-v2-approved-2026-07-18,locked,31,2,learned,shared,evaluation_root,5524715910557733407
mve3-v2-approved-2026-07-18,locked,31,2,learned,none,cell_identity,6449360415154479581
mve3-v2-approved-2026-07-18,locked,31,2,learned,p,cell_identity,6201649374141577122
mve3-v2-approved-2026-07-18,locked,31,2,learned,k,cell_identity,15080296061035197750
mve3-v2-approved-2026-07-18,locked,31,2,learned,o,cell_identity,9343291146643888800
mve3-v2-approved-2026-07-18,locked,31,2,learned,pk,cell_identity,13691671014447093977
mve3-v2-approved-2026-07-18,locked,31,2,learned,po,cell_identity,17524959747544417947
mve3-v2-approved-2026-07-18,locked,31,2,learned,ko,cell_identity,2130129557104167506
mve3-v2-approved-2026-07-18,locked,31,2,learned,pko,cell_identity,15071539919400993328
mve3-v2-approved-2026-07-18,locked,31,2,shuffled,shared,o_collection_root,14069815357663419209
mve3-v2-approved-2026-07-18,locked,31,2,shuffled,shared,non_o_collection_root,1164929368673637881
mve3-v2-approved-2026-07-18,locked,31,2,shuffled,shared,evaluation_root,5524715910557733407
mve3-v2-approved-2026-07-18,locked,31,2,shuffled,none,cell_identity,15521316269191164434
mve3-v2-approved-2026-07-18,locked,31,2,shuffled,p,cell_identity,13043824927562155789
mve3-v2-approved-2026-07-18,locked,31,2,shuffled,k,cell_identity,14072414194759024412
mve3-v2-approved-2026-07-18,locked,31,2,shuffled,o,cell_identity,6004599366907307065
mve3-v2-approved-2026-07-18,locked,31,2,shuffled,pk,cell_identity,8837301135511338818
mve3-v2-approved-2026-07-18,locked,31,2,shuffled,po,cell_identity,13969092658187556129
mve3-v2-approved-2026-07-18,locked,31,2,shuffled,ko,cell_identity,13501462647017954388
mve3-v2-approved-2026-07-18,locked,31,2,shuffled,pko,cell_identity,123455925620731588
mve3-v2-approved-2026-07-18,locked,31,2,anti,shared,o_collection_root,14045370662223150412
mve3-v2-approved-2026-07-18,locked,31,2,anti,shared,non_o_collection_root,1164929368673637881
mve3-v2-approved-2026-07-18,locked,31,2,anti,shared,evaluation_root,5524715910557733407
mve3-v2-approved-2026-07-18,locked,31,2,anti,none,cell_identity,13528795669328913247
mve3-v2-approved-2026-07-18,locked,31,2,anti,p,cell_identity,17148097295468090702
mve3-v2-approved-2026-07-18,locked,31,2,anti,k,cell_identity,5652956151024199358
mve3-v2-approved-2026-07-18,locked,31,2,anti,o,cell_identity,490689135794879820
mve3-v2-approved-2026-07-18,locked,31,2,anti,pk,cell_identity,3145135822086691621
mve3-v2-approved-2026-07-18,locked,31,2,anti,po,cell_identity,5885638868293180283
mve3-v2-approved-2026-07-18,locked,31,2,anti,ko,cell_identity,7913886964218053920
mve3-v2-approved-2026-07-18,locked,31,2,anti,pko,cell_identity,12057070275239286923
mve3-v2-approved-2026-07-18,locked,31,3,controlled,shared,o_collection_root,15938224954410884712
mve3-v2-approved-2026-07-18,locked,31,3,controlled,shared,non_o_collection_root,9123757857368364546
mve3-v2-approved-2026-07-18,locked,31,3,controlled,shared,evaluation_root,11922495290748337449
mve3-v2-approved-2026-07-18,locked,31,3,controlled,none,cell_identity,16802728661866209951
mve3-v2-approved-2026-07-18,locked,31,3,controlled,p,cell_identity,17259748489802553100
mve3-v2-approved-2026-07-18,locked,31,3,controlled,k,cell_identity,13929522813766593985
mve3-v2-approved-2026-07-18,locked,31,3,controlled,o,cell_identity,3677355916590364189
mve3-v2-approved-2026-07-18,locked,31,3,controlled,pk,cell_identity,16188125730107042963
mve3-v2-approved-2026-07-18,locked,31,3,controlled,po,cell_identity,2854798481830793423
mve3-v2-approved-2026-07-18,locked,31,3,controlled,ko,cell_identity,6634072657727735195
mve3-v2-approved-2026-07-18,locked,31,3,controlled,pko,cell_identity,14754105602808165178
mve3-v2-approved-2026-07-18,locked,31,3,learned,shared,o_collection_root,12617146468228038496
mve3-v2-approved-2026-07-18,locked,31,3,learned,shared,non_o_collection_root,9123757857368364546
mve3-v2-approved-2026-07-18,locked,31,3,learned,shared,evaluation_root,11922495290748337449
mve3-v2-approved-2026-07-18,locked,31,3,learned,none,cell_identity,6506026720772627994
mve3-v2-approved-2026-07-18,locked,31,3,learned,p,cell_identity,1715071276081929561
mve3-v2-approved-2026-07-18,locked,31,3,learned,k,cell_identity,4545342176152362515
mve3-v2-approved-2026-07-18,locked,31,3,learned,o,cell_identity,10513694401991893601
mve3-v2-approved-2026-07-18,locked,31,3,learned,pk,cell_identity,13303811535672869801
mve3-v2-approved-2026-07-18,locked,31,3,learned,po,cell_identity,17401648305428116713
mve3-v2-approved-2026-07-18,locked,31,3,learned,ko,cell_identity,7199614465135960487
mve3-v2-approved-2026-07-18,locked,31,3,learned,pko,cell_identity,15458175740175081346
mve3-v2-approved-2026-07-18,locked,31,3,shuffled,shared,o_collection_root,5787141679836738097
mve3-v2-approved-2026-07-18,locked,31,3,shuffled,shared,non_o_collection_root,9123757857368364546
mve3-v2-approved-2026-07-18,locked,31,3,shuffled,shared,evaluation_root,11922495290748337449
mve3-v2-approved-2026-07-18,locked,31,3,shuffled,none,cell_identity,1214229147454199855
mve3-v2-approved-2026-07-18,locked,31,3,shuffled,p,cell_identity,10315943324127462328
mve3-v2-approved-2026-07-18,locked,31,3,shuffled,k,cell_identity,13488930116321866349
mve3-v2-approved-2026-07-18,locked,31,3,shuffled,o,cell_identity,1846452820599879168
mve3-v2-approved-2026-07-18,locked,31,3,shuffled,pk,cell_identity,17228877253256180878
mve3-v2-approved-2026-07-18,locked,31,3,shuffled,po,cell_identity,16519640008303397797
mve3-v2-approved-2026-07-18,locked,31,3,shuffled,ko,cell_identity,11442363798278197434
mve3-v2-approved-2026-07-18,locked,31,3,shuffled,pko,cell_identity,10312470548526875503
mve3-v2-approved-2026-07-18,locked,31,3,anti,shared,o_collection_root,2161210875240375641
mve3-v2-approved-2026-07-18,locked,31,3,anti,shared,non_o_collection_root,9123757857368364546
mve3-v2-approved-2026-07-18,locked,31,3,anti,shared,evaluation_root,11922495290748337449
mve3-v2-approved-2026-07-18,locked,31,3,anti,none,cell_identity,10430710555443154283
mve3-v2-approved-2026-07-18,locked,31,3,anti,p,cell_identity,13452825489042315821
mve3-v2-approved-2026-07-18,locked,31,3,anti,k,cell_identity,1490969566896456133
mve3-v2-approved-2026-07-18,locked,31,3,anti,o,cell_identity,13554416381622360077
mve3-v2-approved-2026-07-18,locked,31,3,anti,pk,cell_identity,16495432616002273744
mve3-v2-approved-2026-07-18,locked,31,3,anti,po,cell_identity,7967015896822825741
mve3-v2-approved-2026-07-18,locked,31,3,anti,ko,cell_identity,136957269902148724
mve3-v2-approved-2026-07-18,locked,31,3,anti,pko,cell_identity,9353761736752328590
mve3-v2-approved-2026-07-18,locked,32,1,controlled,shared,o_collection_root,18365447741958154771
mve3-v2-approved-2026-07-18,locked,32,1,controlled,shared,non_o_collection_root,16598653200487057008
mve3-v2-approved-2026-07-18,locked,32,1,controlled,shared,evaluation_root,3572376356512185070
mve3-v2-approved-2026-07-18,locked,32,1,controlled,none,cell_identity,2135231637720699022
mve3-v2-approved-2026-07-18,locked,32,1,controlled,p,cell_identity,15147749902314791464
mve3-v2-approved-2026-07-18,locked,32,1,controlled,k,cell_identity,8698518219090914398
mve3-v2-approved-2026-07-18,locked,32,1,controlled,o,cell_identity,15899114147082718525
mve3-v2-approved-2026-07-18,locked,32,1,controlled,pk,cell_identity,14739820516841034328
mve3-v2-approved-2026-07-18,locked,32,1,controlled,po,cell_identity,2130108983646303436
mve3-v2-approved-2026-07-18,locked,32,1,controlled,ko,cell_identity,9128751088601731607
mve3-v2-approved-2026-07-18,locked,32,1,controlled,pko,cell_identity,7125261909133233353
mve3-v2-approved-2026-07-18,locked,32,1,learned,shared,o_collection_root,3870997774244385908
mve3-v2-approved-2026-07-18,locked,32,1,learned,shared,non_o_collection_root,16598653200487057008
mve3-v2-approved-2026-07-18,locked,32,1,learned,shared,evaluation_root,3572376356512185070
mve3-v2-approved-2026-07-18,locked,32,1,learned,none,cell_identity,11004560800113016848
mve3-v2-approved-2026-07-18,locked,32,1,learned,p,cell_identity,11275100692885875361
mve3-v2-approved-2026-07-18,locked,32,1,learned,k,cell_identity,8641388807831655183
mve3-v2-approved-2026-07-18,locked,32,1,learned,o,cell_identity,17434148733178957100
mve3-v2-approved-2026-07-18,locked,32,1,learned,pk,cell_identity,4615497668703962068
mve3-v2-approved-2026-07-18,locked,32,1,learned,po,cell_identity,15058019488793531396
mve3-v2-approved-2026-07-18,locked,32,1,learned,ko,cell_identity,13270790782372299321
mve3-v2-approved-2026-07-18,locked,32,1,learned,pko,cell_identity,3483555795893082105
mve3-v2-approved-2026-07-18,locked,32,1,shuffled,shared,o_collection_root,18106319016799745445
mve3-v2-approved-2026-07-18,locked,32,1,shuffled,shared,non_o_collection_root,16598653200487057008
mve3-v2-approved-2026-07-18,locked,32,1,shuffled,shared,evaluation_root,3572376356512185070
mve3-v2-approved-2026-07-18,locked,32,1,shuffled,none,cell_identity,16388969883765022935
mve3-v2-approved-2026-07-18,locked,32,1,shuffled,p,cell_identity,7857328058452166625
mve3-v2-approved-2026-07-18,locked,32,1,shuffled,k,cell_identity,15052961300014385035
mve3-v2-approved-2026-07-18,locked,32,1,shuffled,o,cell_identity,11191282831986341786
mve3-v2-approved-2026-07-18,locked,32,1,shuffled,pk,cell_identity,14993762612235851068
mve3-v2-approved-2026-07-18,locked,32,1,shuffled,po,cell_identity,17967336439568506874
mve3-v2-approved-2026-07-18,locked,32,1,shuffled,ko,cell_identity,10636417694496393936
mve3-v2-approved-2026-07-18,locked,32,1,shuffled,pko,cell_identity,14289015191577757631
mve3-v2-approved-2026-07-18,locked,32,1,anti,shared,o_collection_root,12875220656560482360
mve3-v2-approved-2026-07-18,locked,32,1,anti,shared,non_o_collection_root,16598653200487057008
mve3-v2-approved-2026-07-18,locked,32,1,anti,shared,evaluation_root,3572376356512185070
mve3-v2-approved-2026-07-18,locked,32,1,anti,none,cell_identity,11892047938138617838
mve3-v2-approved-2026-07-18,locked,32,1,anti,p,cell_identity,1281401701027684076
mve3-v2-approved-2026-07-18,locked,32,1,anti,k,cell_identity,2147602024273920879
mve3-v2-approved-2026-07-18,locked,32,1,anti,o,cell_identity,8802996217243929602
mve3-v2-approved-2026-07-18,locked,32,1,anti,pk,cell_identity,9926854102286390770
mve3-v2-approved-2026-07-18,locked,32,1,anti,po,cell_identity,18210220330349322733
mve3-v2-approved-2026-07-18,locked,32,1,anti,ko,cell_identity,10163173671764415822
mve3-v2-approved-2026-07-18,locked,32,1,anti,pko,cell_identity,17960758716714727314
mve3-v2-approved-2026-07-18,locked,32,2,controlled,shared,o_collection_root,10688771833927099076
mve3-v2-approved-2026-07-18,locked,32,2,controlled,shared,non_o_collection_root,16406405004739019459
mve3-v2-approved-2026-07-18,locked,32,2,controlled,shared,evaluation_root,6136047418490321320
mve3-v2-approved-2026-07-18,locked,32,2,controlled,none,cell_identity,13096814842273574161
mve3-v2-approved-2026-07-18,locked,32,2,controlled,p,cell_identity,6397014476293481984
mve3-v2-approved-2026-07-18,locked,32,2,controlled,k,cell_identity,8899227322225728288
mve3-v2-approved-2026-07-18,locked,32,2,controlled,o,cell_identity,18041182456032040644
mve3-v2-approved-2026-07-18,locked,32,2,controlled,pk,cell_identity,14667554054680629137
mve3-v2-approved-2026-07-18,locked,32,2,controlled,po,cell_identity,14883069908874795773
mve3-v2-approved-2026-07-18,locked,32,2,controlled,ko,cell_identity,3485211144680095301
mve3-v2-approved-2026-07-18,locked,32,2,controlled,pko,cell_identity,1256572720233753628
mve3-v2-approved-2026-07-18,locked,32,2,learned,shared,o_collection_root,7841644773751271752
mve3-v2-approved-2026-07-18,locked,32,2,learned,shared,non_o_collection_root,16406405004739019459
mve3-v2-approved-2026-07-18,locked,32,2,learned,shared,evaluation_root,6136047418490321320
mve3-v2-approved-2026-07-18,locked,32,2,learned,none,cell_identity,13677603985572704169
mve3-v2-approved-2026-07-18,locked,32,2,learned,p,cell_identity,504974752606965399
mve3-v2-approved-2026-07-18,locked,32,2,learned,k,cell_identity,7510640182533030588
mve3-v2-approved-2026-07-18,locked,32,2,learned,o,cell_identity,5156570776105597347
mve3-v2-approved-2026-07-18,locked,32,2,learned,pk,cell_identity,2410152130911995404
mve3-v2-approved-2026-07-18,locked,32,2,learned,po,cell_identity,9160764625152929285
mve3-v2-approved-2026-07-18,locked,32,2,learned,ko,cell_identity,9588591767058914596
mve3-v2-approved-2026-07-18,locked,32,2,learned,pko,cell_identity,18148723673246581546
mve3-v2-approved-2026-07-18,locked,32,2,shuffled,shared,o_collection_root,12710071484241411738
mve3-v2-approved-2026-07-18,locked,32,2,shuffled,shared,non_o_collection_root,16406405004739019459
mve3-v2-approved-2026-07-18,locked,32,2,shuffled,shared,evaluation_root,6136047418490321320
mve3-v2-approved-2026-07-18,locked,32,2,shuffled,none,cell_identity,4169996686798288695
mve3-v2-approved-2026-07-18,locked,32,2,shuffled,p,cell_identity,16856629911737437923
mve3-v2-approved-2026-07-18,locked,32,2,shuffled,k,cell_identity,12100869618799388530
mve3-v2-approved-2026-07-18,locked,32,2,shuffled,o,cell_identity,3065335022999243291
mve3-v2-approved-2026-07-18,locked,32,2,shuffled,pk,cell_identity,7899639921419355788
mve3-v2-approved-2026-07-18,locked,32,2,shuffled,po,cell_identity,13051593707807649857
mve3-v2-approved-2026-07-18,locked,32,2,shuffled,ko,cell_identity,13467935069422275164
mve3-v2-approved-2026-07-18,locked,32,2,shuffled,pko,cell_identity,4941533032740234281
mve3-v2-approved-2026-07-18,locked,32,2,anti,shared,o_collection_root,740909713883136604
mve3-v2-approved-2026-07-18,locked,32,2,anti,shared,non_o_collection_root,16406405004739019459
mve3-v2-approved-2026-07-18,locked,32,2,anti,shared,evaluation_root,6136047418490321320
mve3-v2-approved-2026-07-18,locked,32,2,anti,none,cell_identity,8012909843994136967
mve3-v2-approved-2026-07-18,locked,32,2,anti,p,cell_identity,4753075589727999246
mve3-v2-approved-2026-07-18,locked,32,2,anti,k,cell_identity,13407226100098796056
mve3-v2-approved-2026-07-18,locked,32,2,anti,o,cell_identity,15934577200360934049
mve3-v2-approved-2026-07-18,locked,32,2,anti,pk,cell_identity,11646417028219660004
mve3-v2-approved-2026-07-18,locked,32,2,anti,po,cell_identity,4665414745372246710
mve3-v2-approved-2026-07-18,locked,32,2,anti,ko,cell_identity,7811666945617926634
mve3-v2-approved-2026-07-18,locked,32,2,anti,pko,cell_identity,401824650134433637
mve3-v2-approved-2026-07-18,locked,32,3,controlled,shared,o_collection_root,10081007835748573839
mve3-v2-approved-2026-07-18,locked,32,3,controlled,shared,non_o_collection_root,17041770547561811828
mve3-v2-approved-2026-07-18,locked,32,3,controlled,shared,evaluation_root,9560293661850952216
mve3-v2-approved-2026-07-18,locked,32,3,controlled,none,cell_identity,4292699501718134796
mve3-v2-approved-2026-07-18,locked,32,3,controlled,p,cell_identity,2244656971097426458
mve3-v2-approved-2026-07-18,locked,32,3,controlled,k,cell_identity,1842085352153589836
mve3-v2-approved-2026-07-18,locked,32,3,controlled,o,cell_identity,8730723753788078332
mve3-v2-approved-2026-07-18,locked,32,3,controlled,pk,cell_identity,9573200482214937659
mve3-v2-approved-2026-07-18,locked,32,3,controlled,po,cell_identity,12316775378219334037
mve3-v2-approved-2026-07-18,locked,32,3,controlled,ko,cell_identity,9900216254382153709
mve3-v2-approved-2026-07-18,locked,32,3,controlled,pko,cell_identity,18296536465992890786
mve3-v2-approved-2026-07-18,locked,32,3,learned,shared,o_collection_root,18045481666865779724
mve3-v2-approved-2026-07-18,locked,32,3,learned,shared,non_o_collection_root,17041770547561811828
mve3-v2-approved-2026-07-18,locked,32,3,learned,shared,evaluation_root,9560293661850952216
mve3-v2-approved-2026-07-18,locked,32,3,learned,none,cell_identity,5331269183992211009
mve3-v2-approved-2026-07-18,locked,32,3,learned,p,cell_identity,15966168268160486284
mve3-v2-approved-2026-07-18,locked,32,3,learned,k,cell_identity,7662102132476820052
mve3-v2-approved-2026-07-18,locked,32,3,learned,o,cell_identity,14251311153444542147
mve3-v2-approved-2026-07-18,locked,32,3,learned,pk,cell_identity,7081614351322817579
mve3-v2-approved-2026-07-18,locked,32,3,learned,po,cell_identity,8975125466399052091
mve3-v2-approved-2026-07-18,locked,32,3,learned,ko,cell_identity,10815977988347920767
mve3-v2-approved-2026-07-18,locked,32,3,learned,pko,cell_identity,9725245999728956208
mve3-v2-approved-2026-07-18,locked,32,3,shuffled,shared,o_collection_root,16615796409846304822
mve3-v2-approved-2026-07-18,locked,32,3,shuffled,shared,non_o_collection_root,17041770547561811828
mve3-v2-approved-2026-07-18,locked,32,3,shuffled,shared,evaluation_root,9560293661850952216
mve3-v2-approved-2026-07-18,locked,32,3,shuffled,none,cell_identity,2930578789985692252
mve3-v2-approved-2026-07-18,locked,32,3,shuffled,p,cell_identity,14883157679671922904
mve3-v2-approved-2026-07-18,locked,32,3,shuffled,k,cell_identity,12058051087186522753
mve3-v2-approved-2026-07-18,locked,32,3,shuffled,o,cell_identity,1647266318124842222
mve3-v2-approved-2026-07-18,locked,32,3,shuffled,pk,cell_identity,7659808998859164576
mve3-v2-approved-2026-07-18,locked,32,3,shuffled,po,cell_identity,437410227608915398
mve3-v2-approved-2026-07-18,locked,32,3,shuffled,ko,cell_identity,8654880143869876081
mve3-v2-approved-2026-07-18,locked,32,3,shuffled,pko,cell_identity,16741097964196224364
mve3-v2-approved-2026-07-18,locked,32,3,anti,shared,o_collection_root,4796933634025514272
mve3-v2-approved-2026-07-18,locked,32,3,anti,shared,non_o_collection_root,17041770547561811828
mve3-v2-approved-2026-07-18,locked,32,3,anti,shared,evaluation_root,9560293661850952216
mve3-v2-approved-2026-07-18,locked,32,3,anti,none,cell_identity,14330201892141903128
mve3-v2-approved-2026-07-18,locked,32,3,anti,p,cell_identity,16609597889732178946
mve3-v2-approved-2026-07-18,locked,32,3,anti,k,cell_identity,2464165080071484867
mve3-v2-approved-2026-07-18,locked,32,3,anti,o,cell_identity,3940149382282872738
mve3-v2-approved-2026-07-18,locked,32,3,anti,pk,cell_identity,2609815184586522038
mve3-v2-approved-2026-07-18,locked,32,3,anti,po,cell_identity,9330559769190339870
mve3-v2-approved-2026-07-18,locked,32,3,anti,ko,cell_identity,6904099948096141807
mve3-v2-approved-2026-07-18,locked,32,3,anti,pko,cell_identity,5480983357964314971
mve3-v2-approved-2026-07-18,locked,33,1,controlled,shared,o_collection_root,210993842784902365
mve3-v2-approved-2026-07-18,locked,33,1,controlled,shared,non_o_collection_root,13906152569080339894
mve3-v2-approved-2026-07-18,locked,33,1,controlled,shared,evaluation_root,2975164663102943575
mve3-v2-approved-2026-07-18,locked,33,1,controlled,none,cell_identity,7367014748152087802
mve3-v2-approved-2026-07-18,locked,33,1,controlled,p,cell_identity,9523105809589715334
mve3-v2-approved-2026-07-18,locked,33,1,controlled,k,cell_identity,16291037020640975907
mve3-v2-approved-2026-07-18,locked,33,1,controlled,o,cell_identity,6760345872188727429
mve3-v2-approved-2026-07-18,locked,33,1,controlled,pk,cell_identity,13931275291587729827
mve3-v2-approved-2026-07-18,locked,33,1,controlled,po,cell_identity,11856240959666453623
mve3-v2-approved-2026-07-18,locked,33,1,controlled,ko,cell_identity,6732332690251575602
mve3-v2-approved-2026-07-18,locked,33,1,controlled,pko,cell_identity,1261038381412870977
mve3-v2-approved-2026-07-18,locked,33,1,learned,shared,o_collection_root,14752444210703217114
mve3-v2-approved-2026-07-18,locked,33,1,learned,shared,non_o_collection_root,13906152569080339894
mve3-v2-approved-2026-07-18,locked,33,1,learned,shared,evaluation_root,2975164663102943575
mve3-v2-approved-2026-07-18,locked,33,1,learned,none,cell_identity,15697345860816193944
mve3-v2-approved-2026-07-18,locked,33,1,learned,p,cell_identity,16067679326279150549
mve3-v2-approved-2026-07-18,locked,33,1,learned,k,cell_identity,3130495900781393159
mve3-v2-approved-2026-07-18,locked,33,1,learned,o,cell_identity,9461845040679666316
mve3-v2-approved-2026-07-18,locked,33,1,learned,pk,cell_identity,8268237472037045481
mve3-v2-approved-2026-07-18,locked,33,1,learned,po,cell_identity,15685750668184693725
mve3-v2-approved-2026-07-18,locked,33,1,learned,ko,cell_identity,6780717393838468143
mve3-v2-approved-2026-07-18,locked,33,1,learned,pko,cell_identity,12643595450814825230
mve3-v2-approved-2026-07-18,locked,33,1,shuffled,shared,o_collection_root,17128141426293248081
mve3-v2-approved-2026-07-18,locked,33,1,shuffled,shared,non_o_collection_root,13906152569080339894
mve3-v2-approved-2026-07-18,locked,33,1,shuffled,shared,evaluation_root,2975164663102943575
mve3-v2-approved-2026-07-18,locked,33,1,shuffled,none,cell_identity,6908225134195527795
mve3-v2-approved-2026-07-18,locked,33,1,shuffled,p,cell_identity,11448868518288473713
mve3-v2-approved-2026-07-18,locked,33,1,shuffled,k,cell_identity,13598178864182100852
mve3-v2-approved-2026-07-18,locked,33,1,shuffled,o,cell_identity,18293972473857142982
mve3-v2-approved-2026-07-18,locked,33,1,shuffled,pk,cell_identity,8298898603280584636
mve3-v2-approved-2026-07-18,locked,33,1,shuffled,po,cell_identity,6495075140742141090
mve3-v2-approved-2026-07-18,locked,33,1,shuffled,ko,cell_identity,4998153482412396306
mve3-v2-approved-2026-07-18,locked,33,1,shuffled,pko,cell_identity,1055927300419827071
mve3-v2-approved-2026-07-18,locked,33,1,anti,shared,o_collection_root,989658229571442347
mve3-v2-approved-2026-07-18,locked,33,1,anti,shared,non_o_collection_root,13906152569080339894
mve3-v2-approved-2026-07-18,locked,33,1,anti,shared,evaluation_root,2975164663102943575
mve3-v2-approved-2026-07-18,locked,33,1,anti,none,cell_identity,16016965106352330184
mve3-v2-approved-2026-07-18,locked,33,1,anti,p,cell_identity,12228485004514319375
mve3-v2-approved-2026-07-18,locked,33,1,anti,k,cell_identity,10532681235427704121
mve3-v2-approved-2026-07-18,locked,33,1,anti,o,cell_identity,10954197678424749898
mve3-v2-approved-2026-07-18,locked,33,1,anti,pk,cell_identity,6032011937862925590
mve3-v2-approved-2026-07-18,locked,33,1,anti,po,cell_identity,10680653717191865185
mve3-v2-approved-2026-07-18,locked,33,1,anti,ko,cell_identity,3486929561873933623
mve3-v2-approved-2026-07-18,locked,33,1,anti,pko,cell_identity,3355075929833296251
mve3-v2-approved-2026-07-18,locked,33,2,controlled,shared,o_collection_root,16873757755494755688
mve3-v2-approved-2026-07-18,locked,33,2,controlled,shared,non_o_collection_root,10920756395685431929
mve3-v2-approved-2026-07-18,locked,33,2,controlled,shared,evaluation_root,11346205394263451318
mve3-v2-approved-2026-07-18,locked,33,2,controlled,none,cell_identity,5898995839428030040
mve3-v2-approved-2026-07-18,locked,33,2,controlled,p,cell_identity,14171361912686829376
mve3-v2-approved-2026-07-18,locked,33,2,controlled,k,cell_identity,3771977397068836662
mve3-v2-approved-2026-07-18,locked,33,2,controlled,o,cell_identity,5198452324377047313
mve3-v2-approved-2026-07-18,locked,33,2,controlled,pk,cell_identity,10364738577919566318
mve3-v2-approved-2026-07-18,locked,33,2,controlled,po,cell_identity,13807071246502368876
mve3-v2-approved-2026-07-18,locked,33,2,controlled,ko,cell_identity,14047751787996886358
mve3-v2-approved-2026-07-18,locked,33,2,controlled,pko,cell_identity,13131544519924128205
mve3-v2-approved-2026-07-18,locked,33,2,learned,shared,o_collection_root,3919150686172679277
mve3-v2-approved-2026-07-18,locked,33,2,learned,shared,non_o_collection_root,10920756395685431929
mve3-v2-approved-2026-07-18,locked,33,2,learned,shared,evaluation_root,11346205394263451318
mve3-v2-approved-2026-07-18,locked,33,2,learned,none,cell_identity,4378844261918417478
mve3-v2-approved-2026-07-18,locked,33,2,learned,p,cell_identity,9264761724846752989
mve3-v2-approved-2026-07-18,locked,33,2,learned,k,cell_identity,1924824647786160925
mve3-v2-approved-2026-07-18,locked,33,2,learned,o,cell_identity,8476297436975144828
mve3-v2-approved-2026-07-18,locked,33,2,learned,pk,cell_identity,8442232475333329105
mve3-v2-approved-2026-07-18,locked,33,2,learned,po,cell_identity,8771038441207341026
mve3-v2-approved-2026-07-18,locked,33,2,learned,ko,cell_identity,8193765905427619028
mve3-v2-approved-2026-07-18,locked,33,2,learned,pko,cell_identity,4756438670164840421
mve3-v2-approved-2026-07-18,locked,33,2,shuffled,shared,o_collection_root,6013883508770292108
mve3-v2-approved-2026-07-18,locked,33,2,shuffled,shared,non_o_collection_root,10920756395685431929
mve3-v2-approved-2026-07-18,locked,33,2,shuffled,shared,evaluation_root,11346205394263451318
mve3-v2-approved-2026-07-18,locked,33,2,shuffled,none,cell_identity,10240501688389692034
mve3-v2-approved-2026-07-18,locked,33,2,shuffled,p,cell_identity,1535263074788623722
mve3-v2-approved-2026-07-18,locked,33,2,shuffled,k,cell_identity,535015655219343612
mve3-v2-approved-2026-07-18,locked,33,2,shuffled,o,cell_identity,2362229913555823612
mve3-v2-approved-2026-07-18,locked,33,2,shuffled,pk,cell_identity,7639018811496073669
mve3-v2-approved-2026-07-18,locked,33,2,shuffled,po,cell_identity,1294692110698334402
mve3-v2-approved-2026-07-18,locked,33,2,shuffled,ko,cell_identity,3232910918403323578
mve3-v2-approved-2026-07-18,locked,33,2,shuffled,pko,cell_identity,11527819416086086708
mve3-v2-approved-2026-07-18,locked,33,2,anti,shared,o_collection_root,2726797386739771349
mve3-v2-approved-2026-07-18,locked,33,2,anti,shared,non_o_collection_root,10920756395685431929
mve3-v2-approved-2026-07-18,locked,33,2,anti,shared,evaluation_root,11346205394263451318
mve3-v2-approved-2026-07-18,locked,33,2,anti,none,cell_identity,1338535913622816404
mve3-v2-approved-2026-07-18,locked,33,2,anti,p,cell_identity,6479502748412113130
mve3-v2-approved-2026-07-18,locked,33,2,anti,k,cell_identity,5511125381406868765
mve3-v2-approved-2026-07-18,locked,33,2,anti,o,cell_identity,626169379328010663
mve3-v2-approved-2026-07-18,locked,33,2,anti,pk,cell_identity,15179519534036068119
mve3-v2-approved-2026-07-18,locked,33,2,anti,po,cell_identity,1027164388298884564
mve3-v2-approved-2026-07-18,locked,33,2,anti,ko,cell_identity,11340108456334515398
mve3-v2-approved-2026-07-18,locked,33,2,anti,pko,cell_identity,6174004864589806101
mve3-v2-approved-2026-07-18,locked,33,3,controlled,shared,o_collection_root,15989851582807511002
mve3-v2-approved-2026-07-18,locked,33,3,controlled,shared,non_o_collection_root,3012872885209702013
mve3-v2-approved-2026-07-18,locked,33,3,controlled,shared,evaluation_root,7513201029342861999
mve3-v2-approved-2026-07-18,locked,33,3,controlled,none,cell_identity,14925631108169135433
mve3-v2-approved-2026-07-18,locked,33,3,controlled,p,cell_identity,13529682772629781617
mve3-v2-approved-2026-07-18,locked,33,3,controlled,k,cell_identity,2998206516194198119
mve3-v2-approved-2026-07-18,locked,33,3,controlled,o,cell_identity,4897823762393524139
mve3-v2-approved-2026-07-18,locked,33,3,controlled,pk,cell_identity,7011733148060328206
mve3-v2-approved-2026-07-18,locked,33,3,controlled,po,cell_identity,1248755435502093997
mve3-v2-approved-2026-07-18,locked,33,3,controlled,ko,cell_identity,17874576464265722293
mve3-v2-approved-2026-07-18,locked,33,3,controlled,pko,cell_identity,8363458802352944512
mve3-v2-approved-2026-07-18,locked,33,3,learned,shared,o_collection_root,15032432087270329665
mve3-v2-approved-2026-07-18,locked,33,3,learned,shared,non_o_collection_root,3012872885209702013
mve3-v2-approved-2026-07-18,locked,33,3,learned,shared,evaluation_root,7513201029342861999
mve3-v2-approved-2026-07-18,locked,33,3,learned,none,cell_identity,18010816909902347263
mve3-v2-approved-2026-07-18,locked,33,3,learned,p,cell_identity,11255477750805377662
mve3-v2-approved-2026-07-18,locked,33,3,learned,k,cell_identity,8689739715399572482
mve3-v2-approved-2026-07-18,locked,33,3,learned,o,cell_identity,18419806209226531952
mve3-v2-approved-2026-07-18,locked,33,3,learned,pk,cell_identity,8151557776451744706
mve3-v2-approved-2026-07-18,locked,33,3,learned,po,cell_identity,13021717559758434259
mve3-v2-approved-2026-07-18,locked,33,3,learned,ko,cell_identity,14390574499826324163
mve3-v2-approved-2026-07-18,locked,33,3,learned,pko,cell_identity,18325093358469618349
mve3-v2-approved-2026-07-18,locked,33,3,shuffled,shared,o_collection_root,15449825979200537477
mve3-v2-approved-2026-07-18,locked,33,3,shuffled,shared,non_o_collection_root,3012872885209702013
mve3-v2-approved-2026-07-18,locked,33,3,shuffled,shared,evaluation_root,7513201029342861999
mve3-v2-approved-2026-07-18,locked,33,3,shuffled,none,cell_identity,15699291726263146179
mve3-v2-approved-2026-07-18,locked,33,3,shuffled,p,cell_identity,18005993294237356517
mve3-v2-approved-2026-07-18,locked,33,3,shuffled,k,cell_identity,10383876142217814677
mve3-v2-approved-2026-07-18,locked,33,3,shuffled,o,cell_identity,359866375383478997
mve3-v2-approved-2026-07-18,locked,33,3,shuffled,pk,cell_identity,13672165467836191433
mve3-v2-approved-2026-07-18,locked,33,3,shuffled,po,cell_identity,15890107900743697440
mve3-v2-approved-2026-07-18,locked,33,3,shuffled,ko,cell_identity,8261969526476413663
mve3-v2-approved-2026-07-18,locked,33,3,shuffled,pko,cell_identity,2455258981305159157
mve3-v2-approved-2026-07-18,locked,33,3,anti,shared,o_collection_root,12565520235045166077
mve3-v2-approved-2026-07-18,locked,33,3,anti,shared,non_o_collection_root,3012872885209702013
mve3-v2-approved-2026-07-18,locked,33,3,anti,shared,evaluation_root,7513201029342861999
mve3-v2-approved-2026-07-18,locked,33,3,anti,none,cell_identity,2723824886246195308
mve3-v2-approved-2026-07-18,locked,33,3,anti,p,cell_identity,15518108768588534090
mve3-v2-approved-2026-07-18,locked,33,3,anti,k,cell_identity,10543180239340210747
mve3-v2-approved-2026-07-18,locked,33,3,anti,o,cell_identity,12495801571781989068
mve3-v2-approved-2026-07-18,locked,33,3,anti,pk,cell_identity,13907183966128784859
mve3-v2-approved-2026-07-18,locked,33,3,anti,po,cell_identity,18443523725807233469
mve3-v2-approved-2026-07-18,locked,33,3,anti,ko,cell_identity,16068758082396714250
mve3-v2-approved-2026-07-18,locked,33,3,anti,pko,cell_identity,11252719851023177701
mve3-v2-approved-2026-07-18,locked,34,1,controlled,shared,o_collection_root,6310256916943177114
mve3-v2-approved-2026-07-18,locked,34,1,controlled,shared,non_o_collection_root,16525975715766286219
mve3-v2-approved-2026-07-18,locked,34,1,controlled,shared,evaluation_root,4654749385774466961
mve3-v2-approved-2026-07-18,locked,34,1,controlled,none,cell_identity,5340457436404976775
mve3-v2-approved-2026-07-18,locked,34,1,controlled,p,cell_identity,783335473701625629
mve3-v2-approved-2026-07-18,locked,34,1,controlled,k,cell_identity,7131225414294795553
mve3-v2-approved-2026-07-18,locked,34,1,controlled,o,cell_identity,12871872873772885809
mve3-v2-approved-2026-07-18,locked,34,1,controlled,pk,cell_identity,3009025335686148718
mve3-v2-approved-2026-07-18,locked,34,1,controlled,po,cell_identity,4674896471337382535
mve3-v2-approved-2026-07-18,locked,34,1,controlled,ko,cell_identity,8793525149863465514
mve3-v2-approved-2026-07-18,locked,34,1,controlled,pko,cell_identity,3301783543050427359
mve3-v2-approved-2026-07-18,locked,34,1,learned,shared,o_collection_root,13829405354815745493
mve3-v2-approved-2026-07-18,locked,34,1,learned,shared,non_o_collection_root,16525975715766286219
mve3-v2-approved-2026-07-18,locked,34,1,learned,shared,evaluation_root,4654749385774466961
mve3-v2-approved-2026-07-18,locked,34,1,learned,none,cell_identity,14796581395110365874
mve3-v2-approved-2026-07-18,locked,34,1,learned,p,cell_identity,14436098480017682798
mve3-v2-approved-2026-07-18,locked,34,1,learned,k,cell_identity,13610309272752128061
mve3-v2-approved-2026-07-18,locked,34,1,learned,o,cell_identity,6242468749670401682
mve3-v2-approved-2026-07-18,locked,34,1,learned,pk,cell_identity,12848219410857041243
mve3-v2-approved-2026-07-18,locked,34,1,learned,po,cell_identity,7138436287510751245
mve3-v2-approved-2026-07-18,locked,34,1,learned,ko,cell_identity,5363630332980978046
mve3-v2-approved-2026-07-18,locked,34,1,learned,pko,cell_identity,1947499667700274827
mve3-v2-approved-2026-07-18,locked,34,1,shuffled,shared,o_collection_root,9616319327270970525
mve3-v2-approved-2026-07-18,locked,34,1,shuffled,shared,non_o_collection_root,16525975715766286219
mve3-v2-approved-2026-07-18,locked,34,1,shuffled,shared,evaluation_root,4654749385774466961
mve3-v2-approved-2026-07-18,locked,34,1,shuffled,none,cell_identity,12228988852271123145
mve3-v2-approved-2026-07-18,locked,34,1,shuffled,p,cell_identity,8786611669351010825
mve3-v2-approved-2026-07-18,locked,34,1,shuffled,k,cell_identity,17678401292995242489
mve3-v2-approved-2026-07-18,locked,34,1,shuffled,o,cell_identity,4837107050278727375
mve3-v2-approved-2026-07-18,locked,34,1,shuffled,pk,cell_identity,15529255611447849195
mve3-v2-approved-2026-07-18,locked,34,1,shuffled,po,cell_identity,3222152768427644891
mve3-v2-approved-2026-07-18,locked,34,1,shuffled,ko,cell_identity,4118618447250682729
mve3-v2-approved-2026-07-18,locked,34,1,shuffled,pko,cell_identity,8539279082111066403
mve3-v2-approved-2026-07-18,locked,34,1,anti,shared,o_collection_root,10980479120184595902
mve3-v2-approved-2026-07-18,locked,34,1,anti,shared,non_o_collection_root,16525975715766286219
mve3-v2-approved-2026-07-18,locked,34,1,anti,shared,evaluation_root,4654749385774466961
mve3-v2-approved-2026-07-18,locked,34,1,anti,none,cell_identity,6318163790094069428
mve3-v2-approved-2026-07-18,locked,34,1,anti,p,cell_identity,604793005476858837
mve3-v2-approved-2026-07-18,locked,34,1,anti,k,cell_identity,11762306174530751031
mve3-v2-approved-2026-07-18,locked,34,1,anti,o,cell_identity,15774321441538232072
mve3-v2-approved-2026-07-18,locked,34,1,anti,pk,cell_identity,10668845056264161987
mve3-v2-approved-2026-07-18,locked,34,1,anti,po,cell_identity,18345348167139270949
mve3-v2-approved-2026-07-18,locked,34,1,anti,ko,cell_identity,4635533357424304045
mve3-v2-approved-2026-07-18,locked,34,1,anti,pko,cell_identity,10730749160783751697
mve3-v2-approved-2026-07-18,locked,34,2,controlled,shared,o_collection_root,593982122230721665
mve3-v2-approved-2026-07-18,locked,34,2,controlled,shared,non_o_collection_root,4684398741219841262
mve3-v2-approved-2026-07-18,locked,34,2,controlled,shared,evaluation_root,11049752685424130883
mve3-v2-approved-2026-07-18,locked,34,2,controlled,none,cell_identity,8053496757178004667
mve3-v2-approved-2026-07-18,locked,34,2,controlled,p,cell_identity,9142514592738784660
mve3-v2-approved-2026-07-18,locked,34,2,controlled,k,cell_identity,1257384271216297074
mve3-v2-approved-2026-07-18,locked,34,2,controlled,o,cell_identity,7984169932146050701
mve3-v2-approved-2026-07-18,locked,34,2,controlled,pk,cell_identity,5002871895461357818
mve3-v2-approved-2026-07-18,locked,34,2,controlled,po,cell_identity,12844848683499231431
mve3-v2-approved-2026-07-18,locked,34,2,controlled,ko,cell_identity,7388817003321004405
mve3-v2-approved-2026-07-18,locked,34,2,controlled,pko,cell_identity,10725284493477779819
mve3-v2-approved-2026-07-18,locked,34,2,learned,shared,o_collection_root,5955213221602949158
mve3-v2-approved-2026-07-18,locked,34,2,learned,shared,non_o_collection_root,4684398741219841262
mve3-v2-approved-2026-07-18,locked,34,2,learned,shared,evaluation_root,11049752685424130883
mve3-v2-approved-2026-07-18,locked,34,2,learned,none,cell_identity,10391807179438783314
mve3-v2-approved-2026-07-18,locked,34,2,learned,p,cell_identity,9058725012648503374
mve3-v2-approved-2026-07-18,locked,34,2,learned,k,cell_identity,1414303557969890463
mve3-v2-approved-2026-07-18,locked,34,2,learned,o,cell_identity,14438618022239563945
mve3-v2-approved-2026-07-18,locked,34,2,learned,pk,cell_identity,4621335961980547879
mve3-v2-approved-2026-07-18,locked,34,2,learned,po,cell_identity,12150623762820105441
mve3-v2-approved-2026-07-18,locked,34,2,learned,ko,cell_identity,6850471173942072153
mve3-v2-approved-2026-07-18,locked,34,2,learned,pko,cell_identity,12517774784948826068
mve3-v2-approved-2026-07-18,locked,34,2,shuffled,shared,o_collection_root,12455106555532075413
mve3-v2-approved-2026-07-18,locked,34,2,shuffled,shared,non_o_collection_root,4684398741219841262
mve3-v2-approved-2026-07-18,locked,34,2,shuffled,shared,evaluation_root,11049752685424130883
mve3-v2-approved-2026-07-18,locked,34,2,shuffled,none,cell_identity,3988360703634859332
mve3-v2-approved-2026-07-18,locked,34,2,shuffled,p,cell_identity,14681118589814579005
mve3-v2-approved-2026-07-18,locked,34,2,shuffled,k,cell_identity,16760910232437339792
mve3-v2-approved-2026-07-18,locked,34,2,shuffled,o,cell_identity,10311017959831798596
mve3-v2-approved-2026-07-18,locked,34,2,shuffled,pk,cell_identity,16603394992576372340
mve3-v2-approved-2026-07-18,locked,34,2,shuffled,po,cell_identity,13975435632973792657
mve3-v2-approved-2026-07-18,locked,34,2,shuffled,ko,cell_identity,18080733663684214318
mve3-v2-approved-2026-07-18,locked,34,2,shuffled,pko,cell_identity,4710374855691611581
mve3-v2-approved-2026-07-18,locked,34,2,anti,shared,o_collection_root,15398069310978732247
mve3-v2-approved-2026-07-18,locked,34,2,anti,shared,non_o_collection_root,4684398741219841262
mve3-v2-approved-2026-07-18,locked,34,2,anti,shared,evaluation_root,11049752685424130883
mve3-v2-approved-2026-07-18,locked,34,2,anti,none,cell_identity,12040361024545503769
mve3-v2-approved-2026-07-18,locked,34,2,anti,p,cell_identity,8174603012434270003
mve3-v2-approved-2026-07-18,locked,34,2,anti,k,cell_identity,1457054617881668554
mve3-v2-approved-2026-07-18,locked,34,2,anti,o,cell_identity,5092751821848308537
mve3-v2-approved-2026-07-18,locked,34,2,anti,pk,cell_identity,13626320204911454996
mve3-v2-approved-2026-07-18,locked,34,2,anti,po,cell_identity,2789628874566532928
mve3-v2-approved-2026-07-18,locked,34,2,anti,ko,cell_identity,10251168199441591332
mve3-v2-approved-2026-07-18,locked,34,2,anti,pko,cell_identity,9526543208671944580
mve3-v2-approved-2026-07-18,locked,34,3,controlled,shared,o_collection_root,3186514826536053497
mve3-v2-approved-2026-07-18,locked,34,3,controlled,shared,non_o_collection_root,2790546232955750533
mve3-v2-approved-2026-07-18,locked,34,3,controlled,shared,evaluation_root,10096423847399637442
mve3-v2-approved-2026-07-18,locked,34,3,controlled,none,cell_identity,7429390606337030290
mve3-v2-approved-2026-07-18,locked,34,3,controlled,p,cell_identity,18040278628818536278
mve3-v2-approved-2026-07-18,locked,34,3,controlled,k,cell_identity,8291770943800732847
mve3-v2-approved-2026-07-18,locked,34,3,controlled,o,cell_identity,3264131963106674790
mve3-v2-approved-2026-07-18,locked,34,3,controlled,pk,cell_identity,1564865229470825631
mve3-v2-approved-2026-07-18,locked,34,3,controlled,po,cell_identity,6682414550746741730
mve3-v2-approved-2026-07-18,locked,34,3,controlled,ko,cell_identity,4452869748586637830
mve3-v2-approved-2026-07-18,locked,34,3,controlled,pko,cell_identity,1977657342259879004
mve3-v2-approved-2026-07-18,locked,34,3,learned,shared,o_collection_root,14910964534607985946
mve3-v2-approved-2026-07-18,locked,34,3,learned,shared,non_o_collection_root,2790546232955750533
mve3-v2-approved-2026-07-18,locked,34,3,learned,shared,evaluation_root,10096423847399637442
mve3-v2-approved-2026-07-18,locked,34,3,learned,none,cell_identity,8114776566878793173
mve3-v2-approved-2026-07-18,locked,34,3,learned,p,cell_identity,631012387343344599
mve3-v2-approved-2026-07-18,locked,34,3,learned,k,cell_identity,3614002039191929691
mve3-v2-approved-2026-07-18,locked,34,3,learned,o,cell_identity,14386180526228507274
mve3-v2-approved-2026-07-18,locked,34,3,learned,pk,cell_identity,4729979038500346799
mve3-v2-approved-2026-07-18,locked,34,3,learned,po,cell_identity,439334196748963104
mve3-v2-approved-2026-07-18,locked,34,3,learned,ko,cell_identity,16956776481285652012
mve3-v2-approved-2026-07-18,locked,34,3,learned,pko,cell_identity,16252935101751644962
mve3-v2-approved-2026-07-18,locked,34,3,shuffled,shared,o_collection_root,690929801782765037
mve3-v2-approved-2026-07-18,locked,34,3,shuffled,shared,non_o_collection_root,2790546232955750533
mve3-v2-approved-2026-07-18,locked,34,3,shuffled,shared,evaluation_root,10096423847399637442
mve3-v2-approved-2026-07-18,locked,34,3,shuffled,none,cell_identity,18269665465549893912
mve3-v2-approved-2026-07-18,locked,34,3,shuffled,p,cell_identity,13028332409764940226
mve3-v2-approved-2026-07-18,locked,34,3,shuffled,k,cell_identity,4532560274627413691
mve3-v2-approved-2026-07-18,locked,34,3,shuffled,o,cell_identity,7109352609555495784
mve3-v2-approved-2026-07-18,locked,34,3,shuffled,pk,cell_identity,7991205249402059305
mve3-v2-approved-2026-07-18,locked,34,3,shuffled,po,cell_identity,13180184213660551411
mve3-v2-approved-2026-07-18,locked,34,3,shuffled,ko,cell_identity,15115556383805800043
mve3-v2-approved-2026-07-18,locked,34,3,shuffled,pko,cell_identity,6638119366382298235
mve3-v2-approved-2026-07-18,locked,34,3,anti,shared,o_collection_root,11227354237697362786
mve3-v2-approved-2026-07-18,locked,34,3,anti,shared,non_o_collection_root,2790546232955750533
mve3-v2-approved-2026-07-18,locked,34,3,anti,shared,evaluation_root,10096423847399637442
mve3-v2-approved-2026-07-18,locked,34,3,anti,none,cell_identity,10233466363313844522
mve3-v2-approved-2026-07-18,locked,34,3,anti,p,cell_identity,9076787052483472527
mve3-v2-approved-2026-07-18,locked,34,3,anti,k,cell_identity,3077023937767517852
mve3-v2-approved-2026-07-18,locked,34,3,anti,o,cell_identity,1670499554955536780
mve3-v2-approved-2026-07-18,locked,34,3,anti,pk,cell_identity,12248307342534516127
mve3-v2-approved-2026-07-18,locked,34,3,anti,po,cell_identity,10247361441785553229
mve3-v2-approved-2026-07-18,locked,34,3,anti,ko,cell_identity,6119130696290610679
mve3-v2-approved-2026-07-18,locked,34,3,anti,pko,cell_identity,12796469853001598013
mve3-v2-approved-2026-07-18,locked,35,1,controlled,shared,o_collection_root,3887533015870034419
mve3-v2-approved-2026-07-18,locked,35,1,controlled,shared,non_o_collection_root,621972787343931949
mve3-v2-approved-2026-07-18,locked,35,1,controlled,shared,evaluation_root,4796465195758778693
mve3-v2-approved-2026-07-18,locked,35,1,controlled,none,cell_identity,7332485265070054397
mve3-v2-approved-2026-07-18,locked,35,1,controlled,p,cell_identity,5381929203958464961
mve3-v2-approved-2026-07-18,locked,35,1,controlled,k,cell_identity,5497154118592313428
mve3-v2-approved-2026-07-18,locked,35,1,controlled,o,cell_identity,9898941121478657000
mve3-v2-approved-2026-07-18,locked,35,1,controlled,pk,cell_identity,18281108105602702902
mve3-v2-approved-2026-07-18,locked,35,1,controlled,po,cell_identity,1487145739389610171
mve3-v2-approved-2026-07-18,locked,35,1,controlled,ko,cell_identity,4062316520145131488
mve3-v2-approved-2026-07-18,locked,35,1,controlled,pko,cell_identity,6282361098102066106
mve3-v2-approved-2026-07-18,locked,35,1,learned,shared,o_collection_root,16272489562479526077
mve3-v2-approved-2026-07-18,locked,35,1,learned,shared,non_o_collection_root,621972787343931949
mve3-v2-approved-2026-07-18,locked,35,1,learned,shared,evaluation_root,4796465195758778693
mve3-v2-approved-2026-07-18,locked,35,1,learned,none,cell_identity,11431619261723464467
mve3-v2-approved-2026-07-18,locked,35,1,learned,p,cell_identity,17729329352620960652
mve3-v2-approved-2026-07-18,locked,35,1,learned,k,cell_identity,4346394320613901445
mve3-v2-approved-2026-07-18,locked,35,1,learned,o,cell_identity,13254763045012512418
mve3-v2-approved-2026-07-18,locked,35,1,learned,pk,cell_identity,6490764469155348582
mve3-v2-approved-2026-07-18,locked,35,1,learned,po,cell_identity,10845631189043856443
mve3-v2-approved-2026-07-18,locked,35,1,learned,ko,cell_identity,12662155875351305500
mve3-v2-approved-2026-07-18,locked,35,1,learned,pko,cell_identity,14247791693622418284
mve3-v2-approved-2026-07-18,locked,35,1,shuffled,shared,o_collection_root,4874029987462855096
mve3-v2-approved-2026-07-18,locked,35,1,shuffled,shared,non_o_collection_root,621972787343931949
mve3-v2-approved-2026-07-18,locked,35,1,shuffled,shared,evaluation_root,4796465195758778693
mve3-v2-approved-2026-07-18,locked,35,1,shuffled,none,cell_identity,17690729372139130686
mve3-v2-approved-2026-07-18,locked,35,1,shuffled,p,cell_identity,13328332133108381339
mve3-v2-approved-2026-07-18,locked,35,1,shuffled,k,cell_identity,2783203426125435404
mve3-v2-approved-2026-07-18,locked,35,1,shuffled,o,cell_identity,13302627475239923976
mve3-v2-approved-2026-07-18,locked,35,1,shuffled,pk,cell_identity,6068214727033241039
mve3-v2-approved-2026-07-18,locked,35,1,shuffled,po,cell_identity,10805891551845786643
mve3-v2-approved-2026-07-18,locked,35,1,shuffled,ko,cell_identity,11419491502564376753
mve3-v2-approved-2026-07-18,locked,35,1,shuffled,pko,cell_identity,9500935631853625719
mve3-v2-approved-2026-07-18,locked,35,1,anti,shared,o_collection_root,9447198490353328463
mve3-v2-approved-2026-07-18,locked,35,1,anti,shared,non_o_collection_root,621972787343931949
mve3-v2-approved-2026-07-18,locked,35,1,anti,shared,evaluation_root,4796465195758778693
mve3-v2-approved-2026-07-18,locked,35,1,anti,none,cell_identity,14827643690840184950
mve3-v2-approved-2026-07-18,locked,35,1,anti,p,cell_identity,3533636779269519996
mve3-v2-approved-2026-07-18,locked,35,1,anti,k,cell_identity,15399818844630776570
mve3-v2-approved-2026-07-18,locked,35,1,anti,o,cell_identity,3341406099787516670
mve3-v2-approved-2026-07-18,locked,35,1,anti,pk,cell_identity,516811093353138671
mve3-v2-approved-2026-07-18,locked,35,1,anti,po,cell_identity,5920287301199358311
mve3-v2-approved-2026-07-18,locked,35,1,anti,ko,cell_identity,1445828640123480971
mve3-v2-approved-2026-07-18,locked,35,1,anti,pko,cell_identity,5267724314881751197
mve3-v2-approved-2026-07-18,locked,35,2,controlled,shared,o_collection_root,10224161110627454440
mve3-v2-approved-2026-07-18,locked,35,2,controlled,shared,non_o_collection_root,17902343135653728414
mve3-v2-approved-2026-07-18,locked,35,2,controlled,shared,evaluation_root,1419933779064055751
mve3-v2-approved-2026-07-18,locked,35,2,controlled,none,cell_identity,4866761397657211561
mve3-v2-approved-2026-07-18,locked,35,2,controlled,p,cell_identity,4413457202552250947
mve3-v2-approved-2026-07-18,locked,35,2,controlled,k,cell_identity,11683506092459818803
mve3-v2-approved-2026-07-18,locked,35,2,controlled,o,cell_identity,11663363040165380004
mve3-v2-approved-2026-07-18,locked,35,2,controlled,pk,cell_identity,17690727852677561290
mve3-v2-approved-2026-07-18,locked,35,2,controlled,po,cell_identity,11576287510915619439
mve3-v2-approved-2026-07-18,locked,35,2,controlled,ko,cell_identity,18047800058178317266
mve3-v2-approved-2026-07-18,locked,35,2,controlled,pko,cell_identity,9702338121664676986
mve3-v2-approved-2026-07-18,locked,35,2,learned,shared,o_collection_root,2737236215831974036
mve3-v2-approved-2026-07-18,locked,35,2,learned,shared,non_o_collection_root,17902343135653728414
mve3-v2-approved-2026-07-18,locked,35,2,learned,shared,evaluation_root,1419933779064055751
mve3-v2-approved-2026-07-18,locked,35,2,learned,none,cell_identity,13312931397118040724
mve3-v2-approved-2026-07-18,locked,35,2,learned,p,cell_identity,12407153606102399932
mve3-v2-approved-2026-07-18,locked,35,2,learned,k,cell_identity,5553111764225826297
mve3-v2-approved-2026-07-18,locked,35,2,learned,o,cell_identity,10524242756153113999
mve3-v2-approved-2026-07-18,locked,35,2,learned,pk,cell_identity,3871642166189681936
mve3-v2-approved-2026-07-18,locked,35,2,learned,po,cell_identity,8368373532748196853
mve3-v2-approved-2026-07-18,locked,35,2,learned,ko,cell_identity,2385832339486060423
mve3-v2-approved-2026-07-18,locked,35,2,learned,pko,cell_identity,7300689384779350481
mve3-v2-approved-2026-07-18,locked,35,2,shuffled,shared,o_collection_root,11739186026743193986
mve3-v2-approved-2026-07-18,locked,35,2,shuffled,shared,non_o_collection_root,17902343135653728414
mve3-v2-approved-2026-07-18,locked,35,2,shuffled,shared,evaluation_root,1419933779064055751
mve3-v2-approved-2026-07-18,locked,35,2,shuffled,none,cell_identity,10808865124565417810
mve3-v2-approved-2026-07-18,locked,35,2,shuffled,p,cell_identity,1357983316202816767
mve3-v2-approved-2026-07-18,locked,35,2,shuffled,k,cell_identity,12395998618838504420
mve3-v2-approved-2026-07-18,locked,35,2,shuffled,o,cell_identity,15080442885671139836
mve3-v2-approved-2026-07-18,locked,35,2,shuffled,pk,cell_identity,2150558260678522766
mve3-v2-approved-2026-07-18,locked,35,2,shuffled,po,cell_identity,1205087422611341337
mve3-v2-approved-2026-07-18,locked,35,2,shuffled,ko,cell_identity,13524174502723422614
mve3-v2-approved-2026-07-18,locked,35,2,shuffled,pko,cell_identity,6140937488011695378
mve3-v2-approved-2026-07-18,locked,35,2,anti,shared,o_collection_root,8692759249069580642
mve3-v2-approved-2026-07-18,locked,35,2,anti,shared,non_o_collection_root,17902343135653728414
mve3-v2-approved-2026-07-18,locked,35,2,anti,shared,evaluation_root,1419933779064055751
mve3-v2-approved-2026-07-18,locked,35,2,anti,none,cell_identity,2589980429621347794
mve3-v2-approved-2026-07-18,locked,35,2,anti,p,cell_identity,4814246657591692597
mve3-v2-approved-2026-07-18,locked,35,2,anti,k,cell_identity,13173172058777780228
mve3-v2-approved-2026-07-18,locked,35,2,anti,o,cell_identity,9942907088065857361
mve3-v2-approved-2026-07-18,locked,35,2,anti,pk,cell_identity,15425105086784858213
mve3-v2-approved-2026-07-18,locked,35,2,anti,po,cell_identity,5978494143468546895
mve3-v2-approved-2026-07-18,locked,35,2,anti,ko,cell_identity,8270255188690233316
mve3-v2-approved-2026-07-18,locked,35,2,anti,pko,cell_identity,2918763364087783242
mve3-v2-approved-2026-07-18,locked,35,3,controlled,shared,o_collection_root,8445725830683766962
mve3-v2-approved-2026-07-18,locked,35,3,controlled,shared,non_o_collection_root,16547557399003078717
mve3-v2-approved-2026-07-18,locked,35,3,controlled,shared,evaluation_root,17206421353468130570
mve3-v2-approved-2026-07-18,locked,35,3,controlled,none,cell_identity,17130127603707236038
mve3-v2-approved-2026-07-18,locked,35,3,controlled,p,cell_identity,6688006382681726402
mve3-v2-approved-2026-07-18,locked,35,3,controlled,k,cell_identity,1357697691619235459
mve3-v2-approved-2026-07-18,locked,35,3,controlled,o,cell_identity,15675346702698499585
mve3-v2-approved-2026-07-18,locked,35,3,controlled,pk,cell_identity,2452321288870598932
mve3-v2-approved-2026-07-18,locked,35,3,controlled,po,cell_identity,16576655139805464093
mve3-v2-approved-2026-07-18,locked,35,3,controlled,ko,cell_identity,16781071663529878309
mve3-v2-approved-2026-07-18,locked,35,3,controlled,pko,cell_identity,10826546998187924787
mve3-v2-approved-2026-07-18,locked,35,3,learned,shared,o_collection_root,14549194942666826396
mve3-v2-approved-2026-07-18,locked,35,3,learned,shared,non_o_collection_root,16547557399003078717
mve3-v2-approved-2026-07-18,locked,35,3,learned,shared,evaluation_root,17206421353468130570
mve3-v2-approved-2026-07-18,locked,35,3,learned,none,cell_identity,11350829808159279578
mve3-v2-approved-2026-07-18,locked,35,3,learned,p,cell_identity,5811270286619711902
mve3-v2-approved-2026-07-18,locked,35,3,learned,k,cell_identity,15285765561588421816
mve3-v2-approved-2026-07-18,locked,35,3,learned,o,cell_identity,16223015517278758326
mve3-v2-approved-2026-07-18,locked,35,3,learned,pk,cell_identity,6272502931409544813
mve3-v2-approved-2026-07-18,locked,35,3,learned,po,cell_identity,7313569468168586804
mve3-v2-approved-2026-07-18,locked,35,3,learned,ko,cell_identity,7796698870658016610
mve3-v2-approved-2026-07-18,locked,35,3,learned,pko,cell_identity,10451200515297292320
mve3-v2-approved-2026-07-18,locked,35,3,shuffled,shared,o_collection_root,4196584355250499869
mve3-v2-approved-2026-07-18,locked,35,3,shuffled,shared,non_o_collection_root,16547557399003078717
mve3-v2-approved-2026-07-18,locked,35,3,shuffled,shared,evaluation_root,17206421353468130570
mve3-v2-approved-2026-07-18,locked,35,3,shuffled,none,cell_identity,17419559730162495339
mve3-v2-approved-2026-07-18,locked,35,3,shuffled,p,cell_identity,11262283045825146278
mve3-v2-approved-2026-07-18,locked,35,3,shuffled,k,cell_identity,7491088976164846721
mve3-v2-approved-2026-07-18,locked,35,3,shuffled,o,cell_identity,13009228094758883277
mve3-v2-approved-2026-07-18,locked,35,3,shuffled,pk,cell_identity,7695679724217757013
mve3-v2-approved-2026-07-18,locked,35,3,shuffled,po,cell_identity,12692429048902239496
mve3-v2-approved-2026-07-18,locked,35,3,shuffled,ko,cell_identity,17272821822958387584
mve3-v2-approved-2026-07-18,locked,35,3,shuffled,pko,cell_identity,5637868829588111175
mve3-v2-approved-2026-07-18,locked,35,3,anti,shared,o_collection_root,9604213071924367138
mve3-v2-approved-2026-07-18,locked,35,3,anti,shared,non_o_collection_root,16547557399003078717
mve3-v2-approved-2026-07-18,locked,35,3,anti,shared,evaluation_root,17206421353468130570
mve3-v2-approved-2026-07-18,locked,35,3,anti,none,cell_identity,16301913849970493856
mve3-v2-approved-2026-07-18,locked,35,3,anti,p,cell_identity,13272370700867161933
mve3-v2-approved-2026-07-18,locked,35,3,anti,k,cell_identity,3311126549664976373
mve3-v2-approved-2026-07-18,locked,35,3,anti,o,cell_identity,17653755941960279697
mve3-v2-approved-2026-07-18,locked,35,3,anti,pk,cell_identity,9318783781924085826
mve3-v2-approved-2026-07-18,locked,35,3,anti,po,cell_identity,4051302223396729862
mve3-v2-approved-2026-07-18,locked,35,3,anti,ko,cell_identity,11263339212997896564
mve3-v2-approved-2026-07-18,locked,35,3,anti,pko,cell_identity,2942868927151000041
mve3-v2-approved-2026-07-18,locked,36,1,controlled,shared,o_collection_root,18051839986694944218
mve3-v2-approved-2026-07-18,locked,36,1,controlled,shared,non_o_collection_root,56516636640300434
mve3-v2-approved-2026-07-18,locked,36,1,controlled,shared,evaluation_root,14980748621740022114
mve3-v2-approved-2026-07-18,locked,36,1,controlled,none,cell_identity,13832384042848605706
mve3-v2-approved-2026-07-18,locked,36,1,controlled,p,cell_identity,4102490648078760667
mve3-v2-approved-2026-07-18,locked,36,1,controlled,k,cell_identity,14621626491545055225
mve3-v2-approved-2026-07-18,locked,36,1,controlled,o,cell_identity,3938093550430256367
mve3-v2-approved-2026-07-18,locked,36,1,controlled,pk,cell_identity,8596728873934958366
mve3-v2-approved-2026-07-18,locked,36,1,controlled,po,cell_identity,10441291489484541184
mve3-v2-approved-2026-07-18,locked,36,1,controlled,ko,cell_identity,2194679321176842189
mve3-v2-approved-2026-07-18,locked,36,1,controlled,pko,cell_identity,7204992378101663426
mve3-v2-approved-2026-07-18,locked,36,1,learned,shared,o_collection_root,17079636071716167904
mve3-v2-approved-2026-07-18,locked,36,1,learned,shared,non_o_collection_root,56516636640300434
mve3-v2-approved-2026-07-18,locked,36,1,learned,shared,evaluation_root,14980748621740022114
mve3-v2-approved-2026-07-18,locked,36,1,learned,none,cell_identity,11207294693006846159
mve3-v2-approved-2026-07-18,locked,36,1,learned,p,cell_identity,7502767921626410483
mve3-v2-approved-2026-07-18,locked,36,1,learned,k,cell_identity,18129405137780953458
mve3-v2-approved-2026-07-18,locked,36,1,learned,o,cell_identity,1620626723819503437
mve3-v2-approved-2026-07-18,locked,36,1,learned,pk,cell_identity,12935853386585900991
mve3-v2-approved-2026-07-18,locked,36,1,learned,po,cell_identity,2376052536961721943
mve3-v2-approved-2026-07-18,locked,36,1,learned,ko,cell_identity,5341264528423156352
mve3-v2-approved-2026-07-18,locked,36,1,learned,pko,cell_identity,18369303460912069576
mve3-v2-approved-2026-07-18,locked,36,1,shuffled,shared,o_collection_root,117379044583489546
mve3-v2-approved-2026-07-18,locked,36,1,shuffled,shared,non_o_collection_root,56516636640300434
mve3-v2-approved-2026-07-18,locked,36,1,shuffled,shared,evaluation_root,14980748621740022114
mve3-v2-approved-2026-07-18,locked,36,1,shuffled,none,cell_identity,14091852893645884270
mve3-v2-approved-2026-07-18,locked,36,1,shuffled,p,cell_identity,4780499420404154893
mve3-v2-approved-2026-07-18,locked,36,1,shuffled,k,cell_identity,7692092969085580904
mve3-v2-approved-2026-07-18,locked,36,1,shuffled,o,cell_identity,3455516527416437138
mve3-v2-approved-2026-07-18,locked,36,1,shuffled,pk,cell_identity,2030294020290219382
mve3-v2-approved-2026-07-18,locked,36,1,shuffled,po,cell_identity,14299861151513418071
mve3-v2-approved-2026-07-18,locked,36,1,shuffled,ko,cell_identity,15147496271792709676
mve3-v2-approved-2026-07-18,locked,36,1,shuffled,pko,cell_identity,13812450262536275721
mve3-v2-approved-2026-07-18,locked,36,1,anti,shared,o_collection_root,15249652410979211851
mve3-v2-approved-2026-07-18,locked,36,1,anti,shared,non_o_collection_root,56516636640300434
mve3-v2-approved-2026-07-18,locked,36,1,anti,shared,evaluation_root,14980748621740022114
mve3-v2-approved-2026-07-18,locked,36,1,anti,none,cell_identity,1158292808582026002
mve3-v2-approved-2026-07-18,locked,36,1,anti,p,cell_identity,7271141518904556287
mve3-v2-approved-2026-07-18,locked,36,1,anti,k,cell_identity,9104514154234333827
mve3-v2-approved-2026-07-18,locked,36,1,anti,o,cell_identity,15166311099330400542
mve3-v2-approved-2026-07-18,locked,36,1,anti,pk,cell_identity,12697515098962640774
mve3-v2-approved-2026-07-18,locked,36,1,anti,po,cell_identity,2139462360112620563
mve3-v2-approved-2026-07-18,locked,36,1,anti,ko,cell_identity,16610838388087860723
mve3-v2-approved-2026-07-18,locked,36,1,anti,pko,cell_identity,3375281483628619673
mve3-v2-approved-2026-07-18,locked,36,2,controlled,shared,o_collection_root,5317849192412783936
mve3-v2-approved-2026-07-18,locked,36,2,controlled,shared,non_o_collection_root,13415992890174948569
mve3-v2-approved-2026-07-18,locked,36,2,controlled,shared,evaluation_root,3310439615905655353
mve3-v2-approved-2026-07-18,locked,36,2,controlled,none,cell_identity,2240793449096347460
mve3-v2-approved-2026-07-18,locked,36,2,controlled,p,cell_identity,2683264398295517214
mve3-v2-approved-2026-07-18,locked,36,2,controlled,k,cell_identity,13115619064748262860
mve3-v2-approved-2026-07-18,locked,36,2,controlled,o,cell_identity,7753309695744293359
mve3-v2-approved-2026-07-18,locked,36,2,controlled,pk,cell_identity,2028177894346899472
mve3-v2-approved-2026-07-18,locked,36,2,controlled,po,cell_identity,2683870964501542487
mve3-v2-approved-2026-07-18,locked,36,2,controlled,ko,cell_identity,257418221745131738
mve3-v2-approved-2026-07-18,locked,36,2,controlled,pko,cell_identity,13374904323567530787
mve3-v2-approved-2026-07-18,locked,36,2,learned,shared,o_collection_root,647959664117239102
mve3-v2-approved-2026-07-18,locked,36,2,learned,shared,non_o_collection_root,13415992890174948569
mve3-v2-approved-2026-07-18,locked,36,2,learned,shared,evaluation_root,3310439615905655353
mve3-v2-approved-2026-07-18,locked,36,2,learned,none,cell_identity,13122138495455441086
mve3-v2-approved-2026-07-18,locked,36,2,learned,p,cell_identity,16275041504583208318
mve3-v2-approved-2026-07-18,locked,36,2,learned,k,cell_identity,16481342553396236617
mve3-v2-approved-2026-07-18,locked,36,2,learned,o,cell_identity,355150201320571771
mve3-v2-approved-2026-07-18,locked,36,2,learned,pk,cell_identity,10758979416517425040
mve3-v2-approved-2026-07-18,locked,36,2,learned,po,cell_identity,2132509452015938197
mve3-v2-approved-2026-07-18,locked,36,2,learned,ko,cell_identity,12441582358411427507
mve3-v2-approved-2026-07-18,locked,36,2,learned,pko,cell_identity,11901997267658068684
mve3-v2-approved-2026-07-18,locked,36,2,shuffled,shared,o_collection_root,4623863304472150900
mve3-v2-approved-2026-07-18,locked,36,2,shuffled,shared,non_o_collection_root,13415992890174948569
mve3-v2-approved-2026-07-18,locked,36,2,shuffled,shared,evaluation_root,3310439615905655353
mve3-v2-approved-2026-07-18,locked,36,2,shuffled,none,cell_identity,12823997434151737612
mve3-v2-approved-2026-07-18,locked,36,2,shuffled,p,cell_identity,9687160260460192962
mve3-v2-approved-2026-07-18,locked,36,2,shuffled,k,cell_identity,2619703724655609134
mve3-v2-approved-2026-07-18,locked,36,2,shuffled,o,cell_identity,6529817108764125472
mve3-v2-approved-2026-07-18,locked,36,2,shuffled,pk,cell_identity,6623957941613723560
mve3-v2-approved-2026-07-18,locked,36,2,shuffled,po,cell_identity,3351242716875234156
mve3-v2-approved-2026-07-18,locked,36,2,shuffled,ko,cell_identity,12900812858076200865
mve3-v2-approved-2026-07-18,locked,36,2,shuffled,pko,cell_identity,13997033831309467837
mve3-v2-approved-2026-07-18,locked,36,2,anti,shared,o_collection_root,9574904458951578656
mve3-v2-approved-2026-07-18,locked,36,2,anti,shared,non_o_collection_root,13415992890174948569
mve3-v2-approved-2026-07-18,locked,36,2,anti,shared,evaluation_root,3310439615905655353
mve3-v2-approved-2026-07-18,locked,36,2,anti,none,cell_identity,206218099461557099
mve3-v2-approved-2026-07-18,locked,36,2,anti,p,cell_identity,5231494522866886513
mve3-v2-approved-2026-07-18,locked,36,2,anti,k,cell_identity,3384883688961081666
mve3-v2-approved-2026-07-18,locked,36,2,anti,o,cell_identity,13122682936853189011
mve3-v2-approved-2026-07-18,locked,36,2,anti,pk,cell_identity,6567997357474366753
mve3-v2-approved-2026-07-18,locked,36,2,anti,po,cell_identity,2759941496160393478
mve3-v2-approved-2026-07-18,locked,36,2,anti,ko,cell_identity,3298567650106251313
mve3-v2-approved-2026-07-18,locked,36,2,anti,pko,cell_identity,7183588690899003481
mve3-v2-approved-2026-07-18,locked,36,3,controlled,shared,o_collection_root,9628229526139941130
mve3-v2-approved-2026-07-18,locked,36,3,controlled,shared,non_o_collection_root,80752545131856649
mve3-v2-approved-2026-07-18,locked,36,3,controlled,shared,evaluation_root,5619251651179340164
mve3-v2-approved-2026-07-18,locked,36,3,controlled,none,cell_identity,11640046103168798516
mve3-v2-approved-2026-07-18,locked,36,3,controlled,p,cell_identity,9241123442142553819
mve3-v2-approved-2026-07-18,locked,36,3,controlled,k,cell_identity,7445440522105541183
mve3-v2-approved-2026-07-18,locked,36,3,controlled,o,cell_identity,11947002121566914798
mve3-v2-approved-2026-07-18,locked,36,3,controlled,pk,cell_identity,6221570517015056494
mve3-v2-approved-2026-07-18,locked,36,3,controlled,po,cell_identity,12377538992103186833
mve3-v2-approved-2026-07-18,locked,36,3,controlled,ko,cell_identity,18287442591608467790
mve3-v2-approved-2026-07-18,locked,36,3,controlled,pko,cell_identity,12017912864890374883
mve3-v2-approved-2026-07-18,locked,36,3,learned,shared,o_collection_root,11706531693274017622
mve3-v2-approved-2026-07-18,locked,36,3,learned,shared,non_o_collection_root,80752545131856649
mve3-v2-approved-2026-07-18,locked,36,3,learned,shared,evaluation_root,5619251651179340164
mve3-v2-approved-2026-07-18,locked,36,3,learned,none,cell_identity,2160720771588980344
mve3-v2-approved-2026-07-18,locked,36,3,learned,p,cell_identity,15413702447564482333
mve3-v2-approved-2026-07-18,locked,36,3,learned,k,cell_identity,4365517535376301265
mve3-v2-approved-2026-07-18,locked,36,3,learned,o,cell_identity,9593813926948431177
mve3-v2-approved-2026-07-18,locked,36,3,learned,pk,cell_identity,13553728072727467606
mve3-v2-approved-2026-07-18,locked,36,3,learned,po,cell_identity,7891693735568836008
mve3-v2-approved-2026-07-18,locked,36,3,learned,ko,cell_identity,7576934621182986436
mve3-v2-approved-2026-07-18,locked,36,3,learned,pko,cell_identity,4711672500870680110
mve3-v2-approved-2026-07-18,locked,36,3,shuffled,shared,o_collection_root,12007377794930083271
mve3-v2-approved-2026-07-18,locked,36,3,shuffled,shared,non_o_collection_root,80752545131856649
mve3-v2-approved-2026-07-18,locked,36,3,shuffled,shared,evaluation_root,5619251651179340164
mve3-v2-approved-2026-07-18,locked,36,3,shuffled,none,cell_identity,15704319019341052695
mve3-v2-approved-2026-07-18,locked,36,3,shuffled,p,cell_identity,2049854509299845714
mve3-v2-approved-2026-07-18,locked,36,3,shuffled,k,cell_identity,5287789538595475202
mve3-v2-approved-2026-07-18,locked,36,3,shuffled,o,cell_identity,16507945121770642084
mve3-v2-approved-2026-07-18,locked,36,3,shuffled,pk,cell_identity,9491113113022773678
mve3-v2-approved-2026-07-18,locked,36,3,shuffled,po,cell_identity,8358355541769439826
mve3-v2-approved-2026-07-18,locked,36,3,shuffled,ko,cell_identity,2407953951759067302
mve3-v2-approved-2026-07-18,locked,36,3,shuffled,pko,cell_identity,5127248380525905797
mve3-v2-approved-2026-07-18,locked,36,3,anti,shared,o_collection_root,2446258696375892232
mve3-v2-approved-2026-07-18,locked,36,3,anti,shared,non_o_collection_root,80752545131856649
mve3-v2-approved-2026-07-18,locked,36,3,anti,shared,evaluation_root,5619251651179340164
mve3-v2-approved-2026-07-18,locked,36,3,anti,none,cell_identity,2545154104846997371
mve3-v2-approved-2026-07-18,locked,36,3,anti,p,cell_identity,10376096850662058677
mve3-v2-approved-2026-07-18,locked,36,3,anti,k,cell_identity,9197445937175642591
mve3-v2-approved-2026-07-18,locked,36,3,anti,o,cell_identity,14499324697103207058
mve3-v2-approved-2026-07-18,locked,36,3,anti,pk,cell_identity,15811035555385422298
mve3-v2-approved-2026-07-18,locked,36,3,anti,po,cell_identity,4739538291651919190
mve3-v2-approved-2026-07-18,locked,36,3,anti,ko,cell_identity,11935001238060099887
mve3-v2-approved-2026-07-18,locked,36,3,anti,pko,cell_identity,6166147551859745179
mve3-v2-approved-2026-07-18,locked,37,1,controlled,shared,o_collection_root,11899896903356184218
mve3-v2-approved-2026-07-18,locked,37,1,controlled,shared,non_o_collection_root,3412367181745150694
mve3-v2-approved-2026-07-18,locked,37,1,controlled,shared,evaluation_root,18187962472725511621
mve3-v2-approved-2026-07-18,locked,37,1,controlled,none,cell_identity,10466141168261448566
mve3-v2-approved-2026-07-18,locked,37,1,controlled,p,cell_identity,9164495154532041999
mve3-v2-approved-2026-07-18,locked,37,1,controlled,k,cell_identity,17064644404453760564
mve3-v2-approved-2026-07-18,locked,37,1,controlled,o,cell_identity,4468102496501649615
mve3-v2-approved-2026-07-18,locked,37,1,controlled,pk,cell_identity,15647447712577519979
mve3-v2-approved-2026-07-18,locked,37,1,controlled,po,cell_identity,14747348107240327365
mve3-v2-approved-2026-07-18,locked,37,1,controlled,ko,cell_identity,6788070153953382878
mve3-v2-approved-2026-07-18,locked,37,1,controlled,pko,cell_identity,10529689948109043242
mve3-v2-approved-2026-07-18,locked,37,1,learned,shared,o_collection_root,12197157363228992623
mve3-v2-approved-2026-07-18,locked,37,1,learned,shared,non_o_collection_root,3412367181745150694
mve3-v2-approved-2026-07-18,locked,37,1,learned,shared,evaluation_root,18187962472725511621
mve3-v2-approved-2026-07-18,locked,37,1,learned,none,cell_identity,5694644317478730806
mve3-v2-approved-2026-07-18,locked,37,1,learned,p,cell_identity,14667206777076060788
mve3-v2-approved-2026-07-18,locked,37,1,learned,k,cell_identity,6225943802964515779
mve3-v2-approved-2026-07-18,locked,37,1,learned,o,cell_identity,16686911669235069005
mve3-v2-approved-2026-07-18,locked,37,1,learned,pk,cell_identity,7457111777855588849
mve3-v2-approved-2026-07-18,locked,37,1,learned,po,cell_identity,15330747595349809056
mve3-v2-approved-2026-07-18,locked,37,1,learned,ko,cell_identity,3797127725751368247
mve3-v2-approved-2026-07-18,locked,37,1,learned,pko,cell_identity,6212339074369349748
mve3-v2-approved-2026-07-18,locked,37,1,shuffled,shared,o_collection_root,10384221218196253426
mve3-v2-approved-2026-07-18,locked,37,1,shuffled,shared,non_o_collection_root,3412367181745150694
mve3-v2-approved-2026-07-18,locked,37,1,shuffled,shared,evaluation_root,18187962472725511621
mve3-v2-approved-2026-07-18,locked,37,1,shuffled,none,cell_identity,3385417004929176351
mve3-v2-approved-2026-07-18,locked,37,1,shuffled,p,cell_identity,13798522821987705116
mve3-v2-approved-2026-07-18,locked,37,1,shuffled,k,cell_identity,8662933812864786342
mve3-v2-approved-2026-07-18,locked,37,1,shuffled,o,cell_identity,8823844635979630944
mve3-v2-approved-2026-07-18,locked,37,1,shuffled,pk,cell_identity,10110045377334531647
mve3-v2-approved-2026-07-18,locked,37,1,shuffled,po,cell_identity,13503907906189348954
mve3-v2-approved-2026-07-18,locked,37,1,shuffled,ko,cell_identity,11458489098662740550
mve3-v2-approved-2026-07-18,locked,37,1,shuffled,pko,cell_identity,9331944487161924664
mve3-v2-approved-2026-07-18,locked,37,1,anti,shared,o_collection_root,11438271951661833189
mve3-v2-approved-2026-07-18,locked,37,1,anti,shared,non_o_collection_root,3412367181745150694
mve3-v2-approved-2026-07-18,locked,37,1,anti,shared,evaluation_root,18187962472725511621
mve3-v2-approved-2026-07-18,locked,37,1,anti,none,cell_identity,10611147290198113812
mve3-v2-approved-2026-07-18,locked,37,1,anti,p,cell_identity,7714979572888420890
mve3-v2-approved-2026-07-18,locked,37,1,anti,k,cell_identity,5645690143761460633
mve3-v2-approved-2026-07-18,locked,37,1,anti,o,cell_identity,11019391062483774363
mve3-v2-approved-2026-07-18,locked,37,1,anti,pk,cell_identity,16883796793972437288
mve3-v2-approved-2026-07-18,locked,37,1,anti,po,cell_identity,17583707955285746282
mve3-v2-approved-2026-07-18,locked,37,1,anti,ko,cell_identity,14402037208784892878
mve3-v2-approved-2026-07-18,locked,37,1,anti,pko,cell_identity,14560252744091393488
mve3-v2-approved-2026-07-18,locked,37,2,controlled,shared,o_collection_root,10885607534727663345
mve3-v2-approved-2026-07-18,locked,37,2,controlled,shared,non_o_collection_root,17063979617209850016
mve3-v2-approved-2026-07-18,locked,37,2,controlled,shared,evaluation_root,12729550403894618212
mve3-v2-approved-2026-07-18,locked,37,2,controlled,none,cell_identity,14742752272152520522
mve3-v2-approved-2026-07-18,locked,37,2,controlled,p,cell_identity,9882081006945781553
mve3-v2-approved-2026-07-18,locked,37,2,controlled,k,cell_identity,6025647305564402547
mve3-v2-approved-2026-07-18,locked,37,2,controlled,o,cell_identity,15776420200867587787
mve3-v2-approved-2026-07-18,locked,37,2,controlled,pk,cell_identity,4852918806196523282
mve3-v2-approved-2026-07-18,locked,37,2,controlled,po,cell_identity,4985072158480054173
mve3-v2-approved-2026-07-18,locked,37,2,controlled,ko,cell_identity,8401019281238108712
mve3-v2-approved-2026-07-18,locked,37,2,controlled,pko,cell_identity,17331105610428896254
mve3-v2-approved-2026-07-18,locked,37,2,learned,shared,o_collection_root,18137837760326061366
mve3-v2-approved-2026-07-18,locked,37,2,learned,shared,non_o_collection_root,17063979617209850016
mve3-v2-approved-2026-07-18,locked,37,2,learned,shared,evaluation_root,12729550403894618212
mve3-v2-approved-2026-07-18,locked,37,2,learned,none,cell_identity,10480438196073770524
mve3-v2-approved-2026-07-18,locked,37,2,learned,p,cell_identity,3127125433060969451
mve3-v2-approved-2026-07-18,locked,37,2,learned,k,cell_identity,14033446816050872591
mve3-v2-approved-2026-07-18,locked,37,2,learned,o,cell_identity,16050028299610284973
mve3-v2-approved-2026-07-18,locked,37,2,learned,pk,cell_identity,15337887313952675363
mve3-v2-approved-2026-07-18,locked,37,2,learned,po,cell_identity,13258680271641930356
mve3-v2-approved-2026-07-18,locked,37,2,learned,ko,cell_identity,9288657894038108953
mve3-v2-approved-2026-07-18,locked,37,2,learned,pko,cell_identity,2663098962289032596
mve3-v2-approved-2026-07-18,locked,37,2,shuffled,shared,o_collection_root,9558167381262264262
mve3-v2-approved-2026-07-18,locked,37,2,shuffled,shared,non_o_collection_root,17063979617209850016
mve3-v2-approved-2026-07-18,locked,37,2,shuffled,shared,evaluation_root,12729550403894618212
mve3-v2-approved-2026-07-18,locked,37,2,shuffled,none,cell_identity,8400980126666345612
mve3-v2-approved-2026-07-18,locked,37,2,shuffled,p,cell_identity,17703877022673867866
mve3-v2-approved-2026-07-18,locked,37,2,shuffled,k,cell_identity,2139471035359229458
mve3-v2-approved-2026-07-18,locked,37,2,shuffled,o,cell_identity,8455572687438728394
mve3-v2-approved-2026-07-18,locked,37,2,shuffled,pk,cell_identity,1987748742863097019
mve3-v2-approved-2026-07-18,locked,37,2,shuffled,po,cell_identity,13935827587568239395
mve3-v2-approved-2026-07-18,locked,37,2,shuffled,ko,cell_identity,7098997635461751172
mve3-v2-approved-2026-07-18,locked,37,2,shuffled,pko,cell_identity,9801694973998252700
mve3-v2-approved-2026-07-18,locked,37,2,anti,shared,o_collection_root,9673531545793084914
mve3-v2-approved-2026-07-18,locked,37,2,anti,shared,non_o_collection_root,17063979617209850016
mve3-v2-approved-2026-07-18,locked,37,2,anti,shared,evaluation_root,12729550403894618212
mve3-v2-approved-2026-07-18,locked,37,2,anti,none,cell_identity,177989316994178855
mve3-v2-approved-2026-07-18,locked,37,2,anti,p,cell_identity,14203740264864964593
mve3-v2-approved-2026-07-18,locked,37,2,anti,k,cell_identity,8866902838621890735
mve3-v2-approved-2026-07-18,locked,37,2,anti,o,cell_identity,12950500166990989313
mve3-v2-approved-2026-07-18,locked,37,2,anti,pk,cell_identity,3582062830455881450
mve3-v2-approved-2026-07-18,locked,37,2,anti,po,cell_identity,15083921078817662529
mve3-v2-approved-2026-07-18,locked,37,2,anti,ko,cell_identity,13617261839820696519
mve3-v2-approved-2026-07-18,locked,37,2,anti,pko,cell_identity,914114886242796444
mve3-v2-approved-2026-07-18,locked,37,3,controlled,shared,o_collection_root,16859811862025090461
mve3-v2-approved-2026-07-18,locked,37,3,controlled,shared,non_o_collection_root,4076399087271403654
mve3-v2-approved-2026-07-18,locked,37,3,controlled,shared,evaluation_root,16913145358325289405
mve3-v2-approved-2026-07-18,locked,37,3,controlled,none,cell_identity,6979483860605149340
mve3-v2-approved-2026-07-18,locked,37,3,controlled,p,cell_identity,13313022077461923914
mve3-v2-approved-2026-07-18,locked,37,3,controlled,k,cell_identity,8211237215056653900
mve3-v2-approved-2026-07-18,locked,37,3,controlled,o,cell_identity,206899028805986173
mve3-v2-approved-2026-07-18,locked,37,3,controlled,pk,cell_identity,4012166622870887585
mve3-v2-approved-2026-07-18,locked,37,3,controlled,po,cell_identity,4839061822730843447
mve3-v2-approved-2026-07-18,locked,37,3,controlled,ko,cell_identity,9502092977065750848
mve3-v2-approved-2026-07-18,locked,37,3,controlled,pko,cell_identity,1173309910582337957
mve3-v2-approved-2026-07-18,locked,37,3,learned,shared,o_collection_root,9843622218389001536
mve3-v2-approved-2026-07-18,locked,37,3,learned,shared,non_o_collection_root,4076399087271403654
mve3-v2-approved-2026-07-18,locked,37,3,learned,shared,evaluation_root,16913145358325289405
mve3-v2-approved-2026-07-18,locked,37,3,learned,none,cell_identity,8184242369159470869
mve3-v2-approved-2026-07-18,locked,37,3,learned,p,cell_identity,11899567111830849534
mve3-v2-approved-2026-07-18,locked,37,3,learned,k,cell_identity,13599568249312490615
mve3-v2-approved-2026-07-18,locked,37,3,learned,o,cell_identity,14379221190987847664
mve3-v2-approved-2026-07-18,locked,37,3,learned,pk,cell_identity,10776026823151489913
mve3-v2-approved-2026-07-18,locked,37,3,learned,po,cell_identity,9963983536008005459
mve3-v2-approved-2026-07-18,locked,37,3,learned,ko,cell_identity,7869801128782724610
mve3-v2-approved-2026-07-18,locked,37,3,learned,pko,cell_identity,13157344765048172604
mve3-v2-approved-2026-07-18,locked,37,3,shuffled,shared,o_collection_root,1216509993078980083
mve3-v2-approved-2026-07-18,locked,37,3,shuffled,shared,non_o_collection_root,4076399087271403654
mve3-v2-approved-2026-07-18,locked,37,3,shuffled,shared,evaluation_root,16913145358325289405
mve3-v2-approved-2026-07-18,locked,37,3,shuffled,none,cell_identity,6301441496990869793
mve3-v2-approved-2026-07-18,locked,37,3,shuffled,p,cell_identity,13985175048141548206
mve3-v2-approved-2026-07-18,locked,37,3,shuffled,k,cell_identity,1875086904219259625
mve3-v2-approved-2026-07-18,locked,37,3,shuffled,o,cell_identity,5906621135153920255
mve3-v2-approved-2026-07-18,locked,37,3,shuffled,pk,cell_identity,4581602061466219384
mve3-v2-approved-2026-07-18,locked,37,3,shuffled,po,cell_identity,7790104238033436727
mve3-v2-approved-2026-07-18,locked,37,3,shuffled,ko,cell_identity,981278131165509099
mve3-v2-approved-2026-07-18,locked,37,3,shuffled,pko,cell_identity,245922859694687037
mve3-v2-approved-2026-07-18,locked,37,3,anti,shared,o_collection_root,1777239809386953977
mve3-v2-approved-2026-07-18,locked,37,3,anti,shared,non_o_collection_root,4076399087271403654
mve3-v2-approved-2026-07-18,locked,37,3,anti,shared,evaluation_root,16913145358325289405
mve3-v2-approved-2026-07-18,locked,37,3,anti,none,cell_identity,11707373027582744367
mve3-v2-approved-2026-07-18,locked,37,3,anti,p,cell_identity,13026469340743581795
mve3-v2-approved-2026-07-18,locked,37,3,anti,k,cell_identity,778404676585573518
mve3-v2-approved-2026-07-18,locked,37,3,anti,o,cell_identity,11380390130057996643
mve3-v2-approved-2026-07-18,locked,37,3,anti,pk,cell_identity,323143732535989838
mve3-v2-approved-2026-07-18,locked,37,3,anti,po,cell_identity,8145677282989298296
mve3-v2-approved-2026-07-18,locked,37,3,anti,ko,cell_identity,1909034930967196567
mve3-v2-approved-2026-07-18,locked,37,3,anti,pko,cell_identity,154060970001171359
mve3-v2-approved-2026-07-18,locked,38,1,controlled,shared,o_collection_root,6913144508469302815
mve3-v2-approved-2026-07-18,locked,38,1,controlled,shared,non_o_collection_root,387813790766359587
mve3-v2-approved-2026-07-18,locked,38,1,controlled,shared,evaluation_root,2194420894462952296
mve3-v2-approved-2026-07-18,locked,38,1,controlled,none,cell_identity,4258015151519923041
mve3-v2-approved-2026-07-18,locked,38,1,controlled,p,cell_identity,1129878469585151285
mve3-v2-approved-2026-07-18,locked,38,1,controlled,k,cell_identity,1036532439054424416
mve3-v2-approved-2026-07-18,locked,38,1,controlled,o,cell_identity,6981256103682810382
mve3-v2-approved-2026-07-18,locked,38,1,controlled,pk,cell_identity,3143620965462054829
mve3-v2-approved-2026-07-18,locked,38,1,controlled,po,cell_identity,13869920934028750538
mve3-v2-approved-2026-07-18,locked,38,1,controlled,ko,cell_identity,12706242798134963462
mve3-v2-approved-2026-07-18,locked,38,1,controlled,pko,cell_identity,7164968539548317997
mve3-v2-approved-2026-07-18,locked,38,1,learned,shared,o_collection_root,5111931727949249878
mve3-v2-approved-2026-07-18,locked,38,1,learned,shared,non_o_collection_root,387813790766359587
mve3-v2-approved-2026-07-18,locked,38,1,learned,shared,evaluation_root,2194420894462952296
mve3-v2-approved-2026-07-18,locked,38,1,learned,none,cell_identity,13915078468102313325
mve3-v2-approved-2026-07-18,locked,38,1,learned,p,cell_identity,4630612717050279875
mve3-v2-approved-2026-07-18,locked,38,1,learned,k,cell_identity,15227096502479734597
mve3-v2-approved-2026-07-18,locked,38,1,learned,o,cell_identity,174271176532049835
mve3-v2-approved-2026-07-18,locked,38,1,learned,pk,cell_identity,5755862466092433203
mve3-v2-approved-2026-07-18,locked,38,1,learned,po,cell_identity,2678508894357873199
mve3-v2-approved-2026-07-18,locked,38,1,learned,ko,cell_identity,13635014491932593316
mve3-v2-approved-2026-07-18,locked,38,1,learned,pko,cell_identity,16523407750497021531
mve3-v2-approved-2026-07-18,locked,38,1,shuffled,shared,o_collection_root,11435609469197289074
mve3-v2-approved-2026-07-18,locked,38,1,shuffled,shared,non_o_collection_root,387813790766359587
mve3-v2-approved-2026-07-18,locked,38,1,shuffled,shared,evaluation_root,2194420894462952296
mve3-v2-approved-2026-07-18,locked,38,1,shuffled,none,cell_identity,241531923932586076
mve3-v2-approved-2026-07-18,locked,38,1,shuffled,p,cell_identity,9740704776217387924
mve3-v2-approved-2026-07-18,locked,38,1,shuffled,k,cell_identity,12528631426288888506
mve3-v2-approved-2026-07-18,locked,38,1,shuffled,o,cell_identity,11364757721895161375
mve3-v2-approved-2026-07-18,locked,38,1,shuffled,pk,cell_identity,14749895828073951889
mve3-v2-approved-2026-07-18,locked,38,1,shuffled,po,cell_identity,17563973081683045927
mve3-v2-approved-2026-07-18,locked,38,1,shuffled,ko,cell_identity,10147923288163370314
mve3-v2-approved-2026-07-18,locked,38,1,shuffled,pko,cell_identity,6322337831789872495
mve3-v2-approved-2026-07-18,locked,38,1,anti,shared,o_collection_root,3277352748667026073
mve3-v2-approved-2026-07-18,locked,38,1,anti,shared,non_o_collection_root,387813790766359587
mve3-v2-approved-2026-07-18,locked,38,1,anti,shared,evaluation_root,2194420894462952296
mve3-v2-approved-2026-07-18,locked,38,1,anti,none,cell_identity,10273196503949345258
mve3-v2-approved-2026-07-18,locked,38,1,anti,p,cell_identity,4963168875023529031
mve3-v2-approved-2026-07-18,locked,38,1,anti,k,cell_identity,4108987174046973664
mve3-v2-approved-2026-07-18,locked,38,1,anti,o,cell_identity,6954895509145896581
mve3-v2-approved-2026-07-18,locked,38,1,anti,pk,cell_identity,6653817786458573477
mve3-v2-approved-2026-07-18,locked,38,1,anti,po,cell_identity,2146263628727044140
mve3-v2-approved-2026-07-18,locked,38,1,anti,ko,cell_identity,16173584111848411229
mve3-v2-approved-2026-07-18,locked,38,1,anti,pko,cell_identity,2189001866966049960
mve3-v2-approved-2026-07-18,locked,38,2,controlled,shared,o_collection_root,15827411771100114554
mve3-v2-approved-2026-07-18,locked,38,2,controlled,shared,non_o_collection_root,15600432983068816246
mve3-v2-approved-2026-07-18,locked,38,2,controlled,shared,evaluation_root,8594668947591619937
mve3-v2-approved-2026-07-18,locked,38,2,controlled,none,cell_identity,580663943410181516
mve3-v2-approved-2026-07-18,locked,38,2,controlled,p,cell_identity,6132360133445493223
mve3-v2-approved-2026-07-18,locked,38,2,controlled,k,cell_identity,16035350334820687150
mve3-v2-approved-2026-07-18,locked,38,2,controlled,o,cell_identity,14259560007216988365
mve3-v2-approved-2026-07-18,locked,38,2,controlled,pk,cell_identity,17441335745782659807
mve3-v2-approved-2026-07-18,locked,38,2,controlled,po,cell_identity,11929600003174010479
mve3-v2-approved-2026-07-18,locked,38,2,controlled,ko,cell_identity,12688948796048299008
mve3-v2-approved-2026-07-18,locked,38,2,controlled,pko,cell_identity,4644432852293924776
mve3-v2-approved-2026-07-18,locked,38,2,learned,shared,o_collection_root,18288341847001684874
mve3-v2-approved-2026-07-18,locked,38,2,learned,shared,non_o_collection_root,15600432983068816246
mve3-v2-approved-2026-07-18,locked,38,2,learned,shared,evaluation_root,8594668947591619937
mve3-v2-approved-2026-07-18,locked,38,2,learned,none,cell_identity,3177883290895912092
mve3-v2-approved-2026-07-18,locked,38,2,learned,p,cell_identity,8727838906896110977
mve3-v2-approved-2026-07-18,locked,38,2,learned,k,cell_identity,10658740907025361117
mve3-v2-approved-2026-07-18,locked,38,2,learned,o,cell_identity,13452120610276576769
mve3-v2-approved-2026-07-18,locked,38,2,learned,pk,cell_identity,16962062615377516591
mve3-v2-approved-2026-07-18,locked,38,2,learned,po,cell_identity,653265760511136302
mve3-v2-approved-2026-07-18,locked,38,2,learned,ko,cell_identity,599786895428683822
mve3-v2-approved-2026-07-18,locked,38,2,learned,pko,cell_identity,15566444723356643632
mve3-v2-approved-2026-07-18,locked,38,2,shuffled,shared,o_collection_root,6222587496691461410
mve3-v2-approved-2026-07-18,locked,38,2,shuffled,shared,non_o_collection_root,15600432983068816246
mve3-v2-approved-2026-07-18,locked,38,2,shuffled,shared,evaluation_root,8594668947591619937
mve3-v2-approved-2026-07-18,locked,38,2,shuffled,none,cell_identity,7127689577532510251
mve3-v2-approved-2026-07-18,locked,38,2,shuffled,p,cell_identity,11673384010351742617
mve3-v2-approved-2026-07-18,locked,38,2,shuffled,k,cell_identity,7023546573469645683
mve3-v2-approved-2026-07-18,locked,38,2,shuffled,o,cell_identity,6426962086516475005
mve3-v2-approved-2026-07-18,locked,38,2,shuffled,pk,cell_identity,14697432121369563980
mve3-v2-approved-2026-07-18,locked,38,2,shuffled,po,cell_identity,3431407626374829345
mve3-v2-approved-2026-07-18,locked,38,2,shuffled,ko,cell_identity,13108838593554514447
mve3-v2-approved-2026-07-18,locked,38,2,shuffled,pko,cell_identity,15504814427659081456
mve3-v2-approved-2026-07-18,locked,38,2,anti,shared,o_collection_root,1082856280106744290
mve3-v2-approved-2026-07-18,locked,38,2,anti,shared,non_o_collection_root,15600432983068816246
mve3-v2-approved-2026-07-18,locked,38,2,anti,shared,evaluation_root,8594668947591619937
mve3-v2-approved-2026-07-18,locked,38,2,anti,none,cell_identity,1238764029080583248
mve3-v2-approved-2026-07-18,locked,38,2,anti,p,cell_identity,1218577189829428249
mve3-v2-approved-2026-07-18,locked,38,2,anti,k,cell_identity,11580832866624689811
mve3-v2-approved-2026-07-18,locked,38,2,anti,o,cell_identity,1257824887883285132
mve3-v2-approved-2026-07-18,locked,38,2,anti,pk,cell_identity,14147662224023038204
mve3-v2-approved-2026-07-18,locked,38,2,anti,po,cell_identity,13240055660775813738
mve3-v2-approved-2026-07-18,locked,38,2,anti,ko,cell_identity,12083481710340499185
mve3-v2-approved-2026-07-18,locked,38,2,anti,pko,cell_identity,12169607802340326479
mve3-v2-approved-2026-07-18,locked,38,3,controlled,shared,o_collection_root,8654836466717959891
mve3-v2-approved-2026-07-18,locked,38,3,controlled,shared,non_o_collection_root,96169216686382438
mve3-v2-approved-2026-07-18,locked,38,3,controlled,shared,evaluation_root,9227680692319977733
mve3-v2-approved-2026-07-18,locked,38,3,controlled,none,cell_identity,18374224121362729628
mve3-v2-approved-2026-07-18,locked,38,3,controlled,p,cell_identity,6386514594858303158
mve3-v2-approved-2026-07-18,locked,38,3,controlled,k,cell_identity,5619004217048982528
mve3-v2-approved-2026-07-18,locked,38,3,controlled,o,cell_identity,6737529561134445786
mve3-v2-approved-2026-07-18,locked,38,3,controlled,pk,cell_identity,7257990087742040762
mve3-v2-approved-2026-07-18,locked,38,3,controlled,po,cell_identity,5096097376160568316
mve3-v2-approved-2026-07-18,locked,38,3,controlled,ko,cell_identity,7926534051049744470
mve3-v2-approved-2026-07-18,locked,38,3,controlled,pko,cell_identity,13399323000264669540
mve3-v2-approved-2026-07-18,locked,38,3,learned,shared,o_collection_root,283957951386607889
mve3-v2-approved-2026-07-18,locked,38,3,learned,shared,non_o_collection_root,96169216686382438
mve3-v2-approved-2026-07-18,locked,38,3,learned,shared,evaluation_root,9227680692319977733
mve3-v2-approved-2026-07-18,locked,38,3,learned,none,cell_identity,2667523972790933942
mve3-v2-approved-2026-07-18,locked,38,3,learned,p,cell_identity,4553458234714508918
mve3-v2-approved-2026-07-18,locked,38,3,learned,k,cell_identity,312445076137335211
mve3-v2-approved-2026-07-18,locked,38,3,learned,o,cell_identity,8403587472667280056
mve3-v2-approved-2026-07-18,locked,38,3,learned,pk,cell_identity,14701637127640094798
mve3-v2-approved-2026-07-18,locked,38,3,learned,po,cell_identity,1327251157204802430
mve3-v2-approved-2026-07-18,locked,38,3,learned,ko,cell_identity,130757030275135093
mve3-v2-approved-2026-07-18,locked,38,3,learned,pko,cell_identity,10063508996372023197
mve3-v2-approved-2026-07-18,locked,38,3,shuffled,shared,o_collection_root,17309682578015392784
mve3-v2-approved-2026-07-18,locked,38,3,shuffled,shared,non_o_collection_root,96169216686382438
mve3-v2-approved-2026-07-18,locked,38,3,shuffled,shared,evaluation_root,9227680692319977733
mve3-v2-approved-2026-07-18,locked,38,3,shuffled,none,cell_identity,3556257299049342402
mve3-v2-approved-2026-07-18,locked,38,3,shuffled,p,cell_identity,1989092811723270108
mve3-v2-approved-2026-07-18,locked,38,3,shuffled,k,cell_identity,13597240380207595274
mve3-v2-approved-2026-07-18,locked,38,3,shuffled,o,cell_identity,6089749530588613348
mve3-v2-approved-2026-07-18,locked,38,3,shuffled,pk,cell_identity,8371051543242268160
mve3-v2-approved-2026-07-18,locked,38,3,shuffled,po,cell_identity,5011083131525272548
mve3-v2-approved-2026-07-18,locked,38,3,shuffled,ko,cell_identity,12782518178929894829
mve3-v2-approved-2026-07-18,locked,38,3,shuffled,pko,cell_identity,15738389118480443110
mve3-v2-approved-2026-07-18,locked,38,3,anti,shared,o_collection_root,17239024554538668348
mve3-v2-approved-2026-07-18,locked,38,3,anti,shared,non_o_collection_root,96169216686382438
mve3-v2-approved-2026-07-18,locked,38,3,anti,shared,evaluation_root,9227680692319977733
mve3-v2-approved-2026-07-18,locked,38,3,anti,none,cell_identity,7458632714078375389
mve3-v2-approved-2026-07-18,locked,38,3,anti,p,cell_identity,12198117937115634697
mve3-v2-approved-2026-07-18,locked,38,3,anti,k,cell_identity,17376285717870036349
mve3-v2-approved-2026-07-18,locked,38,3,anti,o,cell_identity,7469368561690633934
mve3-v2-approved-2026-07-18,locked,38,3,anti,pk,cell_identity,8565489920890129851
mve3-v2-approved-2026-07-18,locked,38,3,anti,po,cell_identity,6295885748502954062
mve3-v2-approved-2026-07-18,locked,38,3,anti,ko,cell_identity,1617899857298715489
mve3-v2-approved-2026-07-18,locked,38,3,anti,pko,cell_identity,8717416526513303577
mve3-v2-approved-2026-07-18,locked,39,1,controlled,shared,o_collection_root,8449593352875947972
mve3-v2-approved-2026-07-18,locked,39,1,controlled,shared,non_o_collection_root,4853557722206188067
mve3-v2-approved-2026-07-18,locked,39,1,controlled,shared,evaluation_root,10547818082487596160
mve3-v2-approved-2026-07-18,locked,39,1,controlled,none,cell_identity,7096498678381758233
mve3-v2-approved-2026-07-18,locked,39,1,controlled,p,cell_identity,3577810649681555543
mve3-v2-approved-2026-07-18,locked,39,1,controlled,k,cell_identity,17803075650384252182
mve3-v2-approved-2026-07-18,locked,39,1,controlled,o,cell_identity,15964752638368841749
mve3-v2-approved-2026-07-18,locked,39,1,controlled,pk,cell_identity,7833866903810150659
mve3-v2-approved-2026-07-18,locked,39,1,controlled,po,cell_identity,7837571202032462365
mve3-v2-approved-2026-07-18,locked,39,1,controlled,ko,cell_identity,15200686757000917578
mve3-v2-approved-2026-07-18,locked,39,1,controlled,pko,cell_identity,10254853676863875846
mve3-v2-approved-2026-07-18,locked,39,1,learned,shared,o_collection_root,10461776173987422119
mve3-v2-approved-2026-07-18,locked,39,1,learned,shared,non_o_collection_root,4853557722206188067
mve3-v2-approved-2026-07-18,locked,39,1,learned,shared,evaluation_root,10547818082487596160
mve3-v2-approved-2026-07-18,locked,39,1,learned,none,cell_identity,17381103521664411864
mve3-v2-approved-2026-07-18,locked,39,1,learned,p,cell_identity,460663600662221946
mve3-v2-approved-2026-07-18,locked,39,1,learned,k,cell_identity,1532478771633225962
mve3-v2-approved-2026-07-18,locked,39,1,learned,o,cell_identity,10284601867183713219
mve3-v2-approved-2026-07-18,locked,39,1,learned,pk,cell_identity,7222055348096490046
mve3-v2-approved-2026-07-18,locked,39,1,learned,po,cell_identity,7660494923662650235
mve3-v2-approved-2026-07-18,locked,39,1,learned,ko,cell_identity,5156029005724600411
mve3-v2-approved-2026-07-18,locked,39,1,learned,pko,cell_identity,5094445333739677513
mve3-v2-approved-2026-07-18,locked,39,1,shuffled,shared,o_collection_root,16599389054296481713
mve3-v2-approved-2026-07-18,locked,39,1,shuffled,shared,non_o_collection_root,4853557722206188067
mve3-v2-approved-2026-07-18,locked,39,1,shuffled,shared,evaluation_root,10547818082487596160
mve3-v2-approved-2026-07-18,locked,39,1,shuffled,none,cell_identity,12008943531293099849
mve3-v2-approved-2026-07-18,locked,39,1,shuffled,p,cell_identity,10618697401892184739
mve3-v2-approved-2026-07-18,locked,39,1,shuffled,k,cell_identity,14534779674230815205
mve3-v2-approved-2026-07-18,locked,39,1,shuffled,o,cell_identity,12983545198155335305
mve3-v2-approved-2026-07-18,locked,39,1,shuffled,pk,cell_identity,10818503959750882115
mve3-v2-approved-2026-07-18,locked,39,1,shuffled,po,cell_identity,5627053970855376177
mve3-v2-approved-2026-07-18,locked,39,1,shuffled,ko,cell_identity,8740302748166040679
mve3-v2-approved-2026-07-18,locked,39,1,shuffled,pko,cell_identity,8601822120719921569
mve3-v2-approved-2026-07-18,locked,39,1,anti,shared,o_collection_root,1657960210444364361
mve3-v2-approved-2026-07-18,locked,39,1,anti,shared,non_o_collection_root,4853557722206188067
mve3-v2-approved-2026-07-18,locked,39,1,anti,shared,evaluation_root,10547818082487596160
mve3-v2-approved-2026-07-18,locked,39,1,anti,none,cell_identity,13354352163899246938
mve3-v2-approved-2026-07-18,locked,39,1,anti,p,cell_identity,2618648551693235397
mve3-v2-approved-2026-07-18,locked,39,1,anti,k,cell_identity,2466367916702373534
mve3-v2-approved-2026-07-18,locked,39,1,anti,o,cell_identity,17043147425502799107
mve3-v2-approved-2026-07-18,locked,39,1,anti,pk,cell_identity,2233227455461616692
mve3-v2-approved-2026-07-18,locked,39,1,anti,po,cell_identity,6172524887420588654
mve3-v2-approved-2026-07-18,locked,39,1,anti,ko,cell_identity,7771331355260979285
mve3-v2-approved-2026-07-18,locked,39,1,anti,pko,cell_identity,10589218061198906309
mve3-v2-approved-2026-07-18,locked,39,2,controlled,shared,o_collection_root,9355195658000712415
mve3-v2-approved-2026-07-18,locked,39,2,controlled,shared,non_o_collection_root,8428788659579153174
mve3-v2-approved-2026-07-18,locked,39,2,controlled,shared,evaluation_root,11067527873278041676
mve3-v2-approved-2026-07-18,locked,39,2,controlled,none,cell_identity,15056057346816035857
mve3-v2-approved-2026-07-18,locked,39,2,controlled,p,cell_identity,5147151683749097527
mve3-v2-approved-2026-07-18,locked,39,2,controlled,k,cell_identity,18187655027722477734
mve3-v2-approved-2026-07-18,locked,39,2,controlled,o,cell_identity,825257521653955852
mve3-v2-approved-2026-07-18,locked,39,2,controlled,pk,cell_identity,17868663614457882893
mve3-v2-approved-2026-07-18,locked,39,2,controlled,po,cell_identity,1231048384492999886
mve3-v2-approved-2026-07-18,locked,39,2,controlled,ko,cell_identity,17269159677574530312
mve3-v2-approved-2026-07-18,locked,39,2,controlled,pko,cell_identity,8776545128097223161
mve3-v2-approved-2026-07-18,locked,39,2,learned,shared,o_collection_root,8728395236454801295
mve3-v2-approved-2026-07-18,locked,39,2,learned,shared,non_o_collection_root,8428788659579153174
mve3-v2-approved-2026-07-18,locked,39,2,learned,shared,evaluation_root,11067527873278041676
mve3-v2-approved-2026-07-18,locked,39,2,learned,none,cell_identity,16588776546237151589
mve3-v2-approved-2026-07-18,locked,39,2,learned,p,cell_identity,6224162032008465318
mve3-v2-approved-2026-07-18,locked,39,2,learned,k,cell_identity,10233908776051226511
mve3-v2-approved-2026-07-18,locked,39,2,learned,o,cell_identity,9544219654360838944
mve3-v2-approved-2026-07-18,locked,39,2,learned,pk,cell_identity,3487144149111944064
mve3-v2-approved-2026-07-18,locked,39,2,learned,po,cell_identity,18127407142889199349
mve3-v2-approved-2026-07-18,locked,39,2,learned,ko,cell_identity,11496737708757148555
mve3-v2-approved-2026-07-18,locked,39,2,learned,pko,cell_identity,3469243829037996781
mve3-v2-approved-2026-07-18,locked,39,2,shuffled,shared,o_collection_root,10895367911382011246
mve3-v2-approved-2026-07-18,locked,39,2,shuffled,shared,non_o_collection_root,8428788659579153174
mve3-v2-approved-2026-07-18,locked,39,2,shuffled,shared,evaluation_root,11067527873278041676
mve3-v2-approved-2026-07-18,locked,39,2,shuffled,none,cell_identity,14781761699034793938
mve3-v2-approved-2026-07-18,locked,39,2,shuffled,p,cell_identity,8138605232184645967
mve3-v2-approved-2026-07-18,locked,39,2,shuffled,k,cell_identity,16298138220203947352
mve3-v2-approved-2026-07-18,locked,39,2,shuffled,o,cell_identity,779221328367448011
mve3-v2-approved-2026-07-18,locked,39,2,shuffled,pk,cell_identity,13124792440382566806
mve3-v2-approved-2026-07-18,locked,39,2,shuffled,po,cell_identity,14912684361840732243
mve3-v2-approved-2026-07-18,locked,39,2,shuffled,ko,cell_identity,13312453885614436517
mve3-v2-approved-2026-07-18,locked,39,2,shuffled,pko,cell_identity,17332518200130388013
mve3-v2-approved-2026-07-18,locked,39,2,anti,shared,o_collection_root,4920338289824981368
mve3-v2-approved-2026-07-18,locked,39,2,anti,shared,non_o_collection_root,8428788659579153174
mve3-v2-approved-2026-07-18,locked,39,2,anti,shared,evaluation_root,11067527873278041676
mve3-v2-approved-2026-07-18,locked,39,2,anti,none,cell_identity,4334013322896789345
mve3-v2-approved-2026-07-18,locked,39,2,anti,p,cell_identity,10404571152095479325
mve3-v2-approved-2026-07-18,locked,39,2,anti,k,cell_identity,16030493477948482383
mve3-v2-approved-2026-07-18,locked,39,2,anti,o,cell_identity,9836071950420404607
mve3-v2-approved-2026-07-18,locked,39,2,anti,pk,cell_identity,1942683297762424907
mve3-v2-approved-2026-07-18,locked,39,2,anti,po,cell_identity,9900452643164708268
mve3-v2-approved-2026-07-18,locked,39,2,anti,ko,cell_identity,1860044515769553046
mve3-v2-approved-2026-07-18,locked,39,2,anti,pko,cell_identity,13461559712750630275
mve3-v2-approved-2026-07-18,locked,39,3,controlled,shared,o_collection_root,13852985514374416181
mve3-v2-approved-2026-07-18,locked,39,3,controlled,shared,non_o_collection_root,9904396478755097048
mve3-v2-approved-2026-07-18,locked,39,3,controlled,shared,evaluation_root,6090198505773857877
mve3-v2-approved-2026-07-18,locked,39,3,controlled,none,cell_identity,13354610397043826117
mve3-v2-approved-2026-07-18,locked,39,3,controlled,p,cell_identity,9049544531741235741
mve3-v2-approved-2026-07-18,locked,39,3,controlled,k,cell_identity,1217064812511176717
mve3-v2-approved-2026-07-18,locked,39,3,controlled,o,cell_identity,12061552491828405591
mve3-v2-approved-2026-07-18,locked,39,3,controlled,pk,cell_identity,15986131074608187442
mve3-v2-approved-2026-07-18,locked,39,3,controlled,po,cell_identity,11080312754786056286
mve3-v2-approved-2026-07-18,locked,39,3,controlled,ko,cell_identity,9692779803227061011
mve3-v2-approved-2026-07-18,locked,39,3,controlled,pko,cell_identity,11271300451775200347
mve3-v2-approved-2026-07-18,locked,39,3,learned,shared,o_collection_root,9111088664294806388
mve3-v2-approved-2026-07-18,locked,39,3,learned,shared,non_o_collection_root,9904396478755097048
mve3-v2-approved-2026-07-18,locked,39,3,learned,shared,evaluation_root,6090198505773857877
mve3-v2-approved-2026-07-18,locked,39,3,learned,none,cell_identity,2622578306678364468
mve3-v2-approved-2026-07-18,locked,39,3,learned,p,cell_identity,5735404013815921890
mve3-v2-approved-2026-07-18,locked,39,3,learned,k,cell_identity,2892581363320779671
mve3-v2-approved-2026-07-18,locked,39,3,learned,o,cell_identity,13604494441354751215
mve3-v2-approved-2026-07-18,locked,39,3,learned,pk,cell_identity,15087206333106024509
mve3-v2-approved-2026-07-18,locked,39,3,learned,po,cell_identity,1031108783538047545
mve3-v2-approved-2026-07-18,locked,39,3,learned,ko,cell_identity,8557457888347098681
mve3-v2-approved-2026-07-18,locked,39,3,learned,pko,cell_identity,11466178651721271674
mve3-v2-approved-2026-07-18,locked,39,3,shuffled,shared,o_collection_root,8816133732556772438
mve3-v2-approved-2026-07-18,locked,39,3,shuffled,shared,non_o_collection_root,9904396478755097048
mve3-v2-approved-2026-07-18,locked,39,3,shuffled,shared,evaluation_root,6090198505773857877
mve3-v2-approved-2026-07-18,locked,39,3,shuffled,none,cell_identity,16439286857253346589
mve3-v2-approved-2026-07-18,locked,39,3,shuffled,p,cell_identity,1658832337993359181
mve3-v2-approved-2026-07-18,locked,39,3,shuffled,k,cell_identity,15069787186951236468
mve3-v2-approved-2026-07-18,locked,39,3,shuffled,o,cell_identity,16284291602043239679
mve3-v2-approved-2026-07-18,locked,39,3,shuffled,pk,cell_identity,17946923565418261862
mve3-v2-approved-2026-07-18,locked,39,3,shuffled,po,cell_identity,10785331900951674712
mve3-v2-approved-2026-07-18,locked,39,3,shuffled,ko,cell_identity,14883563310795445207
mve3-v2-approved-2026-07-18,locked,39,3,shuffled,pko,cell_identity,6947258604277120146
mve3-v2-approved-2026-07-18,locked,39,3,anti,shared,o_collection_root,17693136264790675439
mve3-v2-approved-2026-07-18,locked,39,3,anti,shared,non_o_collection_root,9904396478755097048
mve3-v2-approved-2026-07-18,locked,39,3,anti,shared,evaluation_root,6090198505773857877
mve3-v2-approved-2026-07-18,locked,39,3,anti,none,cell_identity,16869769455182230194
mve3-v2-approved-2026-07-18,locked,39,3,anti,p,cell_identity,10092498384891021309
mve3-v2-approved-2026-07-18,locked,39,3,anti,k,cell_identity,2722187197265389365
mve3-v2-approved-2026-07-18,locked,39,3,anti,o,cell_identity,17063469639372960378
mve3-v2-approved-2026-07-18,locked,39,3,anti,pk,cell_identity,9999781286793075008
mve3-v2-approved-2026-07-18,locked,39,3,anti,po,cell_identity,16091683052967802478
mve3-v2-approved-2026-07-18,locked,39,3,anti,ko,cell_identity,2013849620772032599
mve3-v2-approved-2026-07-18,locked,39,3,anti,pko,cell_identity,5741312815433620442
mve3-v2-approved-2026-07-18,locked,40,1,controlled,shared,o_collection_root,16978645700281419896
mve3-v2-approved-2026-07-18,locked,40,1,controlled,shared,non_o_collection_root,14807717422394549794
mve3-v2-approved-2026-07-18,locked,40,1,controlled,shared,evaluation_root,14503400260719545240
mve3-v2-approved-2026-07-18,locked,40,1,controlled,none,cell_identity,16701249709109102397
mve3-v2-approved-2026-07-18,locked,40,1,controlled,p,cell_identity,10296277385642817744
mve3-v2-approved-2026-07-18,locked,40,1,controlled,k,cell_identity,6684958999416449295
mve3-v2-approved-2026-07-18,locked,40,1,controlled,o,cell_identity,5679209068330176406
mve3-v2-approved-2026-07-18,locked,40,1,controlled,pk,cell_identity,18143540393516563732
mve3-v2-approved-2026-07-18,locked,40,1,controlled,po,cell_identity,16432712955612868478
mve3-v2-approved-2026-07-18,locked,40,1,controlled,ko,cell_identity,17063627232975332240
mve3-v2-approved-2026-07-18,locked,40,1,controlled,pko,cell_identity,3978236501829689394
mve3-v2-approved-2026-07-18,locked,40,1,learned,shared,o_collection_root,11907184476710895591
mve3-v2-approved-2026-07-18,locked,40,1,learned,shared,non_o_collection_root,14807717422394549794
mve3-v2-approved-2026-07-18,locked,40,1,learned,shared,evaluation_root,14503400260719545240
mve3-v2-approved-2026-07-18,locked,40,1,learned,none,cell_identity,16999957132091684799
mve3-v2-approved-2026-07-18,locked,40,1,learned,p,cell_identity,7602590499783738347
mve3-v2-approved-2026-07-18,locked,40,1,learned,k,cell_identity,4428176037288580824
mve3-v2-approved-2026-07-18,locked,40,1,learned,o,cell_identity,844231289603978509
mve3-v2-approved-2026-07-18,locked,40,1,learned,pk,cell_identity,3306313835547677103
mve3-v2-approved-2026-07-18,locked,40,1,learned,po,cell_identity,11346496314355424142
mve3-v2-approved-2026-07-18,locked,40,1,learned,ko,cell_identity,6775073330304216185
mve3-v2-approved-2026-07-18,locked,40,1,learned,pko,cell_identity,5866555488032086470
mve3-v2-approved-2026-07-18,locked,40,1,shuffled,shared,o_collection_root,18033689947733271154
mve3-v2-approved-2026-07-18,locked,40,1,shuffled,shared,non_o_collection_root,14807717422394549794
mve3-v2-approved-2026-07-18,locked,40,1,shuffled,shared,evaluation_root,14503400260719545240
mve3-v2-approved-2026-07-18,locked,40,1,shuffled,none,cell_identity,3817480621843526635
mve3-v2-approved-2026-07-18,locked,40,1,shuffled,p,cell_identity,10765908559666904810
mve3-v2-approved-2026-07-18,locked,40,1,shuffled,k,cell_identity,6879696255772460620
mve3-v2-approved-2026-07-18,locked,40,1,shuffled,o,cell_identity,4780949824620147077
mve3-v2-approved-2026-07-18,locked,40,1,shuffled,pk,cell_identity,809565945128864097
mve3-v2-approved-2026-07-18,locked,40,1,shuffled,po,cell_identity,9731844022390044126
mve3-v2-approved-2026-07-18,locked,40,1,shuffled,ko,cell_identity,14108520951810469838
mve3-v2-approved-2026-07-18,locked,40,1,shuffled,pko,cell_identity,8980973126355413310
mve3-v2-approved-2026-07-18,locked,40,1,anti,shared,o_collection_root,8043876150234895947
mve3-v2-approved-2026-07-18,locked,40,1,anti,shared,non_o_collection_root,14807717422394549794
mve3-v2-approved-2026-07-18,locked,40,1,anti,shared,evaluation_root,14503400260719545240
mve3-v2-approved-2026-07-18,locked,40,1,anti,none,cell_identity,13392132453627315150
mve3-v2-approved-2026-07-18,locked,40,1,anti,p,cell_identity,4350326825585152329
mve3-v2-approved-2026-07-18,locked,40,1,anti,k,cell_identity,4908725390788507435
mve3-v2-approved-2026-07-18,locked,40,1,anti,o,cell_identity,2215735996918339695
mve3-v2-approved-2026-07-18,locked,40,1,anti,pk,cell_identity,8338226581913787193
mve3-v2-approved-2026-07-18,locked,40,1,anti,po,cell_identity,119941378071912346
mve3-v2-approved-2026-07-18,locked,40,1,anti,ko,cell_identity,12764472578567516063
mve3-v2-approved-2026-07-18,locked,40,1,anti,pko,cell_identity,397787230492974937
mve3-v2-approved-2026-07-18,locked,40,2,controlled,shared,o_collection_root,5199938155713250683
mve3-v2-approved-2026-07-18,locked,40,2,controlled,shared,non_o_collection_root,4677665656356485127
mve3-v2-approved-2026-07-18,locked,40,2,controlled,shared,evaluation_root,13913076328964013441
mve3-v2-approved-2026-07-18,locked,40,2,controlled,none,cell_identity,12275705145061929027
mve3-v2-approved-2026-07-18,locked,40,2,controlled,p,cell_identity,17813227909552320396
mve3-v2-approved-2026-07-18,locked,40,2,controlled,k,cell_identity,3460472820408482959
mve3-v2-approved-2026-07-18,locked,40,2,controlled,o,cell_identity,6282126513321215367
mve3-v2-approved-2026-07-18,locked,40,2,controlled,pk,cell_identity,17095738767044222860
mve3-v2-approved-2026-07-18,locked,40,2,controlled,po,cell_identity,11246771183522019913
mve3-v2-approved-2026-07-18,locked,40,2,controlled,ko,cell_identity,9439502167962864487
mve3-v2-approved-2026-07-18,locked,40,2,controlled,pko,cell_identity,3109551668721801664
mve3-v2-approved-2026-07-18,locked,40,2,learned,shared,o_collection_root,15953142289487565792
mve3-v2-approved-2026-07-18,locked,40,2,learned,shared,non_o_collection_root,4677665656356485127
mve3-v2-approved-2026-07-18,locked,40,2,learned,shared,evaluation_root,13913076328964013441
mve3-v2-approved-2026-07-18,locked,40,2,learned,none,cell_identity,8532639216771135708
mve3-v2-approved-2026-07-18,locked,40,2,learned,p,cell_identity,14330313290978075059
mve3-v2-approved-2026-07-18,locked,40,2,learned,k,cell_identity,3774950289085480375
mve3-v2-approved-2026-07-18,locked,40,2,learned,o,cell_identity,3418555340746597801
mve3-v2-approved-2026-07-18,locked,40,2,learned,pk,cell_identity,10195892276888948638
mve3-v2-approved-2026-07-18,locked,40,2,learned,po,cell_identity,10554607500229421361
mve3-v2-approved-2026-07-18,locked,40,2,learned,ko,cell_identity,7640291401575569322
mve3-v2-approved-2026-07-18,locked,40,2,learned,pko,cell_identity,7892829530504756465
mve3-v2-approved-2026-07-18,locked,40,2,shuffled,shared,o_collection_root,15845894626601960367
mve3-v2-approved-2026-07-18,locked,40,2,shuffled,shared,non_o_collection_root,4677665656356485127
mve3-v2-approved-2026-07-18,locked,40,2,shuffled,shared,evaluation_root,13913076328964013441
mve3-v2-approved-2026-07-18,locked,40,2,shuffled,none,cell_identity,16911965657821724559
mve3-v2-approved-2026-07-18,locked,40,2,shuffled,p,cell_identity,11083875805459103582
mve3-v2-approved-2026-07-18,locked,40,2,shuffled,k,cell_identity,4879366563231564029
mve3-v2-approved-2026-07-18,locked,40,2,shuffled,o,cell_identity,6274035550603945077
mve3-v2-approved-2026-07-18,locked,40,2,shuffled,pk,cell_identity,9181363835181042951
mve3-v2-approved-2026-07-18,locked,40,2,shuffled,po,cell_identity,6198896288115963585
mve3-v2-approved-2026-07-18,locked,40,2,shuffled,ko,cell_identity,14787748684184384688
mve3-v2-approved-2026-07-18,locked,40,2,shuffled,pko,cell_identity,4262734162531402603
mve3-v2-approved-2026-07-18,locked,40,2,anti,shared,o_collection_root,3581200126446106219
mve3-v2-approved-2026-07-18,locked,40,2,anti,shared,non_o_collection_root,4677665656356485127
mve3-v2-approved-2026-07-18,locked,40,2,anti,shared,evaluation_root,13913076328964013441
mve3-v2-approved-2026-07-18,locked,40,2,anti,none,cell_identity,11463886408707600313
mve3-v2-approved-2026-07-18,locked,40,2,anti,p,cell_identity,2317377935243341309
mve3-v2-approved-2026-07-18,locked,40,2,anti,k,cell_identity,6068637930159068661
mve3-v2-approved-2026-07-18,locked,40,2,anti,o,cell_identity,15597579836719508860
mve3-v2-approved-2026-07-18,locked,40,2,anti,pk,cell_identity,5261040556361739704
mve3-v2-approved-2026-07-18,locked,40,2,anti,po,cell_identity,6246742519615960117
mve3-v2-approved-2026-07-18,locked,40,2,anti,ko,cell_identity,14445548468418242943
mve3-v2-approved-2026-07-18,locked,40,2,anti,pko,cell_identity,14950484501371856129
mve3-v2-approved-2026-07-18,locked,40,3,controlled,shared,o_collection_root,16634786255512574952
mve3-v2-approved-2026-07-18,locked,40,3,controlled,shared,non_o_collection_root,16170232978326590359
mve3-v2-approved-2026-07-18,locked,40,3,controlled,shared,evaluation_root,14266244240094398805
mve3-v2-approved-2026-07-18,locked,40,3,controlled,none,cell_identity,3166415381402967887
mve3-v2-approved-2026-07-18,locked,40,3,controlled,p,cell_identity,9868529883706566504
mve3-v2-approved-2026-07-18,locked,40,3,controlled,k,cell_identity,15471548251699539407
mve3-v2-approved-2026-07-18,locked,40,3,controlled,o,cell_identity,17122486624078036570
mve3-v2-approved-2026-07-18,locked,40,3,controlled,pk,cell_identity,5438549219581713077
mve3-v2-approved-2026-07-18,locked,40,3,controlled,po,cell_identity,12214276430719050352
mve3-v2-approved-2026-07-18,locked,40,3,controlled,ko,cell_identity,10337760616716770055
mve3-v2-approved-2026-07-18,locked,40,3,controlled,pko,cell_identity,3942112699078577404
mve3-v2-approved-2026-07-18,locked,40,3,learned,shared,o_collection_root,11249292790233528383
mve3-v2-approved-2026-07-18,locked,40,3,learned,shared,non_o_collection_root,16170232978326590359
mve3-v2-approved-2026-07-18,locked,40,3,learned,shared,evaluation_root,14266244240094398805
mve3-v2-approved-2026-07-18,locked,40,3,learned,none,cell_identity,6264142450363754101
mve3-v2-approved-2026-07-18,locked,40,3,learned,p,cell_identity,3929422446305520552
mve3-v2-approved-2026-07-18,locked,40,3,learned,k,cell_identity,18217569097911620838
mve3-v2-approved-2026-07-18,locked,40,3,learned,o,cell_identity,12993296211816150009
mve3-v2-approved-2026-07-18,locked,40,3,learned,pk,cell_identity,15937789368210461166
mve3-v2-approved-2026-07-18,locked,40,3,learned,po,cell_identity,4283615268257363415
mve3-v2-approved-2026-07-18,locked,40,3,learned,ko,cell_identity,7891161492219510527
mve3-v2-approved-2026-07-18,locked,40,3,learned,pko,cell_identity,17769126831336564776
mve3-v2-approved-2026-07-18,locked,40,3,shuffled,shared,o_collection_root,4396456855763811989
mve3-v2-approved-2026-07-18,locked,40,3,shuffled,shared,non_o_collection_root,16170232978326590359
mve3-v2-approved-2026-07-18,locked,40,3,shuffled,shared,evaluation_root,14266244240094398805
mve3-v2-approved-2026-07-18,locked,40,3,shuffled,none,cell_identity,11922357049397980148
mve3-v2-approved-2026-07-18,locked,40,3,shuffled,p,cell_identity,6635727221564417308
mve3-v2-approved-2026-07-18,locked,40,3,shuffled,k,cell_identity,1685432941046706252
mve3-v2-approved-2026-07-18,locked,40,3,shuffled,o,cell_identity,15540414775589312767
mve3-v2-approved-2026-07-18,locked,40,3,shuffled,pk,cell_identity,11451229603454480283
mve3-v2-approved-2026-07-18,locked,40,3,shuffled,po,cell_identity,13972170294545962556
mve3-v2-approved-2026-07-18,locked,40,3,shuffled,ko,cell_identity,11625245589293144212
mve3-v2-approved-2026-07-18,locked,40,3,shuffled,pko,cell_identity,17793609290633631786
mve3-v2-approved-2026-07-18,locked,40,3,anti,shared,o_collection_root,7010413274771235849
mve3-v2-approved-2026-07-18,locked,40,3,anti,shared,non_o_collection_root,16170232978326590359
mve3-v2-approved-2026-07-18,locked,40,3,anti,shared,evaluation_root,14266244240094398805
mve3-v2-approved-2026-07-18,locked,40,3,anti,none,cell_identity,3607474272200574384
mve3-v2-approved-2026-07-18,locked,40,3,anti,p,cell_identity,5760177361478642660
mve3-v2-approved-2026-07-18,locked,40,3,anti,k,cell_identity,6470654896681948682
mve3-v2-approved-2026-07-18,locked,40,3,anti,o,cell_identity,18185233867206308239
mve3-v2-approved-2026-07-18,locked,40,3,anti,pk,cell_identity,6883769246585957806
mve3-v2-approved-2026-07-18,locked,40,3,anti,po,cell_identity,9693571070650891982
mve3-v2-approved-2026-07-18,locked,40,3,anti,ko,cell_identity,4198729285049178039
mve3-v2-approved-2026-07-18,locked,40,3,anti,pko,cell_identity,16591154025765978647
mve3-v2-approved-2026-07-18,locked,41,1,controlled,shared,o_collection_root,15075347371517245981
mve3-v2-approved-2026-07-18,locked,41,1,controlled,shared,non_o_collection_root,9190027597862611783
mve3-v2-approved-2026-07-18,locked,41,1,controlled,shared,evaluation_root,3825519901799695232
mve3-v2-approved-2026-07-18,locked,41,1,controlled,none,cell_identity,8349215000122629968
mve3-v2-approved-2026-07-18,locked,41,1,controlled,p,cell_identity,1619342609615054172
mve3-v2-approved-2026-07-18,locked,41,1,controlled,k,cell_identity,8081251607155453913
mve3-v2-approved-2026-07-18,locked,41,1,controlled,o,cell_identity,17237942892581182290
mve3-v2-approved-2026-07-18,locked,41,1,controlled,pk,cell_identity,13599708020980931031
mve3-v2-approved-2026-07-18,locked,41,1,controlled,po,cell_identity,15027004304537145779
mve3-v2-approved-2026-07-18,locked,41,1,controlled,ko,cell_identity,6775212245619510526
mve3-v2-approved-2026-07-18,locked,41,1,controlled,pko,cell_identity,13468482594447769817
mve3-v2-approved-2026-07-18,locked,41,1,learned,shared,o_collection_root,11774872718048575421
mve3-v2-approved-2026-07-18,locked,41,1,learned,shared,non_o_collection_root,9190027597862611783
mve3-v2-approved-2026-07-18,locked,41,1,learned,shared,evaluation_root,3825519901799695232
mve3-v2-approved-2026-07-18,locked,41,1,learned,none,cell_identity,12072831995909369372
mve3-v2-approved-2026-07-18,locked,41,1,learned,p,cell_identity,13977958090039318950
mve3-v2-approved-2026-07-18,locked,41,1,learned,k,cell_identity,16398102541201399846
mve3-v2-approved-2026-07-18,locked,41,1,learned,o,cell_identity,3722784332698286947
mve3-v2-approved-2026-07-18,locked,41,1,learned,pk,cell_identity,3462364838241907770
mve3-v2-approved-2026-07-18,locked,41,1,learned,po,cell_identity,4454755313663690493
mve3-v2-approved-2026-07-18,locked,41,1,learned,ko,cell_identity,3812263583351915588
mve3-v2-approved-2026-07-18,locked,41,1,learned,pko,cell_identity,7254685974016933692
mve3-v2-approved-2026-07-18,locked,41,1,shuffled,shared,o_collection_root,4517970656645553436
mve3-v2-approved-2026-07-18,locked,41,1,shuffled,shared,non_o_collection_root,9190027597862611783
mve3-v2-approved-2026-07-18,locked,41,1,shuffled,shared,evaluation_root,3825519901799695232
mve3-v2-approved-2026-07-18,locked,41,1,shuffled,none,cell_identity,9379165077078431486
mve3-v2-approved-2026-07-18,locked,41,1,shuffled,p,cell_identity,15035049705727844033
mve3-v2-approved-2026-07-18,locked,41,1,shuffled,k,cell_identity,15968628160543357104
mve3-v2-approved-2026-07-18,locked,41,1,shuffled,o,cell_identity,1872055471499212246
mve3-v2-approved-2026-07-18,locked,41,1,shuffled,pk,cell_identity,8666830077934926498
mve3-v2-approved-2026-07-18,locked,41,1,shuffled,po,cell_identity,10246016904784547150
mve3-v2-approved-2026-07-18,locked,41,1,shuffled,ko,cell_identity,4747860092977426651
mve3-v2-approved-2026-07-18,locked,41,1,shuffled,pko,cell_identity,8149141378221567675
mve3-v2-approved-2026-07-18,locked,41,1,anti,shared,o_collection_root,11247759233084446253
mve3-v2-approved-2026-07-18,locked,41,1,anti,shared,non_o_collection_root,9190027597862611783
mve3-v2-approved-2026-07-18,locked,41,1,anti,shared,evaluation_root,3825519901799695232
mve3-v2-approved-2026-07-18,locked,41,1,anti,none,cell_identity,7557229784027208119
mve3-v2-approved-2026-07-18,locked,41,1,anti,p,cell_identity,10847204843807816858
mve3-v2-approved-2026-07-18,locked,41,1,anti,k,cell_identity,5761613198989421676
mve3-v2-approved-2026-07-18,locked,41,1,anti,o,cell_identity,6945624376268752543
mve3-v2-approved-2026-07-18,locked,41,1,anti,pk,cell_identity,6670146345852181511
mve3-v2-approved-2026-07-18,locked,41,1,anti,po,cell_identity,12369505667929024018
mve3-v2-approved-2026-07-18,locked,41,1,anti,ko,cell_identity,12455851058745316845
mve3-v2-approved-2026-07-18,locked,41,1,anti,pko,cell_identity,11611285554229247743
mve3-v2-approved-2026-07-18,locked,41,2,controlled,shared,o_collection_root,14174790172818059345
mve3-v2-approved-2026-07-18,locked,41,2,controlled,shared,non_o_collection_root,7237233863869546130
mve3-v2-approved-2026-07-18,locked,41,2,controlled,shared,evaluation_root,10276358366805723042
mve3-v2-approved-2026-07-18,locked,41,2,controlled,none,cell_identity,8172078553845580880
mve3-v2-approved-2026-07-18,locked,41,2,controlled,p,cell_identity,2461346128783808133
mve3-v2-approved-2026-07-18,locked,41,2,controlled,k,cell_identity,15560550339563774292
mve3-v2-approved-2026-07-18,locked,41,2,controlled,o,cell_identity,5749434561140260933
mve3-v2-approved-2026-07-18,locked,41,2,controlled,pk,cell_identity,12489795610722684786
mve3-v2-approved-2026-07-18,locked,41,2,controlled,po,cell_identity,5822501257045262462
mve3-v2-approved-2026-07-18,locked,41,2,controlled,ko,cell_identity,7601373704336672634
mve3-v2-approved-2026-07-18,locked,41,2,controlled,pko,cell_identity,4615817005675239908
mve3-v2-approved-2026-07-18,locked,41,2,learned,shared,o_collection_root,9333826185023809194
mve3-v2-approved-2026-07-18,locked,41,2,learned,shared,non_o_collection_root,7237233863869546130
mve3-v2-approved-2026-07-18,locked,41,2,learned,shared,evaluation_root,10276358366805723042
mve3-v2-approved-2026-07-18,locked,41,2,learned,none,cell_identity,13878368033714503327
mve3-v2-approved-2026-07-18,locked,41,2,learned,p,cell_identity,11789307522631268281
mve3-v2-approved-2026-07-18,locked,41,2,learned,k,cell_identity,9422998117266562420
mve3-v2-approved-2026-07-18,locked,41,2,learned,o,cell_identity,14675218025421508169
mve3-v2-approved-2026-07-18,locked,41,2,learned,pk,cell_identity,14646646744550551571
mve3-v2-approved-2026-07-18,locked,41,2,learned,po,cell_identity,11646178234338656919
mve3-v2-approved-2026-07-18,locked,41,2,learned,ko,cell_identity,10821896221450325479
mve3-v2-approved-2026-07-18,locked,41,2,learned,pko,cell_identity,16139326177418683979
mve3-v2-approved-2026-07-18,locked,41,2,shuffled,shared,o_collection_root,4824056599195030635
mve3-v2-approved-2026-07-18,locked,41,2,shuffled,shared,non_o_collection_root,7237233863869546130
mve3-v2-approved-2026-07-18,locked,41,2,shuffled,shared,evaluation_root,10276358366805723042
mve3-v2-approved-2026-07-18,locked,41,2,shuffled,none,cell_identity,5507107858596092196
mve3-v2-approved-2026-07-18,locked,41,2,shuffled,p,cell_identity,18128242213465952547
mve3-v2-approved-2026-07-18,locked,41,2,shuffled,k,cell_identity,2898013742894118251
mve3-v2-approved-2026-07-18,locked,41,2,shuffled,o,cell_identity,17302651578674667281
mve3-v2-approved-2026-07-18,locked,41,2,shuffled,pk,cell_identity,1619283679303085641
mve3-v2-approved-2026-07-18,locked,41,2,shuffled,po,cell_identity,7001728828747712910
mve3-v2-approved-2026-07-18,locked,41,2,shuffled,ko,cell_identity,12660591208697192162
mve3-v2-approved-2026-07-18,locked,41,2,shuffled,pko,cell_identity,4620500048041028425
mve3-v2-approved-2026-07-18,locked,41,2,anti,shared,o_collection_root,17581204799591707355
mve3-v2-approved-2026-07-18,locked,41,2,anti,shared,non_o_collection_root,7237233863869546130
mve3-v2-approved-2026-07-18,locked,41,2,anti,shared,evaluation_root,10276358366805723042
mve3-v2-approved-2026-07-18,locked,41,2,anti,none,cell_identity,10247242215080263553
mve3-v2-approved-2026-07-18,locked,41,2,anti,p,cell_identity,11189968623234369799
mve3-v2-approved-2026-07-18,locked,41,2,anti,k,cell_identity,1662475396461283184
mve3-v2-approved-2026-07-18,locked,41,2,anti,o,cell_identity,11822888679340904975
mve3-v2-approved-2026-07-18,locked,41,2,anti,pk,cell_identity,5422393255546126441
mve3-v2-approved-2026-07-18,locked,41,2,anti,po,cell_identity,17586156488874247773
mve3-v2-approved-2026-07-18,locked,41,2,anti,ko,cell_identity,10835893633844858636
mve3-v2-approved-2026-07-18,locked,41,2,anti,pko,cell_identity,11979691891373769003
mve3-v2-approved-2026-07-18,locked,41,3,controlled,shared,o_collection_root,12167594860835870669
mve3-v2-approved-2026-07-18,locked,41,3,controlled,shared,non_o_collection_root,16713818867081752165
mve3-v2-approved-2026-07-18,locked,41,3,controlled,shared,evaluation_root,2472773553139209125
mve3-v2-approved-2026-07-18,locked,41,3,controlled,none,cell_identity,14423350341591633509
mve3-v2-approved-2026-07-18,locked,41,3,controlled,p,cell_identity,8326926697974047892
mve3-v2-approved-2026-07-18,locked,41,3,controlled,k,cell_identity,17742767761588973163
mve3-v2-approved-2026-07-18,locked,41,3,controlled,o,cell_identity,16840888501710472356
mve3-v2-approved-2026-07-18,locked,41,3,controlled,pk,cell_identity,354988336481043664
mve3-v2-approved-2026-07-18,locked,41,3,controlled,po,cell_identity,1615961534857265325
mve3-v2-approved-2026-07-18,locked,41,3,controlled,ko,cell_identity,12179855757408377731
mve3-v2-approved-2026-07-18,locked,41,3,controlled,pko,cell_identity,12792694010402535887
mve3-v2-approved-2026-07-18,locked,41,3,learned,shared,o_collection_root,1982694589489611743
mve3-v2-approved-2026-07-18,locked,41,3,learned,shared,non_o_collection_root,16713818867081752165
mve3-v2-approved-2026-07-18,locked,41,3,learned,shared,evaluation_root,2472773553139209125
mve3-v2-approved-2026-07-18,locked,41,3,learned,none,cell_identity,15297184256709090431
mve3-v2-approved-2026-07-18,locked,41,3,learned,p,cell_identity,10883065903946997065
mve3-v2-approved-2026-07-18,locked,41,3,learned,k,cell_identity,7847723580025913375
mve3-v2-approved-2026-07-18,locked,41,3,learned,o,cell_identity,16528832669232475327
mve3-v2-approved-2026-07-18,locked,41,3,learned,pk,cell_identity,1326634689685899449
mve3-v2-approved-2026-07-18,locked,41,3,learned,po,cell_identity,7328628175316718354
mve3-v2-approved-2026-07-18,locked,41,3,learned,ko,cell_identity,17799293200915103345
mve3-v2-approved-2026-07-18,locked,41,3,learned,pko,cell_identity,5729730467640429604
mve3-v2-approved-2026-07-18,locked,41,3,shuffled,shared,o_collection_root,6895515033130757761
mve3-v2-approved-2026-07-18,locked,41,3,shuffled,shared,non_o_collection_root,16713818867081752165
mve3-v2-approved-2026-07-18,locked,41,3,shuffled,shared,evaluation_root,2472773553139209125
mve3-v2-approved-2026-07-18,locked,41,3,shuffled,none,cell_identity,1750211306586760903
mve3-v2-approved-2026-07-18,locked,41,3,shuffled,p,cell_identity,7132694563830189701
mve3-v2-approved-2026-07-18,locked,41,3,shuffled,k,cell_identity,12620725840878362971
mve3-v2-approved-2026-07-18,locked,41,3,shuffled,o,cell_identity,9109336903827372756
mve3-v2-approved-2026-07-18,locked,41,3,shuffled,pk,cell_identity,134840329224987657
mve3-v2-approved-2026-07-18,locked,41,3,shuffled,po,cell_identity,17516250724126950061
mve3-v2-approved-2026-07-18,locked,41,3,shuffled,ko,cell_identity,13755721506046832830
mve3-v2-approved-2026-07-18,locked,41,3,shuffled,pko,cell_identity,12389318955664029734
mve3-v2-approved-2026-07-18,locked,41,3,anti,shared,o_collection_root,6717181310220243399
mve3-v2-approved-2026-07-18,locked,41,3,anti,shared,non_o_collection_root,16713818867081752165
mve3-v2-approved-2026-07-18,locked,41,3,anti,shared,evaluation_root,2472773553139209125
mve3-v2-approved-2026-07-18,locked,41,3,anti,none,cell_identity,893769426475557491
mve3-v2-approved-2026-07-18,locked,41,3,anti,p,cell_identity,14601331149852352076
mve3-v2-approved-2026-07-18,locked,41,3,anti,k,cell_identity,16321229223502421011
mve3-v2-approved-2026-07-18,locked,41,3,anti,o,cell_identity,1746926419756085224
mve3-v2-approved-2026-07-18,locked,41,3,anti,pk,cell_identity,5467999534754638810
mve3-v2-approved-2026-07-18,locked,41,3,anti,po,cell_identity,11294185158415285604
mve3-v2-approved-2026-07-18,locked,41,3,anti,ko,cell_identity,18300014669797787495
mve3-v2-approved-2026-07-18,locked,41,3,anti,pko,cell_identity,407796584376745625
mve3-v2-approved-2026-07-18,locked,42,1,controlled,shared,o_collection_root,10793812264919024182
mve3-v2-approved-2026-07-18,locked,42,1,controlled,shared,non_o_collection_root,13459050613808096955
mve3-v2-approved-2026-07-18,locked,42,1,controlled,shared,evaluation_root,8871697686599338972
mve3-v2-approved-2026-07-18,locked,42,1,controlled,none,cell_identity,7343848020819202050
mve3-v2-approved-2026-07-18,locked,42,1,controlled,p,cell_identity,13857512153011250514
mve3-v2-approved-2026-07-18,locked,42,1,controlled,k,cell_identity,2105692290995690126
mve3-v2-approved-2026-07-18,locked,42,1,controlled,o,cell_identity,15355699456529417598
mve3-v2-approved-2026-07-18,locked,42,1,controlled,pk,cell_identity,4705134678937261358
mve3-v2-approved-2026-07-18,locked,42,1,controlled,po,cell_identity,5980481616565153029
mve3-v2-approved-2026-07-18,locked,42,1,controlled,ko,cell_identity,3578324897681158024
mve3-v2-approved-2026-07-18,locked,42,1,controlled,pko,cell_identity,11943735121143870411
mve3-v2-approved-2026-07-18,locked,42,1,learned,shared,o_collection_root,916901719328385741
mve3-v2-approved-2026-07-18,locked,42,1,learned,shared,non_o_collection_root,13459050613808096955
mve3-v2-approved-2026-07-18,locked,42,1,learned,shared,evaluation_root,8871697686599338972
mve3-v2-approved-2026-07-18,locked,42,1,learned,none,cell_identity,10998402375373328051
mve3-v2-approved-2026-07-18,locked,42,1,learned,p,cell_identity,3199329107125708182
mve3-v2-approved-2026-07-18,locked,42,1,learned,k,cell_identity,8164369645477003204
mve3-v2-approved-2026-07-18,locked,42,1,learned,o,cell_identity,15799125723712030391
mve3-v2-approved-2026-07-18,locked,42,1,learned,pk,cell_identity,16111166479420880561
mve3-v2-approved-2026-07-18,locked,42,1,learned,po,cell_identity,17185175174004501038
mve3-v2-approved-2026-07-18,locked,42,1,learned,ko,cell_identity,14177342944056378679
mve3-v2-approved-2026-07-18,locked,42,1,learned,pko,cell_identity,9424513201356754439
mve3-v2-approved-2026-07-18,locked,42,1,shuffled,shared,o_collection_root,1641671445094182135
mve3-v2-approved-2026-07-18,locked,42,1,shuffled,shared,non_o_collection_root,13459050613808096955
mve3-v2-approved-2026-07-18,locked,42,1,shuffled,shared,evaluation_root,8871697686599338972
mve3-v2-approved-2026-07-18,locked,42,1,shuffled,none,cell_identity,11683624732514758128
mve3-v2-approved-2026-07-18,locked,42,1,shuffled,p,cell_identity,13308377481441300622
mve3-v2-approved-2026-07-18,locked,42,1,shuffled,k,cell_identity,4005074024179378550
mve3-v2-approved-2026-07-18,locked,42,1,shuffled,o,cell_identity,9453160334031995605
mve3-v2-approved-2026-07-18,locked,42,1,shuffled,pk,cell_identity,8594112536107729861
mve3-v2-approved-2026-07-18,locked,42,1,shuffled,po,cell_identity,18172282659498343428
mve3-v2-approved-2026-07-18,locked,42,1,shuffled,ko,cell_identity,12883880557410261278
mve3-v2-approved-2026-07-18,locked,42,1,shuffled,pko,cell_identity,2885387061089728240
mve3-v2-approved-2026-07-18,locked,42,1,anti,shared,o_collection_root,8433146174299521515
mve3-v2-approved-2026-07-18,locked,42,1,anti,shared,non_o_collection_root,13459050613808096955
mve3-v2-approved-2026-07-18,locked,42,1,anti,shared,evaluation_root,8871697686599338972
mve3-v2-approved-2026-07-18,locked,42,1,anti,none,cell_identity,7304784253405185731
mve3-v2-approved-2026-07-18,locked,42,1,anti,p,cell_identity,5465217310368447227
mve3-v2-approved-2026-07-18,locked,42,1,anti,k,cell_identity,617108100954992711
mve3-v2-approved-2026-07-18,locked,42,1,anti,o,cell_identity,4293553659221927778
mve3-v2-approved-2026-07-18,locked,42,1,anti,pk,cell_identity,12443558519649700829
mve3-v2-approved-2026-07-18,locked,42,1,anti,po,cell_identity,11950151769074885900
mve3-v2-approved-2026-07-18,locked,42,1,anti,ko,cell_identity,6703413215683628653
mve3-v2-approved-2026-07-18,locked,42,1,anti,pko,cell_identity,1863867612104566647
mve3-v2-approved-2026-07-18,locked,42,2,controlled,shared,o_collection_root,5581464205214123353
mve3-v2-approved-2026-07-18,locked,42,2,controlled,shared,non_o_collection_root,8824869490778944585
mve3-v2-approved-2026-07-18,locked,42,2,controlled,shared,evaluation_root,13940073417252612741
mve3-v2-approved-2026-07-18,locked,42,2,controlled,none,cell_identity,8155852672304984435
mve3-v2-approved-2026-07-18,locked,42,2,controlled,p,cell_identity,12669982929477277980
mve3-v2-approved-2026-07-18,locked,42,2,controlled,k,cell_identity,13722817518343398830
mve3-v2-approved-2026-07-18,locked,42,2,controlled,o,cell_identity,15055310581178871485
mve3-v2-approved-2026-07-18,locked,42,2,controlled,pk,cell_identity,9724239526190277839
mve3-v2-approved-2026-07-18,locked,42,2,controlled,po,cell_identity,9589333139431914413
mve3-v2-approved-2026-07-18,locked,42,2,controlled,ko,cell_identity,8912233257964136244
mve3-v2-approved-2026-07-18,locked,42,2,controlled,pko,cell_identity,1587114034793599743
mve3-v2-approved-2026-07-18,locked,42,2,learned,shared,o_collection_root,7121186651500574242
mve3-v2-approved-2026-07-18,locked,42,2,learned,shared,non_o_collection_root,8824869490778944585
mve3-v2-approved-2026-07-18,locked,42,2,learned,shared,evaluation_root,13940073417252612741
mve3-v2-approved-2026-07-18,locked,42,2,learned,none,cell_identity,17434281894927543214
mve3-v2-approved-2026-07-18,locked,42,2,learned,p,cell_identity,10115149332226557805
mve3-v2-approved-2026-07-18,locked,42,2,learned,k,cell_identity,2160120830044542135
mve3-v2-approved-2026-07-18,locked,42,2,learned,o,cell_identity,12435342471794173568
mve3-v2-approved-2026-07-18,locked,42,2,learned,pk,cell_identity,6758988959088132979
mve3-v2-approved-2026-07-18,locked,42,2,learned,po,cell_identity,6746938947905514492
mve3-v2-approved-2026-07-18,locked,42,2,learned,ko,cell_identity,8371446346066737123
mve3-v2-approved-2026-07-18,locked,42,2,learned,pko,cell_identity,11089292495980144035
mve3-v2-approved-2026-07-18,locked,42,2,shuffled,shared,o_collection_root,3735797048280675481
mve3-v2-approved-2026-07-18,locked,42,2,shuffled,shared,non_o_collection_root,8824869490778944585
mve3-v2-approved-2026-07-18,locked,42,2,shuffled,shared,evaluation_root,13940073417252612741
mve3-v2-approved-2026-07-18,locked,42,2,shuffled,none,cell_identity,10962052448474237426
mve3-v2-approved-2026-07-18,locked,42,2,shuffled,p,cell_identity,10636955045290206976
mve3-v2-approved-2026-07-18,locked,42,2,shuffled,k,cell_identity,5974782675034215486
mve3-v2-approved-2026-07-18,locked,42,2,shuffled,o,cell_identity,16887788462121692781
mve3-v2-approved-2026-07-18,locked,42,2,shuffled,pk,cell_identity,5222027997320641071
mve3-v2-approved-2026-07-18,locked,42,2,shuffled,po,cell_identity,4252631301492077421
mve3-v2-approved-2026-07-18,locked,42,2,shuffled,ko,cell_identity,4425574087454288498
mve3-v2-approved-2026-07-18,locked,42,2,shuffled,pko,cell_identity,614973434461488823
mve3-v2-approved-2026-07-18,locked,42,2,anti,shared,o_collection_root,2792601832605795504
mve3-v2-approved-2026-07-18,locked,42,2,anti,shared,non_o_collection_root,8824869490778944585
mve3-v2-approved-2026-07-18,locked,42,2,anti,shared,evaluation_root,13940073417252612741
mve3-v2-approved-2026-07-18,locked,42,2,anti,none,cell_identity,11288556317362971217
mve3-v2-approved-2026-07-18,locked,42,2,anti,p,cell_identity,3786607693787079497
mve3-v2-approved-2026-07-18,locked,42,2,anti,k,cell_identity,16376377509827616284
mve3-v2-approved-2026-07-18,locked,42,2,anti,o,cell_identity,16045556017705696455
mve3-v2-approved-2026-07-18,locked,42,2,anti,pk,cell_identity,5907027956309221058
mve3-v2-approved-2026-07-18,locked,42,2,anti,po,cell_identity,296663701041172393
mve3-v2-approved-2026-07-18,locked,42,2,anti,ko,cell_identity,15474715848678210511
mve3-v2-approved-2026-07-18,locked,42,2,anti,pko,cell_identity,8824376638564486801
mve3-v2-approved-2026-07-18,locked,42,3,controlled,shared,o_collection_root,3062597446205032583
mve3-v2-approved-2026-07-18,locked,42,3,controlled,shared,non_o_collection_root,17530103772912163411
mve3-v2-approved-2026-07-18,locked,42,3,controlled,shared,evaluation_root,2515735388395014403
mve3-v2-approved-2026-07-18,locked,42,3,controlled,none,cell_identity,3926297723190154281
mve3-v2-approved-2026-07-18,locked,42,3,controlled,p,cell_identity,7019146660326351827
mve3-v2-approved-2026-07-18,locked,42,3,controlled,k,cell_identity,9891718546160492320
mve3-v2-approved-2026-07-18,locked,42,3,controlled,o,cell_identity,13408654397545691700
mve3-v2-approved-2026-07-18,locked,42,3,controlled,pk,cell_identity,10257863921666544102
mve3-v2-approved-2026-07-18,locked,42,3,controlled,po,cell_identity,4344135509084170486
mve3-v2-approved-2026-07-18,locked,42,3,controlled,ko,cell_identity,10084183384907455948
mve3-v2-approved-2026-07-18,locked,42,3,controlled,pko,cell_identity,9027051074342453634
mve3-v2-approved-2026-07-18,locked,42,3,learned,shared,o_collection_root,14488720541138747428
mve3-v2-approved-2026-07-18,locked,42,3,learned,shared,non_o_collection_root,17530103772912163411
mve3-v2-approved-2026-07-18,locked,42,3,learned,shared,evaluation_root,2515735388395014403
mve3-v2-approved-2026-07-18,locked,42,3,learned,none,cell_identity,14850640194948900820
mve3-v2-approved-2026-07-18,locked,42,3,learned,p,cell_identity,17536667394446878168
mve3-v2-approved-2026-07-18,locked,42,3,learned,k,cell_identity,17307199570260822829
mve3-v2-approved-2026-07-18,locked,42,3,learned,o,cell_identity,4778524716052630967
mve3-v2-approved-2026-07-18,locked,42,3,learned,pk,cell_identity,17407556188066604253
mve3-v2-approved-2026-07-18,locked,42,3,learned,po,cell_identity,1710232881795690010
mve3-v2-approved-2026-07-18,locked,42,3,learned,ko,cell_identity,10746378930223260602
mve3-v2-approved-2026-07-18,locked,42,3,learned,pko,cell_identity,5326728473040847290
mve3-v2-approved-2026-07-18,locked,42,3,shuffled,shared,o_collection_root,360279357824093819
mve3-v2-approved-2026-07-18,locked,42,3,shuffled,shared,non_o_collection_root,17530103772912163411
mve3-v2-approved-2026-07-18,locked,42,3,shuffled,shared,evaluation_root,2515735388395014403
mve3-v2-approved-2026-07-18,locked,42,3,shuffled,none,cell_identity,9653033558610370565
mve3-v2-approved-2026-07-18,locked,42,3,shuffled,p,cell_identity,18436850527796559493
mve3-v2-approved-2026-07-18,locked,42,3,shuffled,k,cell_identity,3998106356630628119
mve3-v2-approved-2026-07-18,locked,42,3,shuffled,o,cell_identity,4727965531580510063
mve3-v2-approved-2026-07-18,locked,42,3,shuffled,pk,cell_identity,87099122959934542
mve3-v2-approved-2026-07-18,locked,42,3,shuffled,po,cell_identity,17371929376588903916
mve3-v2-approved-2026-07-18,locked,42,3,shuffled,ko,cell_identity,10627500205831761440
mve3-v2-approved-2026-07-18,locked,42,3,shuffled,pko,cell_identity,7731993873758004483
mve3-v2-approved-2026-07-18,locked,42,3,anti,shared,o_collection_root,14207180751509658856
mve3-v2-approved-2026-07-18,locked,42,3,anti,shared,non_o_collection_root,17530103772912163411
mve3-v2-approved-2026-07-18,locked,42,3,anti,shared,evaluation_root,2515735388395014403
mve3-v2-approved-2026-07-18,locked,42,3,anti,none,cell_identity,6796158409438727658
mve3-v2-approved-2026-07-18,locked,42,3,anti,p,cell_identity,1024264261985259878
mve3-v2-approved-2026-07-18,locked,42,3,anti,k,cell_identity,3361553306028560471
mve3-v2-approved-2026-07-18,locked,42,3,anti,o,cell_identity,13018110198322264559
mve3-v2-approved-2026-07-18,locked,42,3,anti,pk,cell_identity,177602716492294743
mve3-v2-approved-2026-07-18,locked,42,3,anti,po,cell_identity,2511070082421278815
mve3-v2-approved-2026-07-18,locked,42,3,anti,ko,cell_identity,13964033381835405745
mve3-v2-approved-2026-07-18,locked,42,3,anti,pko,cell_identity,17250447774694263663
mve3-v2-approved-2026-07-18,locked,43,1,controlled,shared,o_collection_root,12621947470073470145
mve3-v2-approved-2026-07-18,locked,43,1,controlled,shared,non_o_collection_root,12468679506800101088
mve3-v2-approved-2026-07-18,locked,43,1,controlled,shared,evaluation_root,9728441634786026880
mve3-v2-approved-2026-07-18,locked,43,1,controlled,none,cell_identity,6231665685837751921
mve3-v2-approved-2026-07-18,locked,43,1,controlled,p,cell_identity,6154731472438351408
mve3-v2-approved-2026-07-18,locked,43,1,controlled,k,cell_identity,11317604460827598100
mve3-v2-approved-2026-07-18,locked,43,1,controlled,o,cell_identity,5964532311504247263
mve3-v2-approved-2026-07-18,locked,43,1,controlled,pk,cell_identity,70242387344516786
mve3-v2-approved-2026-07-18,locked,43,1,controlled,po,cell_identity,356413028753227236
mve3-v2-approved-2026-07-18,locked,43,1,controlled,ko,cell_identity,15601299091403543186
mve3-v2-approved-2026-07-18,locked,43,1,controlled,pko,cell_identity,942381593608020117
mve3-v2-approved-2026-07-18,locked,43,1,learned,shared,o_collection_root,7128507970791071857
mve3-v2-approved-2026-07-18,locked,43,1,learned,shared,non_o_collection_root,12468679506800101088
mve3-v2-approved-2026-07-18,locked,43,1,learned,shared,evaluation_root,9728441634786026880
mve3-v2-approved-2026-07-18,locked,43,1,learned,none,cell_identity,9923759898396618808
mve3-v2-approved-2026-07-18,locked,43,1,learned,p,cell_identity,6780891763700901521
mve3-v2-approved-2026-07-18,locked,43,1,learned,k,cell_identity,15163056873709734810
mve3-v2-approved-2026-07-18,locked,43,1,learned,o,cell_identity,1836786555817716173
mve3-v2-approved-2026-07-18,locked,43,1,learned,pk,cell_identity,3755716487185562637
mve3-v2-approved-2026-07-18,locked,43,1,learned,po,cell_identity,15156501963497367833
mve3-v2-approved-2026-07-18,locked,43,1,learned,ko,cell_identity,14677885409572443884
mve3-v2-approved-2026-07-18,locked,43,1,learned,pko,cell_identity,7282970333960130656
mve3-v2-approved-2026-07-18,locked,43,1,shuffled,shared,o_collection_root,16442703414852430467
mve3-v2-approved-2026-07-18,locked,43,1,shuffled,shared,non_o_collection_root,12468679506800101088
mve3-v2-approved-2026-07-18,locked,43,1,shuffled,shared,evaluation_root,9728441634786026880
mve3-v2-approved-2026-07-18,locked,43,1,shuffled,none,cell_identity,9201808842091138432
mve3-v2-approved-2026-07-18,locked,43,1,shuffled,p,cell_identity,16809112315970821366
mve3-v2-approved-2026-07-18,locked,43,1,shuffled,k,cell_identity,11972911114968021976
mve3-v2-approved-2026-07-18,locked,43,1,shuffled,o,cell_identity,8160752522660825217
mve3-v2-approved-2026-07-18,locked,43,1,shuffled,pk,cell_identity,14284501991489776171
mve3-v2-approved-2026-07-18,locked,43,1,shuffled,po,cell_identity,4557678473817908348
mve3-v2-approved-2026-07-18,locked,43,1,shuffled,ko,cell_identity,8904506531316181409
mve3-v2-approved-2026-07-18,locked,43,1,shuffled,pko,cell_identity,1794689515438450502
mve3-v2-approved-2026-07-18,locked,43,1,anti,shared,o_collection_root,15557446040352527317
mve3-v2-approved-2026-07-18,locked,43,1,anti,shared,non_o_collection_root,12468679506800101088
mve3-v2-approved-2026-07-18,locked,43,1,anti,shared,evaluation_root,9728441634786026880
mve3-v2-approved-2026-07-18,locked,43,1,anti,none,cell_identity,13788726214950196903
mve3-v2-approved-2026-07-18,locked,43,1,anti,p,cell_identity,1278632616628636876
mve3-v2-approved-2026-07-18,locked,43,1,anti,k,cell_identity,2462186125555445962
mve3-v2-approved-2026-07-18,locked,43,1,anti,o,cell_identity,6830354191879769920
mve3-v2-approved-2026-07-18,locked,43,1,anti,pk,cell_identity,16585538521243055301
mve3-v2-approved-2026-07-18,locked,43,1,anti,po,cell_identity,9260230417953120278
mve3-v2-approved-2026-07-18,locked,43,1,anti,ko,cell_identity,6975929266308292429
mve3-v2-approved-2026-07-18,locked,43,1,anti,pko,cell_identity,9748977996538623124
mve3-v2-approved-2026-07-18,locked,43,2,controlled,shared,o_collection_root,18011278852753508346
mve3-v2-approved-2026-07-18,locked,43,2,controlled,shared,non_o_collection_root,1549374916822983536
mve3-v2-approved-2026-07-18,locked,43,2,controlled,shared,evaluation_root,10998779773292531588
mve3-v2-approved-2026-07-18,locked,43,2,controlled,none,cell_identity,16190367509791795974
mve3-v2-approved-2026-07-18,locked,43,2,controlled,p,cell_identity,7399632873853254368
mve3-v2-approved-2026-07-18,locked,43,2,controlled,k,cell_identity,11186489695535739034
mve3-v2-approved-2026-07-18,locked,43,2,controlled,o,cell_identity,7814620139528262474
mve3-v2-approved-2026-07-18,locked,43,2,controlled,pk,cell_identity,15876343530348941240
mve3-v2-approved-2026-07-18,locked,43,2,controlled,po,cell_identity,6110822240005039278
mve3-v2-approved-2026-07-18,locked,43,2,controlled,ko,cell_identity,11546742986608966436
mve3-v2-approved-2026-07-18,locked,43,2,controlled,pko,cell_identity,13719185001929920238
mve3-v2-approved-2026-07-18,locked,43,2,learned,shared,o_collection_root,13066905695723161819
mve3-v2-approved-2026-07-18,locked,43,2,learned,shared,non_o_collection_root,1549374916822983536
mve3-v2-approved-2026-07-18,locked,43,2,learned,shared,evaluation_root,10998779773292531588
mve3-v2-approved-2026-07-18,locked,43,2,learned,none,cell_identity,13046819206831134679
mve3-v2-approved-2026-07-18,locked,43,2,learned,p,cell_identity,15121205119655799169
mve3-v2-approved-2026-07-18,locked,43,2,learned,k,cell_identity,8988740140462121543
mve3-v2-approved-2026-07-18,locked,43,2,learned,o,cell_identity,16739543323532159790
mve3-v2-approved-2026-07-18,locked,43,2,learned,pk,cell_identity,10348461248837840551
mve3-v2-approved-2026-07-18,locked,43,2,learned,po,cell_identity,5644030151737209844
mve3-v2-approved-2026-07-18,locked,43,2,learned,ko,cell_identity,957308989343751519
mve3-v2-approved-2026-07-18,locked,43,2,learned,pko,cell_identity,6373894148933537712
mve3-v2-approved-2026-07-18,locked,43,2,shuffled,shared,o_collection_root,7642604967303175931
mve3-v2-approved-2026-07-18,locked,43,2,shuffled,shared,non_o_collection_root,1549374916822983536
mve3-v2-approved-2026-07-18,locked,43,2,shuffled,shared,evaluation_root,10998779773292531588
mve3-v2-approved-2026-07-18,locked,43,2,shuffled,none,cell_identity,11490384219941120213
mve3-v2-approved-2026-07-18,locked,43,2,shuffled,p,cell_identity,4325253030810932092
mve3-v2-approved-2026-07-18,locked,43,2,shuffled,k,cell_identity,5183017462627492851
mve3-v2-approved-2026-07-18,locked,43,2,shuffled,o,cell_identity,13981508873059647416
mve3-v2-approved-2026-07-18,locked,43,2,shuffled,pk,cell_identity,1624189241904649768
mve3-v2-approved-2026-07-18,locked,43,2,shuffled,po,cell_identity,4356503038003859084
mve3-v2-approved-2026-07-18,locked,43,2,shuffled,ko,cell_identity,14006299280846324690
mve3-v2-approved-2026-07-18,locked,43,2,shuffled,pko,cell_identity,6426595285875609096
mve3-v2-approved-2026-07-18,locked,43,2,anti,shared,o_collection_root,5736367085616915011
mve3-v2-approved-2026-07-18,locked,43,2,anti,shared,non_o_collection_root,1549374916822983536
mve3-v2-approved-2026-07-18,locked,43,2,anti,shared,evaluation_root,10998779773292531588
mve3-v2-approved-2026-07-18,locked,43,2,anti,none,cell_identity,8289861065043861940
mve3-v2-approved-2026-07-18,locked,43,2,anti,p,cell_identity,2404455290907245928
mve3-v2-approved-2026-07-18,locked,43,2,anti,k,cell_identity,18064620305572846994
mve3-v2-approved-2026-07-18,locked,43,2,anti,o,cell_identity,10628141772987249110
mve3-v2-approved-2026-07-18,locked,43,2,anti,pk,cell_identity,7747005443615109901
mve3-v2-approved-2026-07-18,locked,43,2,anti,po,cell_identity,4601074774901624091
mve3-v2-approved-2026-07-18,locked,43,2,anti,ko,cell_identity,4259276914352895830
mve3-v2-approved-2026-07-18,locked,43,2,anti,pko,cell_identity,3013403638732843919
mve3-v2-approved-2026-07-18,locked,43,3,controlled,shared,o_collection_root,13030262235084181925
mve3-v2-approved-2026-07-18,locked,43,3,controlled,shared,non_o_collection_root,4781157263215785337
mve3-v2-approved-2026-07-18,locked,43,3,controlled,shared,evaluation_root,15072561654760391365
mve3-v2-approved-2026-07-18,locked,43,3,controlled,none,cell_identity,356850152851097342
mve3-v2-approved-2026-07-18,locked,43,3,controlled,p,cell_identity,15375330547221220612
mve3-v2-approved-2026-07-18,locked,43,3,controlled,k,cell_identity,5249039402870139417
mve3-v2-approved-2026-07-18,locked,43,3,controlled,o,cell_identity,4633477623315302303
mve3-v2-approved-2026-07-18,locked,43,3,controlled,pk,cell_identity,16455642099730667508
mve3-v2-approved-2026-07-18,locked,43,3,controlled,po,cell_identity,11216274471732234735
mve3-v2-approved-2026-07-18,locked,43,3,controlled,ko,cell_identity,4764515886314352991
mve3-v2-approved-2026-07-18,locked,43,3,controlled,pko,cell_identity,5241522663763524412
mve3-v2-approved-2026-07-18,locked,43,3,learned,shared,o_collection_root,17880568287886954554
mve3-v2-approved-2026-07-18,locked,43,3,learned,shared,non_o_collection_root,4781157263215785337
mve3-v2-approved-2026-07-18,locked,43,3,learned,shared,evaluation_root,15072561654760391365
mve3-v2-approved-2026-07-18,locked,43,3,learned,none,cell_identity,4345904888722537053
mve3-v2-approved-2026-07-18,locked,43,3,learned,p,cell_identity,11763752519773709858
mve3-v2-approved-2026-07-18,locked,43,3,learned,k,cell_identity,10047788238103233411
mve3-v2-approved-2026-07-18,locked,43,3,learned,o,cell_identity,7879250943748729352
mve3-v2-approved-2026-07-18,locked,43,3,learned,pk,cell_identity,6296827056208369614
mve3-v2-approved-2026-07-18,locked,43,3,learned,po,cell_identity,9964680924782984385
mve3-v2-approved-2026-07-18,locked,43,3,learned,ko,cell_identity,11729599932757142047
mve3-v2-approved-2026-07-18,locked,43,3,learned,pko,cell_identity,6687694750549313846
mve3-v2-approved-2026-07-18,locked,43,3,shuffled,shared,o_collection_root,10679210690582811909
mve3-v2-approved-2026-07-18,locked,43,3,shuffled,shared,non_o_collection_root,4781157263215785337
mve3-v2-approved-2026-07-18,locked,43,3,shuffled,shared,evaluation_root,15072561654760391365
mve3-v2-approved-2026-07-18,locked,43,3,shuffled,none,cell_identity,13248696226480914143
mve3-v2-approved-2026-07-18,locked,43,3,shuffled,p,cell_identity,3893063681537636652
mve3-v2-approved-2026-07-18,locked,43,3,shuffled,k,cell_identity,6189313082155354832
mve3-v2-approved-2026-07-18,locked,43,3,shuffled,o,cell_identity,6493320941681925553
mve3-v2-approved-2026-07-18,locked,43,3,shuffled,pk,cell_identity,5670469821062772237
mve3-v2-approved-2026-07-18,locked,43,3,shuffled,po,cell_identity,9720831729596863835
mve3-v2-approved-2026-07-18,locked,43,3,shuffled,ko,cell_identity,2736372433520128528
mve3-v2-approved-2026-07-18,locked,43,3,shuffled,pko,cell_identity,14269723972642907663
mve3-v2-approved-2026-07-18,locked,43,3,anti,shared,o_collection_root,16948451549800483997
mve3-v2-approved-2026-07-18,locked,43,3,anti,shared,non_o_collection_root,4781157263215785337
mve3-v2-approved-2026-07-18,locked,43,3,anti,shared,evaluation_root,15072561654760391365
mve3-v2-approved-2026-07-18,locked,43,3,anti,none,cell_identity,5743206487483698097
mve3-v2-approved-2026-07-18,locked,43,3,anti,p,cell_identity,4996255030755153664
mve3-v2-approved-2026-07-18,locked,43,3,anti,k,cell_identity,15367589741270635859
mve3-v2-approved-2026-07-18,locked,43,3,anti,o,cell_identity,2019092127728657766
mve3-v2-approved-2026-07-18,locked,43,3,anti,pk,cell_identity,3721839634402225862
mve3-v2-approved-2026-07-18,locked,43,3,anti,po,cell_identity,1425796812242359274
mve3-v2-approved-2026-07-18,locked,43,3,anti,ko,cell_identity,7143433493064345838
mve3-v2-approved-2026-07-18,locked,43,3,anti,pko,cell_identity,1795153236336871323
mve3-v2-approved-2026-07-18,locked,44,1,controlled,shared,o_collection_root,1745442828359272386
mve3-v2-approved-2026-07-18,locked,44,1,controlled,shared,non_o_collection_root,10828834404816085905
mve3-v2-approved-2026-07-18,locked,44,1,controlled,shared,evaluation_root,8745094841985374499
mve3-v2-approved-2026-07-18,locked,44,1,controlled,none,cell_identity,12148496501639937237
mve3-v2-approved-2026-07-18,locked,44,1,controlled,p,cell_identity,12527649107082454661
mve3-v2-approved-2026-07-18,locked,44,1,controlled,k,cell_identity,15456687119154769112
mve3-v2-approved-2026-07-18,locked,44,1,controlled,o,cell_identity,12902176440902937697
mve3-v2-approved-2026-07-18,locked,44,1,controlled,pk,cell_identity,3933366233054136064
mve3-v2-approved-2026-07-18,locked,44,1,controlled,po,cell_identity,3250248568865867790
mve3-v2-approved-2026-07-18,locked,44,1,controlled,ko,cell_identity,8906153549355085580
mve3-v2-approved-2026-07-18,locked,44,1,controlled,pko,cell_identity,16232130165945069427
mve3-v2-approved-2026-07-18,locked,44,1,learned,shared,o_collection_root,13134852419834115595
mve3-v2-approved-2026-07-18,locked,44,1,learned,shared,non_o_collection_root,10828834404816085905
mve3-v2-approved-2026-07-18,locked,44,1,learned,shared,evaluation_root,8745094841985374499
mve3-v2-approved-2026-07-18,locked,44,1,learned,none,cell_identity,4821698181498871755
mve3-v2-approved-2026-07-18,locked,44,1,learned,p,cell_identity,9270687441322786909
mve3-v2-approved-2026-07-18,locked,44,1,learned,k,cell_identity,11894321998985629577
mve3-v2-approved-2026-07-18,locked,44,1,learned,o,cell_identity,9336908694084319604
mve3-v2-approved-2026-07-18,locked,44,1,learned,pk,cell_identity,11400878111817787322
mve3-v2-approved-2026-07-18,locked,44,1,learned,po,cell_identity,12086911165529858399
mve3-v2-approved-2026-07-18,locked,44,1,learned,ko,cell_identity,4150817310522719951
mve3-v2-approved-2026-07-18,locked,44,1,learned,pko,cell_identity,7871392251056939281
mve3-v2-approved-2026-07-18,locked,44,1,shuffled,shared,o_collection_root,3062022858125238913
mve3-v2-approved-2026-07-18,locked,44,1,shuffled,shared,non_o_collection_root,10828834404816085905
mve3-v2-approved-2026-07-18,locked,44,1,shuffled,shared,evaluation_root,8745094841985374499
mve3-v2-approved-2026-07-18,locked,44,1,shuffled,none,cell_identity,8793734435003795207
mve3-v2-approved-2026-07-18,locked,44,1,shuffled,p,cell_identity,16911136456750023919
mve3-v2-approved-2026-07-18,locked,44,1,shuffled,k,cell_identity,8429912883777697514
mve3-v2-approved-2026-07-18,locked,44,1,shuffled,o,cell_identity,16323767842427197231
mve3-v2-approved-2026-07-18,locked,44,1,shuffled,pk,cell_identity,5142824403186141609
mve3-v2-approved-2026-07-18,locked,44,1,shuffled,po,cell_identity,11302079655197100758
mve3-v2-approved-2026-07-18,locked,44,1,shuffled,ko,cell_identity,5846911514445142207
mve3-v2-approved-2026-07-18,locked,44,1,shuffled,pko,cell_identity,17805810412097146868
mve3-v2-approved-2026-07-18,locked,44,1,anti,shared,o_collection_root,12354479725475235659
mve3-v2-approved-2026-07-18,locked,44,1,anti,shared,non_o_collection_root,10828834404816085905
mve3-v2-approved-2026-07-18,locked,44,1,anti,shared,evaluation_root,8745094841985374499
mve3-v2-approved-2026-07-18,locked,44,1,anti,none,cell_identity,6074084958515547201
mve3-v2-approved-2026-07-18,locked,44,1,anti,p,cell_identity,11824065513206580119
mve3-v2-approved-2026-07-18,locked,44,1,anti,k,cell_identity,3823490268231698099
mve3-v2-approved-2026-07-18,locked,44,1,anti,o,cell_identity,16827269982543021581
mve3-v2-approved-2026-07-18,locked,44,1,anti,pk,cell_identity,1055169881421917020
mve3-v2-approved-2026-07-18,locked,44,1,anti,po,cell_identity,9685170470646838048
mve3-v2-approved-2026-07-18,locked,44,1,anti,ko,cell_identity,5397032780487423750
mve3-v2-approved-2026-07-18,locked,44,1,anti,pko,cell_identity,15695451224696720807
mve3-v2-approved-2026-07-18,locked,44,2,controlled,shared,o_collection_root,13821709479899550682
mve3-v2-approved-2026-07-18,locked,44,2,controlled,shared,non_o_collection_root,12174397194552490773
mve3-v2-approved-2026-07-18,locked,44,2,controlled,shared,evaluation_root,3444487584481580165
mve3-v2-approved-2026-07-18,locked,44,2,controlled,none,cell_identity,2015283519886656335
mve3-v2-approved-2026-07-18,locked,44,2,controlled,p,cell_identity,17338989037020169841
mve3-v2-approved-2026-07-18,locked,44,2,controlled,k,cell_identity,9509292105404109694
mve3-v2-approved-2026-07-18,locked,44,2,controlled,o,cell_identity,4102567812921429218
mve3-v2-approved-2026-07-18,locked,44,2,controlled,pk,cell_identity,15009849540992219438
mve3-v2-approved-2026-07-18,locked,44,2,controlled,po,cell_identity,1171201705976333829
mve3-v2-approved-2026-07-18,locked,44,2,controlled,ko,cell_identity,16768191502510260890
mve3-v2-approved-2026-07-18,locked,44,2,controlled,pko,cell_identity,11001097753980808777
mve3-v2-approved-2026-07-18,locked,44,2,learned,shared,o_collection_root,10229423738536526384
mve3-v2-approved-2026-07-18,locked,44,2,learned,shared,non_o_collection_root,12174397194552490773
mve3-v2-approved-2026-07-18,locked,44,2,learned,shared,evaluation_root,3444487584481580165
mve3-v2-approved-2026-07-18,locked,44,2,learned,none,cell_identity,8834817746682621632
mve3-v2-approved-2026-07-18,locked,44,2,learned,p,cell_identity,12308349118919704149
mve3-v2-approved-2026-07-18,locked,44,2,learned,k,cell_identity,5874831756411086713
mve3-v2-approved-2026-07-18,locked,44,2,learned,o,cell_identity,15343716922178858573
mve3-v2-approved-2026-07-18,locked,44,2,learned,pk,cell_identity,13506426359442679116
mve3-v2-approved-2026-07-18,locked,44,2,learned,po,cell_identity,10164998854322024130
mve3-v2-approved-2026-07-18,locked,44,2,learned,ko,cell_identity,4003784989798630353
mve3-v2-approved-2026-07-18,locked,44,2,learned,pko,cell_identity,16213839239518687259
mve3-v2-approved-2026-07-18,locked,44,2,shuffled,shared,o_collection_root,6919441293896277437
mve3-v2-approved-2026-07-18,locked,44,2,shuffled,shared,non_o_collection_root,12174397194552490773
mve3-v2-approved-2026-07-18,locked,44,2,shuffled,shared,evaluation_root,3444487584481580165
mve3-v2-approved-2026-07-18,locked,44,2,shuffled,none,cell_identity,452515167171351550
mve3-v2-approved-2026-07-18,locked,44,2,shuffled,p,cell_identity,2219675087597441891
mve3-v2-approved-2026-07-18,locked,44,2,shuffled,k,cell_identity,430894933393180510
mve3-v2-approved-2026-07-18,locked,44,2,shuffled,o,cell_identity,17790002643171932170
mve3-v2-approved-2026-07-18,locked,44,2,shuffled,pk,cell_identity,14549764169874490967
mve3-v2-approved-2026-07-18,locked,44,2,shuffled,po,cell_identity,6016187588317347058
mve3-v2-approved-2026-07-18,locked,44,2,shuffled,ko,cell_identity,16372707412055817724
mve3-v2-approved-2026-07-18,locked,44,2,shuffled,pko,cell_identity,13361206519431052336
mve3-v2-approved-2026-07-18,locked,44,2,anti,shared,o_collection_root,9767954975259986723
mve3-v2-approved-2026-07-18,locked,44,2,anti,shared,non_o_collection_root,12174397194552490773
mve3-v2-approved-2026-07-18,locked,44,2,anti,shared,evaluation_root,3444487584481580165
mve3-v2-approved-2026-07-18,locked,44,2,anti,none,cell_identity,1391233802656624129
mve3-v2-approved-2026-07-18,locked,44,2,anti,p,cell_identity,17421487189615185915
mve3-v2-approved-2026-07-18,locked,44,2,anti,k,cell_identity,2085847532137007842
mve3-v2-approved-2026-07-18,locked,44,2,anti,o,cell_identity,11291031315454751809
mve3-v2-approved-2026-07-18,locked,44,2,anti,pk,cell_identity,8505981501268402932
mve3-v2-approved-2026-07-18,locked,44,2,anti,po,cell_identity,11237251561055741783
mve3-v2-approved-2026-07-18,locked,44,2,anti,ko,cell_identity,5657173457146395124
mve3-v2-approved-2026-07-18,locked,44,2,anti,pko,cell_identity,1175221283673376922
mve3-v2-approved-2026-07-18,locked,44,3,controlled,shared,o_collection_root,9312388320845842319
mve3-v2-approved-2026-07-18,locked,44,3,controlled,shared,non_o_collection_root,10995597389753153003
mve3-v2-approved-2026-07-18,locked,44,3,controlled,shared,evaluation_root,8579606087495061873
mve3-v2-approved-2026-07-18,locked,44,3,controlled,none,cell_identity,1406550880443252410
mve3-v2-approved-2026-07-18,locked,44,3,controlled,p,cell_identity,10624452737175380017
mve3-v2-approved-2026-07-18,locked,44,3,controlled,k,cell_identity,12081836051777834356
mve3-v2-approved-2026-07-18,locked,44,3,controlled,o,cell_identity,16114017836508735700
mve3-v2-approved-2026-07-18,locked,44,3,controlled,pk,cell_identity,4289039554518817824
mve3-v2-approved-2026-07-18,locked,44,3,controlled,po,cell_identity,4820751822583831713
mve3-v2-approved-2026-07-18,locked,44,3,controlled,ko,cell_identity,13753374539710995626
mve3-v2-approved-2026-07-18,locked,44,3,controlled,pko,cell_identity,14949041774536103346
mve3-v2-approved-2026-07-18,locked,44,3,learned,shared,o_collection_root,9594110705220657984
mve3-v2-approved-2026-07-18,locked,44,3,learned,shared,non_o_collection_root,10995597389753153003
mve3-v2-approved-2026-07-18,locked,44,3,learned,shared,evaluation_root,8579606087495061873
mve3-v2-approved-2026-07-18,locked,44,3,learned,none,cell_identity,10119582973247402887
mve3-v2-approved-2026-07-18,locked,44,3,learned,p,cell_identity,750475503290922031
mve3-v2-approved-2026-07-18,locked,44,3,learned,k,cell_identity,7158271716061850825
mve3-v2-approved-2026-07-18,locked,44,3,learned,o,cell_identity,528355147606345593
mve3-v2-approved-2026-07-18,locked,44,3,learned,pk,cell_identity,17588224563612802856
mve3-v2-approved-2026-07-18,locked,44,3,learned,po,cell_identity,7491720490253311005
mve3-v2-approved-2026-07-18,locked,44,3,learned,ko,cell_identity,18382154597709136266
mve3-v2-approved-2026-07-18,locked,44,3,learned,pko,cell_identity,11409412623116244611
mve3-v2-approved-2026-07-18,locked,44,3,shuffled,shared,o_collection_root,16828619340574557267
mve3-v2-approved-2026-07-18,locked,44,3,shuffled,shared,non_o_collection_root,10995597389753153003
mve3-v2-approved-2026-07-18,locked,44,3,shuffled,shared,evaluation_root,8579606087495061873
mve3-v2-approved-2026-07-18,locked,44,3,shuffled,none,cell_identity,17170178059500763358
mve3-v2-approved-2026-07-18,locked,44,3,shuffled,p,cell_identity,8798098448364747533
mve3-v2-approved-2026-07-18,locked,44,3,shuffled,k,cell_identity,3261468455795981895
mve3-v2-approved-2026-07-18,locked,44,3,shuffled,o,cell_identity,8767533409833140158
mve3-v2-approved-2026-07-18,locked,44,3,shuffled,pk,cell_identity,5630038903366190734
mve3-v2-approved-2026-07-18,locked,44,3,shuffled,po,cell_identity,8378589592263832989
mve3-v2-approved-2026-07-18,locked,44,3,shuffled,ko,cell_identity,12638385258540230744
mve3-v2-approved-2026-07-18,locked,44,3,shuffled,pko,cell_identity,6386974738569558520
mve3-v2-approved-2026-07-18,locked,44,3,anti,shared,o_collection_root,6429875696622899992
mve3-v2-approved-2026-07-18,locked,44,3,anti,shared,non_o_collection_root,10995597389753153003
mve3-v2-approved-2026-07-18,locked,44,3,anti,shared,evaluation_root,8579606087495061873
mve3-v2-approved-2026-07-18,locked,44,3,anti,none,cell_identity,2800705643503518993
mve3-v2-approved-2026-07-18,locked,44,3,anti,p,cell_identity,3972202761573352768
mve3-v2-approved-2026-07-18,locked,44,3,anti,k,cell_identity,877852211952300794
mve3-v2-approved-2026-07-18,locked,44,3,anti,o,cell_identity,9877140402583030059
mve3-v2-approved-2026-07-18,locked,44,3,anti,pk,cell_identity,2219960244107380336
mve3-v2-approved-2026-07-18,locked,44,3,anti,po,cell_identity,16476583096871654444
mve3-v2-approved-2026-07-18,locked,44,3,anti,ko,cell_identity,7015115381251548143
mve3-v2-approved-2026-07-18,locked,44,3,anti,pko,cell_identity,13569507136308216868
mve3-v2-approved-2026-07-18,locked,45,1,controlled,shared,o_collection_root,5282306302732986054
mve3-v2-approved-2026-07-18,locked,45,1,controlled,shared,non_o_collection_root,9026407154166566421
mve3-v2-approved-2026-07-18,locked,45,1,controlled,shared,evaluation_root,8494436984923380712
mve3-v2-approved-2026-07-18,locked,45,1,controlled,none,cell_identity,2105362661254330879
mve3-v2-approved-2026-07-18,locked,45,1,controlled,p,cell_identity,5538800518738976853
mve3-v2-approved-2026-07-18,locked,45,1,controlled,k,cell_identity,10585227241164327062
mve3-v2-approved-2026-07-18,locked,45,1,controlled,o,cell_identity,6958871101825968089
mve3-v2-approved-2026-07-18,locked,45,1,controlled,pk,cell_identity,18066247691698366981
mve3-v2-approved-2026-07-18,locked,45,1,controlled,po,cell_identity,1000359506059612451
mve3-v2-approved-2026-07-18,locked,45,1,controlled,ko,cell_identity,13225818739460381416
mve3-v2-approved-2026-07-18,locked,45,1,controlled,pko,cell_identity,2762722640943127351
mve3-v2-approved-2026-07-18,locked,45,1,learned,shared,o_collection_root,947465119260447084
mve3-v2-approved-2026-07-18,locked,45,1,learned,shared,non_o_collection_root,9026407154166566421
mve3-v2-approved-2026-07-18,locked,45,1,learned,shared,evaluation_root,8494436984923380712
mve3-v2-approved-2026-07-18,locked,45,1,learned,none,cell_identity,2499152028331751974
mve3-v2-approved-2026-07-18,locked,45,1,learned,p,cell_identity,4857133312572459834
mve3-v2-approved-2026-07-18,locked,45,1,learned,k,cell_identity,8411039644045822776
mve3-v2-approved-2026-07-18,locked,45,1,learned,o,cell_identity,16000871623619201416
mve3-v2-approved-2026-07-18,locked,45,1,learned,pk,cell_identity,11896862254844446283
mve3-v2-approved-2026-07-18,locked,45,1,learned,po,cell_identity,5271274172327896528
mve3-v2-approved-2026-07-18,locked,45,1,learned,ko,cell_identity,17619021545792129856
mve3-v2-approved-2026-07-18,locked,45,1,learned,pko,cell_identity,14817673071875466286
mve3-v2-approved-2026-07-18,locked,45,1,shuffled,shared,o_collection_root,7241926224040962528
mve3-v2-approved-2026-07-18,locked,45,1,shuffled,shared,non_o_collection_root,9026407154166566421
mve3-v2-approved-2026-07-18,locked,45,1,shuffled,shared,evaluation_root,8494436984923380712
mve3-v2-approved-2026-07-18,locked,45,1,shuffled,none,cell_identity,7145142959727205611
mve3-v2-approved-2026-07-18,locked,45,1,shuffled,p,cell_identity,1819867890915647623
mve3-v2-approved-2026-07-18,locked,45,1,shuffled,k,cell_identity,10841767078916250273
mve3-v2-approved-2026-07-18,locked,45,1,shuffled,o,cell_identity,10054529087247680191
mve3-v2-approved-2026-07-18,locked,45,1,shuffled,pk,cell_identity,7271392287237433498
mve3-v2-approved-2026-07-18,locked,45,1,shuffled,po,cell_identity,4146627932754125451
mve3-v2-approved-2026-07-18,locked,45,1,shuffled,ko,cell_identity,1540072678321774177
mve3-v2-approved-2026-07-18,locked,45,1,shuffled,pko,cell_identity,9067996356582615590
mve3-v2-approved-2026-07-18,locked,45,1,anti,shared,o_collection_root,2626812369917842096
mve3-v2-approved-2026-07-18,locked,45,1,anti,shared,non_o_collection_root,9026407154166566421
mve3-v2-approved-2026-07-18,locked,45,1,anti,shared,evaluation_root,8494436984923380712
mve3-v2-approved-2026-07-18,locked,45,1,anti,none,cell_identity,15906713817332477923
mve3-v2-approved-2026-07-18,locked,45,1,anti,p,cell_identity,15899454961020941097
mve3-v2-approved-2026-07-18,locked,45,1,anti,k,cell_identity,6763063253484997463
mve3-v2-approved-2026-07-18,locked,45,1,anti,o,cell_identity,15866851980360274418
mve3-v2-approved-2026-07-18,locked,45,1,anti,pk,cell_identity,13577754065620083847
mve3-v2-approved-2026-07-18,locked,45,1,anti,po,cell_identity,7174786773837447994
mve3-v2-approved-2026-07-18,locked,45,1,anti,ko,cell_identity,14244937320422228329
mve3-v2-approved-2026-07-18,locked,45,1,anti,pko,cell_identity,13980027323847316216
mve3-v2-approved-2026-07-18,locked,45,2,controlled,shared,o_collection_root,12654852843618553583
mve3-v2-approved-2026-07-18,locked,45,2,controlled,shared,non_o_collection_root,2170766270352564592
mve3-v2-approved-2026-07-18,locked,45,2,controlled,shared,evaluation_root,6867242290613081361
mve3-v2-approved-2026-07-18,locked,45,2,controlled,none,cell_identity,3060192201489750637
mve3-v2-approved-2026-07-18,locked,45,2,controlled,p,cell_identity,1825117213861565468
mve3-v2-approved-2026-07-18,locked,45,2,controlled,k,cell_identity,11952965769916422223
mve3-v2-approved-2026-07-18,locked,45,2,controlled,o,cell_identity,18248351266081074898
mve3-v2-approved-2026-07-18,locked,45,2,controlled,pk,cell_identity,4496246155376726754
mve3-v2-approved-2026-07-18,locked,45,2,controlled,po,cell_identity,1738522017902866568
mve3-v2-approved-2026-07-18,locked,45,2,controlled,ko,cell_identity,6222610070869058707
mve3-v2-approved-2026-07-18,locked,45,2,controlled,pko,cell_identity,5778410733751629236
mve3-v2-approved-2026-07-18,locked,45,2,learned,shared,o_collection_root,11352716876311051431
mve3-v2-approved-2026-07-18,locked,45,2,learned,shared,non_o_collection_root,2170766270352564592
mve3-v2-approved-2026-07-18,locked,45,2,learned,shared,evaluation_root,6867242290613081361
mve3-v2-approved-2026-07-18,locked,45,2,learned,none,cell_identity,6817533964928203279
mve3-v2-approved-2026-07-18,locked,45,2,learned,p,cell_identity,15669449436812885530
mve3-v2-approved-2026-07-18,locked,45,2,learned,k,cell_identity,11764323924931146370
mve3-v2-approved-2026-07-18,locked,45,2,learned,o,cell_identity,3415971783056197930
mve3-v2-approved-2026-07-18,locked,45,2,learned,pk,cell_identity,6400011710558429906
mve3-v2-approved-2026-07-18,locked,45,2,learned,po,cell_identity,1614418024859020505
mve3-v2-approved-2026-07-18,locked,45,2,learned,ko,cell_identity,14558658416890318563
mve3-v2-approved-2026-07-18,locked,45,2,learned,pko,cell_identity,5573750323165190615
mve3-v2-approved-2026-07-18,locked,45,2,shuffled,shared,o_collection_root,17731588483290672810
mve3-v2-approved-2026-07-18,locked,45,2,shuffled,shared,non_o_collection_root,2170766270352564592
mve3-v2-approved-2026-07-18,locked,45,2,shuffled,shared,evaluation_root,6867242290613081361
mve3-v2-approved-2026-07-18,locked,45,2,shuffled,none,cell_identity,7591460246931076368
mve3-v2-approved-2026-07-18,locked,45,2,shuffled,p,cell_identity,14116034311829991829
mve3-v2-approved-2026-07-18,locked,45,2,shuffled,k,cell_identity,8829027573936740169
mve3-v2-approved-2026-07-18,locked,45,2,shuffled,o,cell_identity,14019773799203168466
mve3-v2-approved-2026-07-18,locked,45,2,shuffled,pk,cell_identity,12176158515401563317
mve3-v2-approved-2026-07-18,locked,45,2,shuffled,po,cell_identity,11207665029446010086
mve3-v2-approved-2026-07-18,locked,45,2,shuffled,ko,cell_identity,3821889408444750687
mve3-v2-approved-2026-07-18,locked,45,2,shuffled,pko,cell_identity,8697231794273581165
mve3-v2-approved-2026-07-18,locked,45,2,anti,shared,o_collection_root,2125782868061064788
mve3-v2-approved-2026-07-18,locked,45,2,anti,shared,non_o_collection_root,2170766270352564592
mve3-v2-approved-2026-07-18,locked,45,2,anti,shared,evaluation_root,6867242290613081361
mve3-v2-approved-2026-07-18,locked,45,2,anti,none,cell_identity,8766274147005828960
mve3-v2-approved-2026-07-18,locked,45,2,anti,p,cell_identity,8604453263631595197
mve3-v2-approved-2026-07-18,locked,45,2,anti,k,cell_identity,7098988684937863582
mve3-v2-approved-2026-07-18,locked,45,2,anti,o,cell_identity,4254086256395849806
mve3-v2-approved-2026-07-18,locked,45,2,anti,pk,cell_identity,14622566033177406226
mve3-v2-approved-2026-07-18,locked,45,2,anti,po,cell_identity,12827013729271059808
mve3-v2-approved-2026-07-18,locked,45,2,anti,ko,cell_identity,15965008887114828257
mve3-v2-approved-2026-07-18,locked,45,2,anti,pko,cell_identity,2557210638314487357
mve3-v2-approved-2026-07-18,locked,45,3,controlled,shared,o_collection_root,350535914500928652
mve3-v2-approved-2026-07-18,locked,45,3,controlled,shared,non_o_collection_root,6571418625095770586
mve3-v2-approved-2026-07-18,locked,45,3,controlled,shared,evaluation_root,10687422617179152121
mve3-v2-approved-2026-07-18,locked,45,3,controlled,none,cell_identity,18019646897184435065
mve3-v2-approved-2026-07-18,locked,45,3,controlled,p,cell_identity,4758443498478584652
mve3-v2-approved-2026-07-18,locked,45,3,controlled,k,cell_identity,10053368015566938891
mve3-v2-approved-2026-07-18,locked,45,3,controlled,o,cell_identity,14208600004148322748
mve3-v2-approved-2026-07-18,locked,45,3,controlled,pk,cell_identity,5986996862458261472
mve3-v2-approved-2026-07-18,locked,45,3,controlled,po,cell_identity,6433029850074193533
mve3-v2-approved-2026-07-18,locked,45,3,controlled,ko,cell_identity,5717233650623340022
mve3-v2-approved-2026-07-18,locked,45,3,controlled,pko,cell_identity,1763232776214416158
mve3-v2-approved-2026-07-18,locked,45,3,learned,shared,o_collection_root,14281788997972841407
mve3-v2-approved-2026-07-18,locked,45,3,learned,shared,non_o_collection_root,6571418625095770586
mve3-v2-approved-2026-07-18,locked,45,3,learned,shared,evaluation_root,10687422617179152121
mve3-v2-approved-2026-07-18,locked,45,3,learned,none,cell_identity,3717782346835722973
mve3-v2-approved-2026-07-18,locked,45,3,learned,p,cell_identity,16463531400601601173
mve3-v2-approved-2026-07-18,locked,45,3,learned,k,cell_identity,14809991240384105635
mve3-v2-approved-2026-07-18,locked,45,3,learned,o,cell_identity,11510032492044075924
mve3-v2-approved-2026-07-18,locked,45,3,learned,pk,cell_identity,13930279863250474026
mve3-v2-approved-2026-07-18,locked,45,3,learned,po,cell_identity,1812572389095439314
mve3-v2-approved-2026-07-18,locked,45,3,learned,ko,cell_identity,14787530738989998635
mve3-v2-approved-2026-07-18,locked,45,3,learned,pko,cell_identity,2434203162935984989
mve3-v2-approved-2026-07-18,locked,45,3,shuffled,shared,o_collection_root,48249120027876425
mve3-v2-approved-2026-07-18,locked,45,3,shuffled,shared,non_o_collection_root,6571418625095770586
mve3-v2-approved-2026-07-18,locked,45,3,shuffled,shared,evaluation_root,10687422617179152121
mve3-v2-approved-2026-07-18,locked,45,3,shuffled,none,cell_identity,7139283858246063421
mve3-v2-approved-2026-07-18,locked,45,3,shuffled,p,cell_identity,16203433352295226001
mve3-v2-approved-2026-07-18,locked,45,3,shuffled,k,cell_identity,18278293796361367758
mve3-v2-approved-2026-07-18,locked,45,3,shuffled,o,cell_identity,2502957753169239452
mve3-v2-approved-2026-07-18,locked,45,3,shuffled,pk,cell_identity,11485538208747304470
mve3-v2-approved-2026-07-18,locked,45,3,shuffled,po,cell_identity,15724836239404088787
mve3-v2-approved-2026-07-18,locked,45,3,shuffled,ko,cell_identity,4279096828773906233
mve3-v2-approved-2026-07-18,locked,45,3,shuffled,pko,cell_identity,14459146206732316228
mve3-v2-approved-2026-07-18,locked,45,3,anti,shared,o_collection_root,9218727470977947697
mve3-v2-approved-2026-07-18,locked,45,3,anti,shared,non_o_collection_root,6571418625095770586
mve3-v2-approved-2026-07-18,locked,45,3,anti,shared,evaluation_root,10687422617179152121
mve3-v2-approved-2026-07-18,locked,45,3,anti,none,cell_identity,8407777857273433594
mve3-v2-approved-2026-07-18,locked,45,3,anti,p,cell_identity,14930975786778373590
mve3-v2-approved-2026-07-18,locked,45,3,anti,k,cell_identity,5622368923719164876
mve3-v2-approved-2026-07-18,locked,45,3,anti,o,cell_identity,18307969219253699027
mve3-v2-approved-2026-07-18,locked,45,3,anti,pk,cell_identity,5252596066018211081
mve3-v2-approved-2026-07-18,locked,45,3,anti,po,cell_identity,10481300514565662693
mve3-v2-approved-2026-07-18,locked,45,3,anti,ko,cell_identity,3186951045080469258
mve3-v2-approved-2026-07-18,locked,45,3,anti,pko,cell_identity,6261514923405651908
mve3-v2-approved-2026-07-18,locked,46,1,controlled,shared,o_collection_root,1852785176900842598
mve3-v2-approved-2026-07-18,locked,46,1,controlled,shared,non_o_collection_root,15264234302384809181
mve3-v2-approved-2026-07-18,locked,46,1,controlled,shared,evaluation_root,12637929330867204420
mve3-v2-approved-2026-07-18,locked,46,1,controlled,none,cell_identity,10516785446347416861
mve3-v2-approved-2026-07-18,locked,46,1,controlled,p,cell_identity,15223022239923231939
mve3-v2-approved-2026-07-18,locked,46,1,controlled,k,cell_identity,4010565836790869819
mve3-v2-approved-2026-07-18,locked,46,1,controlled,o,cell_identity,18139766019679416035
mve3-v2-approved-2026-07-18,locked,46,1,controlled,pk,cell_identity,15688217433209634620
mve3-v2-approved-2026-07-18,locked,46,1,controlled,po,cell_identity,9417586872709873247
mve3-v2-approved-2026-07-18,locked,46,1,controlled,ko,cell_identity,17337378966765128029
mve3-v2-approved-2026-07-18,locked,46,1,controlled,pko,cell_identity,1722181517933797300
mve3-v2-approved-2026-07-18,locked,46,1,learned,shared,o_collection_root,10748494112135955790
mve3-v2-approved-2026-07-18,locked,46,1,learned,shared,non_o_collection_root,15264234302384809181
mve3-v2-approved-2026-07-18,locked,46,1,learned,shared,evaluation_root,12637929330867204420
mve3-v2-approved-2026-07-18,locked,46,1,learned,none,cell_identity,13565657024476784365
mve3-v2-approved-2026-07-18,locked,46,1,learned,p,cell_identity,8702627338646973464
mve3-v2-approved-2026-07-18,locked,46,1,learned,k,cell_identity,5425140587037953777
mve3-v2-approved-2026-07-18,locked,46,1,learned,o,cell_identity,12844331126392229958
mve3-v2-approved-2026-07-18,locked,46,1,learned,pk,cell_identity,7626347662536104329
mve3-v2-approved-2026-07-18,locked,46,1,learned,po,cell_identity,14156549524943912101
mve3-v2-approved-2026-07-18,locked,46,1,learned,ko,cell_identity,9913158567585988042
mve3-v2-approved-2026-07-18,locked,46,1,learned,pko,cell_identity,2726522503531419052
mve3-v2-approved-2026-07-18,locked,46,1,shuffled,shared,o_collection_root,4899674247176208245
mve3-v2-approved-2026-07-18,locked,46,1,shuffled,shared,non_o_collection_root,15264234302384809181
mve3-v2-approved-2026-07-18,locked,46,1,shuffled,shared,evaluation_root,12637929330867204420
mve3-v2-approved-2026-07-18,locked,46,1,shuffled,none,cell_identity,12961361059187740294
mve3-v2-approved-2026-07-18,locked,46,1,shuffled,p,cell_identity,3407838384824580914
mve3-v2-approved-2026-07-18,locked,46,1,shuffled,k,cell_identity,17877919311988293126
mve3-v2-approved-2026-07-18,locked,46,1,shuffled,o,cell_identity,2808214095292410
mve3-v2-approved-2026-07-18,locked,46,1,shuffled,pk,cell_identity,4401120712581883328
mve3-v2-approved-2026-07-18,locked,46,1,shuffled,po,cell_identity,1272577278894178624
mve3-v2-approved-2026-07-18,locked,46,1,shuffled,ko,cell_identity,11181678950556105941
mve3-v2-approved-2026-07-18,locked,46,1,shuffled,pko,cell_identity,7058566035133071472
mve3-v2-approved-2026-07-18,locked,46,1,anti,shared,o_collection_root,16626970922987631023
mve3-v2-approved-2026-07-18,locked,46,1,anti,shared,non_o_collection_root,15264234302384809181
mve3-v2-approved-2026-07-18,locked,46,1,anti,shared,evaluation_root,12637929330867204420
mve3-v2-approved-2026-07-18,locked,46,1,anti,none,cell_identity,1371584156499975256
mve3-v2-approved-2026-07-18,locked,46,1,anti,p,cell_identity,533578143091417680
mve3-v2-approved-2026-07-18,locked,46,1,anti,k,cell_identity,17995327820729221279
mve3-v2-approved-2026-07-18,locked,46,1,anti,o,cell_identity,1629224809547676788
mve3-v2-approved-2026-07-18,locked,46,1,anti,pk,cell_identity,13581133929453201610
mve3-v2-approved-2026-07-18,locked,46,1,anti,po,cell_identity,14372123774680487514
mve3-v2-approved-2026-07-18,locked,46,1,anti,ko,cell_identity,648376106128482057
mve3-v2-approved-2026-07-18,locked,46,1,anti,pko,cell_identity,5183229880592895263
mve3-v2-approved-2026-07-18,locked,46,2,controlled,shared,o_collection_root,4818667312285628608
mve3-v2-approved-2026-07-18,locked,46,2,controlled,shared,non_o_collection_root,15226961654910375732
mve3-v2-approved-2026-07-18,locked,46,2,controlled,shared,evaluation_root,10989200194909444888
mve3-v2-approved-2026-07-18,locked,46,2,controlled,none,cell_identity,13213126181877480546
mve3-v2-approved-2026-07-18,locked,46,2,controlled,p,cell_identity,11588422990119809265
mve3-v2-approved-2026-07-18,locked,46,2,controlled,k,cell_identity,14056711160307676342
mve3-v2-approved-2026-07-18,locked,46,2,controlled,o,cell_identity,7847563148509653232
mve3-v2-approved-2026-07-18,locked,46,2,controlled,pk,cell_identity,5920849809402727417
mve3-v2-approved-2026-07-18,locked,46,2,controlled,po,cell_identity,7958196189215732563
mve3-v2-approved-2026-07-18,locked,46,2,controlled,ko,cell_identity,8097456395590360980
mve3-v2-approved-2026-07-18,locked,46,2,controlled,pko,cell_identity,10390320531638967235
mve3-v2-approved-2026-07-18,locked,46,2,learned,shared,o_collection_root,3728452044170485242
mve3-v2-approved-2026-07-18,locked,46,2,learned,shared,non_o_collection_root,15226961654910375732
mve3-v2-approved-2026-07-18,locked,46,2,learned,shared,evaluation_root,10989200194909444888
mve3-v2-approved-2026-07-18,locked,46,2,learned,none,cell_identity,3572607937661754827
mve3-v2-approved-2026-07-18,locked,46,2,learned,p,cell_identity,8768635322038604488
mve3-v2-approved-2026-07-18,locked,46,2,learned,k,cell_identity,4184498130152909977
mve3-v2-approved-2026-07-18,locked,46,2,learned,o,cell_identity,15201412869596152123
mve3-v2-approved-2026-07-18,locked,46,2,learned,pk,cell_identity,11699217776418373163
mve3-v2-approved-2026-07-18,locked,46,2,learned,po,cell_identity,10999226311682059605
mve3-v2-approved-2026-07-18,locked,46,2,learned,ko,cell_identity,9363094366154417342
mve3-v2-approved-2026-07-18,locked,46,2,learned,pko,cell_identity,2543655486427250534
mve3-v2-approved-2026-07-18,locked,46,2,shuffled,shared,o_collection_root,12265761354140294620
mve3-v2-approved-2026-07-18,locked,46,2,shuffled,shared,non_o_collection_root,15226961654910375732
mve3-v2-approved-2026-07-18,locked,46,2,shuffled,shared,evaluation_root,10989200194909444888
mve3-v2-approved-2026-07-18,locked,46,2,shuffled,none,cell_identity,1155802115785282802
mve3-v2-approved-2026-07-18,locked,46,2,shuffled,p,cell_identity,17853965441181231530
mve3-v2-approved-2026-07-18,locked,46,2,shuffled,k,cell_identity,1195884603570525731
mve3-v2-approved-2026-07-18,locked,46,2,shuffled,o,cell_identity,12329854110079998725
mve3-v2-approved-2026-07-18,locked,46,2,shuffled,pk,cell_identity,6101134933758721849
mve3-v2-approved-2026-07-18,locked,46,2,shuffled,po,cell_identity,5969839822960369357
mve3-v2-approved-2026-07-18,locked,46,2,shuffled,ko,cell_identity,9512299083958633093
mve3-v2-approved-2026-07-18,locked,46,2,shuffled,pko,cell_identity,13872803705102116800
mve3-v2-approved-2026-07-18,locked,46,2,anti,shared,o_collection_root,558652534378282672
mve3-v2-approved-2026-07-18,locked,46,2,anti,shared,non_o_collection_root,15226961654910375732
mve3-v2-approved-2026-07-18,locked,46,2,anti,shared,evaluation_root,10989200194909444888
mve3-v2-approved-2026-07-18,locked,46,2,anti,none,cell_identity,488641806026952704
mve3-v2-approved-2026-07-18,locked,46,2,anti,p,cell_identity,12543758792181360525
mve3-v2-approved-2026-07-18,locked,46,2,anti,k,cell_identity,1340900228845992780
mve3-v2-approved-2026-07-18,locked,46,2,anti,o,cell_identity,8582575535277973634
mve3-v2-approved-2026-07-18,locked,46,2,anti,pk,cell_identity,5372502702975531672
mve3-v2-approved-2026-07-18,locked,46,2,anti,po,cell_identity,5373964235715783511
mve3-v2-approved-2026-07-18,locked,46,2,anti,ko,cell_identity,3808773443938601516
mve3-v2-approved-2026-07-18,locked,46,2,anti,pko,cell_identity,5400526428508459330
mve3-v2-approved-2026-07-18,locked,46,3,controlled,shared,o_collection_root,16701683023102048720
mve3-v2-approved-2026-07-18,locked,46,3,controlled,shared,non_o_collection_root,17691110637719720188
mve3-v2-approved-2026-07-18,locked,46,3,controlled,shared,evaluation_root,15515709496373675303
mve3-v2-approved-2026-07-18,locked,46,3,controlled,none,cell_identity,767448378203101197
mve3-v2-approved-2026-07-18,locked,46,3,controlled,p,cell_identity,13761210379811595559
mve3-v2-approved-2026-07-18,locked,46,3,controlled,k,cell_identity,11103355482589968821
mve3-v2-approved-2026-07-18,locked,46,3,controlled,o,cell_identity,1872599069245028528
mve3-v2-approved-2026-07-18,locked,46,3,controlled,pk,cell_identity,6500009228685283711
mve3-v2-approved-2026-07-18,locked,46,3,controlled,po,cell_identity,12927925127275253478
mve3-v2-approved-2026-07-18,locked,46,3,controlled,ko,cell_identity,11764370290273470674
mve3-v2-approved-2026-07-18,locked,46,3,controlled,pko,cell_identity,12801395963920570517
mve3-v2-approved-2026-07-18,locked,46,3,learned,shared,o_collection_root,6047384979811134283
mve3-v2-approved-2026-07-18,locked,46,3,learned,shared,non_o_collection_root,17691110637719720188
mve3-v2-approved-2026-07-18,locked,46,3,learned,shared,evaluation_root,15515709496373675303
mve3-v2-approved-2026-07-18,locked,46,3,learned,none,cell_identity,7182076104313308832
mve3-v2-approved-2026-07-18,locked,46,3,learned,p,cell_identity,2208860955121036964
mve3-v2-approved-2026-07-18,locked,46,3,learned,k,cell_identity,7369568994755581981
mve3-v2-approved-2026-07-18,locked,46,3,learned,o,cell_identity,6329458396912233784
mve3-v2-approved-2026-07-18,locked,46,3,learned,pk,cell_identity,4894873838829722637
mve3-v2-approved-2026-07-18,locked,46,3,learned,po,cell_identity,9813816240455434280
mve3-v2-approved-2026-07-18,locked,46,3,learned,ko,cell_identity,17903970649268124840
mve3-v2-approved-2026-07-18,locked,46,3,learned,pko,cell_identity,12141865882244875246
mve3-v2-approved-2026-07-18,locked,46,3,shuffled,shared,o_collection_root,15202513474456560911
mve3-v2-approved-2026-07-18,locked,46,3,shuffled,shared,non_o_collection_root,17691110637719720188
mve3-v2-approved-2026-07-18,locked,46,3,shuffled,shared,evaluation_root,15515709496373675303
mve3-v2-approved-2026-07-18,locked,46,3,shuffled,none,cell_identity,10761765460802546302
mve3-v2-approved-2026-07-18,locked,46,3,shuffled,p,cell_identity,10172126757241975510
mve3-v2-approved-2026-07-18,locked,46,3,shuffled,k,cell_identity,13378110108480612569
mve3-v2-approved-2026-07-18,locked,46,3,shuffled,o,cell_identity,17157286021357048959
mve3-v2-approved-2026-07-18,locked,46,3,shuffled,pk,cell_identity,17486663663980172395
mve3-v2-approved-2026-07-18,locked,46,3,shuffled,po,cell_identity,13923785126732720059
mve3-v2-approved-2026-07-18,locked,46,3,shuffled,ko,cell_identity,3890809944828463325
mve3-v2-approved-2026-07-18,locked,46,3,shuffled,pko,cell_identity,10277743835287624077
mve3-v2-approved-2026-07-18,locked,46,3,anti,shared,o_collection_root,5776422683558589229
mve3-v2-approved-2026-07-18,locked,46,3,anti,shared,non_o_collection_root,17691110637719720188
mve3-v2-approved-2026-07-18,locked,46,3,anti,shared,evaluation_root,15515709496373675303
mve3-v2-approved-2026-07-18,locked,46,3,anti,none,cell_identity,4874897487009627349
mve3-v2-approved-2026-07-18,locked,46,3,anti,p,cell_identity,2406387474333998561
mve3-v2-approved-2026-07-18,locked,46,3,anti,k,cell_identity,9618511753039366111
mve3-v2-approved-2026-07-18,locked,46,3,anti,o,cell_identity,12211542286763738096
mve3-v2-approved-2026-07-18,locked,46,3,anti,pk,cell_identity,15648374521269152655
mve3-v2-approved-2026-07-18,locked,46,3,anti,po,cell_identity,17039230262669445115
mve3-v2-approved-2026-07-18,locked,46,3,anti,ko,cell_identity,11453605646446842329
mve3-v2-approved-2026-07-18,locked,46,3,anti,pko,cell_identity,14103226579780702677
mve3-v2-approved-2026-07-18,locked,47,1,controlled,shared,o_collection_root,13320373253471117539
mve3-v2-approved-2026-07-18,locked,47,1,controlled,shared,non_o_collection_root,5537966414425742674
mve3-v2-approved-2026-07-18,locked,47,1,controlled,shared,evaluation_root,13712438997523136913
mve3-v2-approved-2026-07-18,locked,47,1,controlled,none,cell_identity,6126631270232163128
mve3-v2-approved-2026-07-18,locked,47,1,controlled,p,cell_identity,5063342614894767570
mve3-v2-approved-2026-07-18,locked,47,1,controlled,k,cell_identity,9215714177617184920
mve3-v2-approved-2026-07-18,locked,47,1,controlled,o,cell_identity,7094720369036535903
mve3-v2-approved-2026-07-18,locked,47,1,controlled,pk,cell_identity,1783167541552315220
mve3-v2-approved-2026-07-18,locked,47,1,controlled,po,cell_identity,7189443148985460589
mve3-v2-approved-2026-07-18,locked,47,1,controlled,ko,cell_identity,16850520342670502384
mve3-v2-approved-2026-07-18,locked,47,1,controlled,pko,cell_identity,3020322075863630672
mve3-v2-approved-2026-07-18,locked,47,1,learned,shared,o_collection_root,16296964696136040547
mve3-v2-approved-2026-07-18,locked,47,1,learned,shared,non_o_collection_root,5537966414425742674
mve3-v2-approved-2026-07-18,locked,47,1,learned,shared,evaluation_root,13712438997523136913
mve3-v2-approved-2026-07-18,locked,47,1,learned,none,cell_identity,15470840746527349003
mve3-v2-approved-2026-07-18,locked,47,1,learned,p,cell_identity,7219667560015662752
mve3-v2-approved-2026-07-18,locked,47,1,learned,k,cell_identity,8917394452114176838
mve3-v2-approved-2026-07-18,locked,47,1,learned,o,cell_identity,1091107378948126630
mve3-v2-approved-2026-07-18,locked,47,1,learned,pk,cell_identity,6622771607352119533
mve3-v2-approved-2026-07-18,locked,47,1,learned,po,cell_identity,7367026406069143107
mve3-v2-approved-2026-07-18,locked,47,1,learned,ko,cell_identity,12556961855162258915
mve3-v2-approved-2026-07-18,locked,47,1,learned,pko,cell_identity,16917746810450794645
mve3-v2-approved-2026-07-18,locked,47,1,shuffled,shared,o_collection_root,16503067152852385997
mve3-v2-approved-2026-07-18,locked,47,1,shuffled,shared,non_o_collection_root,5537966414425742674
mve3-v2-approved-2026-07-18,locked,47,1,shuffled,shared,evaluation_root,13712438997523136913
mve3-v2-approved-2026-07-18,locked,47,1,shuffled,none,cell_identity,11124897715074233968
mve3-v2-approved-2026-07-18,locked,47,1,shuffled,p,cell_identity,15660138535207119886
mve3-v2-approved-2026-07-18,locked,47,1,shuffled,k,cell_identity,17927848701883053394
mve3-v2-approved-2026-07-18,locked,47,1,shuffled,o,cell_identity,12690116751806632113
mve3-v2-approved-2026-07-18,locked,47,1,shuffled,pk,cell_identity,3137487780668924716
mve3-v2-approved-2026-07-18,locked,47,1,shuffled,po,cell_identity,3708020815583227684
mve3-v2-approved-2026-07-18,locked,47,1,shuffled,ko,cell_identity,7488506041618288052
mve3-v2-approved-2026-07-18,locked,47,1,shuffled,pko,cell_identity,11997088433524108901
mve3-v2-approved-2026-07-18,locked,47,1,anti,shared,o_collection_root,18259618997710918148
mve3-v2-approved-2026-07-18,locked,47,1,anti,shared,non_o_collection_root,5537966414425742674
mve3-v2-approved-2026-07-18,locked,47,1,anti,shared,evaluation_root,13712438997523136913
mve3-v2-approved-2026-07-18,locked,47,1,anti,none,cell_identity,15035944863297694124
mve3-v2-approved-2026-07-18,locked,47,1,anti,p,cell_identity,15233639780643620357
mve3-v2-approved-2026-07-18,locked,47,1,anti,k,cell_identity,12612360949331332811
mve3-v2-approved-2026-07-18,locked,47,1,anti,o,cell_identity,11022752769789895335
mve3-v2-approved-2026-07-18,locked,47,1,anti,pk,cell_identity,4143771301793370592
mve3-v2-approved-2026-07-18,locked,47,1,anti,po,cell_identity,12284726932336299924
mve3-v2-approved-2026-07-18,locked,47,1,anti,ko,cell_identity,3956611305649491668
mve3-v2-approved-2026-07-18,locked,47,1,anti,pko,cell_identity,4923624999306924183
mve3-v2-approved-2026-07-18,locked,47,2,controlled,shared,o_collection_root,274253578680023579
mve3-v2-approved-2026-07-18,locked,47,2,controlled,shared,non_o_collection_root,11177549829908671445
mve3-v2-approved-2026-07-18,locked,47,2,controlled,shared,evaluation_root,7874882946006443318
mve3-v2-approved-2026-07-18,locked,47,2,controlled,none,cell_identity,8448940315568197446
mve3-v2-approved-2026-07-18,locked,47,2,controlled,p,cell_identity,661944168967377558
mve3-v2-approved-2026-07-18,locked,47,2,controlled,k,cell_identity,16140571578051409205
mve3-v2-approved-2026-07-18,locked,47,2,controlled,o,cell_identity,13685798978894872337
mve3-v2-approved-2026-07-18,locked,47,2,controlled,pk,cell_identity,8594689480908677296
mve3-v2-approved-2026-07-18,locked,47,2,controlled,po,cell_identity,10406480417274044578
mve3-v2-approved-2026-07-18,locked,47,2,controlled,ko,cell_identity,15354282271081669392
mve3-v2-approved-2026-07-18,locked,47,2,controlled,pko,cell_identity,11150875643209510719
mve3-v2-approved-2026-07-18,locked,47,2,learned,shared,o_collection_root,6880231728415198177
mve3-v2-approved-2026-07-18,locked,47,2,learned,shared,non_o_collection_root,11177549829908671445
mve3-v2-approved-2026-07-18,locked,47,2,learned,shared,evaluation_root,7874882946006443318
mve3-v2-approved-2026-07-18,locked,47,2,learned,none,cell_identity,18157288706628097579
mve3-v2-approved-2026-07-18,locked,47,2,learned,p,cell_identity,9462983526313822638
mve3-v2-approved-2026-07-18,locked,47,2,learned,k,cell_identity,2857079906195541125
mve3-v2-approved-2026-07-18,locked,47,2,learned,o,cell_identity,1175371834723861008
mve3-v2-approved-2026-07-18,locked,47,2,learned,pk,cell_identity,8141976814667906030
mve3-v2-approved-2026-07-18,locked,47,2,learned,po,cell_identity,17692413259341592098
mve3-v2-approved-2026-07-18,locked,47,2,learned,ko,cell_identity,9782901943923247594
mve3-v2-approved-2026-07-18,locked,47,2,learned,pko,cell_identity,15736377749908642393
mve3-v2-approved-2026-07-18,locked,47,2,shuffled,shared,o_collection_root,10740099980549529751
mve3-v2-approved-2026-07-18,locked,47,2,shuffled,shared,non_o_collection_root,11177549829908671445
mve3-v2-approved-2026-07-18,locked,47,2,shuffled,shared,evaluation_root,7874882946006443318
mve3-v2-approved-2026-07-18,locked,47,2,shuffled,none,cell_identity,4100444525204023588
mve3-v2-approved-2026-07-18,locked,47,2,shuffled,p,cell_identity,1857587174975869330
mve3-v2-approved-2026-07-18,locked,47,2,shuffled,k,cell_identity,5283997087164448479
mve3-v2-approved-2026-07-18,locked,47,2,shuffled,o,cell_identity,14633491153765715947
mve3-v2-approved-2026-07-18,locked,47,2,shuffled,pk,cell_identity,4206318676947276462
mve3-v2-approved-2026-07-18,locked,47,2,shuffled,po,cell_identity,11310442680338401236
mve3-v2-approved-2026-07-18,locked,47,2,shuffled,ko,cell_identity,13305261285060304170
mve3-v2-approved-2026-07-18,locked,47,2,shuffled,pko,cell_identity,6287751355848764801
mve3-v2-approved-2026-07-18,locked,47,2,anti,shared,o_collection_root,14182155875034884511
mve3-v2-approved-2026-07-18,locked,47,2,anti,shared,non_o_collection_root,11177549829908671445
mve3-v2-approved-2026-07-18,locked,47,2,anti,shared,evaluation_root,7874882946006443318
mve3-v2-approved-2026-07-18,locked,47,2,anti,none,cell_identity,8606635821735062417
mve3-v2-approved-2026-07-18,locked,47,2,anti,p,cell_identity,8280363305436085233
mve3-v2-approved-2026-07-18,locked,47,2,anti,k,cell_identity,7486645440806154381
mve3-v2-approved-2026-07-18,locked,47,2,anti,o,cell_identity,14414263304067993160
mve3-v2-approved-2026-07-18,locked,47,2,anti,pk,cell_identity,9434247190160017844
mve3-v2-approved-2026-07-18,locked,47,2,anti,po,cell_identity,3417422415541431039
mve3-v2-approved-2026-07-18,locked,47,2,anti,ko,cell_identity,10830720360926472105
mve3-v2-approved-2026-07-18,locked,47,2,anti,pko,cell_identity,10810279994749419570
mve3-v2-approved-2026-07-18,locked,47,3,controlled,shared,o_collection_root,17507082960891396254
mve3-v2-approved-2026-07-18,locked,47,3,controlled,shared,non_o_collection_root,3896704398985130422
mve3-v2-approved-2026-07-18,locked,47,3,controlled,shared,evaluation_root,7697548368383646676
mve3-v2-approved-2026-07-18,locked,47,3,controlled,none,cell_identity,5199883291716789692
mve3-v2-approved-2026-07-18,locked,47,3,controlled,p,cell_identity,3330220924797121252
mve3-v2-approved-2026-07-18,locked,47,3,controlled,k,cell_identity,17730724956164241488
mve3-v2-approved-2026-07-18,locked,47,3,controlled,o,cell_identity,13634804406652694730
mve3-v2-approved-2026-07-18,locked,47,3,controlled,pk,cell_identity,12823434274061522893
mve3-v2-approved-2026-07-18,locked,47,3,controlled,po,cell_identity,4437295837315600231
mve3-v2-approved-2026-07-18,locked,47,3,controlled,ko,cell_identity,7264694276677333931
mve3-v2-approved-2026-07-18,locked,47,3,controlled,pko,cell_identity,5454872971183424108
mve3-v2-approved-2026-07-18,locked,47,3,learned,shared,o_collection_root,3115661676340522710
mve3-v2-approved-2026-07-18,locked,47,3,learned,shared,non_o_collection_root,3896704398985130422
mve3-v2-approved-2026-07-18,locked,47,3,learned,shared,evaluation_root,7697548368383646676
mve3-v2-approved-2026-07-18,locked,47,3,learned,none,cell_identity,15336422011715995071
mve3-v2-approved-2026-07-18,locked,47,3,learned,p,cell_identity,2151987748721857280
mve3-v2-approved-2026-07-18,locked,47,3,learned,k,cell_identity,2181806705830064036
mve3-v2-approved-2026-07-18,locked,47,3,learned,o,cell_identity,806990244648626059
mve3-v2-approved-2026-07-18,locked,47,3,learned,pk,cell_identity,16937314567383286811
mve3-v2-approved-2026-07-18,locked,47,3,learned,po,cell_identity,570739805506139431
mve3-v2-approved-2026-07-18,locked,47,3,learned,ko,cell_identity,13693289670632744242
mve3-v2-approved-2026-07-18,locked,47,3,learned,pko,cell_identity,5654597174934833500
mve3-v2-approved-2026-07-18,locked,47,3,shuffled,shared,o_collection_root,4930936673562990759
mve3-v2-approved-2026-07-18,locked,47,3,shuffled,shared,non_o_collection_root,3896704398985130422
mve3-v2-approved-2026-07-18,locked,47,3,shuffled,shared,evaluation_root,7697548368383646676
mve3-v2-approved-2026-07-18,locked,47,3,shuffled,none,cell_identity,10615785011483634970
mve3-v2-approved-2026-07-18,locked,47,3,shuffled,p,cell_identity,9379855585223487146
mve3-v2-approved-2026-07-18,locked,47,3,shuffled,k,cell_identity,9905478453843997764
mve3-v2-approved-2026-07-18,locked,47,3,shuffled,o,cell_identity,11930109739347202944
mve3-v2-approved-2026-07-18,locked,47,3,shuffled,pk,cell_identity,18364767979391728991
mve3-v2-approved-2026-07-18,locked,47,3,shuffled,po,cell_identity,17892408658776082326
mve3-v2-approved-2026-07-18,locked,47,3,shuffled,ko,cell_identity,7346233684378361613
mve3-v2-approved-2026-07-18,locked,47,3,shuffled,pko,cell_identity,9574484129186176009
mve3-v2-approved-2026-07-18,locked,47,3,anti,shared,o_collection_root,408280502535287864
mve3-v2-approved-2026-07-18,locked,47,3,anti,shared,non_o_collection_root,3896704398985130422
mve3-v2-approved-2026-07-18,locked,47,3,anti,shared,evaluation_root,7697548368383646676
mve3-v2-approved-2026-07-18,locked,47,3,anti,none,cell_identity,2067595560028270814
mve3-v2-approved-2026-07-18,locked,47,3,anti,p,cell_identity,9837887963814998653
mve3-v2-approved-2026-07-18,locked,47,3,anti,k,cell_identity,3440949493568710144
mve3-v2-approved-2026-07-18,locked,47,3,anti,o,cell_identity,8858938039602359210
mve3-v2-approved-2026-07-18,locked,47,3,anti,pk,cell_identity,1416783325246668148
mve3-v2-approved-2026-07-18,locked,47,3,anti,po,cell_identity,17662941517742509834
mve3-v2-approved-2026-07-18,locked,47,3,anti,ko,cell_identity,3553063078824527488
mve3-v2-approved-2026-07-18,locked,47,3,anti,pko,cell_identity,8583977668951478063
mve3-v2-approved-2026-07-18,locked,48,1,controlled,shared,o_collection_root,1148344449181258462
mve3-v2-approved-2026-07-18,locked,48,1,controlled,shared,non_o_collection_root,15837813884902998659
mve3-v2-approved-2026-07-18,locked,48,1,controlled,shared,evaluation_root,7398311942393239815
mve3-v2-approved-2026-07-18,locked,48,1,controlled,none,cell_identity,6745294518076012716
mve3-v2-approved-2026-07-18,locked,48,1,controlled,p,cell_identity,2835119790662854181
mve3-v2-approved-2026-07-18,locked,48,1,controlled,k,cell_identity,14914171542546821277
mve3-v2-approved-2026-07-18,locked,48,1,controlled,o,cell_identity,13653211315444033437
mve3-v2-approved-2026-07-18,locked,48,1,controlled,pk,cell_identity,9137547529642168396
mve3-v2-approved-2026-07-18,locked,48,1,controlled,po,cell_identity,10853993628413513063
mve3-v2-approved-2026-07-18,locked,48,1,controlled,ko,cell_identity,1602577208089074150
mve3-v2-approved-2026-07-18,locked,48,1,controlled,pko,cell_identity,12692033578602601542
mve3-v2-approved-2026-07-18,locked,48,1,learned,shared,o_collection_root,13796389487976208557
mve3-v2-approved-2026-07-18,locked,48,1,learned,shared,non_o_collection_root,15837813884902998659
mve3-v2-approved-2026-07-18,locked,48,1,learned,shared,evaluation_root,7398311942393239815
mve3-v2-approved-2026-07-18,locked,48,1,learned,none,cell_identity,11445844173891168727
mve3-v2-approved-2026-07-18,locked,48,1,learned,p,cell_identity,10132436038165421675
mve3-v2-approved-2026-07-18,locked,48,1,learned,k,cell_identity,3395632017147836975
mve3-v2-approved-2026-07-18,locked,48,1,learned,o,cell_identity,4693849082605792738
mve3-v2-approved-2026-07-18,locked,48,1,learned,pk,cell_identity,17253063686010742849
mve3-v2-approved-2026-07-18,locked,48,1,learned,po,cell_identity,2025021736152925887
mve3-v2-approved-2026-07-18,locked,48,1,learned,ko,cell_identity,2432621681020716208
mve3-v2-approved-2026-07-18,locked,48,1,learned,pko,cell_identity,18174873209820681720
mve3-v2-approved-2026-07-18,locked,48,1,shuffled,shared,o_collection_root,5218935999263940655
mve3-v2-approved-2026-07-18,locked,48,1,shuffled,shared,non_o_collection_root,15837813884902998659
mve3-v2-approved-2026-07-18,locked,48,1,shuffled,shared,evaluation_root,7398311942393239815
mve3-v2-approved-2026-07-18,locked,48,1,shuffled,none,cell_identity,3171277690064560315
mve3-v2-approved-2026-07-18,locked,48,1,shuffled,p,cell_identity,8952277144308444512
mve3-v2-approved-2026-07-18,locked,48,1,shuffled,k,cell_identity,2415221494863880670
mve3-v2-approved-2026-07-18,locked,48,1,shuffled,o,cell_identity,3076840363054033417
mve3-v2-approved-2026-07-18,locked,48,1,shuffled,pk,cell_identity,13398806021039241012
mve3-v2-approved-2026-07-18,locked,48,1,shuffled,po,cell_identity,17024869700906173761
mve3-v2-approved-2026-07-18,locked,48,1,shuffled,ko,cell_identity,12057185596268296365
mve3-v2-approved-2026-07-18,locked,48,1,shuffled,pko,cell_identity,13593884818494434915
mve3-v2-approved-2026-07-18,locked,48,1,anti,shared,o_collection_root,15317262983405719269
mve3-v2-approved-2026-07-18,locked,48,1,anti,shared,non_o_collection_root,15837813884902998659
mve3-v2-approved-2026-07-18,locked,48,1,anti,shared,evaluation_root,7398311942393239815
mve3-v2-approved-2026-07-18,locked,48,1,anti,none,cell_identity,12153923388346720446
mve3-v2-approved-2026-07-18,locked,48,1,anti,p,cell_identity,16169233204902891664
mve3-v2-approved-2026-07-18,locked,48,1,anti,k,cell_identity,16458264673826751814
mve3-v2-approved-2026-07-18,locked,48,1,anti,o,cell_identity,9925755529336910335
mve3-v2-approved-2026-07-18,locked,48,1,anti,pk,cell_identity,14155173184711175336
mve3-v2-approved-2026-07-18,locked,48,1,anti,po,cell_identity,2771115357298209072
mve3-v2-approved-2026-07-18,locked,48,1,anti,ko,cell_identity,2810252967437243477
mve3-v2-approved-2026-07-18,locked,48,1,anti,pko,cell_identity,12500625468001518807
mve3-v2-approved-2026-07-18,locked,48,2,controlled,shared,o_collection_root,16327209775379796686
mve3-v2-approved-2026-07-18,locked,48,2,controlled,shared,non_o_collection_root,628497499798744534
mve3-v2-approved-2026-07-18,locked,48,2,controlled,shared,evaluation_root,8619377997452371464
mve3-v2-approved-2026-07-18,locked,48,2,controlled,none,cell_identity,11787737364493391728
mve3-v2-approved-2026-07-18,locked,48,2,controlled,p,cell_identity,12294863660044581922
mve3-v2-approved-2026-07-18,locked,48,2,controlled,k,cell_identity,15711589430096975578
mve3-v2-approved-2026-07-18,locked,48,2,controlled,o,cell_identity,2608218777456375584
mve3-v2-approved-2026-07-18,locked,48,2,controlled,pk,cell_identity,16810216318790397953
mve3-v2-approved-2026-07-18,locked,48,2,controlled,po,cell_identity,12888500926379864355
mve3-v2-approved-2026-07-18,locked,48,2,controlled,ko,cell_identity,4450877346618476577
mve3-v2-approved-2026-07-18,locked,48,2,controlled,pko,cell_identity,11032558463961137726
mve3-v2-approved-2026-07-18,locked,48,2,learned,shared,o_collection_root,9731276184075858012
mve3-v2-approved-2026-07-18,locked,48,2,learned,shared,non_o_collection_root,628497499798744534
mve3-v2-approved-2026-07-18,locked,48,2,learned,shared,evaluation_root,8619377997452371464
mve3-v2-approved-2026-07-18,locked,48,2,learned,none,cell_identity,13285130805729920391
mve3-v2-approved-2026-07-18,locked,48,2,learned,p,cell_identity,1179010044949298275
mve3-v2-approved-2026-07-18,locked,48,2,learned,k,cell_identity,14216919306491664629
mve3-v2-approved-2026-07-18,locked,48,2,learned,o,cell_identity,3375439409359004528
mve3-v2-approved-2026-07-18,locked,48,2,learned,pk,cell_identity,14897684629938146490
mve3-v2-approved-2026-07-18,locked,48,2,learned,po,cell_identity,5265721620982242755
mve3-v2-approved-2026-07-18,locked,48,2,learned,ko,cell_identity,6505986518324620870
mve3-v2-approved-2026-07-18,locked,48,2,learned,pko,cell_identity,17533592150893289937
mve3-v2-approved-2026-07-18,locked,48,2,shuffled,shared,o_collection_root,870111577106081628
mve3-v2-approved-2026-07-18,locked,48,2,shuffled,shared,non_o_collection_root,628497499798744534
mve3-v2-approved-2026-07-18,locked,48,2,shuffled,shared,evaluation_root,8619377997452371464
mve3-v2-approved-2026-07-18,locked,48,2,shuffled,none,cell_identity,10375969185568709067
mve3-v2-approved-2026-07-18,locked,48,2,shuffled,p,cell_identity,18367879567005453168
mve3-v2-approved-2026-07-18,locked,48,2,shuffled,k,cell_identity,7271807334523122561
mve3-v2-approved-2026-07-18,locked,48,2,shuffled,o,cell_identity,17902235228521649583
mve3-v2-approved-2026-07-18,locked,48,2,shuffled,pk,cell_identity,6651179759452931588
mve3-v2-approved-2026-07-18,locked,48,2,shuffled,po,cell_identity,11957419518002774407
mve3-v2-approved-2026-07-18,locked,48,2,shuffled,ko,cell_identity,8574531119594152744
mve3-v2-approved-2026-07-18,locked,48,2,shuffled,pko,cell_identity,5802753066346816187
mve3-v2-approved-2026-07-18,locked,48,2,anti,shared,o_collection_root,14853981690228575875
mve3-v2-approved-2026-07-18,locked,48,2,anti,shared,non_o_collection_root,628497499798744534
mve3-v2-approved-2026-07-18,locked,48,2,anti,shared,evaluation_root,8619377997452371464
mve3-v2-approved-2026-07-18,locked,48,2,anti,none,cell_identity,15041326657872069154
mve3-v2-approved-2026-07-18,locked,48,2,anti,p,cell_identity,16814157396477904812
mve3-v2-approved-2026-07-18,locked,48,2,anti,k,cell_identity,3901216413633602228
mve3-v2-approved-2026-07-18,locked,48,2,anti,o,cell_identity,14933889776877797601
mve3-v2-approved-2026-07-18,locked,48,2,anti,pk,cell_identity,3796969215796404659
mve3-v2-approved-2026-07-18,locked,48,2,anti,po,cell_identity,5262866085694303790
mve3-v2-approved-2026-07-18,locked,48,2,anti,ko,cell_identity,2962178267607578493
mve3-v2-approved-2026-07-18,locked,48,2,anti,pko,cell_identity,16186837078844406174
mve3-v2-approved-2026-07-18,locked,48,3,controlled,shared,o_collection_root,15356171887730033374
mve3-v2-approved-2026-07-18,locked,48,3,controlled,shared,non_o_collection_root,14248465344918810556
mve3-v2-approved-2026-07-18,locked,48,3,controlled,shared,evaluation_root,7802670629081466008
mve3-v2-approved-2026-07-18,locked,48,3,controlled,none,cell_identity,16781077157556385708
mve3-v2-approved-2026-07-18,locked,48,3,controlled,p,cell_identity,8177459332746624399
mve3-v2-approved-2026-07-18,locked,48,3,controlled,k,cell_identity,9474100146251837703
mve3-v2-approved-2026-07-18,locked,48,3,controlled,o,cell_identity,2980845914867939275
mve3-v2-approved-2026-07-18,locked,48,3,controlled,pk,cell_identity,1807698070991602824
mve3-v2-approved-2026-07-18,locked,48,3,controlled,po,cell_identity,15773863425946590680
mve3-v2-approved-2026-07-18,locked,48,3,controlled,ko,cell_identity,6663227284860875666
mve3-v2-approved-2026-07-18,locked,48,3,controlled,pko,cell_identity,5390312472029928790
mve3-v2-approved-2026-07-18,locked,48,3,learned,shared,o_collection_root,16257976565934258616
mve3-v2-approved-2026-07-18,locked,48,3,learned,shared,non_o_collection_root,14248465344918810556
mve3-v2-approved-2026-07-18,locked,48,3,learned,shared,evaluation_root,7802670629081466008
mve3-v2-approved-2026-07-18,locked,48,3,learned,none,cell_identity,16863737081680912079
mve3-v2-approved-2026-07-18,locked,48,3,learned,p,cell_identity,10608531204362109206
mve3-v2-approved-2026-07-18,locked,48,3,learned,k,cell_identity,13006195667066412050
mve3-v2-approved-2026-07-18,locked,48,3,learned,o,cell_identity,14911996375001586212
mve3-v2-approved-2026-07-18,locked,48,3,learned,pk,cell_identity,13252966634136743760
mve3-v2-approved-2026-07-18,locked,48,3,learned,po,cell_identity,11750746559776713390
mve3-v2-approved-2026-07-18,locked,48,3,learned,ko,cell_identity,1589701315640650164
mve3-v2-approved-2026-07-18,locked,48,3,learned,pko,cell_identity,11494501267961495524
mve3-v2-approved-2026-07-18,locked,48,3,shuffled,shared,o_collection_root,10224477756871492259
mve3-v2-approved-2026-07-18,locked,48,3,shuffled,shared,non_o_collection_root,14248465344918810556
mve3-v2-approved-2026-07-18,locked,48,3,shuffled,shared,evaluation_root,7802670629081466008
mve3-v2-approved-2026-07-18,locked,48,3,shuffled,none,cell_identity,14256243995297661487
mve3-v2-approved-2026-07-18,locked,48,3,shuffled,p,cell_identity,4772129143647409202
mve3-v2-approved-2026-07-18,locked,48,3,shuffled,k,cell_identity,11526384296808808639
mve3-v2-approved-2026-07-18,locked,48,3,shuffled,o,cell_identity,4888408401262474555
mve3-v2-approved-2026-07-18,locked,48,3,shuffled,pk,cell_identity,5247731380914966705
mve3-v2-approved-2026-07-18,locked,48,3,shuffled,po,cell_identity,14161317063075668950
mve3-v2-approved-2026-07-18,locked,48,3,shuffled,ko,cell_identity,5110137636010714238
mve3-v2-approved-2026-07-18,locked,48,3,shuffled,pko,cell_identity,13346683523387105852
mve3-v2-approved-2026-07-18,locked,48,3,anti,shared,o_collection_root,17142875710375286305
mve3-v2-approved-2026-07-18,locked,48,3,anti,shared,non_o_collection_root,14248465344918810556
mve3-v2-approved-2026-07-18,locked,48,3,anti,shared,evaluation_root,7802670629081466008
mve3-v2-approved-2026-07-18,locked,48,3,anti,none,cell_identity,4714928447811620696
mve3-v2-approved-2026-07-18,locked,48,3,anti,p,cell_identity,525141750226566930
mve3-v2-approved-2026-07-18,locked,48,3,anti,k,cell_identity,12248555077810231511
mve3-v2-approved-2026-07-18,locked,48,3,anti,o,cell_identity,4500492936800651715
mve3-v2-approved-2026-07-18,locked,48,3,anti,pk,cell_identity,10850422496261987349
mve3-v2-approved-2026-07-18,locked,48,3,anti,po,cell_identity,14999011542344703184
mve3-v2-approved-2026-07-18,locked,48,3,anti,ko,cell_identity,11230144417606486577
mve3-v2-approved-2026-07-18,locked,48,3,anti,pko,cell_identity,14332589295035729301
mve3-v2-approved-2026-07-18,locked,49,1,controlled,shared,o_collection_root,16022749351114955164
mve3-v2-approved-2026-07-18,locked,49,1,controlled,shared,non_o_collection_root,4177563427664002976
mve3-v2-approved-2026-07-18,locked,49,1,controlled,shared,evaluation_root,11680272416368310947
mve3-v2-approved-2026-07-18,locked,49,1,controlled,none,cell_identity,4645855906363866077
mve3-v2-approved-2026-07-18,locked,49,1,controlled,p,cell_identity,13385753276103275988
mve3-v2-approved-2026-07-18,locked,49,1,controlled,k,cell_identity,5625297302782748636
mve3-v2-approved-2026-07-18,locked,49,1,controlled,o,cell_identity,12327615374877330715
mve3-v2-approved-2026-07-18,locked,49,1,controlled,pk,cell_identity,16757621519457373422
mve3-v2-approved-2026-07-18,locked,49,1,controlled,po,cell_identity,7430683485386863329
mve3-v2-approved-2026-07-18,locked,49,1,controlled,ko,cell_identity,3714021616507173511
mve3-v2-approved-2026-07-18,locked,49,1,controlled,pko,cell_identity,1234793418885381659
mve3-v2-approved-2026-07-18,locked,49,1,learned,shared,o_collection_root,8769509173996560905
mve3-v2-approved-2026-07-18,locked,49,1,learned,shared,non_o_collection_root,4177563427664002976
mve3-v2-approved-2026-07-18,locked,49,1,learned,shared,evaluation_root,11680272416368310947
mve3-v2-approved-2026-07-18,locked,49,1,learned,none,cell_identity,17799546814478276633
mve3-v2-approved-2026-07-18,locked,49,1,learned,p,cell_identity,9267165913024546939
mve3-v2-approved-2026-07-18,locked,49,1,learned,k,cell_identity,10226690884278067364
mve3-v2-approved-2026-07-18,locked,49,1,learned,o,cell_identity,15132213226803898043
mve3-v2-approved-2026-07-18,locked,49,1,learned,pk,cell_identity,2586626100926999291
mve3-v2-approved-2026-07-18,locked,49,1,learned,po,cell_identity,9639949891766122236
mve3-v2-approved-2026-07-18,locked,49,1,learned,ko,cell_identity,11361670754977036040
mve3-v2-approved-2026-07-18,locked,49,1,learned,pko,cell_identity,948808124603522139
mve3-v2-approved-2026-07-18,locked,49,1,shuffled,shared,o_collection_root,17069743156185884949
mve3-v2-approved-2026-07-18,locked,49,1,shuffled,shared,non_o_collection_root,4177563427664002976
mve3-v2-approved-2026-07-18,locked,49,1,shuffled,shared,evaluation_root,11680272416368310947
mve3-v2-approved-2026-07-18,locked,49,1,shuffled,none,cell_identity,11897118604460243589
mve3-v2-approved-2026-07-18,locked,49,1,shuffled,p,cell_identity,4493412799032477518
mve3-v2-approved-2026-07-18,locked,49,1,shuffled,k,cell_identity,15713088668951788323
mve3-v2-approved-2026-07-18,locked,49,1,shuffled,o,cell_identity,3110457582921353125
mve3-v2-approved-2026-07-18,locked,49,1,shuffled,pk,cell_identity,12795174591090428813
mve3-v2-approved-2026-07-18,locked,49,1,shuffled,po,cell_identity,9915705780942926205
mve3-v2-approved-2026-07-18,locked,49,1,shuffled,ko,cell_identity,2142864730165259360
mve3-v2-approved-2026-07-18,locked,49,1,shuffled,pko,cell_identity,3309762807717167668
mve3-v2-approved-2026-07-18,locked,49,1,anti,shared,o_collection_root,17101693653970110543
mve3-v2-approved-2026-07-18,locked,49,1,anti,shared,non_o_collection_root,4177563427664002976
mve3-v2-approved-2026-07-18,locked,49,1,anti,shared,evaluation_root,11680272416368310947
mve3-v2-approved-2026-07-18,locked,49,1,anti,none,cell_identity,17168158373119066
mve3-v2-approved-2026-07-18,locked,49,1,anti,p,cell_identity,12289521082255917011
mve3-v2-approved-2026-07-18,locked,49,1,anti,k,cell_identity,17088823264599108002
mve3-v2-approved-2026-07-18,locked,49,1,anti,o,cell_identity,7158695693686729021
mve3-v2-approved-2026-07-18,locked,49,1,anti,pk,cell_identity,4612256780492670827
mve3-v2-approved-2026-07-18,locked,49,1,anti,po,cell_identity,14163775998639758891
mve3-v2-approved-2026-07-18,locked,49,1,anti,ko,cell_identity,10694236858023327092
mve3-v2-approved-2026-07-18,locked,49,1,anti,pko,cell_identity,13364297331802965384
mve3-v2-approved-2026-07-18,locked,49,2,controlled,shared,o_collection_root,12297176094668074178
mve3-v2-approved-2026-07-18,locked,49,2,controlled,shared,non_o_collection_root,14166579521134737495
mve3-v2-approved-2026-07-18,locked,49,2,controlled,shared,evaluation_root,17004926942058666078
mve3-v2-approved-2026-07-18,locked,49,2,controlled,none,cell_identity,6374813048853035511
mve3-v2-approved-2026-07-18,locked,49,2,controlled,p,cell_identity,953118725499383453
mve3-v2-approved-2026-07-18,locked,49,2,controlled,k,cell_identity,12514646002803656266
mve3-v2-approved-2026-07-18,locked,49,2,controlled,o,cell_identity,8356710376638899133
mve3-v2-approved-2026-07-18,locked,49,2,controlled,pk,cell_identity,6162696344182409145
mve3-v2-approved-2026-07-18,locked,49,2,controlled,po,cell_identity,6374756626741488644
mve3-v2-approved-2026-07-18,locked,49,2,controlled,ko,cell_identity,13110422461259483109
mve3-v2-approved-2026-07-18,locked,49,2,controlled,pko,cell_identity,4658654141994360267
mve3-v2-approved-2026-07-18,locked,49,2,learned,shared,o_collection_root,4732845653260005455
mve3-v2-approved-2026-07-18,locked,49,2,learned,shared,non_o_collection_root,14166579521134737495
mve3-v2-approved-2026-07-18,locked,49,2,learned,shared,evaluation_root,17004926942058666078
mve3-v2-approved-2026-07-18,locked,49,2,learned,none,cell_identity,8892543403019299249
mve3-v2-approved-2026-07-18,locked,49,2,learned,p,cell_identity,10208783753355936552
mve3-v2-approved-2026-07-18,locked,49,2,learned,k,cell_identity,5766573023217172517
mve3-v2-approved-2026-07-18,locked,49,2,learned,o,cell_identity,12874307664889623791
mve3-v2-approved-2026-07-18,locked,49,2,learned,pk,cell_identity,15547094651941495210
mve3-v2-approved-2026-07-18,locked,49,2,learned,po,cell_identity,15425281216394787894
mve3-v2-approved-2026-07-18,locked,49,2,learned,ko,cell_identity,14830155431979234306
mve3-v2-approved-2026-07-18,locked,49,2,learned,pko,cell_identity,12889588649225740712
mve3-v2-approved-2026-07-18,locked,49,2,shuffled,shared,o_collection_root,1323837456540545220
mve3-v2-approved-2026-07-18,locked,49,2,shuffled,shared,non_o_collection_root,14166579521134737495
mve3-v2-approved-2026-07-18,locked,49,2,shuffled,shared,evaluation_root,17004926942058666078
mve3-v2-approved-2026-07-18,locked,49,2,shuffled,none,cell_identity,18320395590258690100
mve3-v2-approved-2026-07-18,locked,49,2,shuffled,p,cell_identity,524538290366737812
mve3-v2-approved-2026-07-18,locked,49,2,shuffled,k,cell_identity,16072162428358393593
mve3-v2-approved-2026-07-18,locked,49,2,shuffled,o,cell_identity,14393069907832570128
mve3-v2-approved-2026-07-18,locked,49,2,shuffled,pk,cell_identity,14359577994002618924
mve3-v2-approved-2026-07-18,locked,49,2,shuffled,po,cell_identity,1242318298425042862
mve3-v2-approved-2026-07-18,locked,49,2,shuffled,ko,cell_identity,4309514943313315784
mve3-v2-approved-2026-07-18,locked,49,2,shuffled,pko,cell_identity,8818977048511459463
mve3-v2-approved-2026-07-18,locked,49,2,anti,shared,o_collection_root,5919737453054604416
mve3-v2-approved-2026-07-18,locked,49,2,anti,shared,non_o_collection_root,14166579521134737495
mve3-v2-approved-2026-07-18,locked,49,2,anti,shared,evaluation_root,17004926942058666078
mve3-v2-approved-2026-07-18,locked,49,2,anti,none,cell_identity,14758352221747600542
mve3-v2-approved-2026-07-18,locked,49,2,anti,p,cell_identity,10624759483072422244
mve3-v2-approved-2026-07-18,locked,49,2,anti,k,cell_identity,1768606766203218948
mve3-v2-approved-2026-07-18,locked,49,2,anti,o,cell_identity,16386840537651326248
mve3-v2-approved-2026-07-18,locked,49,2,anti,pk,cell_identity,6133359573385736888
mve3-v2-approved-2026-07-18,locked,49,2,anti,po,cell_identity,6398467709151824795
mve3-v2-approved-2026-07-18,locked,49,2,anti,ko,cell_identity,8881343836117378922
mve3-v2-approved-2026-07-18,locked,49,2,anti,pko,cell_identity,1977966570314503964
mve3-v2-approved-2026-07-18,locked,49,3,controlled,shared,o_collection_root,5488365817473187445
mve3-v2-approved-2026-07-18,locked,49,3,controlled,shared,non_o_collection_root,1387632137366459991
mve3-v2-approved-2026-07-18,locked,49,3,controlled,shared,evaluation_root,12250505864108502491
mve3-v2-approved-2026-07-18,locked,49,3,controlled,none,cell_identity,11570385469918965543
mve3-v2-approved-2026-07-18,locked,49,3,controlled,p,cell_identity,12280209865339305572
mve3-v2-approved-2026-07-18,locked,49,3,controlled,k,cell_identity,13191810492334314042
mve3-v2-approved-2026-07-18,locked,49,3,controlled,o,cell_identity,12574556636127211814
mve3-v2-approved-2026-07-18,locked,49,3,controlled,pk,cell_identity,17043934210175605048
mve3-v2-approved-2026-07-18,locked,49,3,controlled,po,cell_identity,10573364710038392474
mve3-v2-approved-2026-07-18,locked,49,3,controlled,ko,cell_identity,5160711950463895634
mve3-v2-approved-2026-07-18,locked,49,3,controlled,pko,cell_identity,18010111031286828078
mve3-v2-approved-2026-07-18,locked,49,3,learned,shared,o_collection_root,5658788784244998107
mve3-v2-approved-2026-07-18,locked,49,3,learned,shared,non_o_collection_root,1387632137366459991
mve3-v2-approved-2026-07-18,locked,49,3,learned,shared,evaluation_root,12250505864108502491
mve3-v2-approved-2026-07-18,locked,49,3,learned,none,cell_identity,3806729225524480573
mve3-v2-approved-2026-07-18,locked,49,3,learned,p,cell_identity,1198368449781590682
mve3-v2-approved-2026-07-18,locked,49,3,learned,k,cell_identity,6201829202391188470
mve3-v2-approved-2026-07-18,locked,49,3,learned,o,cell_identity,9300739594971965132
mve3-v2-approved-2026-07-18,locked,49,3,learned,pk,cell_identity,15925542331953424422
mve3-v2-approved-2026-07-18,locked,49,3,learned,po,cell_identity,5253509012198405938
mve3-v2-approved-2026-07-18,locked,49,3,learned,ko,cell_identity,1600960838240368814
mve3-v2-approved-2026-07-18,locked,49,3,learned,pko,cell_identity,14917781218093480383
mve3-v2-approved-2026-07-18,locked,49,3,shuffled,shared,o_collection_root,6219525046282510588
mve3-v2-approved-2026-07-18,locked,49,3,shuffled,shared,non_o_collection_root,1387632137366459991
mve3-v2-approved-2026-07-18,locked,49,3,shuffled,shared,evaluation_root,12250505864108502491
mve3-v2-approved-2026-07-18,locked,49,3,shuffled,none,cell_identity,4551537905467309705
mve3-v2-approved-2026-07-18,locked,49,3,shuffled,p,cell_identity,14406141214444269143
mve3-v2-approved-2026-07-18,locked,49,3,shuffled,k,cell_identity,4013463630190511712
mve3-v2-approved-2026-07-18,locked,49,3,shuffled,o,cell_identity,18349439190339859257
mve3-v2-approved-2026-07-18,locked,49,3,shuffled,pk,cell_identity,11812441845646534319
mve3-v2-approved-2026-07-18,locked,49,3,shuffled,po,cell_identity,9420396402858946755
mve3-v2-approved-2026-07-18,locked,49,3,shuffled,ko,cell_identity,5907423046643280311
mve3-v2-approved-2026-07-18,locked,49,3,shuffled,pko,cell_identity,16459651250515701089
mve3-v2-approved-2026-07-18,locked,49,3,anti,shared,o_collection_root,11715722562366181679
mve3-v2-approved-2026-07-18,locked,49,3,anti,shared,non_o_collection_root,1387632137366459991
mve3-v2-approved-2026-07-18,locked,49,3,anti,shared,evaluation_root,12250505864108502491
mve3-v2-approved-2026-07-18,locked,49,3,anti,none,cell_identity,8913413851590051115
mve3-v2-approved-2026-07-18,locked,49,3,anti,p,cell_identity,10066985628997583911
mve3-v2-approved-2026-07-18,locked,49,3,anti,k,cell_identity,10646199197492858444
mve3-v2-approved-2026-07-18,locked,49,3,anti,o,cell_identity,7122222192478859260
mve3-v2-approved-2026-07-18,locked,49,3,anti,pk,cell_identity,4267138285851062685
mve3-v2-approved-2026-07-18,locked,49,3,anti,po,cell_identity,6650555015716003297
mve3-v2-approved-2026-07-18,locked,49,3,anti,ko,cell_identity,3067993126131169337
mve3-v2-approved-2026-07-18,locked,49,3,anti,pko,cell_identity,3869116786083428172
